<?xml version="1.0"?><diseaseprevalences><prevalence><age>0</age><sex>0</sex><percent>0.0</percent></prevalence><prevalence><age>0</age><sex>1</sex><percent>0.0</percent></prevalence><prevalence><age>1</age><sex>0</sex><percent>0.0</percent></prevalence><prevalence><age>1</age><sex>1</sex><percent>0.0</percent></prevalence><prevalence><age>2</age><sex>0</sex><percent>0.0</percent></prevalence><prevalence><age>2</age><sex>1</sex><percent>0.0</percent></prevalence><prevalence><age>3</age><sex>0</sex><percent>0.0</percent></prevalence><prevalence><age>3</age><sex>1</sex><percent>0.0</percent></prevalence><prevalence><age>4</age><sex>0</sex><percent>0.0</percent></prevalence><prevalence><age>4</age><sex>1</sex><percent>0.0</percent></prevalence><prevalence><age>5</age><sex>0</sex><percent>0.0</percent></prevalence><prevalence><age>5</age><sex>1</sex><percent>0.0</percent></prevalence><prevalence><age>6</age><sex>0</sex><percent>0.0</percent></prevalence><prevalence><age>6</age><sex>1</sex><percent>0.0</percent></prevalence><prevalence><age>7</age><sex>0</sex><percent>0.0</percent></prevalence><prevalence><age>7</age><sex>1</sex><percent>0.0</percent></prevalence><prevalence><age>8</age><sex>0</sex><percent>0.0</percent></prevalence><prevalence><age>8</age><sex>1</sex><percent>0.0</percent></prevalence><prevalence><age>9</age><sex>0</sex><percent>0.0</percent></prevalence><prevalence><age>9</age><sex>1</sex><percent>0.0</percent></prevalence><prevalence><age>10</age><sex>0</sex><percent>0.0</percent></prevalence><prevalence><age>10</age><sex>1</sex><percent>0.0</percent></prevalence><prevalence><age>11</age><sex>0</sex><percent>0.0</percent></prevalence><prevalence><age>11</age><sex>1</sex><percent>0.0</percent></prevalence><prevalence><age>12</age><sex>0</sex><percent>0.0</percent></prevalence><prevalence><age>12</age><sex>1</sex><percent>0.0</percent></prevalence><prevalence><age>13</age><sex>0</sex><percent>0.0</percent></prevalence><prevalence><age>13</age><sex>1</sex><percent>0.0</percent></prevalence><prevalence><age>14</age><sex>0</sex><percent>0.0</percent></prevalence><prevalence><age>14</age><sex>1</sex><percent>0.0</percent></prevalence><prevalence><age>15</age><sex>0</sex><percent>0.00345</percent></prevalence><prevalence><age>15</age><sex>1</sex><percent>0.00161</percent></prevalence><prevalence><age>16</age><sex>0</sex><percent>0.00385</percent></prevalence><prevalence><age>16</age><sex>1</sex><percent>0.00168</percent></prevalence><prevalence><age>17</age><sex>0</sex><percent>0.00427</percent></prevalence><prevalence><age>17</age><sex>1</sex><percent>0.00179</percent></prevalence><prevalence><age>18</age><sex>0</sex><percent>0.00471</percent></prevalence><prevalence><age>18</age><sex>1</sex><percent>0.00196</percent></prevalence><prevalence><age>19</age><sex>0</sex><percent>0.00513</percent></prevalence><prevalence><age>19</age><sex>1</sex><percent>0.00219</percent></prevalence><prevalence><age>20</age><sex>0</sex><percent>0.00553</percent></prevalence><prevalence><age>20</age><sex>1</sex><percent>0.00248</percent></prevalence><prevalence><age>21</age><sex>0</sex><percent>0.00591</percent></prevalence><prevalence><age>21</age><sex>1</sex><percent>0.00284</percent></prevalence><prevalence><age>22</age><sex>0</sex><percent>0.00626</percent></prevalence><prevalence><age>22</age><sex>1</sex><percent>0.00324</percent></prevalence><prevalence><age>23</age><sex>0</sex><percent>0.0066</percent></prevalence><prevalence><age>23</age><sex>1</sex><percent>0.00364</percent></prevalence><prevalence><age>24</age><sex>0</sex><percent>0.00695</percent></prevalence><prevalence><age>24</age><sex>1</sex><percent>0.00403</percent></prevalence><prevalence><age>25</age><sex>0</sex><percent>0.00732</percent></prevalence><prevalence><age>25</age><sex>1</sex><percent>0.00437</percent></prevalence><prevalence><age>26</age><sex>0</sex><percent>0.00776</percent></prevalence><prevalence><age>26</age><sex>1</sex><percent>0.00469</percent></prevalence><prevalence><age>27</age><sex>0</sex><percent>0.00831</percent></prevalence><prevalence><age>27</age><sex>1</sex><percent>0.00502</percent></prevalence><prevalence><age>28</age><sex>0</sex><percent>0.00904</percent></prevalence><prevalence><age>28</age><sex>1</sex><percent>0.00539</percent></prevalence><prevalence><age>29</age><sex>0</sex><percent>0.00999</percent></prevalence><prevalence><age>29</age><sex>1</sex><percent>0.00586</percent></prevalence><prevalence><age>30</age><sex>0</sex><percent>0.01117</percent></prevalence><prevalence><age>30</age><sex>1</sex><percent>0.00646</percent></prevalence><prevalence><age>31</age><sex>0</sex><percent>0.01255</percent></prevalence><prevalence><age>31</age><sex>1</sex><percent>0.00718</percent></prevalence><prevalence><age>32</age><sex>0</sex><percent>0.01406</percent></prevalence><prevalence><age>32</age><sex>1</sex><percent>0.00799</percent></prevalence><prevalence><age>33</age><sex>0</sex><percent>0.0156</percent></prevalence><prevalence><age>33</age><sex>1</sex><percent>0.00883</percent></prevalence><prevalence><age>34</age><sex>0</sex><percent>0.01708</percent></prevalence><prevalence><age>34</age><sex>1</sex><percent>0.00963</percent></prevalence><prevalence><age>35</age><sex>0</sex><percent>0.01852</percent></prevalence><prevalence><age>35</age><sex>1</sex><percent>0.01037</percent></prevalence><prevalence><age>36</age><sex>0</sex><percent>0.02004</percent></prevalence><prevalence><age>36</age><sex>1</sex><percent>0.01105</percent></prevalence><prevalence><age>37</age><sex>0</sex><percent>0.02189</percent></prevalence><prevalence><age>37</age><sex>1</sex><percent>0.01174</percent></prevalence><prevalence><age>38</age><sex>0</sex><percent>0.02438</percent></prevalence><prevalence><age>38</age><sex>1</sex><percent>0.01252</percent></prevalence><prevalence><age>39</age><sex>0</sex><percent>0.02779</percent></prevalence><prevalence><age>39</age><sex>1</sex><percent>0.01348</percent></prevalence><prevalence><age>40</age><sex>0</sex><percent>0.0323</percent></prevalence><prevalence><age>40</age><sex>1</sex><percent>0.01469</percent></prevalence><prevalence><age>41</age><sex>0</sex><percent>0.03797</percent></prevalence><prevalence><age>41</age><sex>1</sex><percent>0.01616</percent></prevalence><prevalence><age>42</age><sex>0</sex><percent>0.04476</percent></prevalence><prevalence><age>42</age><sex>1</sex><percent>0.0179</percent></prevalence><prevalence><age>43</age><sex>0</sex><percent>0.0526</percent></prevalence><prevalence><age>43</age><sex>1</sex><percent>0.01992</percent></prevalence><prevalence><age>44</age><sex>0</sex><percent>0.0614</percent></prevalence><prevalence><age>44</age><sex>1</sex><percent>0.02222</percent></prevalence><prevalence><age>45</age><sex>0</sex><percent>0.07106</percent></prevalence><prevalence><age>45</age><sex>1</sex><percent>0.0248</percent></prevalence><prevalence><age>46</age><sex>0</sex><percent>0.08149</percent></prevalence><prevalence><age>46</age><sex>1</sex><percent>0.0277</percent></prevalence><prevalence><age>47</age><sex>0</sex><percent>0.0926</percent></prevalence><prevalence><age>47</age><sex>1</sex><percent>0.03095</percent></prevalence><prevalence><age>48</age><sex>0</sex><percent>0.10427</percent></prevalence><prevalence><age>48</age><sex>1</sex><percent>0.03456</percent></prevalence><prevalence><age>49</age><sex>0</sex><percent>0.1164</percent></prevalence><prevalence><age>49</age><sex>1</sex><percent>0.03853</percent></prevalence><prevalence><age>50</age><sex>0</sex><percent>0.12901</percent></prevalence><prevalence><age>50</age><sex>1</sex><percent>0.04287</percent></prevalence><prevalence><age>51</age><sex>0</sex><percent>0.14223</percent></prevalence><prevalence><age>51</age><sex>1</sex><percent>0.04752</percent></prevalence><prevalence><age>52</age><sex>0</sex><percent>0.15632</percent></prevalence><prevalence><age>52</age><sex>1</sex><percent>0.05243</percent></prevalence><prevalence><age>53</age><sex>0</sex><percent>0.17169</percent></prevalence><prevalence><age>53</age><sex>1</sex><percent>0.0575</percent></prevalence><prevalence><age>54</age><sex>0</sex><percent>0.18872</percent></prevalence><prevalence><age>54</age><sex>1</sex><percent>0.06262</percent></prevalence><prevalence><age>55</age><sex>0</sex><percent>0.20767</percent></prevalence><prevalence><age>55</age><sex>1</sex><percent>0.06773</percent></prevalence><prevalence><age>56</age><sex>0</sex><percent>0.22857</percent></prevalence><prevalence><age>56</age><sex>1</sex><percent>0.07275</percent></prevalence><prevalence><age>57</age><sex>0</sex><percent>0.25125</percent></prevalence><prevalence><age>57</age><sex>1</sex><percent>0.0777</percent></prevalence><prevalence><age>58</age><sex>0</sex><percent>0.27531</percent></prevalence><prevalence><age>58</age><sex>1</sex><percent>0.08262</percent></prevalence><prevalence><age>59</age><sex>0</sex><percent>0.30022</percent></prevalence><prevalence><age>59</age><sex>1</sex><percent>0.08755</percent></prevalence><prevalence><age>60</age><sex>0</sex><percent>0.32552</percent></prevalence><prevalence><age>60</age><sex>1</sex><percent>0.09256</percent></prevalence><prevalence><age>61</age><sex>0</sex><percent>0.3508</percent></prevalence><prevalence><age>61</age><sex>1</sex><percent>0.09766</percent></prevalence><prevalence><age>62</age><sex>0</sex><percent>0.37572</percent></prevalence><prevalence><age>62</age><sex>1</sex><percent>0.10282</percent></prevalence><prevalence><age>63</age><sex>0</sex><percent>0.39998</percent></prevalence><prevalence><age>63</age><sex>1</sex><percent>0.10797</percent></prevalence><prevalence><age>64</age><sex>0</sex><percent>0.4234</percent></prevalence><prevalence><age>64</age><sex>1</sex><percent>0.11303</percent></prevalence><prevalence><age>65</age><sex>0</sex><percent>0.44593</percent></prevalence><prevalence><age>65</age><sex>1</sex><percent>0.11799</percent></prevalence><prevalence><age>66</age><sex>0</sex><percent>0.46772</percent></prevalence><prevalence><age>66</age><sex>1</sex><percent>0.12292</percent></prevalence><prevalence><age>67</age><sex>0</sex><percent>0.4891</percent></prevalence><prevalence><age>67</age><sex>1</sex><percent>0.12798</percent></prevalence><prevalence><age>68</age><sex>0</sex><percent>0.5106</percent></prevalence><prevalence><age>68</age><sex>1</sex><percent>0.13338</percent></prevalence><prevalence><age>69</age><sex>0</sex><percent>0.53269</percent></prevalence><prevalence><age>69</age><sex>1</sex><percent>0.13934</percent></prevalence><prevalence><age>70</age><sex>0</sex><percent>0.55562</percent></prevalence><prevalence><age>70</age><sex>1</sex><percent>0.14594</percent></prevalence><prevalence><age>71</age><sex>0</sex><percent>0.57935</percent></prevalence><prevalence><age>71</age><sex>1</sex><percent>0.15317</percent></prevalence><prevalence><age>72</age><sex>0</sex><percent>0.60355</percent></prevalence><prevalence><age>72</age><sex>1</sex><percent>0.16084</percent></prevalence><prevalence><age>73</age><sex>0</sex><percent>0.62765</percent></prevalence><prevalence><age>73</age><sex>1</sex><percent>0.16869</percent></prevalence><prevalence><age>74</age><sex>0</sex><percent>0.65107</percent></prevalence><prevalence><age>74</age><sex>1</sex><percent>0.1764</percent></prevalence><prevalence><age>75</age><sex>0</sex><percent>0.67342</percent></prevalence><prevalence><age>75</age><sex>1</sex><percent>0.18379</percent></prevalence><prevalence><age>76</age><sex>0</sex><percent>0.69456</percent></prevalence><prevalence><age>76</age><sex>1</sex><percent>0.19077</percent></prevalence><prevalence><age>77</age><sex>0</sex><percent>0.71456</percent></prevalence><prevalence><age>77</age><sex>1</sex><percent>0.19742</percent></prevalence><prevalence><age>78</age><sex>0</sex><percent>0.7337</percent></prevalence><prevalence><age>78</age><sex>1</sex><percent>0.20389</percent></prevalence><prevalence><age>79</age><sex>0</sex><percent>0.75226</percent></prevalence><prevalence><age>79</age><sex>1</sex><percent>0.21038</percent></prevalence><prevalence><age>80</age><sex>0</sex><percent>0.7704</percent></prevalence><prevalence><age>80</age><sex>1</sex><percent>0.21698</percent></prevalence><prevalence><age>81</age><sex>0</sex><percent>0.78809</percent></prevalence><prevalence><age>81</age><sex>1</sex><percent>0.22367</percent></prevalence><prevalence><age>82</age><sex>0</sex><percent>0.80511</percent></prevalence><prevalence><age>82</age><sex>1</sex><percent>0.23029</percent></prevalence><prevalence><age>83</age><sex>0</sex><percent>0.82112</percent></prevalence><prevalence><age>83</age><sex>1</sex><percent>0.23658</percent></prevalence><prevalence><age>84</age><sex>0</sex><percent>0.8358</percent></prevalence><prevalence><age>84</age><sex>1</sex><percent>0.24228</percent></prevalence><prevalence><age>85</age><sex>0</sex><percent>0.84896</percent></prevalence><prevalence><age>85</age><sex>1</sex><percent>0.24721</percent></prevalence><prevalence><age>86</age><sex>0</sex><percent>0.86061</percent></prevalence><prevalence><age>86</age><sex>1</sex><percent>0.25132</percent></prevalence><prevalence><age>87</age><sex>0</sex><percent>0.87093</percent></prevalence><prevalence><age>87</age><sex>1</sex><percent>0.25469</percent></prevalence><prevalence><age>88</age><sex>0</sex><percent>0.88028</percent></prevalence><prevalence><age>88</age><sex>1</sex><percent>0.25752</percent></prevalence><prevalence><age>89</age><sex>0</sex><percent>0.88906</percent></prevalence><prevalence><age>89</age><sex>1</sex><percent>0.26004</percent></prevalence><prevalence><age>90</age><sex>0</sex><percent>0.89758</percent></prevalence><prevalence><age>90</age><sex>1</sex><percent>0.26243</percent></prevalence><prevalence><age>91</age><sex>0</sex><percent>0.90607</percent></prevalence><prevalence><age>91</age><sex>1</sex><percent>0.26481</percent></prevalence><prevalence><age>92</age><sex>0</sex><percent>0.91468</percent></prevalence><prevalence><age>92</age><sex>1</sex><percent>0.26726</percent></prevalence><prevalence><age>93</age><sex>0</sex><percent>0.92345</percent></prevalence><prevalence><age>93</age><sex>1</sex><percent>0.2698</percent></prevalence><prevalence><age>94</age><sex>0</sex><percent>0.93237</percent></prevalence><prevalence><age>94</age><sex>1</sex><percent>0.27241</percent></prevalence><prevalence><age>95</age><sex>0</sex><percent>0.95403</percent></prevalence><prevalence><age>95</age><sex>1</sex><percent>0.27926</percent></prevalence></diseaseprevalences>