<?xml version="1.0"?><overalldisability><weight><age>0</age><sex>0</sex><percent>2.013992</percent></weight><weight><age>0</age><sex>1</sex><percent>1.656308</percent></weight><weight><age>1</age><sex>0</sex><percent>2.067346</percent></weight><weight><age>1</age><sex>1</sex><percent>1.736907</percent></weight><weight><age>2</age><sex>0</sex><percent>2.122083</percent></weight><weight><age>2</age><sex>1</sex><percent>1.821354</percent></weight><weight><age>3</age><sex>0</sex><percent>2.178236</percent></weight><weight><age>3</age><sex>1</sex><percent>1.909828</percent></weight><weight><age>4</age><sex>0</sex><percent>2.235842</percent></weight><weight><age>4</age><sex>1</sex><percent>2.002511</percent></weight><weight><age>5</age><sex>0</sex><percent>2.294919</percent></weight><weight><age>5</age><sex>1</sex><percent>2.099543</percent></weight><weight><age>6</age><sex>0</sex><percent>2.355452</percent></weight><weight><age>6</age><sex>1</sex><percent>2.20094</percent></weight><weight><age>7</age><sex>0</sex><percent>2.417413</percent></weight><weight><age>7</age><sex>1</sex><percent>2.306673</percent></weight><weight><age>8</age><sex>0</sex><percent>2.480771</percent></weight><weight><age>8</age><sex>1</sex><percent>2.416683</percent></weight><weight><age>9</age><sex>0</sex><percent>2.545489</percent></weight><weight><age>9</age><sex>1</sex><percent>2.530874</percent></weight><weight><age>10</age><sex>0</sex><percent>2.611522</percent></weight><weight><age>10</age><sex>1</sex><percent>2.64911</percent></weight><weight><age>11</age><sex>0</sex><percent>2.678821</percent></weight><weight><age>11</age><sex>1</sex><percent>2.771214</percent></weight><weight><age>12</age><sex>0</sex><percent>2.747329</percent></weight><weight><age>12</age><sex>1</sex><percent>2.896959</percent></weight><weight><age>13</age><sex>0</sex><percent>2.816983</percent></weight><weight><age>13</age><sex>1</sex><percent>3.026073</percent></weight><weight><age>14</age><sex>0</sex><percent>2.887712</percent></weight><weight><age>14</age><sex>1</sex><percent>3.158228</percent></weight><weight><age>15</age><sex>0</sex><percent>2.959438</percent></weight><weight><age>15</age><sex>1</sex><percent>3.293043</percent></weight><weight><age>16</age><sex>0</sex><percent>3.032075</percent></weight><weight><age>16</age><sex>1</sex><percent>3.430078</percent></weight><weight><age>17</age><sex>0</sex><percent>3.105528</percent></weight><weight><age>17</age><sex>1</sex><percent>3.568835</percent></weight><weight><age>18</age><sex>0</sex><percent>3.179697</percent></weight><weight><age>18</age><sex>1</sex><percent>3.708757</percent></weight><weight><age>19</age><sex>0</sex><percent>3.254471</percent></weight><weight><age>19</age><sex>1</sex><percent>3.849227</percent></weight><weight><age>20</age><sex>0</sex><percent>3.329732</percent></weight><weight><age>20</age><sex>1</sex><percent>3.989569</percent></weight><weight><age>21</age><sex>0</sex><percent>3.405353</percent></weight><weight><age>21</age><sex>1</sex><percent>4.129049</percent></weight><weight><age>22</age><sex>0</sex><percent>3.481199</percent></weight><weight><age>22</age><sex>1</sex><percent>4.26688</percent></weight><weight><age>23</age><sex>0</sex><percent>3.557126</percent></weight><weight><age>23</age><sex>1</sex><percent>4.402222</percent></weight><weight><age>24</age><sex>0</sex><percent>3.632984</percent></weight><weight><age>24</age><sex>1</sex><percent>4.53419</percent></weight><weight><age>25</age><sex>0</sex><percent>3.708611</percent></weight><weight><age>25</age><sex>1</sex><percent>4.661858</percent></weight><weight><age>26</age><sex>0</sex><percent>3.78384</percent></weight><weight><age>26</age><sex>1</sex><percent>4.784268</percent></weight><weight><age>27</age><sex>0</sex><percent>3.858651</percent></weight><weight><age>27</age><sex>1</sex><percent>4.900763</percent></weight><weight><age>28</age><sex>0</sex><percent>3.933501</percent></weight><weight><age>28</age><sex>1</sex><percent>5.011701</percent></weight><weight><age>29</age><sex>0</sex><percent>4.008972</percent></weight><weight><age>29</age><sex>1</sex><percent>5.117721</percent></weight><weight><age>30</age><sex>0</sex><percent>4.085692</percent></weight><weight><age>30</age><sex>1</sex><percent>5.219567</percent></weight><weight><age>31</age><sex>0</sex><percent>4.164338</percent></weight><weight><age>31</age><sex>1</sex><percent>5.318078</percent></weight><weight><age>32</age><sex>0</sex><percent>4.245631</percent></weight><weight><age>32</age><sex>1</sex><percent>5.41418</percent></weight><weight><age>33</age><sex>0</sex><percent>4.330348</percent></weight><weight><age>33</age><sex>1</sex><percent>5.508883</percent></weight><weight><age>34</age><sex>0</sex><percent>4.41932</percent></weight><weight><age>34</age><sex>1</sex><percent>5.603276</percent></weight><weight><age>35</age><sex>0</sex><percent>4.513442</percent></weight><weight><age>35</age><sex>1</sex><percent>5.698524</percent></weight><weight><age>36</age><sex>0</sex><percent>4.613679</percent></weight><weight><age>36</age><sex>1</sex><percent>5.79587</percent></weight><weight><age>37</age><sex>0</sex><percent>4.721073</percent></weight><weight><age>37</age><sex>1</sex><percent>5.896637</percent></weight><weight><age>38</age><sex>0</sex><percent>4.83676</percent></weight><weight><age>38</age><sex>1</sex><percent>6.002231</percent></weight><weight><age>39</age><sex>0</sex><percent>4.961975</percent></weight><weight><age>39</age><sex>1</sex><percent>6.114153</percent></weight><weight><age>40</age><sex>0</sex><percent>5.098077</percent></weight><weight><age>40</age><sex>1</sex><percent>6.234007</percent></weight><weight><age>41</age><sex>0</sex><percent>5.246558</percent></weight><weight><age>41</age><sex>1</sex><percent>6.363518</percent></weight><weight><age>42</age><sex>0</sex><percent>5.409073</percent></weight><weight><age>42</age><sex>1</sex><percent>6.504548</percent></weight><weight><age>43</age><sex>0</sex><percent>5.587459</percent></weight><weight><age>43</age><sex>1</sex><percent>6.659121</percent></weight><weight><age>44</age><sex>0</sex><percent>5.783769</percent></weight><weight><age>44</age><sex>1</sex><percent>6.829447</percent></weight><weight><age>45</age><sex>0</sex><percent>6.000302</percent></weight><weight><age>45</age><sex>1</sex><percent>7.017964</percent></weight><weight><age>46</age><sex>0</sex><percent>6.239648</percent></weight><weight><age>46</age><sex>1</sex><percent>7.227367</percent></weight><weight><age>47</age><sex>0</sex><percent>6.504727</percent></weight><weight><age>47</age><sex>1</sex><percent>7.460662</percent></weight><weight><age>48</age><sex>0</sex><percent>6.798791</percent></weight><weight><age>48</age><sex>1</sex><percent>7.721152</percent></weight><weight><age>49</age><sex>0</sex><percent>7.124137</percent></weight><weight><age>49</age><sex>1</sex><percent>8.010903</percent></weight><weight><age>50</age><sex>0</sex><percent>7.481849</percent></weight><weight><age>50</age><sex>1</sex><percent>8.330521</percent></weight><weight><age>51</age><sex>0</sex><percent>7.872925</percent></weight><weight><age>51</age><sex>1</sex><percent>8.680538</percent></weight><weight><age>52</age><sex>0</sex><percent>8.298285</percent></weight><weight><age>52</age><sex>1</sex><percent>9.061445</percent></weight><weight><age>53</age><sex>0</sex><percent>8.758714</percent></weight><weight><age>53</age><sex>1</sex><percent>9.47365</percent></weight><weight><age>54</age><sex>0</sex><percent>9.254811</percent></weight><weight><age>54</age><sex>1</sex><percent>9.917434</percent></weight><weight><age>55</age><sex>0</sex><percent>9.786926</percent></weight><weight><age>55</age><sex>1</sex><percent>10.392908</percent></weight><weight><age>56</age><sex>0</sex><percent>10.355093</percent></weight><weight><age>56</age><sex>1</sex><percent>10.899968</percent></weight><weight><age>57</age><sex>0</sex><percent>10.958971</percent></weight><weight><age>57</age><sex>1</sex><percent>11.438243</percent></weight><weight><age>58</age><sex>0</sex><percent>11.597771</percent></weight><weight><age>58</age><sex>1</sex><percent>12.00705</percent></weight><weight><age>59</age><sex>0</sex><percent>12.270199</percent></weight><weight><age>59</age><sex>1</sex><percent>12.605348</percent></weight><weight><age>60</age><sex>0</sex><percent>12.97439</percent></weight><weight><age>60</age><sex>1</sex><percent>13.231694</percent></weight><weight><age>61</age><sex>0</sex><percent>13.707863</percent></weight><weight><age>61</age><sex>1</sex><percent>13.8842</percent></weight><weight><age>62</age><sex>0</sex><percent>14.467469</percent></weight><weight><age>62</age><sex>1</sex><percent>14.560501</percent></weight><weight><age>63</age><sex>0</sex><percent>15.24937</percent></weight><weight><age>63</age><sex>1</sex><percent>15.257726</percent></weight><weight><age>64</age><sex>0</sex><percent>16.049013</percent></weight><weight><age>64</age><sex>1</sex><percent>15.972481</percent></weight><weight><age>65</age><sex>0</sex><percent>16.861141</percent></weight><weight><age>65</age><sex>1</sex><percent>16.700838</percent></weight><weight><age>66</age><sex>0</sex><percent>17.679802</percent></weight><weight><age>66</age><sex>1</sex><percent>17.438335</percent></weight><weight><age>67</age><sex>0</sex><percent>18.498383</percent></weight><weight><age>67</age><sex>1</sex><percent>18.179998</percent></weight><weight><age>68</age><sex>0</sex><percent>19.309677</percent></weight><weight><age>68</age><sex>1</sex><percent>18.920355</percent></weight><weight><age>69</age><sex>0</sex><percent>20.105944</percent></weight><weight><age>69</age><sex>1</sex><percent>19.653482</percent></weight><weight><age>70</age><sex>0</sex><percent>20.879803</percent></weight><weight><age>70</age><sex>1</sex><percent>20.37371</percent></weight><weight><age>71</age><sex>0</sex><percent>21.62813</percent></weight><weight><age>71</age><sex>1</sex><percent>21.07877</percent></weight><weight><age>72</age><sex>0</sex><percent>22.349607</percent></weight><weight><age>72</age><sex>1</sex><percent>21.767773</percent></weight><weight><age>73</age><sex>0</sex><percent>23.043308</percent></weight><weight><age>73</age><sex>1</sex><percent>22.440075</percent></weight><weight><age>74</age><sex>0</sex><percent>23.708689</percent></weight><weight><age>74</age><sex>1</sex><percent>23.095264</percent></weight><weight><age>75</age><sex>0</sex><percent>24.345558</percent></weight><weight><age>75</age><sex>1</sex><percent>23.733158</percent></weight><weight><age>76</age><sex>0</sex><percent>24.954063</percent></weight><weight><age>76</age><sex>1</sex><percent>24.353786</percent></weight><weight><age>77</age><sex>0</sex><percent>25.534655</percent></weight><weight><age>77</age><sex>1</sex><percent>24.95738</percent></weight><weight><age>78</age><sex>0</sex><percent>26.088072</percent></weight><weight><age>78</age><sex>1</sex><percent>25.544367</percent></weight><weight><age>79</age><sex>0</sex><percent>26.615313</percent></weight><weight><age>79</age><sex>1</sex><percent>26.115347</percent></weight><weight><age>80</age><sex>0</sex><percent>27.117613</percent></weight><weight><age>80</age><sex>1</sex><percent>26.671093</percent></weight><weight><age>81</age><sex>0</sex><percent>27.59642</percent></weight><weight><age>81</age><sex>1</sex><percent>27.212532</percent></weight><weight><age>82</age><sex>0</sex><percent>28.053377</percent></weight><weight><age>82</age><sex>1</sex><percent>27.740732</percent></weight><weight><age>83</age><sex>0</sex><percent>28.490295</percent></weight><weight><age>83</age><sex>1</sex><percent>28.256895</percent></weight><weight><age>84</age><sex>0</sex><percent>28.90914</percent></weight><weight><age>84</age><sex>1</sex><percent>28.762348</percent></weight><weight><age>85</age><sex>0</sex><percent>29.31202</percent></weight><weight><age>85</age><sex>1</sex><percent>29.258528</percent></weight><weight><age>86</age><sex>0</sex><percent>29.701159</percent></weight><weight><age>86</age><sex>1</sex><percent>29.746975</percent></weight><weight><age>87</age><sex>0</sex><percent>30.078897</percent></weight><weight><age>87</age><sex>1</sex><percent>30.229326</percent></weight><weight><age>88</age><sex>0</sex><percent>30.447676</percent></weight><weight><age>88</age><sex>1</sex><percent>30.70731</percent></weight><weight><age>89</age><sex>0</sex><percent>30.810022</percent></weight><weight><age>89</age><sex>1</sex><percent>31.182732</percent></weight><weight><age>90</age><sex>0</sex><percent>31.168549</percent></weight><weight><age>90</age><sex>1</sex><percent>31.65748</percent></weight><weight><age>91</age><sex>0</sex><percent>31.525942</percent></weight><weight><age>91</age><sex>1</sex><percent>32.133514</percent></weight><weight><age>92</age><sex>0</sex><percent>31.884722</percent></weight><weight><age>92</age><sex>1</sex><percent>32.612675</percent></weight><weight><age>93</age><sex>0</sex><percent>32.24566</percent></weight><weight><age>93</age><sex>1</sex><percent>33.095493</percent></weight><weight><age>94</age><sex>0</sex><percent>32.608723</percent></weight><weight><age>94</age><sex>1</sex><percent>33.581898</percent></weight><weight><age>95</age><sex>0</sex><percent>32.97389</percent></weight><weight><age>95</age><sex>1</sex><percent>34.07181</percent></weight></overalldisability>