<?xml version="1.0"?><newborns><sexratio>1.0</sexratio><startingYear>2009</startingYear><amounts><amount><year>2009</year><number>92358</number></amount><amount><year>2010</year><number>92305</number></amount><amount><year>2011</year><number>92223</number></amount><amount><year>2012</year><number>92095</number></amount><amount><year>2013</year><number>91916</number></amount><amount><year>2014</year><number>91619</number></amount><amount><year>2015</year><number>91145</number></amount><amount><year>2016</year><number>90471</number></amount><amount><year>2017</year><number>89568</number></amount><amount><year>2018</year><number>88427</number></amount><amount><year>2019</year><number>87093</number></amount><amount><year>2020</year><number>85579</number></amount><amount><year>2021</year><number>83928</number></amount><amount><year>2022</year><number>82210</number></amount><amount><year>2023</year><number>80518</number></amount><amount><year>2024</year><number>78890</number></amount><amount><year>2025</year><number>77388</number></amount><amount><year>2026</year><number>76055</number></amount><amount><year>2027</year><number>74930</number></amount><amount><year>2028</year><number>74011</number></amount><amount><year>2029</year><number>73318</number></amount><amount><year>2030</year><number>72832</number></amount><amount><year>2031</year><number>72531</number></amount><amount><year>2032</year><number>72397</number></amount><amount><year>2033</year><number>72396</number></amount><amount><year>2034</year><number>72511</number></amount><amount><year>2035</year><number>72690</number></amount><amount><year>2036</year><number>72911</number></amount><amount><year>2037</year><number>73129</number></amount><amount><year>2038</year><number>73340</number></amount></amounts></newborns>