<?xml version="1.0"?>
<populationsize>
<size>
<age>0</age>
<sex>0</sex>
<number>50195</number>
</size>

<size>
<age>0</age>
<sex>1</sex>
<number>47360</number>
</size>

<size>
<age>1</age>
<sex>0</sex>
<number>48240</number>
</size>

<size>
<age>1</age>
<sex>1</sex>
<number>45736</number>
</size>

<size>
<age>2</age>
<sex>0</sex>
<number>47897</number>
</size>

<size>
<age>2</age>
<sex>1</sex>
<number>45229</number>
</size>

<size>
<age>3</age>
<sex>0</sex>
<number>46980</number>
</size>

<size>
<age>3</age>
<sex>1</sex>
<number>44472</number>
</size>

<size>
<age>4</age>
<sex>0</sex>
<number>46358</number>
</size>

<size>
<age>4</age>
<sex>1</sex>
<number>43144</number>
</size>

<size>
<age>5</age>
<sex>0</sex>
<number>45238</number>
</size>

<size>
<age>5</age>
<sex>1</sex>
<number>43165</number>
</size>

<size>
<age>6</age>
<sex>0</sex>
<number>46081</number>
</size>

<size>
<age>6</age>
<sex>1</sex>
<number>43555</number>
</size>

<size>
<age>7</age>
<sex>0</sex>
<number>46140</number>
</size>

<size>
<age>7</age>
<sex>1</sex>
<number>43848</number>
</size>

<size>
<age>8</age>
<sex>0</sex>
<number>46194</number>
</size>

<size>
<age>8</age>
<sex>1</sex>
<number>43927</number>
</size>

<size>
<age>9</age>
<sex>0</sex>
<number>49160</number>
</size>

<size>
<age>9</age>
<sex>1</sex>
<number>46553</number>
</size>

<size>
<age>10</age>
<sex>0</sex>
<number>54755</number>
</size>

<size>
<age>10</age>
<sex>1</sex>
<number>51960</number>
</size>

<size>
<age>11</age>
<sex>0</sex>
<number>61829</number>
</size>

<size>
<age>11</age>
<sex>1</sex>
<number>58898</number>
</size>

<size>
<age>12</age>
<sex>0</sex>
<number>62442</number>
</size>

<size>
<age>12</age>
<sex>1</sex>
<number>59021</number>
</size>

<size>
<age>13</age>
<sex>0</sex>
<number>66187</number>
</size>

<size>
<age>13</age>
<sex>1</sex>
<number>62436</number>
</size>

<size>
<age>14</age>
<sex>0</sex>
<number>66490</number>
</size>

<size>
<age>14</age>
<sex>1</sex>
<number>63456</number>
</size>

<size>
<age>15</age>
<sex>0</sex>
<number>65208</number>
</size>

<size>
<age>15</age>
<sex>1</sex>
<number>62540</number>
</size>

<size>
<age>16</age>
<sex>0</sex>
<number>67208</number>
</size>

<size>
<age>16</age>
<sex>1</sex>
<number>64603</number>
</size>

<size>
<age>17</age>
<sex>0</sex>
<number>66555</number>
</size>

<size>
<age>17</age>
<sex>1</sex>
<number>63296</number>
</size>

<size>
<age>18</age>
<sex>0</sex>
<number>67816</number>
</size>

<size>
<age>18</age>
<sex>1</sex>
<number>64469</number>
</size>

<size>
<age>19</age>
<sex>0</sex>
<number>69260</number>
</size>

<size>
<age>19</age>
<sex>1</sex>
<number>66240</number>
</size>

<size>
<age>20</age>
<sex>0</sex>
<number>69658</number>
</size>

<size>
<age>20</age>
<sex>1</sex>
<number>66524</number>
</size>

<size>
<age>21</age>
<sex>0</sex>
<number>69979</number>
</size>

<size>
<age>21</age>
<sex>1</sex>
<number>66457</number>
</size>

<size>
<age>22</age>
<sex>0</sex>
<number>71933</number>
</size>

<size>
<age>22</age>
<sex>1</sex>
<number>69210</number>
</size>

<size>
<age>23</age>
<sex>0</sex>
<number>73023</number>
</size>

<size>
<age>23</age>
<sex>1</sex>
<number>69786</number>
</size>

<size>
<age>24</age>
<sex>0</sex>
<number>78042</number>
</size>

<size>
<age>24</age>
<sex>1</sex>
<number>74175</number>
</size>

<size>
<age>25</age>
<sex>0</sex>
<number>86415</number>
</size>

<size>
<age>25</age>
<sex>1</sex>
<number>82743</number>
</size>

<size>
<age>26</age>
<sex>0</sex>
<number>89068</number>
</size>

<size>
<age>26</age>
<sex>1</sex>
<number>85772</number>
</size>

<size>
<age>27</age>
<sex>0</sex>
<number>90566</number>
</size>

<size>
<age>27</age>
<sex>1</sex>
<number>87437</number>
</size>

<size>
<age>28</age>
<sex>0</sex>
<number>93123</number>
</size>

<size>
<age>28</age>
<sex>1</sex>
<number>89751</number>
</size>

<size>
<age>29</age>
<sex>0</sex>
<number>94835</number>
</size>

<size>
<age>29</age>
<sex>1</sex>
<number>91809</number>
</size>

<size>
<age>30</age>
<sex>0</sex>
<number>95992</number>
</size>

<size>
<age>30</age>
<sex>1</sex>
<number>92481</number>
</size>

<size>
<age>31</age>
<sex>0</sex>
<number>90459</number>
</size>

<size>
<age>31</age>
<sex>1</sex>
<number>85850</number>
</size>

<size>
<age>32</age>
<sex>0</sex>
<number>81386</number>
</size>

<size>
<age>32</age>
<sex>1</sex>
<number>78052</number>
</size>

<size>
<age>33</age>
<sex>0</sex>
<number>76650</number>
</size>

<size>
<age>33</age>
<sex>1</sex>
<number>73752</number>
</size>

<size>
<age>34</age>
<sex>0</sex>
<number>73771</number>
</size>

<size>
<age>34</age>
<sex>1</sex>
<number>71174</number>
</size>

<size>
<age>35</age>
<sex>0</sex>
<number>71468</number>
</size>

<size>
<age>35</age>
<sex>1</sex>
<number>68115</number>
</size>

<size>
<age>36</age>
<sex>0</sex>
<number>67945</number>
</size>

<size>
<age>36</age>
<sex>1</sex>
<number>65311</number>
</size>

<size>
<age>37</age>
<sex>0</sex>
<number>68231</number>
</size>

<size>
<age>37</age>
<sex>1</sex>
<number>65577</number>
</size>

<size>
<age>38</age>
<sex>0</sex>
<number>69068</number>
</size>

<size>
<age>38</age>
<sex>1</sex>
<number>66571</number>
</size>

<size>
<age>39</age>
<sex>0</sex>
<number>72117</number>
</size>

<size>
<age>39</age>
<sex>1</sex>
<number>69533</number>
</size>

<size>
<age>40</age>
<sex>0</sex>
<number>75700</number>
</size>

<size>
<age>40</age>
<sex>1</sex>
<number>72536</number>
</size>

<size>
<age>41</age>
<sex>0</sex>
<number>72726</number>
</size>

<size>
<age>41</age>
<sex>1</sex>
<number>70398</number>
</size>

<size>
<age>42</age>
<sex>0</sex>
<number>65236</number>
</size>

<size>
<age>42</age>
<sex>1</sex>
<number>63505</number>
</size>

<size>
<age>43</age>
<sex>0</sex>
<number>63654</number>
</size>

<size>
<age>43</age>
<sex>1</sex>
<number>62143</number>
</size>

<size>
<age>44</age>
<sex>0</sex>
<number>62949</number>
</size>

<size>
<age>44</age>
<sex>1</sex>
<number>61098</number>
</size>

<size>
<age>45</age>
<sex>0</sex>
<number>62359</number>
</size>

<size>
<age>45</age>
<sex>1</sex>
<number>60767</number>
</size>

<size>
<age>46</age>
<sex>0</sex>
<number>67052</number>
</size>

<size>
<age>46</age>
<sex>1</sex>
<number>66820</number>
</size>

<size>
<age>47</age>
<sex>0</sex>
<number>72670</number>
</size>

<size>
<age>47</age>
<sex>1</sex>
<number>72099</number>
</size>

<size>
<age>48</age>
<sex>0</sex>
<number>74755</number>
</size>

<size>
<age>48</age>
<sex>1</sex>
<number>75365</number>
</size>

<size>
<age>49</age>
<sex>0</sex>
<number>75964</number>
</size>

<size>
<age>49</age>
<sex>1</sex>
<number>76286</number>
</size>

<size>
<age>50</age>
<sex>0</sex>
<number>76026</number>
</size>

<size>
<age>50</age>
<sex>1</sex>
<number>77364</number>
</size>

<size>
<age>51</age>
<sex>0</sex>
<number>76882</number>
</size>

<size>
<age>51</age>
<sex>1</sex>
<number>78042</number>
</size>

<size>
<age>52</age>
<sex>0</sex>
<number>78113</number>
</size>

<size>
<age>52</age>
<sex>1</sex>
<number>80144</number>
</size>

<size>
<age>53</age>
<sex>0</sex>
<number>78060</number>
</size>

<size>
<age>53</age>
<sex>1</sex>
<number>81344</number>
</size>

<size>
<age>54</age>
<sex>0</sex>
<number>77028</number>
</size>

<size>
<age>54</age>
<sex>1</sex>
<number>79969</number>
</size>

<size>
<age>55</age>
<sex>0</sex>
<number>74435</number>
</size>

<size>
<age>55</age>
<sex>1</sex>
<number>78200</number>
</size>

<size>
<age>56</age>
<sex>0</sex>
<number>77251</number>
</size>

<size>
<age>56</age>
<sex>1</sex>
<number>80716</number>
</size>

<size>
<age>57</age>
<sex>0</sex>
<number>79274</number>
</size>

<size>
<age>57</age>
<sex>1</sex>
<number>84212</number>
</size>

<size>
<age>58</age>
<sex>0</sex>
<number>75779</number>
</size>

<size>
<age>58</age>
<sex>1</sex>
<number>81924</number>
</size>

<size>
<age>59</age>
<sex>0</sex>
<number>60385</number>
</size>

<size>
<age>59</age>
<sex>1</sex>
<number>66878</number>
</size>

<size>
<age>60</age>
<sex>0</sex>
<number>62720</number>
</size>

<size>
<age>60</age>
<sex>1</sex>
<number>69496</number>
</size>

<size>
<age>61</age>
<sex>0</sex>
<number>60245</number>
</size>

<size>
<age>61</age>
<sex>1</sex>
<number>67510</number>
</size>

<size>
<age>62</age>
<sex>0</sex>
<number>52611</number>
</size>

<size>
<age>62</age>
<sex>1</sex>
<number>59515</number>
</size>

<size>
<age>63</age>
<sex>0</sex>
<number>49317</number>
</size>

<size>
<age>63</age>
<sex>1</sex>
<number>57065</number>
</size>

<size>
<age>64</age>
<sex>0</sex>
<number>47815</number>
</size>

<size>
<age>64</age>
<sex>1</sex>
<number>55595</number>
</size>

<size>
<age>65</age>
<sex>0</sex>
<number>41019</number>
</size>

<size>
<age>65</age>
<sex>1</sex>
<number>49584</number>
</size>

<size>
<age>66</age>
<sex>0</sex>
<number>38685</number>
</size>

<size>
<age>66</age>
<sex>1</sex>
<number>47607</number>
</size>

<size>
<age>67</age>
<sex>0</sex>
<number>35979</number>
</size>

<size>
<age>67</age>
<sex>1</sex>
<number>44820</number>
</size>

<size>
<age>68</age>
<sex>0</sex>
<number>34439</number>
</size>

<size>
<age>68</age>
<sex>1</sex>
<number>44415</number>
</size>

<size>
<age>69</age>
<sex>0</sex>
<number>33825</number>
</size>

<size>
<age>69</age>
<sex>1</sex>
<number>44301</number>
</size>

<size>
<age>70</age>
<sex>0</sex>
<number>33451</number>
</size>

<size>
<age>70</age>
<sex>1</sex>
<number>44884</number>
</size>

<size>
<age>71</age>
<sex>0</sex>
<number>32978</number>
</size>

<size>
<age>71</age>
<sex>1</sex>
<number>44952</number>
</size>

<size>
<age>72</age>
<sex>0</sex>
<number>33175</number>
</size>

<size>
<age>72</age>
<sex>1</sex>
<number>46747</number>
</size>

<size>
<age>73</age>
<sex>0</sex>
<number>31821</number>
</size>

<size>
<age>73</age>
<sex>1</sex>
<number>46468</number>
</size>

<size>
<age>74</age>
<sex>0</sex>
<number>30685</number>
</size>

<size>
<age>74</age>
<sex>1</sex>
<number>46733</number>
</size>

<size>
<age>75</age>
<sex>0</sex>
<number>28032</number>
</size>

<size>
<age>75</age>
<sex>1</sex>
<number>43300</number>
</size>

<size>
<age>76</age>
<sex>0</sex>
<number>25944</number>
</size>

<size>
<age>76</age>
<sex>1</sex>
<number>42297</number>
</size>

<size>
<age>77</age>
<sex>0</sex>
<number>23290</number>
</size>

<size>
<age>77</age>
<sex>1</sex>
<number>39978</number>
</size>

<size>
<age>78</age>
<sex>0</sex>
<number>21634</number>
</size>

<size>
<age>78</age>
<sex>1</sex>
<number>38932</number>
</size>

<size>
<age>79</age>
<sex>0</sex>
<number>19603</number>
</size>

<size>
<age>79</age>
<sex>1</sex>
<number>36720</number>
</size>

<size>
<age>80</age>
<sex>0</sex>
<number>17617</number>
</size>

<size>
<age>80</age>
<sex>1</sex>
<number>35465</number>
</size>

<size>
<age>81</age>
<sex>0</sex>
<number>16119</number>
</size>

<size>
<age>81</age>
<sex>1</sex>
<number>33357</number>
</size>

<size>
<age>82</age>
<sex>0</sex>
<number>13810</number>
</size>

<size>
<age>82</age>
<sex>1</sex>
<number>30013</number>
</size>

<size>
<age>83</age>
<sex>0</sex>
<number>11906</number>
</size>

<size>
<age>83</age>
<sex>1</sex>
<number>26300</number>
</size>

<size>
<age>84</age>
<sex>0</sex>
<number>9189</number>
</size>

<size>
<age>84</age>
<sex>1</sex>
<number>21040</number>
</size>

<size>
<age>85</age>
<sex>0</sex>
<number>6202</number>
</size>

<size>
<age>85</age>
<sex>1</sex>
<number>14892</number>
</size>

<size>
<age>86</age>
<sex>0</sex>
<number>3069</number>
</size>

<size>
<age>86</age>
<sex>1</sex>
<number>7693</number>
</size>

<size>
<age>87</age>
<sex>0</sex>
<number>2620</number>
</size>

<size>
<age>87</age>
<sex>1</sex>
<number>6570</number>
</size>

<size>
<age>88</age>
<sex>0</sex>
<number>2332</number>
</size>

<size>
<age>88</age>
<sex>1</sex>
<number>6053</number>
</size>

<size>
<age>89</age>
<sex>0</sex>
<number>2415</number>
</size>

<size>
<age>89</age>
<sex>1</sex>
<number>6727</number>
</size>

<size>
<age>90</age>
<sex>0</sex>
<number>2523</number>
</size>

<size>
<age>90</age>
<sex>1</sex>
<number>7476</number>
</size>

<size>
<age>91</age>
<sex>0</sex>
<number>1877</number>
</size>

<size>
<age>91</age>
<sex>1</sex>
<number>5935</number>
</size>

<size>
<age>92</age>
<sex>0</sex>
<number>1343</number>
</size>

<size>
<age>92</age>
<sex>1</sex>
<number>4358</number>
</size>

<size>
<age>93</age>
<sex>0</sex>
<number>869</number>
</size>

<size>
<age>93</age>
<sex>1</sex>
<number>3174</number>
</size>

<size>
<age>94</age>
<sex>0</sex>
<number>592</number>
</size>

<size>
<age>94</age>
<sex>1</sex>
<number>2208</number>
</size>

<size>
<age>95</age>
<sex>0</sex>
<number>419</number>
</size>

<size>
<age>95</age>
<sex>1</sex>
<number>1501</number>
</size>

</populationsize>
