<?xml version="1.0"?><riskfactorprevalences_categorical><prevalence><age>0</age><sex>0</sex><cat>1</cat><percent>100.0</percent></prevalence><prevalence><age>0</age><sex>0</sex><cat>2</cat><percent>0.0</percent></prevalence><prevalence><age>0</age><sex>0</sex><cat>3</cat><percent>0.0</percent></prevalence><prevalence><age>0</age><sex>0</sex><cat>4</cat><percent>0.0</percent></prevalence><prevalence><age>0</age><sex>0</sex><cat>5</cat><percent>0.0</percent></prevalence><prevalence><age>0</age><sex>1</sex><cat>1</cat><percent>100.0</percent></prevalence><prevalence><age>0</age><sex>1</sex><cat>2</cat><percent>0.0</percent></prevalence><prevalence><age>0</age><sex>1</sex><cat>3</cat><percent>0.0</percent></prevalence><prevalence><age>0</age><sex>1</sex><cat>4</cat><percent>0.0</percent></prevalence><prevalence><age>0</age><sex>1</sex><cat>5</cat><percent>0.0</percent></prevalence><prevalence><age>1</age><sex>0</sex><cat>1</cat><percent>100.0</percent></prevalence><prevalence><age>1</age><sex>0</sex><cat>2</cat><percent>0.0</percent></prevalence><prevalence><age>1</age><sex>0</sex><cat>3</cat><percent>0.0</percent></prevalence><prevalence><age>1</age><sex>0</sex><cat>4</cat><percent>0.0</percent></prevalence><prevalence><age>1</age><sex>0</sex><cat>5</cat><percent>0.0</percent></prevalence><prevalence><age>1</age><sex>1</sex><cat>1</cat><percent>100.0</percent></prevalence><prevalence><age>1</age><sex>1</sex><cat>2</cat><percent>0.0</percent></prevalence><prevalence><age>1</age><sex>1</sex><cat>3</cat><percent>0.0</percent></prevalence><prevalence><age>1</age><sex>1</sex><cat>4</cat><percent>0.0</percent></prevalence><prevalence><age>1</age><sex>1</sex><cat>5</cat><percent>0.0</percent></prevalence><prevalence><age>2</age><sex>0</sex><cat>1</cat><percent>100.0</percent></prevalence><prevalence><age>2</age><sex>0</sex><cat>2</cat><percent>0.0</percent></prevalence><prevalence><age>2</age><sex>0</sex><cat>3</cat><percent>0.0</percent></prevalence><prevalence><age>2</age><sex>0</sex><cat>4</cat><percent>0.0</percent></prevalence><prevalence><age>2</age><sex>0</sex><cat>5</cat><percent>0.0</percent></prevalence><prevalence><age>2</age><sex>1</sex><cat>1</cat><percent>100.0</percent></prevalence><prevalence><age>2</age><sex>1</sex><cat>2</cat><percent>0.0</percent></prevalence><prevalence><age>2</age><sex>1</sex><cat>3</cat><percent>0.0</percent></prevalence><prevalence><age>2</age><sex>1</sex><cat>4</cat><percent>0.0</percent></prevalence><prevalence><age>2</age><sex>1</sex><cat>5</cat><percent>0.0</percent></prevalence><prevalence><age>3</age><sex>0</sex><cat>1</cat><percent>100.0</percent></prevalence><prevalence><age>3</age><sex>0</sex><cat>2</cat><percent>0.0</percent></prevalence><prevalence><age>3</age><sex>0</sex><cat>3</cat><percent>0.0</percent></prevalence><prevalence><age>3</age><sex>0</sex><cat>4</cat><percent>0.0</percent></prevalence><prevalence><age>3</age><sex>0</sex><cat>5</cat><percent>0.0</percent></prevalence><prevalence><age>3</age><sex>1</sex><cat>1</cat><percent>100.0</percent></prevalence><prevalence><age>3</age><sex>1</sex><cat>2</cat><percent>0.0</percent></prevalence><prevalence><age>3</age><sex>1</sex><cat>3</cat><percent>0.0</percent></prevalence><prevalence><age>3</age><sex>1</sex><cat>4</cat><percent>0.0</percent></prevalence><prevalence><age>3</age><sex>1</sex><cat>5</cat><percent>0.0</percent></prevalence><prevalence><age>4</age><sex>0</sex><cat>1</cat><percent>100.0</percent></prevalence><prevalence><age>4</age><sex>0</sex><cat>2</cat><percent>0.0</percent></prevalence><prevalence><age>4</age><sex>0</sex><cat>3</cat><percent>0.0</percent></prevalence><prevalence><age>4</age><sex>0</sex><cat>4</cat><percent>0.0</percent></prevalence><prevalence><age>4</age><sex>0</sex><cat>5</cat><percent>0.0</percent></prevalence><prevalence><age>4</age><sex>1</sex><cat>1</cat><percent>100.0</percent></prevalence><prevalence><age>4</age><sex>1</sex><cat>2</cat><percent>0.0</percent></prevalence><prevalence><age>4</age><sex>1</sex><cat>3</cat><percent>0.0</percent></prevalence><prevalence><age>4</age><sex>1</sex><cat>4</cat><percent>0.0</percent></prevalence><prevalence><age>4</age><sex>1</sex><cat>5</cat><percent>0.0</percent></prevalence><prevalence><age>5</age><sex>0</sex><cat>1</cat><percent>100.0</percent></prevalence><prevalence><age>5</age><sex>0</sex><cat>2</cat><percent>0.0</percent></prevalence><prevalence><age>5</age><sex>0</sex><cat>3</cat><percent>0.0</percent></prevalence><prevalence><age>5</age><sex>0</sex><cat>4</cat><percent>0.0</percent></prevalence><prevalence><age>5</age><sex>0</sex><cat>5</cat><percent>0.0</percent></prevalence><prevalence><age>5</age><sex>1</sex><cat>1</cat><percent>100.0</percent></prevalence><prevalence><age>5</age><sex>1</sex><cat>2</cat><percent>0.0</percent></prevalence><prevalence><age>5</age><sex>1</sex><cat>3</cat><percent>0.0</percent></prevalence><prevalence><age>5</age><sex>1</sex><cat>4</cat><percent>0.0</percent></prevalence><prevalence><age>5</age><sex>1</sex><cat>5</cat><percent>0.0</percent></prevalence><prevalence><age>6</age><sex>0</sex><cat>1</cat><percent>100.0</percent></prevalence><prevalence><age>6</age><sex>0</sex><cat>2</cat><percent>0.0</percent></prevalence><prevalence><age>6</age><sex>0</sex><cat>3</cat><percent>0.0</percent></prevalence><prevalence><age>6</age><sex>0</sex><cat>4</cat><percent>0.0</percent></prevalence><prevalence><age>6</age><sex>0</sex><cat>5</cat><percent>0.0</percent></prevalence><prevalence><age>6</age><sex>1</sex><cat>1</cat><percent>100.0</percent></prevalence><prevalence><age>6</age><sex>1</sex><cat>2</cat><percent>0.0</percent></prevalence><prevalence><age>6</age><sex>1</sex><cat>3</cat><percent>0.0</percent></prevalence><prevalence><age>6</age><sex>1</sex><cat>4</cat><percent>0.0</percent></prevalence><prevalence><age>6</age><sex>1</sex><cat>5</cat><percent>0.0</percent></prevalence><prevalence><age>7</age><sex>0</sex><cat>1</cat><percent>100.0</percent></prevalence><prevalence><age>7</age><sex>0</sex><cat>2</cat><percent>0.0</percent></prevalence><prevalence><age>7</age><sex>0</sex><cat>3</cat><percent>0.0</percent></prevalence><prevalence><age>7</age><sex>0</sex><cat>4</cat><percent>0.0</percent></prevalence><prevalence><age>7</age><sex>0</sex><cat>5</cat><percent>0.0</percent></prevalence><prevalence><age>7</age><sex>1</sex><cat>1</cat><percent>100.0</percent></prevalence><prevalence><age>7</age><sex>1</sex><cat>2</cat><percent>0.0</percent></prevalence><prevalence><age>7</age><sex>1</sex><cat>3</cat><percent>0.0</percent></prevalence><prevalence><age>7</age><sex>1</sex><cat>4</cat><percent>0.0</percent></prevalence><prevalence><age>7</age><sex>1</sex><cat>5</cat><percent>0.0</percent></prevalence><prevalence><age>8</age><sex>0</sex><cat>1</cat><percent>100.0</percent></prevalence><prevalence><age>8</age><sex>0</sex><cat>2</cat><percent>0.0</percent></prevalence><prevalence><age>8</age><sex>0</sex><cat>3</cat><percent>0.0</percent></prevalence><prevalence><age>8</age><sex>0</sex><cat>4</cat><percent>0.0</percent></prevalence><prevalence><age>8</age><sex>0</sex><cat>5</cat><percent>0.0</percent></prevalence><prevalence><age>8</age><sex>1</sex><cat>1</cat><percent>100.0</percent></prevalence><prevalence><age>8</age><sex>1</sex><cat>2</cat><percent>0.0</percent></prevalence><prevalence><age>8</age><sex>1</sex><cat>3</cat><percent>0.0</percent></prevalence><prevalence><age>8</age><sex>1</sex><cat>4</cat><percent>0.0</percent></prevalence><prevalence><age>8</age><sex>1</sex><cat>5</cat><percent>0.0</percent></prevalence><prevalence><age>9</age><sex>0</sex><cat>1</cat><percent>100.0</percent></prevalence><prevalence><age>9</age><sex>0</sex><cat>2</cat><percent>0.0</percent></prevalence><prevalence><age>9</age><sex>0</sex><cat>3</cat><percent>0.0</percent></prevalence><prevalence><age>9</age><sex>0</sex><cat>4</cat><percent>0.0</percent></prevalence><prevalence><age>9</age><sex>0</sex><cat>5</cat><percent>0.0</percent></prevalence><prevalence><age>9</age><sex>1</sex><cat>1</cat><percent>100.0</percent></prevalence><prevalence><age>9</age><sex>1</sex><cat>2</cat><percent>0.0</percent></prevalence><prevalence><age>9</age><sex>1</sex><cat>3</cat><percent>0.0</percent></prevalence><prevalence><age>9</age><sex>1</sex><cat>4</cat><percent>0.0</percent></prevalence><prevalence><age>9</age><sex>1</sex><cat>5</cat><percent>0.0</percent></prevalence><prevalence><age>10</age><sex>0</sex><cat>1</cat><percent>100.0</percent></prevalence><prevalence><age>10</age><sex>0</sex><cat>2</cat><percent>0.0</percent></prevalence><prevalence><age>10</age><sex>0</sex><cat>3</cat><percent>0.0</percent></prevalence><prevalence><age>10</age><sex>0</sex><cat>4</cat><percent>0.0</percent></prevalence><prevalence><age>10</age><sex>0</sex><cat>5</cat><percent>0.0</percent></prevalence><prevalence><age>10</age><sex>1</sex><cat>1</cat><percent>100.0</percent></prevalence><prevalence><age>10</age><sex>1</sex><cat>2</cat><percent>0.0</percent></prevalence><prevalence><age>10</age><sex>1</sex><cat>3</cat><percent>0.0</percent></prevalence><prevalence><age>10</age><sex>1</sex><cat>4</cat><percent>0.0</percent></prevalence><prevalence><age>10</age><sex>1</sex><cat>5</cat><percent>0.0</percent></prevalence><prevalence><age>11</age><sex>0</sex><cat>1</cat><percent>100.0</percent></prevalence><prevalence><age>11</age><sex>0</sex><cat>2</cat><percent>0.0</percent></prevalence><prevalence><age>11</age><sex>0</sex><cat>3</cat><percent>0.0</percent></prevalence><prevalence><age>11</age><sex>0</sex><cat>4</cat><percent>0.0</percent></prevalence><prevalence><age>11</age><sex>0</sex><cat>5</cat><percent>0.0</percent></prevalence><prevalence><age>11</age><sex>1</sex><cat>1</cat><percent>100.0</percent></prevalence><prevalence><age>11</age><sex>1</sex><cat>2</cat><percent>0.0</percent></prevalence><prevalence><age>11</age><sex>1</sex><cat>3</cat><percent>0.0</percent></prevalence><prevalence><age>11</age><sex>1</sex><cat>4</cat><percent>0.0</percent></prevalence><prevalence><age>11</age><sex>1</sex><cat>5</cat><percent>0.0</percent></prevalence><prevalence><age>12</age><sex>0</sex><cat>1</cat><percent>100.0</percent></prevalence><prevalence><age>12</age><sex>0</sex><cat>2</cat><percent>0.0</percent></prevalence><prevalence><age>12</age><sex>0</sex><cat>3</cat><percent>0.0</percent></prevalence><prevalence><age>12</age><sex>0</sex><cat>4</cat><percent>0.0</percent></prevalence><prevalence><age>12</age><sex>0</sex><cat>5</cat><percent>0.0</percent></prevalence><prevalence><age>12</age><sex>1</sex><cat>1</cat><percent>100.0</percent></prevalence><prevalence><age>12</age><sex>1</sex><cat>2</cat><percent>0.0</percent></prevalence><prevalence><age>12</age><sex>1</sex><cat>3</cat><percent>0.0</percent></prevalence><prevalence><age>12</age><sex>1</sex><cat>4</cat><percent>0.0</percent></prevalence><prevalence><age>12</age><sex>1</sex><cat>5</cat><percent>0.0</percent></prevalence><prevalence><age>13</age><sex>0</sex><cat>1</cat><percent>100.0</percent></prevalence><prevalence><age>13</age><sex>0</sex><cat>2</cat><percent>0.0</percent></prevalence><prevalence><age>13</age><sex>0</sex><cat>3</cat><percent>0.0</percent></prevalence><prevalence><age>13</age><sex>0</sex><cat>4</cat><percent>0.0</percent></prevalence><prevalence><age>13</age><sex>0</sex><cat>5</cat><percent>0.0</percent></prevalence><prevalence><age>13</age><sex>1</sex><cat>1</cat><percent>100.0</percent></prevalence><prevalence><age>13</age><sex>1</sex><cat>2</cat><percent>0.0</percent></prevalence><prevalence><age>13</age><sex>1</sex><cat>3</cat><percent>0.0</percent></prevalence><prevalence><age>13</age><sex>1</sex><cat>4</cat><percent>0.0</percent></prevalence><prevalence><age>13</age><sex>1</sex><cat>5</cat><percent>0.0</percent></prevalence><prevalence><age>14</age><sex>0</sex><cat>1</cat><percent>100.0</percent></prevalence><prevalence><age>14</age><sex>0</sex><cat>2</cat><percent>0.0</percent></prevalence><prevalence><age>14</age><sex>0</sex><cat>3</cat><percent>0.0</percent></prevalence><prevalence><age>14</age><sex>0</sex><cat>4</cat><percent>0.0</percent></prevalence><prevalence><age>14</age><sex>0</sex><cat>5</cat><percent>0.0</percent></prevalence><prevalence><age>14</age><sex>1</sex><cat>1</cat><percent>100.0</percent></prevalence><prevalence><age>14</age><sex>1</sex><cat>2</cat><percent>0.0</percent></prevalence><prevalence><age>14</age><sex>1</sex><cat>3</cat><percent>0.0</percent></prevalence><prevalence><age>14</age><sex>1</sex><cat>4</cat><percent>0.0</percent></prevalence><prevalence><age>14</age><sex>1</sex><cat>5</cat><percent>0.0</percent></prevalence><prevalence><age>15</age><sex>0</sex><cat>1</cat><percent>2.8685384</percent></prevalence><prevalence><age>15</age><sex>0</sex><cat>2</cat><percent>82.68724</percent></prevalence><prevalence><age>15</age><sex>0</sex><cat>3</cat><percent>9.990015</percent></prevalence><prevalence><age>15</age><sex>0</sex><cat>4</cat><percent>2.437724</percent></prevalence><prevalence><age>15</age><sex>0</sex><cat>5</cat><percent>2.0164814</percent></prevalence><prevalence><age>15</age><sex>1</sex><cat>1</cat><percent>15.29148</percent></prevalence><prevalence><age>15</age><sex>1</sex><cat>2</cat><percent>84.13499</percent></prevalence><prevalence><age>15</age><sex>1</sex><cat>3</cat><percent>0.443868</percent></prevalence><prevalence><age>15</age><sex>1</sex><cat>4</cat><percent>0.0783001</percent></prevalence><prevalence><age>15</age><sex>1</sex><cat>5</cat><percent>0.0513619</percent></prevalence><prevalence><age>16</age><sex>0</sex><cat>1</cat><percent>3.0417507</percent></prevalence><prevalence><age>16</age><sex>0</sex><cat>2</cat><percent>82.5658</percent></prevalence><prevalence><age>16</age><sex>0</sex><cat>3</cat><percent>9.953965</percent></prevalence><prevalence><age>16</age><sex>0</sex><cat>4</cat><percent>2.424595</percent></prevalence><prevalence><age>16</age><sex>0</sex><cat>5</cat><percent>2.0138836</percent></prevalence><prevalence><age>16</age><sex>1</sex><cat>1</cat><percent>15.932977</percent></prevalence><prevalence><age>16</age><sex>1</sex><cat>2</cat><percent>83.498886</percent></prevalence><prevalence><age>16</age><sex>1</sex><cat>3</cat><percent>0.437242</percent></prevalence><prevalence><age>16</age><sex>1</sex><cat>4</cat><percent>0.0772367</percent></prevalence><prevalence><age>16</age><sex>1</sex><cat>5</cat><percent>0.0536544</percent></prevalence><prevalence><age>17</age><sex>0</sex><cat>1</cat><percent>3.2149632</percent></prevalence><prevalence><age>17</age><sex>0</sex><cat>2</cat><percent>82.44437</percent></prevalence><prevalence><age>17</age><sex>0</sex><cat>3</cat><percent>9.917914</percent></prevalence><prevalence><age>17</age><sex>0</sex><cat>4</cat><percent>2.4114664</percent></prevalence><prevalence><age>17</age><sex>0</sex><cat>5</cat><percent>2.0112858</percent></prevalence><prevalence><age>17</age><sex>1</sex><cat>1</cat><percent>16.574474</percent></prevalence><prevalence><age>17</age><sex>1</sex><cat>2</cat><percent>82.86279</percent></prevalence><prevalence><age>17</age><sex>1</sex><cat>3</cat><percent>0.430616</percent></prevalence><prevalence><age>17</age><sex>1</sex><cat>4</cat><percent>0.0761733</percent></prevalence><prevalence><age>17</age><sex>1</sex><cat>5</cat><percent>0.0559469</percent></prevalence><prevalence><age>18</age><sex>0</sex><cat>1</cat><percent>3.3881755</percent></prevalence><prevalence><age>18</age><sex>0</sex><cat>2</cat><percent>82.32294</percent></prevalence><prevalence><age>18</age><sex>0</sex><cat>3</cat><percent>9.881865</percent></prevalence><prevalence><age>18</age><sex>0</sex><cat>4</cat><percent>2.3983374</percent></prevalence><prevalence><age>18</age><sex>0</sex><cat>5</cat><percent>2.008688</percent></prevalence><prevalence><age>18</age><sex>1</sex><cat>1</cat><percent>17.215971</percent></prevalence><prevalence><age>18</age><sex>1</sex><cat>2</cat><percent>82.22669</percent></prevalence><prevalence><age>18</age><sex>1</sex><cat>3</cat><percent>0.4239899</percent></prevalence><prevalence><age>18</age><sex>1</sex><cat>4</cat><percent>0.07511</percent></prevalence><prevalence><age>18</age><sex>1</sex><cat>5</cat><percent>0.0582394</percent></prevalence><prevalence><age>19</age><sex>0</sex><cat>1</cat><percent>3.5613878</percent></prevalence><prevalence><age>19</age><sex>0</sex><cat>2</cat><percent>82.2015</percent></prevalence><prevalence><age>19</age><sex>0</sex><cat>3</cat><percent>9.845815</percent></prevalence><prevalence><age>19</age><sex>0</sex><cat>4</cat><percent>2.3852086</percent></prevalence><prevalence><age>19</age><sex>0</sex><cat>5</cat><percent>2.0060902</percent></prevalence><prevalence><age>19</age><sex>1</sex><cat>1</cat><percent>17.857468</percent></prevalence><prevalence><age>19</age><sex>1</sex><cat>2</cat><percent>81.59059</percent></prevalence><prevalence><age>19</age><sex>1</sex><cat>3</cat><percent>0.4173639</percent></prevalence><prevalence><age>19</age><sex>1</sex><cat>4</cat><percent>0.0740466</percent></prevalence><prevalence><age>19</age><sex>1</sex><cat>5</cat><percent>0.0605319</percent></prevalence><prevalence><age>20</age><sex>0</sex><cat>1</cat><percent>3.7346003</percent></prevalence><prevalence><age>20</age><sex>0</sex><cat>2</cat><percent>82.08006</percent></prevalence><prevalence><age>20</age><sex>0</sex><cat>3</cat><percent>9.809764</percent></prevalence><prevalence><age>20</age><sex>0</sex><cat>4</cat><percent>2.3720796</percent></prevalence><prevalence><age>20</age><sex>0</sex><cat>5</cat><percent>2.0034924</percent></prevalence><prevalence><age>20</age><sex>1</sex><cat>1</cat><percent>18.498964</percent></prevalence><prevalence><age>20</age><sex>1</sex><cat>2</cat><percent>80.95449</percent></prevalence><prevalence><age>20</age><sex>1</sex><cat>3</cat><percent>0.4107379</percent></prevalence><prevalence><age>20</age><sex>1</sex><cat>4</cat><percent>0.0729832</percent></prevalence><prevalence><age>20</age><sex>1</sex><cat>5</cat><percent>0.0628244</percent></prevalence><prevalence><age>21</age><sex>0</sex><cat>1</cat><percent>3.9078126</percent></prevalence><prevalence><age>21</age><sex>0</sex><cat>2</cat><percent>81.958626</percent></prevalence><prevalence><age>21</age><sex>0</sex><cat>3</cat><percent>9.773714</percent></prevalence><prevalence><age>21</age><sex>0</sex><cat>4</cat><percent>2.3589506</percent></prevalence><prevalence><age>21</age><sex>0</sex><cat>5</cat><percent>2.0008943</percent></prevalence><prevalence><age>21</age><sex>1</sex><cat>1</cat><percent>19.140461</percent></prevalence><prevalence><age>21</age><sex>1</sex><cat>2</cat><percent>80.31839</percent></prevalence><prevalence><age>21</age><sex>1</sex><cat>3</cat><percent>0.4041118</percent></prevalence><prevalence><age>21</age><sex>1</sex><cat>4</cat><percent>0.0719199</percent></prevalence><prevalence><age>21</age><sex>1</sex><cat>5</cat><percent>0.0651168</percent></prevalence><prevalence><age>22</age><sex>0</sex><cat>1</cat><percent>4.081025</percent></prevalence><prevalence><age>22</age><sex>0</sex><cat>2</cat><percent>81.8372</percent></prevalence><prevalence><age>22</age><sex>0</sex><cat>3</cat><percent>9.737664</percent></prevalence><prevalence><age>22</age><sex>0</sex><cat>4</cat><percent>2.3458219</percent></prevalence><prevalence><age>22</age><sex>0</sex><cat>5</cat><percent>1.9982966</percent></prevalence><prevalence><age>22</age><sex>1</sex><cat>1</cat><percent>19.78196</percent></prevalence><prevalence><age>22</age><sex>1</sex><cat>2</cat><percent>79.68229</percent></prevalence><prevalence><age>22</age><sex>1</sex><cat>3</cat><percent>0.3974858</percent></prevalence><prevalence><age>22</age><sex>1</sex><cat>4</cat><percent>0.0708565</percent></prevalence><prevalence><age>22</age><sex>1</sex><cat>5</cat><percent>0.0674093</percent></prevalence><prevalence><age>23</age><sex>0</sex><cat>1</cat><percent>4.254237</percent></prevalence><prevalence><age>23</age><sex>0</sex><cat>2</cat><percent>81.71576</percent></prevalence><prevalence><age>23</age><sex>0</sex><cat>3</cat><percent>9.701613</percent></prevalence><prevalence><age>23</age><sex>0</sex><cat>4</cat><percent>2.3326929</percent></prevalence><prevalence><age>23</age><sex>0</sex><cat>5</cat><percent>1.9956988</percent></prevalence><prevalence><age>23</age><sex>1</sex><cat>1</cat><percent>20.423456</percent></prevalence><prevalence><age>23</age><sex>1</sex><cat>2</cat><percent>79.04619</percent></prevalence><prevalence><age>23</age><sex>1</sex><cat>3</cat><percent>0.3908598</percent></prevalence><prevalence><age>23</age><sex>1</sex><cat>4</cat><percent>0.0697931</percent></prevalence><prevalence><age>23</age><sex>1</sex><cat>5</cat><percent>0.0697018</percent></prevalence><prevalence><age>24</age><sex>0</sex><cat>1</cat><percent>4.4274497</percent></prevalence><prevalence><age>24</age><sex>0</sex><cat>2</cat><percent>81.59432</percent></prevalence><prevalence><age>24</age><sex>0</sex><cat>3</cat><percent>9.665564</percent></prevalence><prevalence><age>24</age><sex>0</sex><cat>4</cat><percent>2.319564</percent></prevalence><prevalence><age>24</age><sex>0</sex><cat>5</cat><percent>1.993101</percent></prevalence><prevalence><age>24</age><sex>1</sex><cat>1</cat><percent>21.064953</percent></prevalence><prevalence><age>24</age><sex>1</sex><cat>2</cat><percent>78.41009</percent></prevalence><prevalence><age>24</age><sex>1</sex><cat>3</cat><percent>0.3842338</percent></prevalence><prevalence><age>24</age><sex>1</sex><cat>4</cat><percent>0.0687298</percent></prevalence><prevalence><age>24</age><sex>1</sex><cat>5</cat><percent>0.0719943</percent></prevalence><prevalence><age>25</age><sex>0</sex><cat>1</cat><percent>4.600662</percent></prevalence><prevalence><age>25</age><sex>0</sex><cat>2</cat><percent>81.472885</percent></prevalence><prevalence><age>25</age><sex>0</sex><cat>3</cat><percent>9.629514</percent></prevalence><prevalence><age>25</age><sex>0</sex><cat>4</cat><percent>2.306435</percent></prevalence><prevalence><age>25</age><sex>0</sex><cat>5</cat><percent>1.9905031</percent></prevalence><prevalence><age>25</age><sex>1</sex><cat>1</cat><percent>21.70645</percent></prevalence><prevalence><age>25</age><sex>1</sex><cat>2</cat><percent>77.77399</percent></prevalence><prevalence><age>25</age><sex>1</sex><cat>3</cat><percent>0.3776077</percent></prevalence><prevalence><age>25</age><sex>1</sex><cat>4</cat><percent>0.0676664</percent></prevalence><prevalence><age>25</age><sex>1</sex><cat>5</cat><percent>0.0742868</percent></prevalence><prevalence><age>26</age><sex>0</sex><cat>1</cat><percent>4.7738743</percent></prevalence><prevalence><age>26</age><sex>0</sex><cat>2</cat><percent>81.35145</percent></prevalence><prevalence><age>26</age><sex>0</sex><cat>3</cat><percent>9.593464</percent></prevalence><prevalence><age>26</age><sex>0</sex><cat>4</cat><percent>2.293306</percent></prevalence><prevalence><age>26</age><sex>0</sex><cat>5</cat><percent>1.9879053</percent></prevalence><prevalence><age>26</age><sex>1</sex><cat>1</cat><percent>22.347946</percent></prevalence><prevalence><age>26</age><sex>1</sex><cat>2</cat><percent>77.137886</percent></prevalence><prevalence><age>26</age><sex>1</sex><cat>3</cat><percent>0.3709817</percent></prevalence><prevalence><age>26</age><sex>1</sex><cat>4</cat><percent>0.066603</percent></prevalence><prevalence><age>26</age><sex>1</sex><cat>5</cat><percent>0.0765793</percent></prevalence><prevalence><age>27</age><sex>0</sex><cat>1</cat><percent>4.947087</percent></prevalence><prevalence><age>27</age><sex>0</sex><cat>2</cat><percent>81.23002</percent></prevalence><prevalence><age>27</age><sex>0</sex><cat>3</cat><percent>9.557413</percent></prevalence><prevalence><age>27</age><sex>0</sex><cat>4</cat><percent>2.2801774</percent></prevalence><prevalence><age>27</age><sex>0</sex><cat>5</cat><percent>1.9853075</percent></prevalence><prevalence><age>27</age><sex>1</sex><cat>1</cat><percent>22.989445</percent></prevalence><prevalence><age>27</age><sex>1</sex><cat>2</cat><percent>76.50179</percent></prevalence><prevalence><age>27</age><sex>1</sex><cat>3</cat><percent>0.3643557</percent></prevalence><prevalence><age>27</age><sex>1</sex><cat>4</cat><percent>0.0655397</percent></prevalence><prevalence><age>27</age><sex>1</sex><cat>5</cat><percent>0.0788718</percent></prevalence><prevalence><age>28</age><sex>0</sex><cat>1</cat><percent>5.1202993</percent></prevalence><prevalence><age>28</age><sex>0</sex><cat>2</cat><percent>81.10858</percent></prevalence><prevalence><age>28</age><sex>0</sex><cat>3</cat><percent>9.521363</percent></prevalence><prevalence><age>28</age><sex>0</sex><cat>4</cat><percent>2.2670484</percent></prevalence><prevalence><age>28</age><sex>0</sex><cat>5</cat><percent>1.9827096</percent></prevalence><prevalence><age>28</age><sex>1</sex><cat>1</cat><percent>23.630941</percent></prevalence><prevalence><age>28</age><sex>1</sex><cat>2</cat><percent>75.86569</percent></prevalence><prevalence><age>28</age><sex>1</sex><cat>3</cat><percent>0.3577296</percent></prevalence><prevalence><age>28</age><sex>1</sex><cat>4</cat><percent>0.0644763</percent></prevalence><prevalence><age>28</age><sex>1</sex><cat>5</cat><percent>0.0811643</percent></prevalence><prevalence><age>29</age><sex>0</sex><cat>1</cat><percent>5.2935114</percent></prevalence><prevalence><age>29</age><sex>0</sex><cat>2</cat><percent>80.987144</percent></prevalence><prevalence><age>29</age><sex>0</sex><cat>3</cat><percent>9.485313</percent></prevalence><prevalence><age>29</age><sex>0</sex><cat>4</cat><percent>2.2539196</percent></prevalence><prevalence><age>29</age><sex>0</sex><cat>5</cat><percent>1.9801118</percent></prevalence><prevalence><age>29</age><sex>1</sex><cat>1</cat><percent>24.272438</percent></prevalence><prevalence><age>29</age><sex>1</sex><cat>2</cat><percent>75.22959</percent></prevalence><prevalence><age>29</age><sex>1</sex><cat>3</cat><percent>0.3511036</percent></prevalence><prevalence><age>29</age><sex>1</sex><cat>4</cat><percent>0.0634129</percent></prevalence><prevalence><age>29</age><sex>1</sex><cat>5</cat><percent>0.0834568</percent></prevalence><prevalence><age>30</age><sex>0</sex><cat>1</cat><percent>5.466724</percent></prevalence><prevalence><age>30</age><sex>0</sex><cat>2</cat><percent>80.86571</percent></prevalence><prevalence><age>30</age><sex>0</sex><cat>3</cat><percent>9.449263</percent></prevalence><prevalence><age>30</age><sex>0</sex><cat>4</cat><percent>2.2407906</percent></prevalence><prevalence><age>30</age><sex>0</sex><cat>5</cat><percent>1.977514</percent></prevalence><prevalence><age>30</age><sex>1</sex><cat>1</cat><percent>24.913935</percent></prevalence><prevalence><age>30</age><sex>1</sex><cat>2</cat><percent>74.59349</percent></prevalence><prevalence><age>30</age><sex>1</sex><cat>3</cat><percent>0.3444776</percent></prevalence><prevalence><age>30</age><sex>1</sex><cat>4</cat><percent>0.0623496</percent></prevalence><prevalence><age>30</age><sex>1</sex><cat>5</cat><percent>0.0857493</percent></prevalence><prevalence><age>31</age><sex>0</sex><cat>1</cat><percent>5.6399364</percent></prevalence><prevalence><age>31</age><sex>0</sex><cat>2</cat><percent>80.74427</percent></prevalence><prevalence><age>31</age><sex>0</sex><cat>3</cat><percent>9.413213</percent></prevalence><prevalence><age>31</age><sex>0</sex><cat>4</cat><percent>2.2276618</percent></prevalence><prevalence><age>31</age><sex>0</sex><cat>5</cat><percent>1.9749162</percent></prevalence><prevalence><age>31</age><sex>1</sex><cat>1</cat><percent>25.555431</percent></prevalence><prevalence><age>31</age><sex>1</sex><cat>2</cat><percent>73.95739</percent></prevalence><prevalence><age>31</age><sex>1</sex><cat>3</cat><percent>0.3378516</percent></prevalence><prevalence><age>31</age><sex>1</sex><cat>4</cat><percent>0.0612862</percent></prevalence><prevalence><age>31</age><sex>1</sex><cat>5</cat><percent>0.0880417</percent></prevalence><prevalence><age>32</age><sex>0</sex><cat>1</cat><percent>5.813149</percent></prevalence><prevalence><age>32</age><sex>0</sex><cat>2</cat><percent>80.62284</percent></prevalence><prevalence><age>32</age><sex>0</sex><cat>3</cat><percent>9.377163</percent></prevalence><prevalence><age>32</age><sex>0</sex><cat>4</cat><percent>2.2145329</percent></prevalence><prevalence><age>32</age><sex>0</sex><cat>5</cat><percent>1.9723183</percent></prevalence><prevalence><age>32</age><sex>1</sex><cat>1</cat><percent>26.196928</percent></prevalence><prevalence><age>32</age><sex>1</sex><cat>2</cat><percent>73.32129</percent></prevalence><prevalence><age>32</age><sex>1</sex><cat>3</cat><percent>0.3312255</percent></prevalence><prevalence><age>32</age><sex>1</sex><cat>4</cat><percent>0.0602228</percent></prevalence><prevalence><age>32</age><sex>1</sex><cat>5</cat><percent>0.0903342</percent></prevalence><prevalence><age>33</age><sex>0</sex><cat>1</cat><percent>5.986361</percent></prevalence><prevalence><age>33</age><sex>0</sex><cat>2</cat><percent>80.5014</percent></prevalence><prevalence><age>33</age><sex>0</sex><cat>3</cat><percent>9.341112</percent></prevalence><prevalence><age>33</age><sex>0</sex><cat>4</cat><percent>2.201404</percent></prevalence><prevalence><age>33</age><sex>0</sex><cat>5</cat><percent>1.9697205</percent></prevalence><prevalence><age>33</age><sex>1</sex><cat>1</cat><percent>26.838425</percent></prevalence><prevalence><age>33</age><sex>1</sex><cat>2</cat><percent>72.68519</percent></prevalence><prevalence><age>33</age><sex>1</sex><cat>3</cat><percent>0.3245995</percent></prevalence><prevalence><age>33</age><sex>1</sex><cat>4</cat><percent>0.0591595</percent></prevalence><prevalence><age>33</age><sex>1</sex><cat>5</cat><percent>0.0926267</percent></prevalence><prevalence><age>34</age><sex>0</sex><cat>1</cat><percent>6.1595736</percent></prevalence><prevalence><age>34</age><sex>0</sex><cat>2</cat><percent>80.37997</percent></prevalence><prevalence><age>34</age><sex>0</sex><cat>3</cat><percent>9.305062</percent></prevalence><prevalence><age>34</age><sex>0</sex><cat>4</cat><percent>2.188275</percent></prevalence><prevalence><age>34</age><sex>0</sex><cat>5</cat><percent>1.9671227</percent></prevalence><prevalence><age>34</age><sex>1</sex><cat>1</cat><percent>27.479923</percent></prevalence><prevalence><age>34</age><sex>1</sex><cat>2</cat><percent>72.04909</percent></prevalence><prevalence><age>34</age><sex>1</sex><cat>3</cat><percent>0.3179735</percent></prevalence><prevalence><age>34</age><sex>1</sex><cat>4</cat><percent>0.0580961</percent></prevalence><prevalence><age>34</age><sex>1</sex><cat>5</cat><percent>0.0949192</percent></prevalence><prevalence><age>35</age><sex>0</sex><cat>1</cat><percent>6.332786</percent></prevalence><prevalence><age>35</age><sex>0</sex><cat>2</cat><percent>80.25853</percent></prevalence><prevalence><age>35</age><sex>0</sex><cat>3</cat><percent>9.269012</percent></prevalence><prevalence><age>35</age><sex>0</sex><cat>4</cat><percent>2.175146</percent></prevalence><prevalence><age>35</age><sex>0</sex><cat>5</cat><percent>1.9645249</percent></prevalence><prevalence><age>35</age><sex>1</sex><cat>1</cat><percent>28.12142</percent></prevalence><prevalence><age>35</age><sex>1</sex><cat>2</cat><percent>71.41299</percent></prevalence><prevalence><age>35</age><sex>1</sex><cat>3</cat><percent>0.3113475</percent></prevalence><prevalence><age>35</age><sex>1</sex><cat>4</cat><percent>0.0570327</percent></prevalence><prevalence><age>35</age><sex>1</sex><cat>5</cat><percent>0.0972117</percent></prevalence><prevalence><age>36</age><sex>0</sex><cat>1</cat><percent>6.505998</percent></prevalence><prevalence><age>36</age><sex>0</sex><cat>2</cat><percent>80.13709</percent></prevalence><prevalence><age>36</age><sex>0</sex><cat>3</cat><percent>9.232962</percent></prevalence><prevalence><age>36</age><sex>0</sex><cat>4</cat><percent>2.1620173</percent></prevalence><prevalence><age>36</age><sex>0</sex><cat>5</cat><percent>1.961927</percent></prevalence><prevalence><age>36</age><sex>1</sex><cat>1</cat><percent>28.762917</percent></prevalence><prevalence><age>36</age><sex>1</sex><cat>2</cat><percent>70.776886</percent></prevalence><prevalence><age>36</age><sex>1</sex><cat>3</cat><percent>0.3047214</percent></prevalence><prevalence><age>36</age><sex>1</sex><cat>4</cat><percent>0.0559694</percent></prevalence><prevalence><age>36</age><sex>1</sex><cat>5</cat><percent>0.0995042</percent></prevalence><prevalence><age>37</age><sex>0</sex><cat>1</cat><percent>6.6792107</percent></prevalence><prevalence><age>37</age><sex>0</sex><cat>2</cat><percent>80.01566</percent></prevalence><prevalence><age>37</age><sex>0</sex><cat>3</cat><percent>9.196912</percent></prevalence><prevalence><age>37</age><sex>0</sex><cat>4</cat><percent>2.1488883</percent></prevalence><prevalence><age>37</age><sex>0</sex><cat>5</cat><percent>1.9593292</percent></prevalence><prevalence><age>37</age><sex>1</sex><cat>1</cat><percent>29.404413</percent></prevalence><prevalence><age>37</age><sex>1</sex><cat>2</cat><percent>70.140785</percent></prevalence><prevalence><age>37</age><sex>1</sex><cat>3</cat><percent>0.2980954</percent></prevalence><prevalence><age>37</age><sex>1</sex><cat>4</cat><percent>0.054906</percent></prevalence><prevalence><age>37</age><sex>1</sex><cat>5</cat><percent>0.1017967</percent></prevalence><prevalence><age>38</age><sex>0</sex><cat>1</cat><percent>6.852423</percent></prevalence><prevalence><age>38</age><sex>0</sex><cat>2</cat><percent>79.894226</percent></prevalence><prevalence><age>38</age><sex>0</sex><cat>3</cat><percent>9.160862</percent></prevalence><prevalence><age>38</age><sex>0</sex><cat>4</cat><percent>2.1357596</percent></prevalence><prevalence><age>38</age><sex>0</sex><cat>5</cat><percent>1.9567314</percent></prevalence><prevalence><age>38</age><sex>1</sex><cat>1</cat><percent>30.04591</percent></prevalence><prevalence><age>38</age><sex>1</sex><cat>2</cat><percent>69.50469</percent></prevalence><prevalence><age>38</age><sex>1</sex><cat>3</cat><percent>0.2914694</percent></prevalence><prevalence><age>38</age><sex>1</sex><cat>4</cat><percent>0.0538426</percent></prevalence><prevalence><age>38</age><sex>1</sex><cat>5</cat><percent>0.1040892</percent></prevalence><prevalence><age>39</age><sex>0</sex><cat>1</cat><percent>7.0256357</percent></prevalence><prevalence><age>39</age><sex>0</sex><cat>2</cat><percent>79.77279</percent></prevalence><prevalence><age>39</age><sex>0</sex><cat>3</cat><percent>9.124811</percent></prevalence><prevalence><age>39</age><sex>0</sex><cat>4</cat><percent>2.1226306</percent></prevalence><prevalence><age>39</age><sex>0</sex><cat>5</cat><percent>1.9541335</percent></prevalence><prevalence><age>39</age><sex>1</sex><cat>1</cat><percent>30.687408</percent></prevalence><prevalence><age>39</age><sex>1</sex><cat>2</cat><percent>68.86859</percent></prevalence><prevalence><age>39</age><sex>1</sex><cat>3</cat><percent>0.2848433</percent></prevalence><prevalence><age>39</age><sex>1</sex><cat>4</cat><percent>0.0527793</percent></prevalence><prevalence><age>39</age><sex>1</sex><cat>5</cat><percent>0.1063817</percent></prevalence><prevalence><age>40</age><sex>0</sex><cat>1</cat><percent>7.198848</percent></prevalence><prevalence><age>40</age><sex>0</sex><cat>2</cat><percent>79.65135</percent></prevalence><prevalence><age>40</age><sex>0</sex><cat>3</cat><percent>9.088761</percent></prevalence><prevalence><age>40</age><sex>0</sex><cat>4</cat><percent>2.1095016</percent></prevalence><prevalence><age>40</age><sex>0</sex><cat>5</cat><percent>1.9515357</percent></prevalence><prevalence><age>40</age><sex>1</sex><cat>1</cat><percent>31.328905</percent></prevalence><prevalence><age>40</age><sex>1</sex><cat>2</cat><percent>68.23249</percent></prevalence><prevalence><age>40</age><sex>1</sex><cat>3</cat><percent>0.2782173</percent></prevalence><prevalence><age>40</age><sex>1</sex><cat>4</cat><percent>0.0517159</percent></prevalence><prevalence><age>40</age><sex>1</sex><cat>5</cat><percent>0.1086742</percent></prevalence><prevalence><age>41</age><sex>0</sex><cat>1</cat><percent>7.3720603</percent></prevalence><prevalence><age>41</age><sex>0</sex><cat>2</cat><percent>79.529915</percent></prevalence><prevalence><age>41</age><sex>0</sex><cat>3</cat><percent>9.0527115</percent></prevalence><prevalence><age>41</age><sex>0</sex><cat>4</cat><percent>2.0963728</percent></prevalence><prevalence><age>41</age><sex>0</sex><cat>5</cat><percent>1.9489379</percent></prevalence><prevalence><age>41</age><sex>1</sex><cat>1</cat><percent>31.970402</percent></prevalence><prevalence><age>41</age><sex>1</sex><cat>2</cat><percent>67.59639</percent></prevalence><prevalence><age>41</age><sex>1</sex><cat>3</cat><percent>0.2715913</percent></prevalence><prevalence><age>41</age><sex>1</sex><cat>4</cat><percent>0.0506525</percent></prevalence><prevalence><age>41</age><sex>1</sex><cat>5</cat><percent>0.1109667</percent></prevalence><prevalence><age>42</age><sex>0</sex><cat>1</cat><percent>7.545273</percent></prevalence><prevalence><age>42</age><sex>0</sex><cat>2</cat><percent>79.408485</percent></prevalence><prevalence><age>42</age><sex>0</sex><cat>3</cat><percent>9.016662</percent></prevalence><prevalence><age>42</age><sex>0</sex><cat>4</cat><percent>2.0832438</percent></prevalence><prevalence><age>42</age><sex>0</sex><cat>5</cat><percent>1.9463401</percent></prevalence><prevalence><age>42</age><sex>1</sex><cat>1</cat><percent>32.611897</percent></prevalence><prevalence><age>42</age><sex>1</sex><cat>2</cat><percent>66.96029</percent></prevalence><prevalence><age>42</age><sex>1</sex><cat>3</cat><percent>0.2649653</percent></prevalence><prevalence><age>42</age><sex>1</sex><cat>4</cat><percent>0.0495892</percent></prevalence><prevalence><age>42</age><sex>1</sex><cat>5</cat><percent>0.1132591</percent></prevalence><prevalence><age>43</age><sex>0</sex><cat>1</cat><percent>7.718485</percent></prevalence><prevalence><age>43</age><sex>0</sex><cat>2</cat><percent>79.28705</percent></prevalence><prevalence><age>43</age><sex>0</sex><cat>3</cat><percent>8.980611</percent></prevalence><prevalence><age>43</age><sex>0</sex><cat>4</cat><percent>2.070115</percent></prevalence><prevalence><age>43</age><sex>0</sex><cat>5</cat><percent>1.9437422</percent></prevalence><prevalence><age>43</age><sex>1</sex><cat>1</cat><percent>33.253395</percent></prevalence><prevalence><age>43</age><sex>1</sex><cat>2</cat><percent>66.32419</percent></prevalence><prevalence><age>43</age><sex>1</sex><cat>3</cat><percent>0.2583392</percent></prevalence><prevalence><age>43</age><sex>1</sex><cat>4</cat><percent>0.0485258</percent></prevalence><prevalence><age>43</age><sex>1</sex><cat>5</cat><percent>0.1155516</percent></prevalence><prevalence><age>44</age><sex>0</sex><cat>1</cat><percent>7.8916974</percent></prevalence><prevalence><age>44</age><sex>0</sex><cat>2</cat><percent>79.16561</percent></prevalence><prevalence><age>44</age><sex>0</sex><cat>3</cat><percent>8.944561</percent></prevalence><prevalence><age>44</age><sex>0</sex><cat>4</cat><percent>2.056986</percent></prevalence><prevalence><age>44</age><sex>0</sex><cat>5</cat><percent>1.9411443</percent></prevalence><prevalence><age>44</age><sex>1</sex><cat>1</cat><percent>33.894894</percent></prevalence><prevalence><age>44</age><sex>1</sex><cat>2</cat><percent>65.68809</percent></prevalence><prevalence><age>44</age><sex>1</sex><cat>3</cat><percent>0.2517132</percent></prevalence><prevalence><age>44</age><sex>1</sex><cat>4</cat><percent>0.0474624</percent></prevalence><prevalence><age>44</age><sex>1</sex><cat>5</cat><percent>0.1178441</percent></prevalence><prevalence><age>45</age><sex>0</sex><cat>1</cat><percent>8.06491</percent></prevalence><prevalence><age>45</age><sex>0</sex><cat>2</cat><percent>79.044174</percent></prevalence><prevalence><age>45</age><sex>0</sex><cat>3</cat><percent>8.908511</percent></prevalence><prevalence><age>45</age><sex>0</sex><cat>4</cat><percent>2.043857</percent></prevalence><prevalence><age>45</age><sex>0</sex><cat>5</cat><percent>1.9385467</percent></prevalence><prevalence><age>45</age><sex>1</sex><cat>1</cat><percent>34.53639</percent></prevalence><prevalence><age>45</age><sex>1</sex><cat>2</cat><percent>65.05199</percent></prevalence><prevalence><age>45</age><sex>1</sex><cat>3</cat><percent>0.2450872</percent></prevalence><prevalence><age>45</age><sex>1</sex><cat>4</cat><percent>0.0463991</percent></prevalence><prevalence><age>45</age><sex>1</sex><cat>5</cat><percent>0.1201366</percent></prevalence><prevalence><age>46</age><sex>0</sex><cat>1</cat><percent>8.238122</percent></prevalence><prevalence><age>46</age><sex>0</sex><cat>2</cat><percent>78.92274</percent></prevalence><prevalence><age>46</age><sex>0</sex><cat>3</cat><percent>8.87246</percent></prevalence><prevalence><age>46</age><sex>0</sex><cat>4</cat><percent>2.0307283</percent></prevalence><prevalence><age>46</age><sex>0</sex><cat>5</cat><percent>1.9359488</percent></prevalence><prevalence><age>46</age><sex>1</sex><cat>1</cat><percent>35.177887</percent></prevalence><prevalence><age>46</age><sex>1</sex><cat>2</cat><percent>64.415886</percent></prevalence><prevalence><age>46</age><sex>1</sex><cat>3</cat><percent>0.2384611</percent></prevalence><prevalence><age>46</age><sex>1</sex><cat>4</cat><percent>0.0453357</percent></prevalence><prevalence><age>46</age><sex>1</sex><cat>5</cat><percent>0.1224291</percent></prevalence><prevalence><age>47</age><sex>0</sex><cat>1</cat><percent>8.411334</percent></prevalence><prevalence><age>47</age><sex>0</sex><cat>2</cat><percent>78.80131</percent></prevalence><prevalence><age>47</age><sex>0</sex><cat>3</cat><percent>8.8364105</percent></prevalence><prevalence><age>47</age><sex>0</sex><cat>4</cat><percent>2.0175996</percent></prevalence><prevalence><age>47</age><sex>0</sex><cat>5</cat><percent>1.9333509</percent></prevalence><prevalence><age>47</age><sex>1</sex><cat>1</cat><percent>35.81938</percent></prevalence><prevalence><age>47</age><sex>1</sex><cat>2</cat><percent>63.77979</percent></prevalence><prevalence><age>47</age><sex>1</sex><cat>3</cat><percent>0.2318351</percent></prevalence><prevalence><age>47</age><sex>1</sex><cat>4</cat><percent>0.0442723</percent></prevalence><prevalence><age>47</age><sex>1</sex><cat>5</cat><percent>0.1247216</percent></prevalence><prevalence><age>48</age><sex>0</sex><cat>1</cat><percent>8.584547</percent></prevalence><prevalence><age>48</age><sex>0</sex><cat>2</cat><percent>78.67987</percent></prevalence><prevalence><age>48</age><sex>0</sex><cat>3</cat><percent>8.800361</percent></prevalence><prevalence><age>48</age><sex>0</sex><cat>4</cat><percent>2.0044706</percent></prevalence><prevalence><age>48</age><sex>0</sex><cat>5</cat><percent>1.9307531</percent></prevalence><prevalence><age>48</age><sex>1</sex><cat>1</cat><percent>36.46088</percent></prevalence><prevalence><age>48</age><sex>1</sex><cat>2</cat><percent>63.14369</percent></prevalence><prevalence><age>48</age><sex>1</sex><cat>3</cat><percent>0.2252091</percent></prevalence><prevalence><age>48</age><sex>1</sex><cat>4</cat><percent>0.0432089</percent></prevalence><prevalence><age>48</age><sex>1</sex><cat>5</cat><percent>0.1270141</percent></prevalence><prevalence><age>49</age><sex>0</sex><cat>1</cat><percent>8.757759</percent></prevalence><prevalence><age>49</age><sex>0</sex><cat>2</cat><percent>78.55843</percent></prevalence><prevalence><age>49</age><sex>0</sex><cat>3</cat><percent>8.76431</percent></prevalence><prevalence><age>49</age><sex>0</sex><cat>4</cat><percent>1.9913417</percent></prevalence><prevalence><age>49</age><sex>0</sex><cat>5</cat><percent>1.9281553</percent></prevalence><prevalence><age>49</age><sex>1</sex><cat>1</cat><percent>37.10238</percent></prevalence><prevalence><age>49</age><sex>1</sex><cat>2</cat><percent>62.507587</percent></prevalence><prevalence><age>49</age><sex>1</sex><cat>3</cat><percent>0.2185831</percent></prevalence><prevalence><age>49</age><sex>1</sex><cat>4</cat><percent>0.0421456</percent></prevalence><prevalence><age>49</age><sex>1</sex><cat>5</cat><percent>0.1293066</percent></prevalence><prevalence><age>50</age><sex>0</sex><cat>1</cat><percent>8.930972</percent></prevalence><prevalence><age>50</age><sex>0</sex><cat>2</cat><percent>78.437</percent></prevalence><prevalence><age>50</age><sex>0</sex><cat>3</cat><percent>8.72826</percent></prevalence><prevalence><age>50</age><sex>0</sex><cat>4</cat><percent>1.9782128</percent></prevalence><prevalence><age>50</age><sex>0</sex><cat>5</cat><percent>1.9255574</percent></prevalence><prevalence><age>50</age><sex>1</sex><cat>1</cat><percent>37.743874</percent></prevalence><prevalence><age>50</age><sex>1</sex><cat>2</cat><percent>61.871487</percent></prevalence><prevalence><age>50</age><sex>1</sex><cat>3</cat><percent>0.211957</percent></prevalence><prevalence><age>50</age><sex>1</sex><cat>4</cat><percent>0.0410822</percent></prevalence><prevalence><age>50</age><sex>1</sex><cat>5</cat><percent>0.1315991</percent></prevalence><prevalence><age>51</age><sex>0</sex><cat>1</cat><percent>9.104184</percent></prevalence><prevalence><age>51</age><sex>0</sex><cat>2</cat><percent>78.31556</percent></prevalence><prevalence><age>51</age><sex>0</sex><cat>3</cat><percent>8.69221</percent></prevalence><prevalence><age>51</age><sex>0</sex><cat>4</cat><percent>1.965084</percent></prevalence><prevalence><age>51</age><sex>0</sex><cat>5</cat><percent>1.9229596</percent></prevalence><prevalence><age>51</age><sex>1</sex><cat>1</cat><percent>38.385372</percent></prevalence><prevalence><age>51</age><sex>1</sex><cat>2</cat><percent>61.235386</percent></prevalence><prevalence><age>51</age><sex>1</sex><cat>3</cat><percent>0.205331</percent></prevalence><prevalence><age>51</age><sex>1</sex><cat>4</cat><percent>0.0400188</percent></prevalence><prevalence><age>51</age><sex>1</sex><cat>5</cat><percent>0.1338916</percent></prevalence><prevalence><age>52</age><sex>0</sex><cat>1</cat><percent>9.277396</percent></prevalence><prevalence><age>52</age><sex>0</sex><cat>2</cat><percent>78.19413</percent></prevalence><prevalence><age>52</age><sex>0</sex><cat>3</cat><percent>8.656159</percent></prevalence><prevalence><age>52</age><sex>0</sex><cat>4</cat><percent>1.951955</percent></prevalence><prevalence><age>52</age><sex>0</sex><cat>5</cat><percent>1.9203618</percent></prevalence><prevalence><age>52</age><sex>1</sex><cat>1</cat><percent>39.026867</percent></prevalence><prevalence><age>52</age><sex>1</sex><cat>2</cat><percent>60.59929</percent></prevalence><prevalence><age>52</age><sex>1</sex><cat>3</cat><percent>0.198705</percent></prevalence><prevalence><age>52</age><sex>1</sex><cat>4</cat><percent>0.0389555</percent></prevalence><prevalence><age>52</age><sex>1</sex><cat>5</cat><percent>0.136184</percent></prevalence><prevalence><age>53</age><sex>0</sex><cat>1</cat><percent>9.450609</percent></prevalence><prevalence><age>53</age><sex>0</sex><cat>2</cat><percent>78.07269</percent></prevalence><prevalence><age>53</age><sex>0</sex><cat>3</cat><percent>8.62011</percent></prevalence><prevalence><age>53</age><sex>0</sex><cat>4</cat><percent>1.9388261</percent></prevalence><prevalence><age>53</age><sex>0</sex><cat>5</cat><percent>1.917764</percent></prevalence><prevalence><age>53</age><sex>1</sex><cat>1</cat><percent>39.668365</percent></prevalence><prevalence><age>53</age><sex>1</sex><cat>2</cat><percent>59.96319</percent></prevalence><prevalence><age>53</age><sex>1</sex><cat>3</cat><percent>0.192079</percent></prevalence><prevalence><age>53</age><sex>1</sex><cat>4</cat><percent>0.0378921</percent></prevalence><prevalence><age>53</age><sex>1</sex><cat>5</cat><percent>0.1384765</percent></prevalence><prevalence><age>54</age><sex>0</sex><cat>1</cat><percent>9.623821</percent></prevalence><prevalence><age>54</age><sex>0</sex><cat>2</cat><percent>77.951256</percent></prevalence><prevalence><age>54</age><sex>0</sex><cat>3</cat><percent>8.58406</percent></prevalence><prevalence><age>54</age><sex>0</sex><cat>4</cat><percent>1.9256972</percent></prevalence><prevalence><age>54</age><sex>0</sex><cat>5</cat><percent>1.9151661</percent></prevalence><prevalence><age>54</age><sex>1</sex><cat>1</cat><percent>40.30986</percent></prevalence><prevalence><age>54</age><sex>1</sex><cat>2</cat><percent>59.327087</percent></prevalence><prevalence><age>54</age><sex>1</sex><cat>3</cat><percent>0.1854529</percent></prevalence><prevalence><age>54</age><sex>1</sex><cat>4</cat><percent>0.0368287</percent></prevalence><prevalence><age>54</age><sex>1</sex><cat>5</cat><percent>0.140769</percent></prevalence><prevalence><age>55</age><sex>0</sex><cat>1</cat><percent>9.797033</percent></prevalence><prevalence><age>55</age><sex>0</sex><cat>2</cat><percent>77.82982</percent></prevalence><prevalence><age>55</age><sex>0</sex><cat>3</cat><percent>8.54801</percent></prevalence><prevalence><age>55</age><sex>0</sex><cat>4</cat><percent>1.9125683</percent></prevalence><prevalence><age>55</age><sex>0</sex><cat>5</cat><percent>1.9125683</percent></prevalence><prevalence><age>55</age><sex>1</sex><cat>1</cat><percent>40.95136</percent></prevalence><prevalence><age>55</age><sex>1</sex><cat>2</cat><percent>58.690987</percent></prevalence><prevalence><age>55</age><sex>1</sex><cat>3</cat><percent>0.1788269</percent></prevalence><prevalence><age>55</age><sex>1</sex><cat>4</cat><percent>0.0357654</percent></prevalence><prevalence><age>55</age><sex>1</sex><cat>5</cat><percent>0.1430615</percent></prevalence><prevalence><age>56</age><sex>0</sex><cat>1</cat><percent>10.436214</percent></prevalence><prevalence><age>56</age><sex>0</sex><cat>2</cat><percent>77.54875</percent></prevalence><prevalence><age>56</age><sex>0</sex><cat>3</cat><percent>8.288103</percent></prevalence><prevalence><age>56</age><sex>0</sex><cat>4</cat><percent>1.8727711</percent></prevalence><prevalence><age>56</age><sex>0</sex><cat>5</cat><percent>1.8541607</percent></prevalence><prevalence><age>56</age><sex>1</sex><cat>1</cat><percent>42.428196</percent></prevalence><prevalence><age>56</age><sex>1</sex><cat>2</cat><percent>57.226357</percent></prevalence><prevalence><age>56</age><sex>1</sex><cat>3</cat><percent>0.1755609</percent></prevalence><prevalence><age>56</age><sex>1</sex><cat>4</cat><percent>0.0339771</percent></prevalence><prevalence><age>56</age><sex>1</sex><cat>5</cat><percent>0.1359084</percent></prevalence><prevalence><age>57</age><sex>0</sex><cat>1</cat><percent>11.075395</percent></prevalence><prevalence><age>57</age><sex>0</sex><cat>2</cat><percent>77.267685</percent></prevalence><prevalence><age>57</age><sex>0</sex><cat>3</cat><percent>8.028196</percent></prevalence><prevalence><age>57</age><sex>0</sex><cat>4</cat><percent>1.832974</percent></prevalence><prevalence><age>57</age><sex>0</sex><cat>5</cat><percent>1.7957532</percent></prevalence><prevalence><age>57</age><sex>1</sex><cat>1</cat><percent>43.905033</percent></prevalence><prevalence><age>57</age><sex>1</sex><cat>2</cat><percent>55.76173</percent></prevalence><prevalence><age>57</age><sex>1</sex><cat>3</cat><percent>0.1722949</percent></prevalence><prevalence><age>57</age><sex>1</sex><cat>4</cat><percent>0.0321888</percent></prevalence><prevalence><age>57</age><sex>1</sex><cat>5</cat><percent>0.1287554</percent></prevalence><prevalence><age>58</age><sex>0</sex><cat>1</cat><percent>11.714576</percent></prevalence><prevalence><age>58</age><sex>0</sex><cat>2</cat><percent>76.98661</percent></prevalence><prevalence><age>58</age><sex>0</sex><cat>3</cat><percent>7.7682896</percent></prevalence><prevalence><age>58</age><sex>0</sex><cat>4</cat><percent>1.7931769</percent></prevalence><prevalence><age>58</age><sex>0</sex><cat>5</cat><percent>1.7373456</percent></prevalence><prevalence><age>58</age><sex>1</sex><cat>1</cat><percent>45.381866</percent></prevalence><prevalence><age>58</age><sex>1</sex><cat>2</cat><percent>54.2971</percent></prevalence><prevalence><age>58</age><sex>1</sex><cat>3</cat><percent>0.169029</percent></prevalence><prevalence><age>58</age><sex>1</sex><cat>4</cat><percent>0.0304006</percent></prevalence><prevalence><age>58</age><sex>1</sex><cat>5</cat><percent>0.1216023</percent></prevalence><prevalence><age>59</age><sex>0</sex><cat>1</cat><percent>12.353756</percent></prevalence><prevalence><age>59</age><sex>0</sex><cat>2</cat><percent>76.70554</percent></prevalence><prevalence><age>59</age><sex>0</sex><cat>3</cat><percent>7.508383</percent></prevalence><prevalence><age>59</age><sex>0</sex><cat>4</cat><percent>1.7533797</percent></prevalence><prevalence><age>59</age><sex>0</sex><cat>5</cat><percent>1.678938</percent></prevalence><prevalence><age>59</age><sex>1</sex><cat>1</cat><percent>46.858704</percent></prevalence><prevalence><age>59</age><sex>1</sex><cat>2</cat><percent>52.832474</percent></prevalence><prevalence><age>59</age><sex>1</sex><cat>3</cat><percent>0.165763</percent></prevalence><prevalence><age>59</age><sex>1</sex><cat>4</cat><percent>0.0286123</percent></prevalence><prevalence><age>59</age><sex>1</sex><cat>5</cat><percent>0.1144492</percent></prevalence><prevalence><age>60</age><sex>0</sex><cat>1</cat><percent>12.992936</percent></prevalence><prevalence><age>60</age><sex>0</sex><cat>2</cat><percent>76.42448</percent></prevalence><prevalence><age>60</age><sex>0</sex><cat>3</cat><percent>7.248476</percent></prevalence><prevalence><age>60</age><sex>0</sex><cat>4</cat><percent>1.7135826</percent></prevalence><prevalence><age>60</age><sex>0</sex><cat>5</cat><percent>1.6205304</percent></prevalence><prevalence><age>60</age><sex>1</sex><cat>1</cat><percent>48.33554</percent></prevalence><prevalence><age>60</age><sex>1</sex><cat>2</cat><percent>51.367844</percent></prevalence><prevalence><age>60</age><sex>1</sex><cat>3</cat><percent>0.162497</percent></prevalence><prevalence><age>60</age><sex>1</sex><cat>4</cat><percent>0.026824</percent></prevalence><prevalence><age>60</age><sex>1</sex><cat>5</cat><percent>0.1072961</percent></prevalence><prevalence><age>61</age><sex>0</sex><cat>1</cat><percent>13.632117</percent></prevalence><prevalence><age>61</age><sex>0</sex><cat>2</cat><percent>76.1434</percent></prevalence><prevalence><age>61</age><sex>0</sex><cat>3</cat><percent>6.9885693</percent></prevalence><prevalence><age>61</age><sex>0</sex><cat>4</cat><percent>1.6737854</percent></prevalence><prevalence><age>61</age><sex>0</sex><cat>5</cat><percent>1.562123</percent></prevalence><prevalence><age>61</age><sex>1</sex><cat>1</cat><percent>49.812374</percent></prevalence><prevalence><age>61</age><sex>1</sex><cat>2</cat><percent>49.903214</percent></prevalence><prevalence><age>61</age><sex>1</sex><cat>3</cat><percent>0.159231</percent></prevalence><prevalence><age>61</age><sex>1</sex><cat>4</cat><percent>0.0250358</percent></prevalence><prevalence><age>61</age><sex>1</sex><cat>5</cat><percent>0.1001431</percent></prevalence><prevalence><age>62</age><sex>0</sex><cat>1</cat><percent>14.271297</percent></prevalence><prevalence><age>62</age><sex>0</sex><cat>2</cat><percent>75.862335</percent></prevalence><prevalence><age>62</age><sex>0</sex><cat>3</cat><percent>6.7286625</percent></prevalence><prevalence><age>62</age><sex>0</sex><cat>4</cat><percent>1.6339883</percent></prevalence><prevalence><age>62</age><sex>0</sex><cat>5</cat><percent>1.5037153</percent></prevalence><prevalence><age>62</age><sex>1</sex><cat>1</cat><percent>51.28921</percent></prevalence><prevalence><age>62</age><sex>1</sex><cat>2</cat><percent>48.438587</percent></prevalence><prevalence><age>62</age><sex>1</sex><cat>3</cat><percent>0.1559651</percent></prevalence><prevalence><age>62</age><sex>1</sex><cat>4</cat><percent>0.0232475</percent></prevalence><prevalence><age>62</age><sex>1</sex><cat>5</cat><percent>0.09299</percent></prevalence><prevalence><age>63</age><sex>0</sex><cat>1</cat><percent>14.910479</percent></prevalence><prevalence><age>63</age><sex>0</sex><cat>2</cat><percent>75.58127</percent></prevalence><prevalence><age>63</age><sex>0</sex><cat>3</cat><percent>6.468756</percent></prevalence><prevalence><age>63</age><sex>0</sex><cat>4</cat><percent>1.5941911</percent></prevalence><prevalence><age>63</age><sex>0</sex><cat>5</cat><percent>1.4453077</percent></prevalence><prevalence><age>63</age><sex>1</sex><cat>1</cat><percent>52.76605</percent></prevalence><prevalence><age>63</age><sex>1</sex><cat>2</cat><percent>46.973957</percent></prevalence><prevalence><age>63</age><sex>1</sex><cat>3</cat><percent>0.1526991</percent></prevalence><prevalence><age>63</age><sex>1</sex><cat>4</cat><percent>0.0214592</percent></prevalence><prevalence><age>63</age><sex>1</sex><cat>5</cat><percent>0.0858369</percent></prevalence><prevalence><age>64</age><sex>0</sex><cat>1</cat><percent>15.549659</percent></prevalence><prevalence><age>64</age><sex>0</sex><cat>2</cat><percent>75.3002</percent></prevalence><prevalence><age>64</age><sex>0</sex><cat>3</cat><percent>6.2088494</percent></prevalence><prevalence><age>64</age><sex>0</sex><cat>4</cat><percent>1.554394</percent></prevalence><prevalence><age>64</age><sex>0</sex><cat>5</cat><percent>1.3869002</percent></prevalence><prevalence><age>64</age><sex>1</sex><cat>1</cat><percent>54.242886</percent></prevalence><prevalence><age>64</age><sex>1</sex><cat>2</cat><percent>45.509327</percent></prevalence><prevalence><age>64</age><sex>1</sex><cat>3</cat><percent>0.1494331</percent></prevalence><prevalence><age>64</age><sex>1</sex><cat>4</cat><percent>0.019671</percent></prevalence><prevalence><age>64</age><sex>1</sex><cat>5</cat><percent>0.0786838</percent></prevalence><prevalence><age>65</age><sex>0</sex><cat>1</cat><percent>16.188839</percent></prevalence><prevalence><age>65</age><sex>0</sex><cat>2</cat><percent>75.01913</percent></prevalence><prevalence><age>65</age><sex>0</sex><cat>3</cat><percent>5.9489427</percent></prevalence><prevalence><age>65</age><sex>0</sex><cat>4</cat><percent>1.5145968</percent></prevalence><prevalence><age>65</age><sex>0</sex><cat>5</cat><percent>1.3284926</percent></prevalence><prevalence><age>65</age><sex>1</sex><cat>1</cat><percent>55.71972</percent></prevalence><prevalence><age>65</age><sex>1</sex><cat>2</cat><percent>44.0447</percent></prevalence><prevalence><age>65</age><sex>1</sex><cat>3</cat><percent>0.1461671</percent></prevalence><prevalence><age>65</age><sex>1</sex><cat>4</cat><percent>0.0178827</percent></prevalence><prevalence><age>65</age><sex>1</sex><cat>5</cat><percent>0.0715308</percent></prevalence><prevalence><age>66</age><sex>0</sex><cat>1</cat><percent>16.82802</percent></prevalence><prevalence><age>66</age><sex>0</sex><cat>2</cat><percent>74.73806</percent></prevalence><prevalence><age>66</age><sex>0</sex><cat>3</cat><percent>5.689036</percent></prevalence><prevalence><age>66</age><sex>0</sex><cat>4</cat><percent>1.4747998</percent></prevalence><prevalence><age>66</age><sex>0</sex><cat>5</cat><percent>1.270085</percent></prevalence><prevalence><age>66</age><sex>1</sex><cat>1</cat><percent>57.196556</percent></prevalence><prevalence><age>66</age><sex>1</sex><cat>2</cat><percent>42.58007</percent></prevalence><prevalence><age>66</age><sex>1</sex><cat>3</cat><percent>0.1429012</percent></prevalence><prevalence><age>66</age><sex>1</sex><cat>4</cat><percent>0.0160944</percent></prevalence><prevalence><age>66</age><sex>1</sex><cat>5</cat><percent>0.0643777</percent></prevalence><prevalence><age>67</age><sex>0</sex><cat>1</cat><percent>17.467201</percent></prevalence><prevalence><age>67</age><sex>0</sex><cat>2</cat><percent>74.45699</percent></prevalence><prevalence><age>67</age><sex>0</sex><cat>3</cat><percent>5.429129</percent></prevalence><prevalence><age>67</age><sex>0</sex><cat>4</cat><percent>1.4350024</percent></prevalence><prevalence><age>67</age><sex>0</sex><cat>5</cat><percent>1.2116774</percent></prevalence><prevalence><age>67</age><sex>1</sex><cat>1</cat><percent>58.673393</percent></prevalence><prevalence><age>67</age><sex>1</sex><cat>2</cat><percent>41.11544</percent></prevalence><prevalence><age>67</age><sex>1</sex><cat>3</cat><percent>0.1396352</percent></prevalence><prevalence><age>67</age><sex>1</sex><cat>4</cat><percent>0.0143062</percent></prevalence><prevalence><age>67</age><sex>1</sex><cat>5</cat><percent>0.0572246</percent></prevalence><prevalence><age>68</age><sex>0</sex><cat>1</cat><percent>18.10638</percent></prevalence><prevalence><age>68</age><sex>0</sex><cat>2</cat><percent>74.17592</percent></prevalence><prevalence><age>68</age><sex>0</sex><cat>3</cat><percent>5.169223</percent></prevalence><prevalence><age>68</age><sex>0</sex><cat>4</cat><percent>1.3952054</percent></prevalence><prevalence><age>68</age><sex>0</sex><cat>5</cat><percent>1.1532699</percent></prevalence><prevalence><age>68</age><sex>1</sex><cat>1</cat><percent>60.15023</percent></prevalence><prevalence><age>68</age><sex>1</sex><cat>2</cat><percent>39.650814</percent></prevalence><prevalence><age>68</age><sex>1</sex><cat>3</cat><percent>0.1363692</percent></prevalence><prevalence><age>68</age><sex>1</sex><cat>4</cat><percent>0.0125179</percent></prevalence><prevalence><age>68</age><sex>1</sex><cat>5</cat><percent>0.0500715</percent></prevalence><prevalence><age>69</age><sex>0</sex><cat>1</cat><percent>18.745562</percent></prevalence><prevalence><age>69</age><sex>0</sex><cat>2</cat><percent>73.89485</percent></prevalence><prevalence><age>69</age><sex>0</sex><cat>3</cat><percent>4.909316</percent></prevalence><prevalence><age>69</age><sex>0</sex><cat>4</cat><percent>1.3554082</percent></prevalence><prevalence><age>69</age><sex>0</sex><cat>5</cat><percent>1.0948623</percent></prevalence><prevalence><age>69</age><sex>1</sex><cat>1</cat><percent>61.627064</percent></prevalence><prevalence><age>69</age><sex>1</sex><cat>2</cat><percent>38.186184</percent></prevalence><prevalence><age>69</age><sex>1</sex><cat>3</cat><percent>0.1331032</percent></prevalence><prevalence><age>69</age><sex>1</sex><cat>4</cat><percent>0.0107296</percent></prevalence><prevalence><age>69</age><sex>1</sex><cat>5</cat><percent>0.0429185</percent></prevalence><prevalence><age>70</age><sex>0</sex><cat>1</cat><percent>19.384743</percent></prevalence><prevalence><age>70</age><sex>0</sex><cat>2</cat><percent>73.613785</percent></prevalence><prevalence><age>70</age><sex>0</sex><cat>3</cat><percent>4.6494093</percent></prevalence><prevalence><age>70</age><sex>0</sex><cat>4</cat><percent>1.3156111</percent></prevalence><prevalence><age>70</age><sex>0</sex><cat>5</cat><percent>1.0364547</percent></prevalence><prevalence><age>70</age><sex>1</sex><cat>1</cat><percent>63.1039</percent></prevalence><prevalence><age>70</age><sex>1</sex><cat>2</cat><percent>36.721554</percent></prevalence><prevalence><age>70</age><sex>1</sex><cat>3</cat><percent>0.1298373</percent></prevalence><prevalence><age>70</age><sex>1</sex><cat>4</cat><percent>0.0089413</percent></prevalence><prevalence><age>70</age><sex>1</sex><cat>5</cat><percent>0.0357654</percent></prevalence><prevalence><age>71</age><sex>0</sex><cat>1</cat><percent>20.023922</percent></prevalence><prevalence><age>71</age><sex>0</sex><cat>2</cat><percent>73.33271</percent></prevalence><prevalence><age>71</age><sex>0</sex><cat>3</cat><percent>4.3895025</percent></prevalence><prevalence><age>71</age><sex>0</sex><cat>4</cat><percent>1.2758139</percent></prevalence><prevalence><age>71</age><sex>0</sex><cat>5</cat><percent>0.9780472</percent></prevalence><prevalence><age>71</age><sex>1</sex><cat>1</cat><percent>64.580734</percent></prevalence><prevalence><age>71</age><sex>1</sex><cat>2</cat><percent>35.256927</percent></prevalence><prevalence><age>71</age><sex>1</sex><cat>3</cat><percent>0.1265713</percent></prevalence><prevalence><age>71</age><sex>1</sex><cat>4</cat><percent>0.0071531</percent></prevalence><prevalence><age>71</age><sex>1</sex><cat>5</cat><percent>0.0286123</percent></prevalence><prevalence><age>72</age><sex>0</sex><cat>1</cat><percent>20.663103</percent></prevalence><prevalence><age>72</age><sex>0</sex><cat>2</cat><percent>73.05164</percent></prevalence><prevalence><age>72</age><sex>0</sex><cat>3</cat><percent>4.1295958</percent></prevalence><prevalence><age>72</age><sex>0</sex><cat>4</cat><percent>1.2360168</percent></prevalence><prevalence><age>72</age><sex>0</sex><cat>5</cat><percent>0.9196396</percent></prevalence><prevalence><age>72</age><sex>1</sex><cat>1</cat><percent>66.05757</percent></prevalence><prevalence><age>72</age><sex>1</sex><cat>2</cat><percent>33.792297</percent></prevalence><prevalence><age>72</age><sex>1</sex><cat>3</cat><percent>0.1233053</percent></prevalence><prevalence><age>72</age><sex>1</sex><cat>4</cat><percent>0.0053648</percent></prevalence><prevalence><age>72</age><sex>1</sex><cat>5</cat><percent>0.0214592</percent></prevalence><prevalence><age>73</age><sex>0</sex><cat>1</cat><percent>21.302284</percent></prevalence><prevalence><age>73</age><sex>0</sex><cat>2</cat><percent>72.77058</percent></prevalence><prevalence><age>73</age><sex>0</sex><cat>3</cat><percent>3.8696892</percent></prevalence><prevalence><age>73</age><sex>0</sex><cat>4</cat><percent>1.1962196</percent></prevalence><prevalence><age>73</age><sex>0</sex><cat>5</cat><percent>0.861232</percent></prevalence><prevalence><age>73</age><sex>1</sex><cat>1</cat><percent>67.53441</percent></prevalence><prevalence><age>73</age><sex>1</sex><cat>2</cat><percent>32.327667</percent></prevalence><prevalence><age>73</age><sex>1</sex><cat>3</cat><percent>0.1200393</percent></prevalence><prevalence><age>73</age><sex>1</sex><cat>4</cat><percent>0.0035765</percent></prevalence><prevalence><age>73</age><sex>1</sex><cat>5</cat><percent>0.0143062</percent></prevalence><prevalence><age>74</age><sex>0</sex><cat>1</cat><percent>21.941465</percent></prevalence><prevalence><age>74</age><sex>0</sex><cat>2</cat><percent>72.48951</percent></prevalence><prevalence><age>74</age><sex>0</sex><cat>3</cat><percent>3.6097827</percent></prevalence><prevalence><age>74</age><sex>0</sex><cat>4</cat><percent>1.1564225</percent></prevalence><prevalence><age>74</age><sex>0</sex><cat>5</cat><percent>0.8028244</percent></prevalence><prevalence><age>74</age><sex>1</sex><cat>1</cat><percent>69.011246</percent></prevalence><prevalence><age>74</age><sex>1</sex><cat>2</cat><percent>30.863039</percent></prevalence><prevalence><age>74</age><sex>1</sex><cat>3</cat><percent>0.1167734</percent></prevalence><prevalence><age>74</age><sex>1</sex><cat>4</cat><percent>0.0017883</percent></prevalence><prevalence><age>74</age><sex>1</sex><cat>5</cat><percent>0.0071531</percent></prevalence><prevalence><age>75</age><sex>0</sex><cat>1</cat><percent>22.580645</percent></prevalence><prevalence><age>75</age><sex>0</sex><cat>2</cat><percent>72.208435</percent></prevalence><prevalence><age>75</age><sex>0</sex><cat>3</cat><percent>3.349876</percent></prevalence><prevalence><age>75</age><sex>0</sex><cat>4</cat><percent>1.1166253</percent></prevalence><prevalence><age>75</age><sex>0</sex><cat>5</cat><percent>0.7444169</percent></prevalence><prevalence><age>75</age><sex>1</sex><cat>1</cat><percent>70.48808</percent></prevalence><prevalence><age>75</age><sex>1</sex><cat>2</cat><percent>29.39841</percent></prevalence><prevalence><age>75</age><sex>1</sex><cat>3</cat><percent>0.1135074</percent></prevalence><prevalence><age>75</age><sex>1</sex><cat>4</cat><percent>0.0</percent></prevalence><prevalence><age>75</age><sex>1</sex><cat>5</cat><percent>0.0</percent></prevalence><prevalence><age>76</age><sex>0</sex><cat>1</cat><percent>23.837627</percent></prevalence><prevalence><age>76</age><sex>0</sex><cat>2</cat><percent>71.16896</percent></prevalence><prevalence><age>76</age><sex>0</sex><cat>3</cat><percent>3.2666874</percent></prevalence><prevalence><age>76</age><sex>0</sex><cat>4</cat><percent>1.066751</percent></prevalence><prevalence><age>76</age><sex>0</sex><cat>5</cat><percent>0.6599712</percent></prevalence><prevalence><age>76</age><sex>1</sex><cat>1</cat><percent>71.20183</percent></prevalence><prevalence><age>76</age><sex>1</sex><cat>2</cat><percent>28.684677</percent></prevalence><prevalence><age>76</age><sex>1</sex><cat>3</cat><percent>0.1134962</percent></prevalence><prevalence><age>76</age><sex>1</sex><cat>4</cat><percent>0.0</percent></prevalence><prevalence><age>76</age><sex>1</sex><cat>5</cat><percent>0.0</percent></prevalence><prevalence><age>77</age><sex>0</sex><cat>1</cat><percent>25.09461</percent></prevalence><prevalence><age>77</age><sex>0</sex><cat>2</cat><percent>70.129486</percent></prevalence><prevalence><age>77</age><sex>0</sex><cat>3</cat><percent>3.1834989</percent></prevalence><prevalence><age>77</age><sex>0</sex><cat>4</cat><percent>1.0168767</percent></prevalence><prevalence><age>77</age><sex>0</sex><cat>5</cat><percent>0.5755254</percent></prevalence><prevalence><age>77</age><sex>1</sex><cat>1</cat><percent>71.91543</percent></prevalence><prevalence><age>77</age><sex>1</sex><cat>2</cat><percent>27.971085</percent></prevalence><prevalence><age>77</age><sex>1</sex><cat>3</cat><percent>0.1134851</percent></prevalence><prevalence><age>77</age><sex>1</sex><cat>4</cat><percent>0.0</percent></prevalence><prevalence><age>77</age><sex>1</sex><cat>5</cat><percent>0.0</percent></prevalence><prevalence><age>78</age><sex>0</sex><cat>1</cat><percent>26.351593</percent></prevalence><prevalence><age>78</age><sex>0</sex><cat>2</cat><percent>69.09001</percent></prevalence><prevalence><age>78</age><sex>0</sex><cat>3</cat><percent>3.10031</percent></prevalence><prevalence><age>78</age><sex>0</sex><cat>4</cat><percent>0.9670024</percent></prevalence><prevalence><age>78</age><sex>0</sex><cat>5</cat><percent>0.4910797</percent></prevalence><prevalence><age>78</age><sex>1</sex><cat>1</cat><percent>72.6289</percent></prevalence><prevalence><age>78</age><sex>1</sex><cat>2</cat><percent>27.257631</percent></prevalence><prevalence><age>78</age><sex>1</sex><cat>3</cat><percent>0.1134739</percent></prevalence><prevalence><age>78</age><sex>1</sex><cat>4</cat><percent>0.0</percent></prevalence><prevalence><age>78</age><sex>1</sex><cat>5</cat><percent>0.0</percent></prevalence><prevalence><age>79</age><sex>0</sex><cat>1</cat><percent>27.608576</percent></prevalence><prevalence><age>79</age><sex>0</sex><cat>2</cat><percent>68.05054</percent></prevalence><prevalence><age>79</age><sex>0</sex><cat>3</cat><percent>3.0171218</percent></prevalence><prevalence><age>79</age><sex>0</sex><cat>4</cat><percent>0.9171282</percent></prevalence><prevalence><age>79</age><sex>0</sex><cat>5</cat><percent>0.406634</percent></prevalence><prevalence><age>79</age><sex>1</sex><cat>1</cat><percent>73.34222</percent></prevalence><prevalence><age>79</age><sex>1</sex><cat>2</cat><percent>26.544317</percent></prevalence><prevalence><age>79</age><sex>1</sex><cat>3</cat><percent>0.1134628</percent></prevalence><prevalence><age>79</age><sex>1</sex><cat>4</cat><percent>0.0</percent></prevalence><prevalence><age>79</age><sex>1</sex><cat>5</cat><percent>0.0</percent></prevalence><prevalence><age>80</age><sex>0</sex><cat>1</cat><percent>28.865559</percent></prevalence><prevalence><age>80</age><sex>0</sex><cat>2</cat><percent>67.01106</percent></prevalence><prevalence><age>80</age><sex>0</sex><cat>3</cat><percent>2.933933</percent></prevalence><prevalence><age>80</age><sex>0</sex><cat>4</cat><percent>0.8672539</percent></prevalence><prevalence><age>80</age><sex>0</sex><cat>5</cat><percent>0.3221883</percent></prevalence><prevalence><age>80</age><sex>1</sex><cat>1</cat><percent>74.055405</percent></prevalence><prevalence><age>80</age><sex>1</sex><cat>2</cat><percent>25.831146</percent></prevalence><prevalence><age>80</age><sex>1</sex><cat>3</cat><percent>0.1134516</percent></prevalence><prevalence><age>80</age><sex>1</sex><cat>4</cat><percent>0.0</percent></prevalence><prevalence><age>80</age><sex>1</sex><cat>5</cat><percent>0.0</percent></prevalence><prevalence><age>81</age><sex>0</sex><cat>1</cat><percent>30.122541</percent></prevalence><prevalence><age>81</age><sex>0</sex><cat>2</cat><percent>65.97159</percent></prevalence><prevalence><age>81</age><sex>0</sex><cat>3</cat><percent>2.8507445</percent></prevalence><prevalence><age>81</age><sex>0</sex><cat>4</cat><percent>0.8173796</percent></prevalence><prevalence><age>81</age><sex>0</sex><cat>5</cat><percent>0.2377426</percent></prevalence><prevalence><age>81</age><sex>1</sex><cat>1</cat><percent>74.76845</percent></prevalence><prevalence><age>81</age><sex>1</sex><cat>2</cat><percent>25.118113</percent></prevalence><prevalence><age>81</age><sex>1</sex><cat>3</cat><percent>0.1134405</percent></prevalence><prevalence><age>81</age><sex>1</sex><cat>4</cat><percent>0.0</percent></prevalence><prevalence><age>81</age><sex>1</sex><cat>5</cat><percent>0.0</percent></prevalence><prevalence><age>82</age><sex>0</sex><cat>1</cat><percent>31.379526</percent></prevalence><prevalence><age>82</age><sex>0</sex><cat>2</cat><percent>64.93211</percent></prevalence><prevalence><age>82</age><sex>0</sex><cat>3</cat><percent>2.767556</percent></prevalence><prevalence><age>82</age><sex>0</sex><cat>4</cat><percent>0.7675053</percent></prevalence><prevalence><age>82</age><sex>0</sex><cat>5</cat><percent>0.1532968</percent></prevalence><prevalence><age>82</age><sex>1</sex><cat>1</cat><percent>75.48135</percent></prevalence><prevalence><age>82</age><sex>1</sex><cat>2</cat><percent>24.40522</percent></prevalence><prevalence><age>82</age><sex>1</sex><cat>3</cat><percent>0.1134293</percent></prevalence><prevalence><age>82</age><sex>1</sex><cat>4</cat><percent>0.0</percent></prevalence><prevalence><age>82</age><sex>1</sex><cat>5</cat><percent>0.0</percent></prevalence><prevalence><age>83</age><sex>0</sex><cat>1</cat><percent>32.63651</percent></prevalence><prevalence><age>83</age><sex>0</sex><cat>2</cat><percent>63.892643</percent></prevalence><prevalence><age>83</age><sex>0</sex><cat>3</cat><percent>2.6843674</percent></prevalence><prevalence><age>83</age><sex>0</sex><cat>4</cat><percent>0.717631</percent></prevalence><prevalence><age>83</age><sex>0</sex><cat>5</cat><percent>0.0688511</percent></prevalence><prevalence><age>83</age><sex>1</sex><cat>1</cat><percent>76.194115</percent></prevalence><prevalence><age>83</age><sex>1</sex><cat>2</cat><percent>23.692467</percent></prevalence><prevalence><age>83</age><sex>1</sex><cat>3</cat><percent>0.1134182</percent></prevalence><prevalence><age>83</age><sex>1</sex><cat>4</cat><percent>0.0</percent></prevalence><prevalence><age>83</age><sex>1</sex><cat>5</cat><percent>0.0</percent></prevalence><prevalence><age>84</age><sex>0</sex><cat>1</cat><percent>33.888206</percent></prevalence><prevalence><age>84</age><sex>0</sex><cat>2</cat><percent>62.84337</percent></prevalence><prevalence><age>84</age><sex>0</sex><cat>3</cat><percent>2.600773</percent></prevalence><prevalence><age>84</age><sex>0</sex><cat>4</cat><percent>0.6676526</percent></prevalence><prevalence><age>84</age><sex>0</sex><cat>5</cat><percent>0.0</percent></prevalence><prevalence><age>84</age><sex>1</sex><cat>1</cat><percent>76.90674</percent></prevalence><prevalence><age>84</age><sex>1</sex><cat>2</cat><percent>22.979855</percent></prevalence><prevalence><age>84</age><sex>1</sex><cat>3</cat><percent>0.1134071</percent></prevalence><prevalence><age>84</age><sex>1</sex><cat>4</cat><percent>0.0</percent></prevalence><prevalence><age>84</age><sex>1</sex><cat>5</cat><percent>0.0</percent></prevalence><prevalence><age>85</age><sex>0</sex><cat>1</cat><percent>35.115345</percent></prevalence><prevalence><age>85</age><sex>0</sex><cat>2</cat><percent>61.75192</percent></prevalence><prevalence><age>85</age><sex>0</sex><cat>3</cat><percent>2.5154738</percent></prevalence><prevalence><age>85</age><sex>0</sex><cat>4</cat><percent>0.6172649</percent></prevalence><prevalence><age>85</age><sex>0</sex><cat>5</cat><percent>0.0</percent></prevalence><prevalence><age>85</age><sex>1</sex><cat>1</cat><percent>77.619225</percent></prevalence><prevalence><age>85</age><sex>1</sex><cat>2</cat><percent>22.267382</percent></prevalence><prevalence><age>85</age><sex>1</sex><cat>3</cat><percent>0.1133959</percent></prevalence><prevalence><age>85</age><sex>1</sex><cat>4</cat><percent>0.0</percent></prevalence><prevalence><age>85</age><sex>1</sex><cat>5</cat><percent>0.0</percent></prevalence><prevalence><age>86</age><sex>0</sex><cat>1</cat><percent>35.115345</percent></prevalence><prevalence><age>86</age><sex>0</sex><cat>2</cat><percent>61.75192</percent></prevalence><prevalence><age>86</age><sex>0</sex><cat>3</cat><percent>2.5154738</percent></prevalence><prevalence><age>86</age><sex>0</sex><cat>4</cat><percent>0.6172649</percent></prevalence><prevalence><age>86</age><sex>0</sex><cat>5</cat><percent>0.0</percent></prevalence><prevalence><age>86</age><sex>1</sex><cat>1</cat><percent>77.619225</percent></prevalence><prevalence><age>86</age><sex>1</sex><cat>2</cat><percent>22.267382</percent></prevalence><prevalence><age>86</age><sex>1</sex><cat>3</cat><percent>0.1133959</percent></prevalence><prevalence><age>86</age><sex>1</sex><cat>4</cat><percent>0.0</percent></prevalence><prevalence><age>86</age><sex>1</sex><cat>5</cat><percent>0.0</percent></prevalence><prevalence><age>87</age><sex>0</sex><cat>1</cat><percent>35.115345</percent></prevalence><prevalence><age>87</age><sex>0</sex><cat>2</cat><percent>61.75192</percent></prevalence><prevalence><age>87</age><sex>0</sex><cat>3</cat><percent>2.5154738</percent></prevalence><prevalence><age>87</age><sex>0</sex><cat>4</cat><percent>0.6172649</percent></prevalence><prevalence><age>87</age><sex>0</sex><cat>5</cat><percent>0.0</percent></prevalence><prevalence><age>87</age><sex>1</sex><cat>1</cat><percent>77.619225</percent></prevalence><prevalence><age>87</age><sex>1</sex><cat>2</cat><percent>22.267382</percent></prevalence><prevalence><age>87</age><sex>1</sex><cat>3</cat><percent>0.1133959</percent></prevalence><prevalence><age>87</age><sex>1</sex><cat>4</cat><percent>0.0</percent></prevalence><prevalence><age>87</age><sex>1</sex><cat>5</cat><percent>0.0</percent></prevalence><prevalence><age>88</age><sex>0</sex><cat>1</cat><percent>35.115345</percent></prevalence><prevalence><age>88</age><sex>0</sex><cat>2</cat><percent>61.75192</percent></prevalence><prevalence><age>88</age><sex>0</sex><cat>3</cat><percent>2.5154738</percent></prevalence><prevalence><age>88</age><sex>0</sex><cat>4</cat><percent>0.6172649</percent></prevalence><prevalence><age>88</age><sex>0</sex><cat>5</cat><percent>0.0</percent></prevalence><prevalence><age>88</age><sex>1</sex><cat>1</cat><percent>77.619225</percent></prevalence><prevalence><age>88</age><sex>1</sex><cat>2</cat><percent>22.267382</percent></prevalence><prevalence><age>88</age><sex>1</sex><cat>3</cat><percent>0.1133959</percent></prevalence><prevalence><age>88</age><sex>1</sex><cat>4</cat><percent>0.0</percent></prevalence><prevalence><age>88</age><sex>1</sex><cat>5</cat><percent>0.0</percent></prevalence><prevalence><age>89</age><sex>0</sex><cat>1</cat><percent>35.115345</percent></prevalence><prevalence><age>89</age><sex>0</sex><cat>2</cat><percent>61.75192</percent></prevalence><prevalence><age>89</age><sex>0</sex><cat>3</cat><percent>2.5154738</percent></prevalence><prevalence><age>89</age><sex>0</sex><cat>4</cat><percent>0.6172649</percent></prevalence><prevalence><age>89</age><sex>0</sex><cat>5</cat><percent>0.0</percent></prevalence><prevalence><age>89</age><sex>1</sex><cat>1</cat><percent>77.619225</percent></prevalence><prevalence><age>89</age><sex>1</sex><cat>2</cat><percent>22.267382</percent></prevalence><prevalence><age>89</age><sex>1</sex><cat>3</cat><percent>0.1133959</percent></prevalence><prevalence><age>89</age><sex>1</sex><cat>4</cat><percent>0.0</percent></prevalence><prevalence><age>89</age><sex>1</sex><cat>5</cat><percent>0.0</percent></prevalence><prevalence><age>90</age><sex>0</sex><cat>1</cat><percent>35.115345</percent></prevalence><prevalence><age>90</age><sex>0</sex><cat>2</cat><percent>61.75192</percent></prevalence><prevalence><age>90</age><sex>0</sex><cat>3</cat><percent>2.5154738</percent></prevalence><prevalence><age>90</age><sex>0</sex><cat>4</cat><percent>0.6172649</percent></prevalence><prevalence><age>90</age><sex>0</sex><cat>5</cat><percent>0.0</percent></prevalence><prevalence><age>90</age><sex>1</sex><cat>1</cat><percent>77.619225</percent></prevalence><prevalence><age>90</age><sex>1</sex><cat>2</cat><percent>22.267382</percent></prevalence><prevalence><age>90</age><sex>1</sex><cat>3</cat><percent>0.1133959</percent></prevalence><prevalence><age>90</age><sex>1</sex><cat>4</cat><percent>0.0</percent></prevalence><prevalence><age>90</age><sex>1</sex><cat>5</cat><percent>0.0</percent></prevalence><prevalence><age>91</age><sex>0</sex><cat>1</cat><percent>35.115345</percent></prevalence><prevalence><age>91</age><sex>0</sex><cat>2</cat><percent>61.75192</percent></prevalence><prevalence><age>91</age><sex>0</sex><cat>3</cat><percent>2.5154738</percent></prevalence><prevalence><age>91</age><sex>0</sex><cat>4</cat><percent>0.6172649</percent></prevalence><prevalence><age>91</age><sex>0</sex><cat>5</cat><percent>0.0</percent></prevalence><prevalence><age>91</age><sex>1</sex><cat>1</cat><percent>77.619225</percent></prevalence><prevalence><age>91</age><sex>1</sex><cat>2</cat><percent>22.267382</percent></prevalence><prevalence><age>91</age><sex>1</sex><cat>3</cat><percent>0.1133959</percent></prevalence><prevalence><age>91</age><sex>1</sex><cat>4</cat><percent>0.0</percent></prevalence><prevalence><age>91</age><sex>1</sex><cat>5</cat><percent>0.0</percent></prevalence><prevalence><age>92</age><sex>0</sex><cat>1</cat><percent>35.115345</percent></prevalence><prevalence><age>92</age><sex>0</sex><cat>2</cat><percent>61.75192</percent></prevalence><prevalence><age>92</age><sex>0</sex><cat>3</cat><percent>2.5154738</percent></prevalence><prevalence><age>92</age><sex>0</sex><cat>4</cat><percent>0.6172649</percent></prevalence><prevalence><age>92</age><sex>0</sex><cat>5</cat><percent>0.0</percent></prevalence><prevalence><age>92</age><sex>1</sex><cat>1</cat><percent>77.619225</percent></prevalence><prevalence><age>92</age><sex>1</sex><cat>2</cat><percent>22.267382</percent></prevalence><prevalence><age>92</age><sex>1</sex><cat>3</cat><percent>0.1133959</percent></prevalence><prevalence><age>92</age><sex>1</sex><cat>4</cat><percent>0.0</percent></prevalence><prevalence><age>92</age><sex>1</sex><cat>5</cat><percent>0.0</percent></prevalence><prevalence><age>93</age><sex>0</sex><cat>1</cat><percent>35.115345</percent></prevalence><prevalence><age>93</age><sex>0</sex><cat>2</cat><percent>61.75192</percent></prevalence><prevalence><age>93</age><sex>0</sex><cat>3</cat><percent>2.5154738</percent></prevalence><prevalence><age>93</age><sex>0</sex><cat>4</cat><percent>0.6172649</percent></prevalence><prevalence><age>93</age><sex>0</sex><cat>5</cat><percent>0.0</percent></prevalence><prevalence><age>93</age><sex>1</sex><cat>1</cat><percent>77.619225</percent></prevalence><prevalence><age>93</age><sex>1</sex><cat>2</cat><percent>22.267382</percent></prevalence><prevalence><age>93</age><sex>1</sex><cat>3</cat><percent>0.1133959</percent></prevalence><prevalence><age>93</age><sex>1</sex><cat>4</cat><percent>0.0</percent></prevalence><prevalence><age>93</age><sex>1</sex><cat>5</cat><percent>0.0</percent></prevalence><prevalence><age>94</age><sex>0</sex><cat>1</cat><percent>35.115345</percent></prevalence><prevalence><age>94</age><sex>0</sex><cat>2</cat><percent>61.75192</percent></prevalence><prevalence><age>94</age><sex>0</sex><cat>3</cat><percent>2.5154738</percent></prevalence><prevalence><age>94</age><sex>0</sex><cat>4</cat><percent>0.6172649</percent></prevalence><prevalence><age>94</age><sex>0</sex><cat>5</cat><percent>0.0</percent></prevalence><prevalence><age>94</age><sex>1</sex><cat>1</cat><percent>77.619225</percent></prevalence><prevalence><age>94</age><sex>1</sex><cat>2</cat><percent>22.267382</percent></prevalence><prevalence><age>94</age><sex>1</sex><cat>3</cat><percent>0.1133959</percent></prevalence><prevalence><age>94</age><sex>1</sex><cat>4</cat><percent>0.0</percent></prevalence><prevalence><age>94</age><sex>1</sex><cat>5</cat><percent>0.0</percent></prevalence><prevalence><age>95</age><sex>0</sex><cat>1</cat><percent>35.115345</percent></prevalence><prevalence><age>95</age><sex>0</sex><cat>2</cat><percent>61.75192</percent></prevalence><prevalence><age>95</age><sex>0</sex><cat>3</cat><percent>2.5154738</percent></prevalence><prevalence><age>95</age><sex>0</sex><cat>4</cat><percent>0.6172649</percent></prevalence><prevalence><age>95</age><sex>0</sex><cat>5</cat><percent>0.0</percent></prevalence><prevalence><age>95</age><sex>1</sex><cat>1</cat><percent>77.619225</percent></prevalence><prevalence><age>95</age><sex>1</sex><cat>2</cat><percent>22.267382</percent></prevalence><prevalence><age>95</age><sex>1</sex><cat>3</cat><percent>0.1133959</percent></prevalence><prevalence><age>95</age><sex>1</sex><cat>4</cat><percent>0.0</percent></prevalence><prevalence><age>95</age><sex>1</sex><cat>5</cat><percent>0.0</percent></prevalence></riskfactorprevalences_categorical>