<?xml version="1.0"?><riskfactorprevalences_categorical><prevalence><age>0</age><sex>0</sex><cat>1</cat><percent>100.0</percent></prevalence><prevalence><age>0</age><sex>0</sex><cat>2</cat><percent>0.0</percent></prevalence><prevalence><age>0</age><sex>0</sex><cat>3</cat><percent>0.0</percent></prevalence><prevalence><age>0</age><sex>0</sex><cat>4</cat><percent>0.0</percent></prevalence><prevalence><age>0</age><sex>0</sex><cat>5</cat><percent>0.0</percent></prevalence><prevalence><age>0</age><sex>1</sex><cat>1</cat><percent>100.0</percent></prevalence><prevalence><age>0</age><sex>1</sex><cat>2</cat><percent>0.0</percent></prevalence><prevalence><age>0</age><sex>1</sex><cat>3</cat><percent>0.0</percent></prevalence><prevalence><age>0</age><sex>1</sex><cat>4</cat><percent>0.0</percent></prevalence><prevalence><age>0</age><sex>1</sex><cat>5</cat><percent>0.0</percent></prevalence><prevalence><age>1</age><sex>0</sex><cat>1</cat><percent>100.0</percent></prevalence><prevalence><age>1</age><sex>0</sex><cat>2</cat><percent>0.0</percent></prevalence><prevalence><age>1</age><sex>0</sex><cat>3</cat><percent>0.0</percent></prevalence><prevalence><age>1</age><sex>0</sex><cat>4</cat><percent>0.0</percent></prevalence><prevalence><age>1</age><sex>0</sex><cat>5</cat><percent>0.0</percent></prevalence><prevalence><age>1</age><sex>1</sex><cat>1</cat><percent>100.0</percent></prevalence><prevalence><age>1</age><sex>1</sex><cat>2</cat><percent>0.0</percent></prevalence><prevalence><age>1</age><sex>1</sex><cat>3</cat><percent>0.0</percent></prevalence><prevalence><age>1</age><sex>1</sex><cat>4</cat><percent>0.0</percent></prevalence><prevalence><age>1</age><sex>1</sex><cat>5</cat><percent>0.0</percent></prevalence><prevalence><age>2</age><sex>0</sex><cat>1</cat><percent>100.0</percent></prevalence><prevalence><age>2</age><sex>0</sex><cat>2</cat><percent>0.0</percent></prevalence><prevalence><age>2</age><sex>0</sex><cat>3</cat><percent>0.0</percent></prevalence><prevalence><age>2</age><sex>0</sex><cat>4</cat><percent>0.0</percent></prevalence><prevalence><age>2</age><sex>0</sex><cat>5</cat><percent>0.0</percent></prevalence><prevalence><age>2</age><sex>1</sex><cat>1</cat><percent>100.0</percent></prevalence><prevalence><age>2</age><sex>1</sex><cat>2</cat><percent>0.0</percent></prevalence><prevalence><age>2</age><sex>1</sex><cat>3</cat><percent>0.0</percent></prevalence><prevalence><age>2</age><sex>1</sex><cat>4</cat><percent>0.0</percent></prevalence><prevalence><age>2</age><sex>1</sex><cat>5</cat><percent>0.0</percent></prevalence><prevalence><age>3</age><sex>0</sex><cat>1</cat><percent>100.0</percent></prevalence><prevalence><age>3</age><sex>0</sex><cat>2</cat><percent>0.0</percent></prevalence><prevalence><age>3</age><sex>0</sex><cat>3</cat><percent>0.0</percent></prevalence><prevalence><age>3</age><sex>0</sex><cat>4</cat><percent>0.0</percent></prevalence><prevalence><age>3</age><sex>0</sex><cat>5</cat><percent>0.0</percent></prevalence><prevalence><age>3</age><sex>1</sex><cat>1</cat><percent>100.0</percent></prevalence><prevalence><age>3</age><sex>1</sex><cat>2</cat><percent>0.0</percent></prevalence><prevalence><age>3</age><sex>1</sex><cat>3</cat><percent>0.0</percent></prevalence><prevalence><age>3</age><sex>1</sex><cat>4</cat><percent>0.0</percent></prevalence><prevalence><age>3</age><sex>1</sex><cat>5</cat><percent>0.0</percent></prevalence><prevalence><age>4</age><sex>0</sex><cat>1</cat><percent>100.0</percent></prevalence><prevalence><age>4</age><sex>0</sex><cat>2</cat><percent>0.0</percent></prevalence><prevalence><age>4</age><sex>0</sex><cat>3</cat><percent>0.0</percent></prevalence><prevalence><age>4</age><sex>0</sex><cat>4</cat><percent>0.0</percent></prevalence><prevalence><age>4</age><sex>0</sex><cat>5</cat><percent>0.0</percent></prevalence><prevalence><age>4</age><sex>1</sex><cat>1</cat><percent>100.0</percent></prevalence><prevalence><age>4</age><sex>1</sex><cat>2</cat><percent>0.0</percent></prevalence><prevalence><age>4</age><sex>1</sex><cat>3</cat><percent>0.0</percent></prevalence><prevalence><age>4</age><sex>1</sex><cat>4</cat><percent>0.0</percent></prevalence><prevalence><age>4</age><sex>1</sex><cat>5</cat><percent>0.0</percent></prevalence><prevalence><age>5</age><sex>0</sex><cat>1</cat><percent>100.0</percent></prevalence><prevalence><age>5</age><sex>0</sex><cat>2</cat><percent>0.0</percent></prevalence><prevalence><age>5</age><sex>0</sex><cat>3</cat><percent>0.0</percent></prevalence><prevalence><age>5</age><sex>0</sex><cat>4</cat><percent>0.0</percent></prevalence><prevalence><age>5</age><sex>0</sex><cat>5</cat><percent>0.0</percent></prevalence><prevalence><age>5</age><sex>1</sex><cat>1</cat><percent>100.0</percent></prevalence><prevalence><age>5</age><sex>1</sex><cat>2</cat><percent>0.0</percent></prevalence><prevalence><age>5</age><sex>1</sex><cat>3</cat><percent>0.0</percent></prevalence><prevalence><age>5</age><sex>1</sex><cat>4</cat><percent>0.0</percent></prevalence><prevalence><age>5</age><sex>1</sex><cat>5</cat><percent>0.0</percent></prevalence><prevalence><age>6</age><sex>0</sex><cat>1</cat><percent>100.0</percent></prevalence><prevalence><age>6</age><sex>0</sex><cat>2</cat><percent>0.0</percent></prevalence><prevalence><age>6</age><sex>0</sex><cat>3</cat><percent>0.0</percent></prevalence><prevalence><age>6</age><sex>0</sex><cat>4</cat><percent>0.0</percent></prevalence><prevalence><age>6</age><sex>0</sex><cat>5</cat><percent>0.0</percent></prevalence><prevalence><age>6</age><sex>1</sex><cat>1</cat><percent>100.0</percent></prevalence><prevalence><age>6</age><sex>1</sex><cat>2</cat><percent>0.0</percent></prevalence><prevalence><age>6</age><sex>1</sex><cat>3</cat><percent>0.0</percent></prevalence><prevalence><age>6</age><sex>1</sex><cat>4</cat><percent>0.0</percent></prevalence><prevalence><age>6</age><sex>1</sex><cat>5</cat><percent>0.0</percent></prevalence><prevalence><age>7</age><sex>0</sex><cat>1</cat><percent>100.0</percent></prevalence><prevalence><age>7</age><sex>0</sex><cat>2</cat><percent>0.0</percent></prevalence><prevalence><age>7</age><sex>0</sex><cat>3</cat><percent>0.0</percent></prevalence><prevalence><age>7</age><sex>0</sex><cat>4</cat><percent>0.0</percent></prevalence><prevalence><age>7</age><sex>0</sex><cat>5</cat><percent>0.0</percent></prevalence><prevalence><age>7</age><sex>1</sex><cat>1</cat><percent>100.0</percent></prevalence><prevalence><age>7</age><sex>1</sex><cat>2</cat><percent>0.0</percent></prevalence><prevalence><age>7</age><sex>1</sex><cat>3</cat><percent>0.0</percent></prevalence><prevalence><age>7</age><sex>1</sex><cat>4</cat><percent>0.0</percent></prevalence><prevalence><age>7</age><sex>1</sex><cat>5</cat><percent>0.0</percent></prevalence><prevalence><age>8</age><sex>0</sex><cat>1</cat><percent>100.0</percent></prevalence><prevalence><age>8</age><sex>0</sex><cat>2</cat><percent>0.0</percent></prevalence><prevalence><age>8</age><sex>0</sex><cat>3</cat><percent>0.0</percent></prevalence><prevalence><age>8</age><sex>0</sex><cat>4</cat><percent>0.0</percent></prevalence><prevalence><age>8</age><sex>0</sex><cat>5</cat><percent>0.0</percent></prevalence><prevalence><age>8</age><sex>1</sex><cat>1</cat><percent>100.0</percent></prevalence><prevalence><age>8</age><sex>1</sex><cat>2</cat><percent>0.0</percent></prevalence><prevalence><age>8</age><sex>1</sex><cat>3</cat><percent>0.0</percent></prevalence><prevalence><age>8</age><sex>1</sex><cat>4</cat><percent>0.0</percent></prevalence><prevalence><age>8</age><sex>1</sex><cat>5</cat><percent>0.0</percent></prevalence><prevalence><age>9</age><sex>0</sex><cat>1</cat><percent>100.0</percent></prevalence><prevalence><age>9</age><sex>0</sex><cat>2</cat><percent>0.0</percent></prevalence><prevalence><age>9</age><sex>0</sex><cat>3</cat><percent>0.0</percent></prevalence><prevalence><age>9</age><sex>0</sex><cat>4</cat><percent>0.0</percent></prevalence><prevalence><age>9</age><sex>0</sex><cat>5</cat><percent>0.0</percent></prevalence><prevalence><age>9</age><sex>1</sex><cat>1</cat><percent>100.0</percent></prevalence><prevalence><age>9</age><sex>1</sex><cat>2</cat><percent>0.0</percent></prevalence><prevalence><age>9</age><sex>1</sex><cat>3</cat><percent>0.0</percent></prevalence><prevalence><age>9</age><sex>1</sex><cat>4</cat><percent>0.0</percent></prevalence><prevalence><age>9</age><sex>1</sex><cat>5</cat><percent>0.0</percent></prevalence><prevalence><age>10</age><sex>0</sex><cat>1</cat><percent>100.0</percent></prevalence><prevalence><age>10</age><sex>0</sex><cat>2</cat><percent>0.0</percent></prevalence><prevalence><age>10</age><sex>0</sex><cat>3</cat><percent>0.0</percent></prevalence><prevalence><age>10</age><sex>0</sex><cat>4</cat><percent>0.0</percent></prevalence><prevalence><age>10</age><sex>0</sex><cat>5</cat><percent>0.0</percent></prevalence><prevalence><age>10</age><sex>1</sex><cat>1</cat><percent>100.0</percent></prevalence><prevalence><age>10</age><sex>1</sex><cat>2</cat><percent>0.0</percent></prevalence><prevalence><age>10</age><sex>1</sex><cat>3</cat><percent>0.0</percent></prevalence><prevalence><age>10</age><sex>1</sex><cat>4</cat><percent>0.0</percent></prevalence><prevalence><age>10</age><sex>1</sex><cat>5</cat><percent>0.0</percent></prevalence><prevalence><age>11</age><sex>0</sex><cat>1</cat><percent>100.0</percent></prevalence><prevalence><age>11</age><sex>0</sex><cat>2</cat><percent>0.0</percent></prevalence><prevalence><age>11</age><sex>0</sex><cat>3</cat><percent>0.0</percent></prevalence><prevalence><age>11</age><sex>0</sex><cat>4</cat><percent>0.0</percent></prevalence><prevalence><age>11</age><sex>0</sex><cat>5</cat><percent>0.0</percent></prevalence><prevalence><age>11</age><sex>1</sex><cat>1</cat><percent>100.0</percent></prevalence><prevalence><age>11</age><sex>1</sex><cat>2</cat><percent>0.0</percent></prevalence><prevalence><age>11</age><sex>1</sex><cat>3</cat><percent>0.0</percent></prevalence><prevalence><age>11</age><sex>1</sex><cat>4</cat><percent>0.0</percent></prevalence><prevalence><age>11</age><sex>1</sex><cat>5</cat><percent>0.0</percent></prevalence><prevalence><age>12</age><sex>0</sex><cat>1</cat><percent>100.0</percent></prevalence><prevalence><age>12</age><sex>0</sex><cat>2</cat><percent>0.0</percent></prevalence><prevalence><age>12</age><sex>0</sex><cat>3</cat><percent>0.0</percent></prevalence><prevalence><age>12</age><sex>0</sex><cat>4</cat><percent>0.0</percent></prevalence><prevalence><age>12</age><sex>0</sex><cat>5</cat><percent>0.0</percent></prevalence><prevalence><age>12</age><sex>1</sex><cat>1</cat><percent>100.0</percent></prevalence><prevalence><age>12</age><sex>1</sex><cat>2</cat><percent>0.0</percent></prevalence><prevalence><age>12</age><sex>1</sex><cat>3</cat><percent>0.0</percent></prevalence><prevalence><age>12</age><sex>1</sex><cat>4</cat><percent>0.0</percent></prevalence><prevalence><age>12</age><sex>1</sex><cat>5</cat><percent>0.0</percent></prevalence><prevalence><age>13</age><sex>0</sex><cat>1</cat><percent>100.0</percent></prevalence><prevalence><age>13</age><sex>0</sex><cat>2</cat><percent>0.0</percent></prevalence><prevalence><age>13</age><sex>0</sex><cat>3</cat><percent>0.0</percent></prevalence><prevalence><age>13</age><sex>0</sex><cat>4</cat><percent>0.0</percent></prevalence><prevalence><age>13</age><sex>0</sex><cat>5</cat><percent>0.0</percent></prevalence><prevalence><age>13</age><sex>1</sex><cat>1</cat><percent>100.0</percent></prevalence><prevalence><age>13</age><sex>1</sex><cat>2</cat><percent>0.0</percent></prevalence><prevalence><age>13</age><sex>1</sex><cat>3</cat><percent>0.0</percent></prevalence><prevalence><age>13</age><sex>1</sex><cat>4</cat><percent>0.0</percent></prevalence><prevalence><age>13</age><sex>1</sex><cat>5</cat><percent>0.0</percent></prevalence><prevalence><age>14</age><sex>0</sex><cat>1</cat><percent>100.0</percent></prevalence><prevalence><age>14</age><sex>0</sex><cat>2</cat><percent>0.0</percent></prevalence><prevalence><age>14</age><sex>0</sex><cat>3</cat><percent>0.0</percent></prevalence><prevalence><age>14</age><sex>0</sex><cat>4</cat><percent>0.0</percent></prevalence><prevalence><age>14</age><sex>0</sex><cat>5</cat><percent>0.0</percent></prevalence><prevalence><age>14</age><sex>1</sex><cat>1</cat><percent>100.0</percent></prevalence><prevalence><age>14</age><sex>1</sex><cat>2</cat><percent>0.0</percent></prevalence><prevalence><age>14</age><sex>1</sex><cat>3</cat><percent>0.0</percent></prevalence><prevalence><age>14</age><sex>1</sex><cat>4</cat><percent>0.0</percent></prevalence><prevalence><age>14</age><sex>1</sex><cat>5</cat><percent>0.0</percent></prevalence><prevalence><age>15</age><sex>0</sex><cat>1</cat><percent>24.585403</percent></prevalence><prevalence><age>15</age><sex>0</sex><cat>2</cat><percent>40.915558</percent></prevalence><prevalence><age>15</age><sex>0</sex><cat>3</cat><percent>11.713601</percent></prevalence><prevalence><age>15</age><sex>0</sex><cat>4</cat><percent>8.567693</percent></prevalence><prevalence><age>15</age><sex>0</sex><cat>5</cat><percent>14.217742</percent></prevalence><prevalence><age>15</age><sex>1</sex><cat>1</cat><percent>23.108093</percent></prevalence><prevalence><age>15</age><sex>1</sex><cat>2</cat><percent>50.507286</percent></prevalence><prevalence><age>15</age><sex>1</sex><cat>3</cat><percent>11.494545</percent></prevalence><prevalence><age>15</age><sex>1</sex><cat>4</cat><percent>7.734745</percent></prevalence><prevalence><age>15</age><sex>1</sex><cat>5</cat><percent>7.15533</percent></prevalence><prevalence><age>16</age><sex>0</sex><cat>1</cat><percent>23.774183</percent></prevalence><prevalence><age>16</age><sex>0</sex><cat>2</cat><percent>40.581238</percent></prevalence><prevalence><age>16</age><sex>0</sex><cat>3</cat><percent>12.40001</percent></prevalence><prevalence><age>16</age><sex>0</sex><cat>4</cat><percent>8.8517475</percent></prevalence><prevalence><age>16</age><sex>0</sex><cat>5</cat><percent>14.392822</percent></prevalence><prevalence><age>16</age><sex>1</sex><cat>1</cat><percent>22.766861</percent></prevalence><prevalence><age>16</age><sex>1</sex><cat>2</cat><percent>50.654102</percent></prevalence><prevalence><age>16</age><sex>1</sex><cat>3</cat><percent>11.811346</percent></prevalence><prevalence><age>16</age><sex>1</sex><cat>4</cat><percent>7.643116</percent></prevalence><prevalence><age>16</age><sex>1</sex><cat>5</cat><percent>7.1245756</percent></prevalence><prevalence><age>17</age><sex>0</sex><cat>1</cat><percent>22.962963</percent></prevalence><prevalence><age>17</age><sex>0</sex><cat>2</cat><percent>40.246914</percent></prevalence><prevalence><age>17</age><sex>0</sex><cat>3</cat><percent>13.08642</percent></prevalence><prevalence><age>17</age><sex>0</sex><cat>4</cat><percent>9.135802</percent></prevalence><prevalence><age>17</age><sex>0</sex><cat>5</cat><percent>14.567902</percent></prevalence><prevalence><age>17</age><sex>1</sex><cat>1</cat><percent>22.425629</percent></prevalence><prevalence><age>17</age><sex>1</sex><cat>2</cat><percent>50.800915</percent></prevalence><prevalence><age>17</age><sex>1</sex><cat>3</cat><percent>12.128146</percent></prevalence><prevalence><age>17</age><sex>1</sex><cat>4</cat><percent>7.5514874</percent></prevalence><prevalence><age>17</age><sex>1</sex><cat>5</cat><percent>7.0938215</percent></prevalence><prevalence><age>18</age><sex>0</sex><cat>1</cat><percent>22.151743</percent></prevalence><prevalence><age>18</age><sex>0</sex><cat>2</cat><percent>39.91259</percent></prevalence><prevalence><age>18</age><sex>0</sex><cat>3</cat><percent>13.772829</percent></prevalence><prevalence><age>18</age><sex>0</sex><cat>4</cat><percent>9.419857</percent></prevalence><prevalence><age>18</age><sex>0</sex><cat>5</cat><percent>14.742981</percent></prevalence><prevalence><age>18</age><sex>1</sex><cat>1</cat><percent>22.084396</percent></prevalence><prevalence><age>18</age><sex>1</sex><cat>2</cat><percent>50.94773</percent></prevalence><prevalence><age>18</age><sex>1</sex><cat>3</cat><percent>12.444947</percent></prevalence><prevalence><age>18</age><sex>1</sex><cat>4</cat><percent>7.459859</percent></prevalence><prevalence><age>18</age><sex>1</sex><cat>5</cat><percent>7.0630674</percent></prevalence><prevalence><age>19</age><sex>0</sex><cat>1</cat><percent>21.340523</percent></prevalence><prevalence><age>19</age><sex>0</sex><cat>2</cat><percent>39.578266</percent></prevalence><prevalence><age>19</age><sex>0</sex><cat>3</cat><percent>14.459238</percent></prevalence><prevalence><age>19</age><sex>0</sex><cat>4</cat><percent>9.703912</percent></prevalence><prevalence><age>19</age><sex>0</sex><cat>5</cat><percent>14.91806</percent></prevalence><prevalence><age>19</age><sex>1</sex><cat>1</cat><percent>21.743164</percent></prevalence><prevalence><age>19</age><sex>1</sex><cat>2</cat><percent>51.094543</percent></prevalence><prevalence><age>19</age><sex>1</sex><cat>3</cat><percent>12.761748</percent></prevalence><prevalence><age>19</age><sex>1</sex><cat>4</cat><percent>7.36823</percent></prevalence><prevalence><age>19</age><sex>1</sex><cat>5</cat><percent>7.032313</percent></prevalence><prevalence><age>20</age><sex>0</sex><cat>1</cat><percent>20.5293</percent></prevalence><prevalence><age>20</age><sex>0</sex><cat>2</cat><percent>39.243946</percent></prevalence><prevalence><age>20</age><sex>0</sex><cat>3</cat><percent>15.145648</percent></prevalence><prevalence><age>20</age><sex>0</sex><cat>4</cat><percent>9.987967</percent></prevalence><prevalence><age>20</age><sex>0</sex><cat>5</cat><percent>15.09314</percent></prevalence><prevalence><age>20</age><sex>1</sex><cat>1</cat><percent>21.401932</percent></prevalence><prevalence><age>20</age><sex>1</sex><cat>2</cat><percent>51.24136</percent></prevalence><prevalence><age>20</age><sex>1</sex><cat>3</cat><percent>13.078549</percent></prevalence><prevalence><age>20</age><sex>1</sex><cat>4</cat><percent>7.2766013</percent></prevalence><prevalence><age>20</age><sex>1</sex><cat>5</cat><percent>7.001559</percent></prevalence><prevalence><age>21</age><sex>0</sex><cat>1</cat><percent>19.71808</percent></prevalence><prevalence><age>21</age><sex>0</sex><cat>2</cat><percent>38.909622</percent></prevalence><prevalence><age>21</age><sex>0</sex><cat>3</cat><percent>15.832057</percent></prevalence><prevalence><age>21</age><sex>0</sex><cat>4</cat><percent>10.272021</percent></prevalence><prevalence><age>21</age><sex>0</sex><cat>5</cat><percent>15.268219</percent></prevalence><prevalence><age>21</age><sex>1</sex><cat>1</cat><percent>21.0607</percent></prevalence><prevalence><age>21</age><sex>1</sex><cat>2</cat><percent>51.388172</percent></prevalence><prevalence><age>21</age><sex>1</sex><cat>3</cat><percent>13.3953495</percent></prevalence><prevalence><age>21</age><sex>1</sex><cat>4</cat><percent>7.1849723</percent></prevalence><prevalence><age>21</age><sex>1</sex><cat>5</cat><percent>6.9708047</percent></prevalence><prevalence><age>22</age><sex>0</sex><cat>1</cat><percent>18.90686</percent></prevalence><prevalence><age>22</age><sex>0</sex><cat>2</cat><percent>38.5753</percent></prevalence><prevalence><age>22</age><sex>0</sex><cat>3</cat><percent>16.518467</percent></prevalence><prevalence><age>22</age><sex>0</sex><cat>4</cat><percent>10.556076</percent></prevalence><prevalence><age>22</age><sex>0</sex><cat>5</cat><percent>15.443298</percent></prevalence><prevalence><age>22</age><sex>1</sex><cat>1</cat><percent>20.719467</percent></prevalence><prevalence><age>22</age><sex>1</sex><cat>2</cat><percent>51.53499</percent></prevalence><prevalence><age>22</age><sex>1</sex><cat>3</cat><percent>13.712151</percent></prevalence><prevalence><age>22</age><sex>1</sex><cat>4</cat><percent>7.0933437</percent></prevalence><prevalence><age>22</age><sex>1</sex><cat>5</cat><percent>6.94005</percent></prevalence><prevalence><age>23</age><sex>0</sex><cat>1</cat><percent>18.09564</percent></prevalence><prevalence><age>23</age><sex>0</sex><cat>2</cat><percent>38.240974</percent></prevalence><prevalence><age>23</age><sex>0</sex><cat>3</cat><percent>17.204876</percent></prevalence><prevalence><age>23</age><sex>0</sex><cat>4</cat><percent>10.840132</percent></prevalence><prevalence><age>23</age><sex>0</sex><cat>5</cat><percent>15.618378</percent></prevalence><prevalence><age>23</age><sex>1</sex><cat>1</cat><percent>20.378235</percent></prevalence><prevalence><age>23</age><sex>1</sex><cat>2</cat><percent>51.6818</percent></prevalence><prevalence><age>23</age><sex>1</sex><cat>3</cat><percent>14.028952</percent></prevalence><prevalence><age>23</age><sex>1</sex><cat>4</cat><percent>7.001715</percent></prevalence><prevalence><age>23</age><sex>1</sex><cat>5</cat><percent>6.909296</percent></prevalence><prevalence><age>24</age><sex>0</sex><cat>1</cat><percent>17.28442</percent></prevalence><prevalence><age>24</age><sex>0</sex><cat>2</cat><percent>37.90665</percent></prevalence><prevalence><age>24</age><sex>0</sex><cat>3</cat><percent>17.891285</percent></prevalence><prevalence><age>24</age><sex>0</sex><cat>4</cat><percent>11.1241865</percent></prevalence><prevalence><age>24</age><sex>0</sex><cat>5</cat><percent>15.793457</percent></prevalence><prevalence><age>24</age><sex>1</sex><cat>1</cat><percent>20.037003</percent></prevalence><prevalence><age>24</age><sex>1</sex><cat>2</cat><percent>51.828617</percent></prevalence><prevalence><age>24</age><sex>1</sex><cat>3</cat><percent>14.345753</percent></prevalence><prevalence><age>24</age><sex>1</sex><cat>4</cat><percent>6.9100866</percent></prevalence><prevalence><age>24</age><sex>1</sex><cat>5</cat><percent>6.878542</percent></prevalence><prevalence><age>25</age><sex>0</sex><cat>1</cat><percent>16.4732</percent></prevalence><prevalence><age>25</age><sex>0</sex><cat>2</cat><percent>37.57233</percent></prevalence><prevalence><age>25</age><sex>0</sex><cat>3</cat><percent>18.577694</percent></prevalence><prevalence><age>25</age><sex>0</sex><cat>4</cat><percent>11.408241</percent></prevalence><prevalence><age>25</age><sex>0</sex><cat>5</cat><percent>15.968536</percent></prevalence><prevalence><age>25</age><sex>1</sex><cat>1</cat><percent>19.69577</percent></prevalence><prevalence><age>25</age><sex>1</sex><cat>2</cat><percent>51.97543</percent></prevalence><prevalence><age>25</age><sex>1</sex><cat>3</cat><percent>14.662554</percent></prevalence><prevalence><age>25</age><sex>1</sex><cat>4</cat><percent>6.8184576</percent></prevalence><prevalence><age>25</age><sex>1</sex><cat>5</cat><percent>6.8477874</percent></prevalence><prevalence><age>26</age><sex>0</sex><cat>1</cat><percent>15.661979</percent></prevalence><prevalence><age>26</age><sex>0</sex><cat>2</cat><percent>37.238007</percent></prevalence><prevalence><age>26</age><sex>0</sex><cat>3</cat><percent>19.264103</percent></prevalence><prevalence><age>26</age><sex>0</sex><cat>4</cat><percent>11.692296</percent></prevalence><prevalence><age>26</age><sex>0</sex><cat>5</cat><percent>16.143616</percent></prevalence><prevalence><age>26</age><sex>1</sex><cat>1</cat><percent>19.354538</percent></prevalence><prevalence><age>26</age><sex>1</sex><cat>2</cat><percent>52.122246</percent></prevalence><prevalence><age>26</age><sex>1</sex><cat>3</cat><percent>14.979354</percent></prevalence><prevalence><age>26</age><sex>1</sex><cat>4</cat><percent>6.726829</percent></prevalence><prevalence><age>26</age><sex>1</sex><cat>5</cat><percent>6.8170333</percent></prevalence><prevalence><age>27</age><sex>0</sex><cat>1</cat><percent>14.850758</percent></prevalence><prevalence><age>27</age><sex>0</sex><cat>2</cat><percent>36.903683</percent></prevalence><prevalence><age>27</age><sex>0</sex><cat>3</cat><percent>19.950514</percent></prevalence><prevalence><age>27</age><sex>0</sex><cat>4</cat><percent>11.976351</percent></prevalence><prevalence><age>27</age><sex>0</sex><cat>5</cat><percent>16.318695</percent></prevalence><prevalence><age>27</age><sex>1</sex><cat>1</cat><percent>19.013306</percent></prevalence><prevalence><age>27</age><sex>1</sex><cat>2</cat><percent>52.26906</percent></prevalence><prevalence><age>27</age><sex>1</sex><cat>3</cat><percent>15.296155</percent></prevalence><prevalence><age>27</age><sex>1</sex><cat>4</cat><percent>6.6352</percent></prevalence><prevalence><age>27</age><sex>1</sex><cat>5</cat><percent>6.786279</percent></prevalence><prevalence><age>28</age><sex>0</sex><cat>1</cat><percent>14.039537</percent></prevalence><prevalence><age>28</age><sex>0</sex><cat>2</cat><percent>36.56936</percent></prevalence><prevalence><age>28</age><sex>0</sex><cat>3</cat><percent>20.636923</percent></prevalence><prevalence><age>28</age><sex>0</sex><cat>4</cat><percent>12.260406</percent></prevalence><prevalence><age>28</age><sex>0</sex><cat>5</cat><percent>16.493774</percent></prevalence><prevalence><age>28</age><sex>1</sex><cat>1</cat><percent>18.672073</percent></prevalence><prevalence><age>28</age><sex>1</sex><cat>2</cat><percent>52.415874</percent></prevalence><prevalence><age>28</age><sex>1</sex><cat>3</cat><percent>15.612956</percent></prevalence><prevalence><age>28</age><sex>1</sex><cat>4</cat><percent>6.5435715</percent></prevalence><prevalence><age>28</age><sex>1</sex><cat>5</cat><percent>6.7555246</percent></prevalence><prevalence><age>29</age><sex>0</sex><cat>1</cat><percent>13.228317</percent></prevalence><prevalence><age>29</age><sex>0</sex><cat>2</cat><percent>36.235035</percent></prevalence><prevalence><age>29</age><sex>0</sex><cat>3</cat><percent>21.323332</percent></prevalence><prevalence><age>29</age><sex>0</sex><cat>4</cat><percent>12.54446</percent></prevalence><prevalence><age>29</age><sex>0</sex><cat>5</cat><percent>16.668854</percent></prevalence><prevalence><age>29</age><sex>1</sex><cat>1</cat><percent>18.330841</percent></prevalence><prevalence><age>29</age><sex>1</sex><cat>2</cat><percent>52.562687</percent></prevalence><prevalence><age>29</age><sex>1</sex><cat>3</cat><percent>15.929757</percent></prevalence><prevalence><age>29</age><sex>1</sex><cat>4</cat><percent>6.451943</percent></prevalence><prevalence><age>29</age><sex>1</sex><cat>5</cat><percent>6.7247705</percent></prevalence><prevalence><age>30</age><sex>0</sex><cat>1</cat><percent>12.417096</percent></prevalence><prevalence><age>30</age><sex>0</sex><cat>2</cat><percent>35.900715</percent></prevalence><prevalence><age>30</age><sex>0</sex><cat>3</cat><percent>22.00974</percent></prevalence><prevalence><age>30</age><sex>0</sex><cat>4</cat><percent>12.828515</percent></prevalence><prevalence><age>30</age><sex>0</sex><cat>5</cat><percent>16.843933</percent></prevalence><prevalence><age>30</age><sex>1</sex><cat>1</cat><percent>17.989609</percent></prevalence><prevalence><age>30</age><sex>1</sex><cat>2</cat><percent>52.709503</percent></prevalence><prevalence><age>30</age><sex>1</sex><cat>3</cat><percent>16.246557</percent></prevalence><prevalence><age>30</age><sex>1</sex><cat>4</cat><percent>6.360314</percent></prevalence><prevalence><age>30</age><sex>1</sex><cat>5</cat><percent>6.6940165</percent></prevalence><prevalence><age>31</age><sex>0</sex><cat>1</cat><percent>11.605876</percent></prevalence><prevalence><age>31</age><sex>0</sex><cat>2</cat><percent>35.56639</percent></prevalence><prevalence><age>31</age><sex>0</sex><cat>3</cat><percent>22.69615</percent></prevalence><prevalence><age>31</age><sex>0</sex><cat>4</cat><percent>13.11257</percent></prevalence><prevalence><age>31</age><sex>0</sex><cat>5</cat><percent>17.019012</percent></prevalence><prevalence><age>31</age><sex>1</sex><cat>1</cat><percent>17.648376</percent></prevalence><prevalence><age>31</age><sex>1</sex><cat>2</cat><percent>52.856316</percent></prevalence><prevalence><age>31</age><sex>1</sex><cat>3</cat><percent>16.563358</percent></prevalence><prevalence><age>31</age><sex>1</sex><cat>4</cat><percent>6.2686853</percent></prevalence><prevalence><age>31</age><sex>1</sex><cat>5</cat><percent>6.663262</percent></prevalence><prevalence><age>32</age><sex>0</sex><cat>1</cat><percent>10.794656</percent></prevalence><prevalence><age>32</age><sex>0</sex><cat>2</cat><percent>35.232067</percent></prevalence><prevalence><age>32</age><sex>0</sex><cat>3</cat><percent>23.38256</percent></prevalence><prevalence><age>32</age><sex>0</sex><cat>4</cat><percent>13.396625</percent></prevalence><prevalence><age>32</age><sex>0</sex><cat>5</cat><percent>17.194094</percent></prevalence><prevalence><age>32</age><sex>1</sex><cat>1</cat><percent>17.307144</percent></prevalence><prevalence><age>32</age><sex>1</sex><cat>2</cat><percent>53.00313</percent></prevalence><prevalence><age>32</age><sex>1</sex><cat>3</cat><percent>16.88016</percent></prevalence><prevalence><age>32</age><sex>1</sex><cat>4</cat><percent>6.177057</percent></prevalence><prevalence><age>32</age><sex>1</sex><cat>5</cat><percent>6.632508</percent></prevalence><prevalence><age>33</age><sex>0</sex><cat>1</cat><percent>10.799009</percent></prevalence><prevalence><age>33</age><sex>0</sex><cat>2</cat><percent>35.220592</percent></prevalence><prevalence><age>33</age><sex>0</sex><cat>3</cat><percent>23.313301</percent></prevalence><prevalence><age>33</age><sex>0</sex><cat>4</cat><percent>13.37575</percent></prevalence><prevalence><age>33</age><sex>0</sex><cat>5</cat><percent>17.291346</percent></prevalence><prevalence><age>33</age><sex>1</sex><cat>1</cat><percent>17.499527</percent></prevalence><prevalence><age>33</age><sex>1</sex><cat>2</cat><percent>52.845154</percent></prevalence><prevalence><age>33</age><sex>1</sex><cat>3</cat><percent>16.812695</percent></prevalence><prevalence><age>33</age><sex>1</sex><cat>4</cat><percent>6.208538</percent></prevalence><prevalence><age>33</age><sex>1</sex><cat>5</cat><percent>6.634089</percent></prevalence><prevalence><age>34</age><sex>0</sex><cat>1</cat><percent>10.803363</percent></prevalence><prevalence><age>34</age><sex>0</sex><cat>2</cat><percent>35.20912</percent></prevalence><prevalence><age>34</age><sex>0</sex><cat>3</cat><percent>23.244041</percent></prevalence><prevalence><age>34</age><sex>0</sex><cat>4</cat><percent>13.354876</percent></prevalence><prevalence><age>34</age><sex>0</sex><cat>5</cat><percent>17.3886</percent></prevalence><prevalence><age>34</age><sex>1</sex><cat>1</cat><percent>17.691908</percent></prevalence><prevalence><age>34</age><sex>1</sex><cat>2</cat><percent>52.687172</percent></prevalence><prevalence><age>34</age><sex>1</sex><cat>3</cat><percent>16.74523</percent></prevalence><prevalence><age>34</age><sex>1</sex><cat>4</cat><percent>6.2400193</percent></prevalence><prevalence><age>34</age><sex>1</sex><cat>5</cat><percent>6.6356707</percent></prevalence><prevalence><age>35</age><sex>0</sex><cat>1</cat><percent>10.807717</percent></prevalence><prevalence><age>35</age><sex>0</sex><cat>2</cat><percent>35.197647</percent></prevalence><prevalence><age>35</age><sex>0</sex><cat>3</cat><percent>23.174782</percent></prevalence><prevalence><age>35</age><sex>0</sex><cat>4</cat><percent>13.334001</percent></prevalence><prevalence><age>35</age><sex>0</sex><cat>5</cat><percent>17.485853</percent></prevalence><prevalence><age>35</age><sex>1</sex><cat>1</cat><percent>17.884289</percent></prevalence><prevalence><age>35</age><sex>1</sex><cat>2</cat><percent>52.529194</percent></prevalence><prevalence><age>35</age><sex>1</sex><cat>3</cat><percent>16.677765</percent></prevalence><prevalence><age>35</age><sex>1</sex><cat>4</cat><percent>6.2715006</percent></prevalence><prevalence><age>35</age><sex>1</sex><cat>5</cat><percent>6.637252</percent></prevalence><prevalence><age>36</age><sex>0</sex><cat>1</cat><percent>10.812071</percent></prevalence><prevalence><age>36</age><sex>0</sex><cat>2</cat><percent>35.186172</percent></prevalence><prevalence><age>36</age><sex>0</sex><cat>3</cat><percent>23.105522</percent></prevalence><prevalence><age>36</age><sex>0</sex><cat>4</cat><percent>13.313127</percent></prevalence><prevalence><age>36</age><sex>0</sex><cat>5</cat><percent>17.583107</percent></prevalence><prevalence><age>36</age><sex>1</sex><cat>1</cat><percent>18.07667</percent></prevalence><prevalence><age>36</age><sex>1</sex><cat>2</cat><percent>52.371216</percent></prevalence><prevalence><age>36</age><sex>1</sex><cat>3</cat><percent>16.6103</percent></prevalence><prevalence><age>36</age><sex>1</sex><cat>4</cat><percent>6.3029823</percent></prevalence><prevalence><age>36</age><sex>1</sex><cat>5</cat><percent>6.638833</percent></prevalence><prevalence><age>37</age><sex>0</sex><cat>1</cat><percent>10.816425</percent></prevalence><prevalence><age>37</age><sex>0</sex><cat>2</cat><percent>35.1747</percent></prevalence><prevalence><age>37</age><sex>0</sex><cat>3</cat><percent>23.036263</percent></prevalence><prevalence><age>37</age><sex>0</sex><cat>4</cat><percent>13.292252</percent></prevalence><prevalence><age>37</age><sex>0</sex><cat>5</cat><percent>17.68036</percent></prevalence><prevalence><age>37</age><sex>1</sex><cat>1</cat><percent>18.269053</percent></prevalence><prevalence><age>37</age><sex>1</sex><cat>2</cat><percent>52.213234</percent></prevalence><prevalence><age>37</age><sex>1</sex><cat>3</cat><percent>16.542835</percent></prevalence><prevalence><age>37</age><sex>1</sex><cat>4</cat><percent>6.3344636</percent></prevalence><prevalence><age>37</age><sex>1</sex><cat>5</cat><percent>6.6404147</percent></prevalence><prevalence><age>38</age><sex>0</sex><cat>1</cat><percent>10.820779</percent></prevalence><prevalence><age>38</age><sex>0</sex><cat>2</cat><percent>35.163227</percent></prevalence><prevalence><age>38</age><sex>0</sex><cat>3</cat><percent>22.967003</percent></prevalence><prevalence><age>38</age><sex>0</sex><cat>4</cat><percent>13.271378</percent></prevalence><prevalence><age>38</age><sex>0</sex><cat>5</cat><percent>17.777615</percent></prevalence><prevalence><age>38</age><sex>1</sex><cat>1</cat><percent>18.461433</percent></prevalence><prevalence><age>38</age><sex>1</sex><cat>2</cat><percent>52.055256</percent></prevalence><prevalence><age>38</age><sex>1</sex><cat>3</cat><percent>16.47537</percent></prevalence><prevalence><age>38</age><sex>1</sex><cat>4</cat><percent>6.365945</percent></prevalence><prevalence><age>38</age><sex>1</sex><cat>5</cat><percent>6.641996</percent></prevalence><prevalence><age>39</age><sex>0</sex><cat>1</cat><percent>10.825133</percent></prevalence><prevalence><age>39</age><sex>0</sex><cat>2</cat><percent>35.151752</percent></prevalence><prevalence><age>39</age><sex>0</sex><cat>3</cat><percent>22.897743</percent></prevalence><prevalence><age>39</age><sex>0</sex><cat>4</cat><percent>13.250503</percent></prevalence><prevalence><age>39</age><sex>0</sex><cat>5</cat><percent>17.874868</percent></prevalence><prevalence><age>39</age><sex>1</sex><cat>1</cat><percent>18.653814</percent></prevalence><prevalence><age>39</age><sex>1</sex><cat>2</cat><percent>51.897278</percent></prevalence><prevalence><age>39</age><sex>1</sex><cat>3</cat><percent>16.407906</percent></prevalence><prevalence><age>39</age><sex>1</sex><cat>4</cat><percent>6.397426</percent></prevalence><prevalence><age>39</age><sex>1</sex><cat>5</cat><percent>6.643577</percent></prevalence><prevalence><age>40</age><sex>0</sex><cat>1</cat><percent>10.829487</percent></prevalence><prevalence><age>40</age><sex>0</sex><cat>2</cat><percent>35.140278</percent></prevalence><prevalence><age>40</age><sex>0</sex><cat>3</cat><percent>22.828484</percent></prevalence><prevalence><age>40</age><sex>0</sex><cat>4</cat><percent>13.229629</percent></prevalence><prevalence><age>40</age><sex>0</sex><cat>5</cat><percent>17.972122</percent></prevalence><prevalence><age>40</age><sex>1</sex><cat>1</cat><percent>18.846197</percent></prevalence><prevalence><age>40</age><sex>1</sex><cat>2</cat><percent>51.739296</percent></prevalence><prevalence><age>40</age><sex>1</sex><cat>3</cat><percent>16.34044</percent></prevalence><prevalence><age>40</age><sex>1</sex><cat>4</cat><percent>6.4289074</percent></prevalence><prevalence><age>40</age><sex>1</sex><cat>5</cat><percent>6.6451583</percent></prevalence><prevalence><age>41</age><sex>0</sex><cat>1</cat><percent>10.83384</percent></prevalence><prevalence><age>41</age><sex>0</sex><cat>2</cat><percent>35.128807</percent></prevalence><prevalence><age>41</age><sex>0</sex><cat>3</cat><percent>22.759224</percent></prevalence><prevalence><age>41</age><sex>0</sex><cat>4</cat><percent>13.208754</percent></prevalence><prevalence><age>41</age><sex>0</sex><cat>5</cat><percent>18.069374</percent></prevalence><prevalence><age>41</age><sex>1</sex><cat>1</cat><percent>19.038578</percent></prevalence><prevalence><age>41</age><sex>1</sex><cat>2</cat><percent>51.581318</percent></prevalence><prevalence><age>41</age><sex>1</sex><cat>3</cat><percent>16.272976</percent></prevalence><prevalence><age>41</age><sex>1</sex><cat>4</cat><percent>6.460389</percent></prevalence><prevalence><age>41</age><sex>1</sex><cat>5</cat><percent>6.64674</percent></prevalence><prevalence><age>42</age><sex>0</sex><cat>1</cat><percent>10.838195</percent></prevalence><prevalence><age>42</age><sex>0</sex><cat>2</cat><percent>35.117332</percent></prevalence><prevalence><age>42</age><sex>0</sex><cat>3</cat><percent>22.689964</percent></prevalence><prevalence><age>42</age><sex>0</sex><cat>4</cat><percent>13.18788</percent></prevalence><prevalence><age>42</age><sex>0</sex><cat>5</cat><percent>18.166628</percent></prevalence><prevalence><age>42</age><sex>1</sex><cat>1</cat><percent>19.230959</percent></prevalence><prevalence><age>42</age><sex>1</sex><cat>2</cat><percent>51.42334</percent></prevalence><prevalence><age>42</age><sex>1</sex><cat>3</cat><percent>16.205511</percent></prevalence><prevalence><age>42</age><sex>1</sex><cat>4</cat><percent>6.4918704</percent></prevalence><prevalence><age>42</age><sex>1</sex><cat>5</cat><percent>6.648321</percent></prevalence><prevalence><age>43</age><sex>0</sex><cat>1</cat><percent>10.842548</percent></prevalence><prevalence><age>43</age><sex>0</sex><cat>2</cat><percent>35.105858</percent></prevalence><prevalence><age>43</age><sex>0</sex><cat>3</cat><percent>22.620705</percent></prevalence><prevalence><age>43</age><sex>0</sex><cat>4</cat><percent>13.167005</percent></prevalence><prevalence><age>43</age><sex>0</sex><cat>5</cat><percent>18.263882</percent></prevalence><prevalence><age>43</age><sex>1</sex><cat>1</cat><percent>19.42334</percent></prevalence><prevalence><age>43</age><sex>1</sex><cat>2</cat><percent>51.265358</percent></prevalence><prevalence><age>43</age><sex>1</sex><cat>3</cat><percent>16.138046</percent></prevalence><prevalence><age>43</age><sex>1</sex><cat>4</cat><percent>6.5233517</percent></prevalence><prevalence><age>43</age><sex>1</sex><cat>5</cat><percent>6.6499023</percent></prevalence><prevalence><age>44</age><sex>0</sex><cat>1</cat><percent>10.846903</percent></prevalence><prevalence><age>44</age><sex>0</sex><cat>2</cat><percent>35.094387</percent></prevalence><prevalence><age>44</age><sex>0</sex><cat>3</cat><percent>22.551447</percent></prevalence><prevalence><age>44</age><sex>0</sex><cat>4</cat><percent>13.146131</percent></prevalence><prevalence><age>44</age><sex>0</sex><cat>5</cat><percent>18.361135</percent></prevalence><prevalence><age>44</age><sex>1</sex><cat>1</cat><percent>19.615723</percent></prevalence><prevalence><age>44</age><sex>1</sex><cat>2</cat><percent>51.10738</percent></prevalence><prevalence><age>44</age><sex>1</sex><cat>3</cat><percent>16.070581</percent></prevalence><prevalence><age>44</age><sex>1</sex><cat>4</cat><percent>6.554833</percent></prevalence><prevalence><age>44</age><sex>1</sex><cat>5</cat><percent>6.651484</percent></prevalence><prevalence><age>45</age><sex>0</sex><cat>1</cat><percent>10.851256</percent></prevalence><prevalence><age>45</age><sex>0</sex><cat>2</cat><percent>35.082912</percent></prevalence><prevalence><age>45</age><sex>0</sex><cat>3</cat><percent>22.482187</percent></prevalence><prevalence><age>45</age><sex>0</sex><cat>4</cat><percent>13.125256</percent></prevalence><prevalence><age>45</age><sex>0</sex><cat>5</cat><percent>18.45839</percent></prevalence><prevalence><age>45</age><sex>1</sex><cat>1</cat><percent>19.808104</percent></prevalence><prevalence><age>45</age><sex>1</sex><cat>2</cat><percent>50.9494</percent></prevalence><prevalence><age>45</age><sex>1</sex><cat>3</cat><percent>16.003117</percent></prevalence><prevalence><age>45</age><sex>1</sex><cat>4</cat><percent>6.586314</percent></prevalence><prevalence><age>45</age><sex>1</sex><cat>5</cat><percent>6.653065</percent></prevalence><prevalence><age>46</age><sex>0</sex><cat>1</cat><percent>10.855611</percent></prevalence><prevalence><age>46</age><sex>0</sex><cat>2</cat><percent>35.071438</percent></prevalence><prevalence><age>46</age><sex>0</sex><cat>3</cat><percent>22.412928</percent></prevalence><prevalence><age>46</age><sex>0</sex><cat>4</cat><percent>13.104382</percent></prevalence><prevalence><age>46</age><sex>0</sex><cat>5</cat><percent>18.555643</percent></prevalence><prevalence><age>46</age><sex>1</sex><cat>1</cat><percent>20.000484</percent></prevalence><prevalence><age>46</age><sex>1</sex><cat>2</cat><percent>50.79142</percent></prevalence><prevalence><age>46</age><sex>1</sex><cat>3</cat><percent>15.935651</percent></prevalence><prevalence><age>46</age><sex>1</sex><cat>4</cat><percent>6.617796</percent></prevalence><prevalence><age>46</age><sex>1</sex><cat>5</cat><percent>6.6546464</percent></prevalence><prevalence><age>47</age><sex>0</sex><cat>1</cat><percent>10.859964</percent></prevalence><prevalence><age>47</age><sex>0</sex><cat>2</cat><percent>35.059963</percent></prevalence><prevalence><age>47</age><sex>0</sex><cat>3</cat><percent>22.343668</percent></prevalence><prevalence><age>47</age><sex>0</sex><cat>4</cat><percent>13.083507</percent></prevalence><prevalence><age>47</age><sex>0</sex><cat>5</cat><percent>18.652897</percent></prevalence><prevalence><age>47</age><sex>1</sex><cat>1</cat><percent>20.192865</percent></prevalence><prevalence><age>47</age><sex>1</sex><cat>2</cat><percent>50.633442</percent></prevalence><prevalence><age>47</age><sex>1</sex><cat>3</cat><percent>15.868186</percent></prevalence><prevalence><age>47</age><sex>1</sex><cat>4</cat><percent>6.649277</percent></prevalence><prevalence><age>47</age><sex>1</sex><cat>5</cat><percent>6.656228</percent></prevalence><prevalence><age>48</age><sex>0</sex><cat>1</cat><percent>10.864319</percent></prevalence><prevalence><age>48</age><sex>0</sex><cat>2</cat><percent>35.048492</percent></prevalence><prevalence><age>48</age><sex>0</sex><cat>3</cat><percent>22.274408</percent></prevalence><prevalence><age>48</age><sex>0</sex><cat>4</cat><percent>13.062633</percent></prevalence><prevalence><age>48</age><sex>0</sex><cat>5</cat><percent>18.75015</percent></prevalence><prevalence><age>48</age><sex>1</sex><cat>1</cat><percent>20.385248</percent></prevalence><prevalence><age>48</age><sex>1</sex><cat>2</cat><percent>50.475464</percent></prevalence><prevalence><age>48</age><sex>1</sex><cat>3</cat><percent>15.800721</percent></prevalence><prevalence><age>48</age><sex>1</sex><cat>4</cat><percent>6.6807585</percent></prevalence><prevalence><age>48</age><sex>1</sex><cat>5</cat><percent>6.6578093</percent></prevalence><prevalence><age>49</age><sex>0</sex><cat>1</cat><percent>10.868672</percent></prevalence><prevalence><age>49</age><sex>0</sex><cat>2</cat><percent>35.037018</percent></prevalence><prevalence><age>49</age><sex>0</sex><cat>3</cat><percent>22.205149</percent></prevalence><prevalence><age>49</age><sex>0</sex><cat>4</cat><percent>13.041758</percent></prevalence><prevalence><age>49</age><sex>0</sex><cat>5</cat><percent>18.847403</percent></prevalence><prevalence><age>49</age><sex>1</sex><cat>1</cat><percent>20.57763</percent></prevalence><prevalence><age>49</age><sex>1</sex><cat>2</cat><percent>50.317486</percent></prevalence><prevalence><age>49</age><sex>1</sex><cat>3</cat><percent>15.733256</percent></prevalence><prevalence><age>49</age><sex>1</sex><cat>4</cat><percent>6.7122397</percent></prevalence><prevalence><age>49</age><sex>1</sex><cat>5</cat><percent>6.6593904</percent></prevalence><prevalence><age>50</age><sex>0</sex><cat>1</cat><percent>10.873026</percent></prevalence><prevalence><age>50</age><sex>0</sex><cat>2</cat><percent>35.025543</percent></prevalence><prevalence><age>50</age><sex>0</sex><cat>3</cat><percent>22.13589</percent></prevalence><prevalence><age>50</age><sex>0</sex><cat>4</cat><percent>13.020884</percent></prevalence><prevalence><age>50</age><sex>0</sex><cat>5</cat><percent>18.944656</percent></prevalence><prevalence><age>50</age><sex>1</sex><cat>1</cat><percent>20.77001</percent></prevalence><prevalence><age>50</age><sex>1</sex><cat>2</cat><percent>50.159504</percent></prevalence><prevalence><age>50</age><sex>1</sex><cat>3</cat><percent>15.6657915</percent></prevalence><prevalence><age>50</age><sex>1</sex><cat>4</cat><percent>6.743721</percent></prevalence><prevalence><age>50</age><sex>1</sex><cat>5</cat><percent>6.660972</percent></prevalence><prevalence><age>51</age><sex>0</sex><cat>1</cat><percent>10.87738</percent></prevalence><prevalence><age>51</age><sex>0</sex><cat>2</cat><percent>35.014072</percent></prevalence><prevalence><age>51</age><sex>0</sex><cat>3</cat><percent>22.06663</percent></prevalence><prevalence><age>51</age><sex>0</sex><cat>4</cat><percent>13.000009</percent></prevalence><prevalence><age>51</age><sex>0</sex><cat>5</cat><percent>19.04191</percent></prevalence><prevalence><age>51</age><sex>1</sex><cat>1</cat><percent>20.962393</percent></prevalence><prevalence><age>51</age><sex>1</sex><cat>2</cat><percent>50.001526</percent></prevalence><prevalence><age>51</age><sex>1</sex><cat>3</cat><percent>15.598327</percent></prevalence><prevalence><age>51</age><sex>1</sex><cat>4</cat><percent>6.7752028</percent></prevalence><prevalence><age>51</age><sex>1</sex><cat>5</cat><percent>6.6625533</percent></prevalence><prevalence><age>52</age><sex>0</sex><cat>1</cat><percent>10.881734</percent></prevalence><prevalence><age>52</age><sex>0</sex><cat>2</cat><percent>35.002598</percent></prevalence><prevalence><age>52</age><sex>0</sex><cat>3</cat><percent>21.99737</percent></prevalence><prevalence><age>52</age><sex>0</sex><cat>4</cat><percent>12.979135</percent></prevalence><prevalence><age>52</age><sex>0</sex><cat>5</cat><percent>19.139164</percent></prevalence><prevalence><age>52</age><sex>1</sex><cat>1</cat><percent>21.154774</percent></prevalence><prevalence><age>52</age><sex>1</sex><cat>2</cat><percent>49.843548</percent></prevalence><prevalence><age>52</age><sex>1</sex><cat>3</cat><percent>15.530862</percent></prevalence><prevalence><age>52</age><sex>1</sex><cat>4</cat><percent>6.806684</percent></prevalence><prevalence><age>52</age><sex>1</sex><cat>5</cat><percent>6.6641345</percent></prevalence><prevalence><age>53</age><sex>0</sex><cat>1</cat><percent>10.886088</percent></prevalence><prevalence><age>53</age><sex>0</sex><cat>2</cat><percent>34.991123</percent></prevalence><prevalence><age>53</age><sex>0</sex><cat>3</cat><percent>21.92811</percent></prevalence><prevalence><age>53</age><sex>0</sex><cat>4</cat><percent>12.95826</percent></prevalence><prevalence><age>53</age><sex>0</sex><cat>5</cat><percent>19.236418</percent></prevalence><prevalence><age>53</age><sex>1</sex><cat>1</cat><percent>21.347155</percent></prevalence><prevalence><age>53</age><sex>1</sex><cat>2</cat><percent>49.685566</percent></prevalence><prevalence><age>53</age><sex>1</sex><cat>3</cat><percent>15.463397</percent></prevalence><prevalence><age>53</age><sex>1</sex><cat>4</cat><percent>6.8381653</percent></prevalence><prevalence><age>53</age><sex>1</sex><cat>5</cat><percent>6.6657157</percent></prevalence><prevalence><age>54</age><sex>0</sex><cat>1</cat><percent>10.890442</percent></prevalence><prevalence><age>54</age><sex>0</sex><cat>2</cat><percent>34.97965</percent></prevalence><prevalence><age>54</age><sex>0</sex><cat>3</cat><percent>21.85885</percent></prevalence><prevalence><age>54</age><sex>0</sex><cat>4</cat><percent>12.937386</percent></prevalence><prevalence><age>54</age><sex>0</sex><cat>5</cat><percent>19.333672</percent></prevalence><prevalence><age>54</age><sex>1</sex><cat>1</cat><percent>21.539536</percent></prevalence><prevalence><age>54</age><sex>1</sex><cat>2</cat><percent>49.527588</percent></prevalence><prevalence><age>54</age><sex>1</sex><cat>3</cat><percent>15.395932</percent></prevalence><prevalence><age>54</age><sex>1</sex><cat>4</cat><percent>6.8696465</percent></prevalence><prevalence><age>54</age><sex>1</sex><cat>5</cat><percent>6.6672974</percent></prevalence><prevalence><age>55</age><sex>0</sex><cat>1</cat><percent>10.894796</percent></prevalence><prevalence><age>55</age><sex>0</sex><cat>2</cat><percent>34.968178</percent></prevalence><prevalence><age>55</age><sex>0</sex><cat>3</cat><percent>21.789593</percent></prevalence><prevalence><age>55</age><sex>0</sex><cat>4</cat><percent>12.916511</percent></prevalence><prevalence><age>55</age><sex>0</sex><cat>5</cat><percent>19.430925</percent></prevalence><prevalence><age>55</age><sex>1</sex><cat>1</cat><percent>21.731918</percent></prevalence><prevalence><age>55</age><sex>1</sex><cat>2</cat><percent>49.36961</percent></prevalence><prevalence><age>55</age><sex>1</sex><cat>3</cat><percent>15.328467</percent></prevalence><prevalence><age>55</age><sex>1</sex><cat>4</cat><percent>6.9011283</percent></prevalence><prevalence><age>55</age><sex>1</sex><cat>5</cat><percent>6.6688786</percent></prevalence><prevalence><age>56</age><sex>0</sex><cat>1</cat><percent>11.283842</percent></prevalence><prevalence><age>56</age><sex>0</sex><cat>2</cat><percent>35.3505</percent></prevalence><prevalence><age>56</age><sex>0</sex><cat>3</cat><percent>21.69049</percent></prevalence><prevalence><age>56</age><sex>0</sex><cat>4</cat><percent>12.695133</percent></prevalence><prevalence><age>56</age><sex>0</sex><cat>5</cat><percent>18.980036</percent></prevalence><prevalence><age>56</age><sex>1</sex><cat>1</cat><percent>22.635565</percent></prevalence><prevalence><age>56</age><sex>1</sex><cat>2</cat><percent>49.084053</percent></prevalence><prevalence><age>56</age><sex>1</sex><cat>3</cat><percent>15.120581</percent></prevalence><prevalence><age>56</age><sex>1</sex><cat>4</cat><percent>6.712169</percent></prevalence><prevalence><age>56</age><sex>1</sex><cat>5</cat><percent>6.44763</percent></prevalence><prevalence><age>57</age><sex>0</sex><cat>1</cat><percent>11.672889</percent></prevalence><prevalence><age>57</age><sex>0</sex><cat>2</cat><percent>35.73282</percent></prevalence><prevalence><age>57</age><sex>0</sex><cat>3</cat><percent>21.59139</percent></prevalence><prevalence><age>57</age><sex>0</sex><cat>4</cat><percent>12.473756</percent></prevalence><prevalence><age>57</age><sex>0</sex><cat>5</cat><percent>18.529144</percent></prevalence><prevalence><age>57</age><sex>1</sex><cat>1</cat><percent>23.539213</percent></prevalence><prevalence><age>57</age><sex>1</sex><cat>2</cat><percent>48.7985</percent></prevalence><prevalence><age>57</age><sex>1</sex><cat>3</cat><percent>14.912694</percent></prevalence><prevalence><age>57</age><sex>1</sex><cat>4</cat><percent>6.5232105</percent></prevalence><prevalence><age>57</age><sex>1</sex><cat>5</cat><percent>6.226381</percent></prevalence><prevalence><age>58</age><sex>0</sex><cat>1</cat><percent>12.061934</percent></prevalence><prevalence><age>58</age><sex>0</sex><cat>2</cat><percent>36.11514</percent></prevalence><prevalence><age>58</age><sex>0</sex><cat>3</cat><percent>21.49229</percent></prevalence><prevalence><age>58</age><sex>0</sex><cat>4</cat><percent>12.252378</percent></prevalence><prevalence><age>58</age><sex>0</sex><cat>5</cat><percent>18.078255</percent></prevalence><prevalence><age>58</age><sex>1</sex><cat>1</cat><percent>24.442862</percent></prevalence><prevalence><age>58</age><sex>1</sex><cat>2</cat><percent>48.512947</percent></prevalence><prevalence><age>58</age><sex>1</sex><cat>3</cat><percent>14.704806</percent></prevalence><prevalence><age>58</age><sex>1</sex><cat>4</cat><percent>6.3342514</percent></prevalence><prevalence><age>58</age><sex>1</sex><cat>5</cat><percent>6.005132</percent></prevalence><prevalence><age>59</age><sex>0</sex><cat>1</cat><percent>12.450981</percent></prevalence><prevalence><age>59</age><sex>0</sex><cat>2</cat><percent>36.497463</percent></prevalence><prevalence><age>59</age><sex>0</sex><cat>3</cat><percent>21.39319</percent></prevalence><prevalence><age>59</age><sex>0</sex><cat>4</cat><percent>12.031001</percent></prevalence><prevalence><age>59</age><sex>0</sex><cat>5</cat><percent>17.627365</percent></prevalence><prevalence><age>59</age><sex>1</sex><cat>1</cat><percent>25.34651</percent></prevalence><prevalence><age>59</age><sex>1</sex><cat>2</cat><percent>48.227394</percent></prevalence><prevalence><age>59</age><sex>1</sex><cat>3</cat><percent>14.49692</percent></prevalence><prevalence><age>59</age><sex>1</sex><cat>4</cat><percent>6.1452928</percent></prevalence><prevalence><age>59</age><sex>1</sex><cat>5</cat><percent>5.783883</percent></prevalence><prevalence><age>60</age><sex>0</sex><cat>1</cat><percent>12.840028</percent></prevalence><prevalence><age>60</age><sex>0</sex><cat>2</cat><percent>36.879784</percent></prevalence><prevalence><age>60</age><sex>0</sex><cat>3</cat><percent>21.29409</percent></prevalence><prevalence><age>60</age><sex>0</sex><cat>4</cat><percent>11.809624</percent></prevalence><prevalence><age>60</age><sex>0</sex><cat>5</cat><percent>17.176476</percent></prevalence><prevalence><age>60</age><sex>1</sex><cat>1</cat><percent>26.250158</percent></prevalence><prevalence><age>60</age><sex>1</sex><cat>2</cat><percent>47.94184</percent></prevalence><prevalence><age>60</age><sex>1</sex><cat>3</cat><percent>14.289033</percent></prevalence><prevalence><age>60</age><sex>1</sex><cat>4</cat><percent>5.956334</percent></prevalence><prevalence><age>60</age><sex>1</sex><cat>5</cat><percent>5.5626345</percent></prevalence><prevalence><age>61</age><sex>0</sex><cat>1</cat><percent>13.229074</percent></prevalence><prevalence><age>61</age><sex>0</sex><cat>2</cat><percent>37.262104</percent></prevalence><prevalence><age>61</age><sex>0</sex><cat>3</cat><percent>21.19499</percent></prevalence><prevalence><age>61</age><sex>0</sex><cat>4</cat><percent>11.588246</percent></prevalence><prevalence><age>61</age><sex>0</sex><cat>5</cat><percent>16.725586</percent></prevalence><prevalence><age>61</age><sex>1</sex><cat>1</cat><percent>27.153807</percent></prevalence><prevalence><age>61</age><sex>1</sex><cat>2</cat><percent>47.65629</percent></prevalence><prevalence><age>61</age><sex>1</sex><cat>3</cat><percent>14.081146</percent></prevalence><prevalence><age>61</age><sex>1</sex><cat>4</cat><percent>5.767375</percent></prevalence><prevalence><age>61</age><sex>1</sex><cat>5</cat><percent>5.341386</percent></prevalence><prevalence><age>62</age><sex>0</sex><cat>1</cat><percent>13.61812</percent></prevalence><prevalence><age>62</age><sex>0</sex><cat>2</cat><percent>37.644424</percent></prevalence><prevalence><age>62</age><sex>0</sex><cat>3</cat><percent>21.095888</percent></prevalence><prevalence><age>62</age><sex>0</sex><cat>4</cat><percent>11.36687</percent></prevalence><prevalence><age>62</age><sex>0</sex><cat>5</cat><percent>16.274696</percent></prevalence><prevalence><age>62</age><sex>1</sex><cat>1</cat><percent>28.057453</percent></prevalence><prevalence><age>62</age><sex>1</sex><cat>2</cat><percent>47.370735</percent></prevalence><prevalence><age>62</age><sex>1</sex><cat>3</cat><percent>13.87326</percent></prevalence><prevalence><age>62</age><sex>1</sex><cat>4</cat><percent>5.5784163</percent></prevalence><prevalence><age>62</age><sex>1</sex><cat>5</cat><percent>5.1201367</percent></prevalence><prevalence><age>63</age><sex>0</sex><cat>1</cat><percent>14.007166</percent></prevalence><prevalence><age>63</age><sex>0</sex><cat>2</cat><percent>38.026745</percent></prevalence><prevalence><age>63</age><sex>0</sex><cat>3</cat><percent>20.996788</percent></prevalence><prevalence><age>63</age><sex>0</sex><cat>4</cat><percent>11.145493</percent></prevalence><prevalence><age>63</age><sex>0</sex><cat>5</cat><percent>15.823807</percent></prevalence><prevalence><age>63</age><sex>1</sex><cat>1</cat><percent>28.961102</percent></prevalence><prevalence><age>63</age><sex>1</sex><cat>2</cat><percent>47.08518</percent></prevalence><prevalence><age>63</age><sex>1</sex><cat>3</cat><percent>13.665373</percent></prevalence><prevalence><age>63</age><sex>1</sex><cat>4</cat><percent>5.389457</percent></prevalence><prevalence><age>63</age><sex>1</sex><cat>5</cat><percent>4.898888</percent></prevalence><prevalence><age>64</age><sex>0</sex><cat>1</cat><percent>14.396213</percent></prevalence><prevalence><age>64</age><sex>0</sex><cat>2</cat><percent>38.40907</percent></prevalence><prevalence><age>64</age><sex>0</sex><cat>3</cat><percent>20.897688</percent></prevalence><prevalence><age>64</age><sex>0</sex><cat>4</cat><percent>10.924115</percent></prevalence><prevalence><age>64</age><sex>0</sex><cat>5</cat><percent>15.372917</percent></prevalence><prevalence><age>64</age><sex>1</sex><cat>1</cat><percent>29.86475</percent></prevalence><prevalence><age>64</age><sex>1</sex><cat>2</cat><percent>46.799625</percent></prevalence><prevalence><age>64</age><sex>1</sex><cat>3</cat><percent>13.457486</percent></prevalence><prevalence><age>64</age><sex>1</sex><cat>4</cat><percent>5.2004986</percent></prevalence><prevalence><age>64</age><sex>1</sex><cat>5</cat><percent>4.6776395</percent></prevalence><prevalence><age>65</age><sex>0</sex><cat>1</cat><percent>14.785259</percent></prevalence><prevalence><age>65</age><sex>0</sex><cat>2</cat><percent>38.79139</percent></prevalence><prevalence><age>65</age><sex>0</sex><cat>3</cat><percent>20.798588</percent></prevalence><prevalence><age>65</age><sex>0</sex><cat>4</cat><percent>10.702738</percent></prevalence><prevalence><age>65</age><sex>0</sex><cat>5</cat><percent>14.922028</percent></prevalence><prevalence><age>65</age><sex>1</sex><cat>1</cat><percent>30.768398</percent></prevalence><prevalence><age>65</age><sex>1</sex><cat>2</cat><percent>46.514072</percent></prevalence><prevalence><age>65</age><sex>1</sex><cat>3</cat><percent>13.249599</percent></prevalence><prevalence><age>65</age><sex>1</sex><cat>4</cat><percent>5.0115395</percent></prevalence><prevalence><age>65</age><sex>1</sex><cat>5</cat><percent>4.4563904</percent></prevalence><prevalence><age>66</age><sex>0</sex><cat>1</cat><percent>15.174305</percent></prevalence><prevalence><age>66</age><sex>0</sex><cat>2</cat><percent>39.17371</percent></prevalence><prevalence><age>66</age><sex>0</sex><cat>3</cat><percent>20.699488</percent></prevalence><prevalence><age>66</age><sex>0</sex><cat>4</cat><percent>10.48136</percent></prevalence><prevalence><age>66</age><sex>0</sex><cat>5</cat><percent>14.471137</percent></prevalence><prevalence><age>66</age><sex>1</sex><cat>1</cat><percent>31.672047</percent></prevalence><prevalence><age>66</age><sex>1</sex><cat>2</cat><percent>46.22852</percent></prevalence><prevalence><age>66</age><sex>1</sex><cat>3</cat><percent>13.041713</percent></prevalence><prevalence><age>66</age><sex>1</sex><cat>4</cat><percent>4.822581</percent></prevalence><prevalence><age>66</age><sex>1</sex><cat>5</cat><percent>4.2351418</percent></prevalence><prevalence><age>67</age><sex>0</sex><cat>1</cat><percent>15.563352</percent></prevalence><prevalence><age>67</age><sex>0</sex><cat>2</cat><percent>39.55603</percent></prevalence><prevalence><age>67</age><sex>0</sex><cat>3</cat><percent>20.600388</percent></prevalence><prevalence><age>67</age><sex>0</sex><cat>4</cat><percent>10.259983</percent></prevalence><prevalence><age>67</age><sex>0</sex><cat>5</cat><percent>14.020247</percent></prevalence><prevalence><age>67</age><sex>1</sex><cat>1</cat><percent>32.575695</percent></prevalence><prevalence><age>67</age><sex>1</sex><cat>2</cat><percent>45.942966</percent></prevalence><prevalence><age>67</age><sex>1</sex><cat>3</cat><percent>12.833826</percent></prevalence><prevalence><age>67</age><sex>1</sex><cat>4</cat><percent>4.633622</percent></prevalence><prevalence><age>67</age><sex>1</sex><cat>5</cat><percent>4.013893</percent></prevalence><prevalence><age>68</age><sex>0</sex><cat>1</cat><percent>15.952397</percent></prevalence><prevalence><age>68</age><sex>0</sex><cat>2</cat><percent>39.93835</percent></prevalence><prevalence><age>68</age><sex>0</sex><cat>3</cat><percent>20.501286</percent></prevalence><prevalence><age>68</age><sex>0</sex><cat>4</cat><percent>10.038606</percent></prevalence><prevalence><age>68</age><sex>0</sex><cat>5</cat><percent>13.569358</percent></prevalence><prevalence><age>68</age><sex>1</sex><cat>1</cat><percent>33.479343</percent></prevalence><prevalence><age>68</age><sex>1</sex><cat>2</cat><percent>45.657413</percent></prevalence><prevalence><age>68</age><sex>1</sex><cat>3</cat><percent>12.625939</percent></prevalence><prevalence><age>68</age><sex>1</sex><cat>4</cat><percent>4.444663</percent></prevalence><prevalence><age>68</age><sex>1</sex><cat>5</cat><percent>3.792644</percent></prevalence><prevalence><age>69</age><sex>0</sex><cat>1</cat><percent>16.341444</percent></prevalence><prevalence><age>69</age><sex>0</sex><cat>2</cat><percent>40.320675</percent></prevalence><prevalence><age>69</age><sex>0</sex><cat>3</cat><percent>20.402185</percent></prevalence><prevalence><age>69</age><sex>0</sex><cat>4</cat><percent>9.817228</percent></prevalence><prevalence><age>69</age><sex>0</sex><cat>5</cat><percent>13.118468</percent></prevalence><prevalence><age>69</age><sex>1</sex><cat>1</cat><percent>34.38299</percent></prevalence><prevalence><age>69</age><sex>1</sex><cat>2</cat><percent>45.371857</percent></prevalence><prevalence><age>69</age><sex>1</sex><cat>3</cat><percent>12.418053</percent></prevalence><prevalence><age>69</age><sex>1</sex><cat>4</cat><percent>4.2557044</percent></prevalence><prevalence><age>69</age><sex>1</sex><cat>5</cat><percent>3.5713954</percent></prevalence><prevalence><age>70</age><sex>0</sex><cat>1</cat><percent>16.73049</percent></prevalence><prevalence><age>70</age><sex>0</sex><cat>2</cat><percent>40.702995</percent></prevalence><prevalence><age>70</age><sex>0</sex><cat>3</cat><percent>20.303085</percent></prevalence><prevalence><age>70</age><sex>0</sex><cat>4</cat><percent>9.595851</percent></prevalence><prevalence><age>70</age><sex>0</sex><cat>5</cat><percent>12.667579</percent></prevalence><prevalence><age>70</age><sex>1</sex><cat>1</cat><percent>35.286636</percent></prevalence><prevalence><age>70</age><sex>1</sex><cat>2</cat><percent>45.086304</percent></prevalence><prevalence><age>70</age><sex>1</sex><cat>3</cat><percent>12.210166</percent></prevalence><prevalence><age>70</age><sex>1</sex><cat>4</cat><percent>4.0667453</percent></prevalence><prevalence><age>70</age><sex>1</sex><cat>5</cat><percent>3.3501465</percent></prevalence><prevalence><age>71</age><sex>0</sex><cat>1</cat><percent>17.119537</percent></prevalence><prevalence><age>71</age><sex>0</sex><cat>2</cat><percent>41.085316</percent></prevalence><prevalence><age>71</age><sex>0</sex><cat>3</cat><percent>20.203985</percent></prevalence><prevalence><age>71</age><sex>0</sex><cat>4</cat><percent>9.374474</percent></prevalence><prevalence><age>71</age><sex>0</sex><cat>5</cat><percent>12.216688</percent></prevalence><prevalence><age>71</age><sex>1</sex><cat>1</cat><percent>36.190285</percent></prevalence><prevalence><age>71</age><sex>1</sex><cat>2</cat><percent>44.80075</percent></prevalence><prevalence><age>71</age><sex>1</sex><cat>3</cat><percent>12.002278</percent></prevalence><prevalence><age>71</age><sex>1</sex><cat>4</cat><percent>3.8777866</percent></prevalence><prevalence><age>71</age><sex>1</sex><cat>5</cat><percent>3.1288977</percent></prevalence><prevalence><age>72</age><sex>0</sex><cat>1</cat><percent>17.508583</percent></prevalence><prevalence><age>72</age><sex>0</sex><cat>2</cat><percent>41.467636</percent></prevalence><prevalence><age>72</age><sex>0</sex><cat>3</cat><percent>20.104885</percent></prevalence><prevalence><age>72</age><sex>0</sex><cat>4</cat><percent>9.153096</percent></prevalence><prevalence><age>72</age><sex>0</sex><cat>5</cat><percent>11.765799</percent></prevalence><prevalence><age>72</age><sex>1</sex><cat>1</cat><percent>37.093933</percent></prevalence><prevalence><age>72</age><sex>1</sex><cat>2</cat><percent>44.515198</percent></prevalence><prevalence><age>72</age><sex>1</sex><cat>3</cat><percent>11.794392</percent></prevalence><prevalence><age>72</age><sex>1</sex><cat>4</cat><percent>3.6888278</percent></prevalence><prevalence><age>72</age><sex>1</sex><cat>5</cat><percent>2.9076488</percent></prevalence><prevalence><age>73</age><sex>0</sex><cat>1</cat><percent>17.897629</percent></prevalence><prevalence><age>73</age><sex>0</sex><cat>2</cat><percent>41.84996</percent></prevalence><prevalence><age>73</age><sex>0</sex><cat>3</cat><percent>20.005785</percent></prevalence><prevalence><age>73</age><sex>0</sex><cat>4</cat><percent>8.931719</percent></prevalence><prevalence><age>73</age><sex>0</sex><cat>5</cat><percent>11.314909</percent></prevalence><prevalence><age>73</age><sex>1</sex><cat>1</cat><percent>37.99758</percent></prevalence><prevalence><age>73</age><sex>1</sex><cat>2</cat><percent>44.229645</percent></prevalence><prevalence><age>73</age><sex>1</sex><cat>3</cat><percent>11.586505</percent></prevalence><prevalence><age>73</age><sex>1</sex><cat>4</cat><percent>3.4998689</percent></prevalence><prevalence><age>73</age><sex>1</sex><cat>5</cat><percent>2.6864002</percent></prevalence><prevalence><age>74</age><sex>0</sex><cat>1</cat><percent>18.286674</percent></prevalence><prevalence><age>74</age><sex>0</sex><cat>2</cat><percent>42.23228</percent></prevalence><prevalence><age>74</age><sex>0</sex><cat>3</cat><percent>19.906683</percent></prevalence><prevalence><age>74</age><sex>0</sex><cat>4</cat><percent>8.710341</percent></prevalence><prevalence><age>74</age><sex>0</sex><cat>5</cat><percent>10.864019</percent></prevalence><prevalence><age>74</age><sex>1</sex><cat>1</cat><percent>38.90123</percent></prevalence><prevalence><age>74</age><sex>1</sex><cat>2</cat><percent>43.94409</percent></prevalence><prevalence><age>74</age><sex>1</sex><cat>3</cat><percent>11.378618</percent></prevalence><prevalence><age>74</age><sex>1</sex><cat>4</cat><percent>3.31091</percent></prevalence><prevalence><age>74</age><sex>1</sex><cat>5</cat><percent>2.4651513</percent></prevalence><prevalence><age>75</age><sex>0</sex><cat>1</cat><percent>18.675722</percent></prevalence><prevalence><age>75</age><sex>0</sex><cat>2</cat><percent>42.6146</percent></prevalence><prevalence><age>75</age><sex>0</sex><cat>3</cat><percent>19.807583</percent></prevalence><prevalence><age>75</age><sex>0</sex><cat>4</cat><percent>8.488964</percent></prevalence><prevalence><age>75</age><sex>0</sex><cat>5</cat><percent>10.41313</percent></prevalence><prevalence><age>75</age><sex>1</sex><cat>1</cat><percent>39.80488</percent></prevalence><prevalence><age>75</age><sex>1</sex><cat>2</cat><percent>43.658535</percent></prevalence><prevalence><age>75</age><sex>1</sex><cat>3</cat><percent>11.170732</percent></prevalence><prevalence><age>75</age><sex>1</sex><cat>4</cat><percent>3.121951</percent></prevalence><prevalence><age>75</age><sex>1</sex><cat>5</cat><percent>2.2439024</percent></prevalence><prevalence><age>76</age><sex>0</sex><cat>1</cat><percent>19.096418</percent></prevalence><prevalence><age>76</age><sex>0</sex><cat>2</cat><percent>43.063526</percent></prevalence><prevalence><age>76</age><sex>0</sex><cat>3</cat><percent>19.397139</percent></prevalence><prevalence><age>76</age><sex>0</sex><cat>4</cat><percent>8.200918</percent></prevalence><prevalence><age>76</age><sex>0</sex><cat>5</cat><percent>10.241999</percent></prevalence><prevalence><age>76</age><sex>1</sex><cat>1</cat><percent>40.89801</percent></prevalence><prevalence><age>76</age><sex>1</sex><cat>2</cat><percent>43.045555</percent></prevalence><prevalence><age>76</age><sex>1</sex><cat>3</cat><percent>10.693578</percent></prevalence><prevalence><age>76</age><sex>1</sex><cat>4</cat><percent>3.0639398</percent></prevalence><prevalence><age>76</age><sex>1</sex><cat>5</cat><percent>2.2989197</percent></prevalence><prevalence><age>77</age><sex>0</sex><cat>1</cat><percent>19.517117</percent></prevalence><prevalence><age>77</age><sex>0</sex><cat>2</cat><percent>43.51245</percent></prevalence><prevalence><age>77</age><sex>0</sex><cat>3</cat><percent>18.986692</percent></prevalence><prevalence><age>77</age><sex>0</sex><cat>4</cat><percent>7.912873</percent></prevalence><prevalence><age>77</age><sex>0</sex><cat>5</cat><percent>10.070867</percent></prevalence><prevalence><age>77</age><sex>1</sex><cat>1</cat><percent>41.991142</percent></prevalence><prevalence><age>77</age><sex>1</sex><cat>2</cat><percent>42.43257</percent></prevalence><prevalence><age>77</age><sex>1</sex><cat>3</cat><percent>10.216423</percent></prevalence><prevalence><age>77</age><sex>1</sex><cat>4</cat><percent>3.0059285</percent></prevalence><prevalence><age>77</age><sex>1</sex><cat>5</cat><percent>2.3539367</percent></prevalence><prevalence><age>78</age><sex>0</sex><cat>1</cat><percent>19.937813</percent></prevalence><prevalence><age>78</age><sex>0</sex><cat>2</cat><percent>43.96138</percent></prevalence><prevalence><age>78</age><sex>0</sex><cat>3</cat><percent>18.576246</percent></prevalence><prevalence><age>78</age><sex>0</sex><cat>4</cat><percent>7.6248274</percent></prevalence><prevalence><age>78</age><sex>0</sex><cat>5</cat><percent>9.899735</percent></prevalence><prevalence><age>78</age><sex>1</sex><cat>1</cat><percent>43.08427</percent></prevalence><prevalence><age>78</age><sex>1</sex><cat>2</cat><percent>41.819588</percent></prevalence><prevalence><age>78</age><sex>1</sex><cat>3</cat><percent>9.739269</percent></prevalence><prevalence><age>78</age><sex>1</sex><cat>4</cat><percent>2.947917</percent></prevalence><prevalence><age>78</age><sex>1</sex><cat>5</cat><percent>2.408954</percent></prevalence><prevalence><age>79</age><sex>0</sex><cat>1</cat><percent>20.358511</percent></prevalence><prevalence><age>79</age><sex>0</sex><cat>2</cat><percent>44.410305</percent></prevalence><prevalence><age>79</age><sex>0</sex><cat>3</cat><percent>18.1658</percent></prevalence><prevalence><age>79</age><sex>0</sex><cat>4</cat><percent>7.3367815</percent></prevalence><prevalence><age>79</age><sex>0</sex><cat>5</cat><percent>9.728604</percent></prevalence><prevalence><age>79</age><sex>1</sex><cat>1</cat><percent>44.177402</percent></prevalence><prevalence><age>79</age><sex>1</sex><cat>2</cat><percent>41.206604</percent></prevalence><prevalence><age>79</age><sex>1</sex><cat>3</cat><percent>9.262115</percent></prevalence><prevalence><age>79</age><sex>1</sex><cat>4</cat><percent>2.8899055</percent></prevalence><prevalence><age>79</age><sex>1</sex><cat>5</cat><percent>2.463971</percent></prevalence><prevalence><age>80</age><sex>0</sex><cat>1</cat><percent>20.779207</percent></prevalence><prevalence><age>80</age><sex>0</sex><cat>2</cat><percent>44.85923</percent></prevalence><prevalence><age>80</age><sex>0</sex><cat>3</cat><percent>17.755356</percent></prevalence><prevalence><age>80</age><sex>0</sex><cat>4</cat><percent>7.0487356</percent></prevalence><prevalence><age>80</age><sex>0</sex><cat>5</cat><percent>9.557472</percent></prevalence><prevalence><age>80</age><sex>1</sex><cat>1</cat><percent>45.270535</percent></prevalence><prevalence><age>80</age><sex>1</sex><cat>2</cat><percent>40.593624</percent></prevalence><prevalence><age>80</age><sex>1</sex><cat>3</cat><percent>8.784961</percent></prevalence><prevalence><age>80</age><sex>1</sex><cat>4</cat><percent>2.8318942</percent></prevalence><prevalence><age>80</age><sex>1</sex><cat>5</cat><percent>2.5189881</percent></prevalence><prevalence><age>81</age><sex>0</sex><cat>1</cat><percent>21.199903</percent></prevalence><prevalence><age>81</age><sex>0</sex><cat>2</cat><percent>45.308155</percent></prevalence><prevalence><age>81</age><sex>0</sex><cat>3</cat><percent>17.34491</percent></prevalence><prevalence><age>81</age><sex>0</sex><cat>4</cat><percent>6.76069</percent></prevalence><prevalence><age>81</age><sex>0</sex><cat>5</cat><percent>9.386341</percent></prevalence><prevalence><age>81</age><sex>1</sex><cat>1</cat><percent>46.363667</percent></prevalence><prevalence><age>81</age><sex>1</sex><cat>2</cat><percent>39.98064</percent></prevalence><prevalence><age>81</age><sex>1</sex><cat>3</cat><percent>8.307806</percent></prevalence><prevalence><age>81</age><sex>1</sex><cat>4</cat><percent>2.7738826</percent></prevalence><prevalence><age>81</age><sex>1</sex><cat>5</cat><percent>2.5740054</percent></prevalence><prevalence><age>82</age><sex>0</sex><cat>1</cat><percent>21.620602</percent></prevalence><prevalence><age>82</age><sex>0</sex><cat>2</cat><percent>45.75708</percent></prevalence><prevalence><age>82</age><sex>0</sex><cat>3</cat><percent>16.934464</percent></prevalence><prevalence><age>82</age><sex>0</sex><cat>4</cat><percent>6.4726443</percent></prevalence><prevalence><age>82</age><sex>0</sex><cat>5</cat><percent>9.21521</percent></prevalence><prevalence><age>82</age><sex>1</sex><cat>1</cat><percent>47.4568</percent></prevalence><prevalence><age>82</age><sex>1</sex><cat>2</cat><percent>39.367657</percent></prevalence><prevalence><age>82</age><sex>1</sex><cat>3</cat><percent>7.8306518</percent></prevalence><prevalence><age>82</age><sex>1</sex><cat>4</cat><percent>2.715871</percent></prevalence><prevalence><age>82</age><sex>1</sex><cat>5</cat><percent>2.6290224</percent></prevalence><prevalence><age>83</age><sex>0</sex><cat>1</cat><percent>22.041298</percent></prevalence><prevalence><age>83</age><sex>0</sex><cat>2</cat><percent>46.206005</percent></prevalence><prevalence><age>83</age><sex>0</sex><cat>3</cat><percent>16.524017</percent></prevalence><prevalence><age>83</age><sex>0</sex><cat>4</cat><percent>6.184599</percent></prevalence><prevalence><age>83</age><sex>0</sex><cat>5</cat><percent>9.044078</percent></prevalence><prevalence><age>83</age><sex>1</sex><cat>1</cat><percent>48.54993</percent></prevalence><prevalence><age>83</age><sex>1</sex><cat>2</cat><percent>38.754673</percent></prevalence><prevalence><age>83</age><sex>1</sex><cat>3</cat><percent>7.3534975</percent></prevalence><prevalence><age>83</age><sex>1</sex><cat>4</cat><percent>2.6578598</percent></prevalence><prevalence><age>83</age><sex>1</sex><cat>5</cat><percent>2.6840396</percent></prevalence><prevalence><age>84</age><sex>0</sex><cat>1</cat><percent>22.461996</percent></prevalence><prevalence><age>84</age><sex>0</sex><cat>2</cat><percent>46.654934</percent></prevalence><prevalence><age>84</age><sex>0</sex><cat>3</cat><percent>16.113571</percent></prevalence><prevalence><age>84</age><sex>0</sex><cat>4</cat><percent>5.896553</percent></prevalence><prevalence><age>84</age><sex>0</sex><cat>5</cat><percent>8.872947</percent></prevalence><prevalence><age>84</age><sex>1</sex><cat>1</cat><percent>49.643063</percent></prevalence><prevalence><age>84</age><sex>1</sex><cat>2</cat><percent>38.14169</percent></prevalence><prevalence><age>84</age><sex>1</sex><cat>3</cat><percent>6.8763433</percent></prevalence><prevalence><age>84</age><sex>1</sex><cat>4</cat><percent>2.5998485</percent></prevalence><prevalence><age>84</age><sex>1</sex><cat>5</cat><percent>2.7390566</percent></prevalence><prevalence><age>85</age><sex>0</sex><cat>1</cat><percent>22.882692</percent></prevalence><prevalence><age>85</age><sex>0</sex><cat>2</cat><percent>47.10386</percent></prevalence><prevalence><age>85</age><sex>0</sex><cat>3</cat><percent>15.703126</percent></prevalence><prevalence><age>85</age><sex>0</sex><cat>4</cat><percent>5.608507</percent></prevalence><prevalence><age>85</age><sex>0</sex><cat>5</cat><percent>8.701816</percent></prevalence><prevalence><age>85</age><sex>1</sex><cat>1</cat><percent>50.73619</percent></prevalence><prevalence><age>85</age><sex>1</sex><cat>2</cat><percent>37.52871</percent></prevalence><prevalence><age>85</age><sex>1</sex><cat>3</cat><percent>6.399189</percent></prevalence><prevalence><age>85</age><sex>1</sex><cat>4</cat><percent>2.541837</percent></prevalence><prevalence><age>85</age><sex>1</sex><cat>5</cat><percent>2.7940738</percent></prevalence><prevalence><age>86</age><sex>0</sex><cat>1</cat><percent>22.882692</percent></prevalence><prevalence><age>86</age><sex>0</sex><cat>2</cat><percent>47.10386</percent></prevalence><prevalence><age>86</age><sex>0</sex><cat>3</cat><percent>15.703126</percent></prevalence><prevalence><age>86</age><sex>0</sex><cat>4</cat><percent>5.608507</percent></prevalence><prevalence><age>86</age><sex>0</sex><cat>5</cat><percent>8.701816</percent></prevalence><prevalence><age>86</age><sex>1</sex><cat>1</cat><percent>50.73619</percent></prevalence><prevalence><age>86</age><sex>1</sex><cat>2</cat><percent>37.52871</percent></prevalence><prevalence><age>86</age><sex>1</sex><cat>3</cat><percent>6.399189</percent></prevalence><prevalence><age>86</age><sex>1</sex><cat>4</cat><percent>2.541837</percent></prevalence><prevalence><age>86</age><sex>1</sex><cat>5</cat><percent>2.7940738</percent></prevalence><prevalence><age>87</age><sex>0</sex><cat>1</cat><percent>22.882692</percent></prevalence><prevalence><age>87</age><sex>0</sex><cat>2</cat><percent>47.10386</percent></prevalence><prevalence><age>87</age><sex>0</sex><cat>3</cat><percent>15.703126</percent></prevalence><prevalence><age>87</age><sex>0</sex><cat>4</cat><percent>5.608507</percent></prevalence><prevalence><age>87</age><sex>0</sex><cat>5</cat><percent>8.701816</percent></prevalence><prevalence><age>87</age><sex>1</sex><cat>1</cat><percent>50.73619</percent></prevalence><prevalence><age>87</age><sex>1</sex><cat>2</cat><percent>37.52871</percent></prevalence><prevalence><age>87</age><sex>1</sex><cat>3</cat><percent>6.399189</percent></prevalence><prevalence><age>87</age><sex>1</sex><cat>4</cat><percent>2.541837</percent></prevalence><prevalence><age>87</age><sex>1</sex><cat>5</cat><percent>2.7940738</percent></prevalence><prevalence><age>88</age><sex>0</sex><cat>1</cat><percent>22.882692</percent></prevalence><prevalence><age>88</age><sex>0</sex><cat>2</cat><percent>47.10386</percent></prevalence><prevalence><age>88</age><sex>0</sex><cat>3</cat><percent>15.703126</percent></prevalence><prevalence><age>88</age><sex>0</sex><cat>4</cat><percent>5.608507</percent></prevalence><prevalence><age>88</age><sex>0</sex><cat>5</cat><percent>8.701816</percent></prevalence><prevalence><age>88</age><sex>1</sex><cat>1</cat><percent>50.73619</percent></prevalence><prevalence><age>88</age><sex>1</sex><cat>2</cat><percent>37.52871</percent></prevalence><prevalence><age>88</age><sex>1</sex><cat>3</cat><percent>6.399189</percent></prevalence><prevalence><age>88</age><sex>1</sex><cat>4</cat><percent>2.541837</percent></prevalence><prevalence><age>88</age><sex>1</sex><cat>5</cat><percent>2.7940738</percent></prevalence><prevalence><age>89</age><sex>0</sex><cat>1</cat><percent>22.882692</percent></prevalence><prevalence><age>89</age><sex>0</sex><cat>2</cat><percent>47.10386</percent></prevalence><prevalence><age>89</age><sex>0</sex><cat>3</cat><percent>15.703126</percent></prevalence><prevalence><age>89</age><sex>0</sex><cat>4</cat><percent>5.608507</percent></prevalence><prevalence><age>89</age><sex>0</sex><cat>5</cat><percent>8.701816</percent></prevalence><prevalence><age>89</age><sex>1</sex><cat>1</cat><percent>50.73619</percent></prevalence><prevalence><age>89</age><sex>1</sex><cat>2</cat><percent>37.52871</percent></prevalence><prevalence><age>89</age><sex>1</sex><cat>3</cat><percent>6.399189</percent></prevalence><prevalence><age>89</age><sex>1</sex><cat>4</cat><percent>2.541837</percent></prevalence><prevalence><age>89</age><sex>1</sex><cat>5</cat><percent>2.7940738</percent></prevalence><prevalence><age>90</age><sex>0</sex><cat>1</cat><percent>22.882692</percent></prevalence><prevalence><age>90</age><sex>0</sex><cat>2</cat><percent>47.10386</percent></prevalence><prevalence><age>90</age><sex>0</sex><cat>3</cat><percent>15.703126</percent></prevalence><prevalence><age>90</age><sex>0</sex><cat>4</cat><percent>5.608507</percent></prevalence><prevalence><age>90</age><sex>0</sex><cat>5</cat><percent>8.701816</percent></prevalence><prevalence><age>90</age><sex>1</sex><cat>1</cat><percent>50.73619</percent></prevalence><prevalence><age>90</age><sex>1</sex><cat>2</cat><percent>37.52871</percent></prevalence><prevalence><age>90</age><sex>1</sex><cat>3</cat><percent>6.399189</percent></prevalence><prevalence><age>90</age><sex>1</sex><cat>4</cat><percent>2.541837</percent></prevalence><prevalence><age>90</age><sex>1</sex><cat>5</cat><percent>2.7940738</percent></prevalence><prevalence><age>91</age><sex>0</sex><cat>1</cat><percent>22.882692</percent></prevalence><prevalence><age>91</age><sex>0</sex><cat>2</cat><percent>47.10386</percent></prevalence><prevalence><age>91</age><sex>0</sex><cat>3</cat><percent>15.703126</percent></prevalence><prevalence><age>91</age><sex>0</sex><cat>4</cat><percent>5.608507</percent></prevalence><prevalence><age>91</age><sex>0</sex><cat>5</cat><percent>8.701816</percent></prevalence><prevalence><age>91</age><sex>1</sex><cat>1</cat><percent>50.73619</percent></prevalence><prevalence><age>91</age><sex>1</sex><cat>2</cat><percent>37.52871</percent></prevalence><prevalence><age>91</age><sex>1</sex><cat>3</cat><percent>6.399189</percent></prevalence><prevalence><age>91</age><sex>1</sex><cat>4</cat><percent>2.541837</percent></prevalence><prevalence><age>91</age><sex>1</sex><cat>5</cat><percent>2.7940738</percent></prevalence><prevalence><age>92</age><sex>0</sex><cat>1</cat><percent>22.882692</percent></prevalence><prevalence><age>92</age><sex>0</sex><cat>2</cat><percent>47.10386</percent></prevalence><prevalence><age>92</age><sex>0</sex><cat>3</cat><percent>15.703126</percent></prevalence><prevalence><age>92</age><sex>0</sex><cat>4</cat><percent>5.608507</percent></prevalence><prevalence><age>92</age><sex>0</sex><cat>5</cat><percent>8.701816</percent></prevalence><prevalence><age>92</age><sex>1</sex><cat>1</cat><percent>50.73619</percent></prevalence><prevalence><age>92</age><sex>1</sex><cat>2</cat><percent>37.52871</percent></prevalence><prevalence><age>92</age><sex>1</sex><cat>3</cat><percent>6.399189</percent></prevalence><prevalence><age>92</age><sex>1</sex><cat>4</cat><percent>2.541837</percent></prevalence><prevalence><age>92</age><sex>1</sex><cat>5</cat><percent>2.7940738</percent></prevalence><prevalence><age>93</age><sex>0</sex><cat>1</cat><percent>22.882692</percent></prevalence><prevalence><age>93</age><sex>0</sex><cat>2</cat><percent>47.10386</percent></prevalence><prevalence><age>93</age><sex>0</sex><cat>3</cat><percent>15.703126</percent></prevalence><prevalence><age>93</age><sex>0</sex><cat>4</cat><percent>5.608507</percent></prevalence><prevalence><age>93</age><sex>0</sex><cat>5</cat><percent>8.701816</percent></prevalence><prevalence><age>93</age><sex>1</sex><cat>1</cat><percent>50.73619</percent></prevalence><prevalence><age>93</age><sex>1</sex><cat>2</cat><percent>37.52871</percent></prevalence><prevalence><age>93</age><sex>1</sex><cat>3</cat><percent>6.399189</percent></prevalence><prevalence><age>93</age><sex>1</sex><cat>4</cat><percent>2.541837</percent></prevalence><prevalence><age>93</age><sex>1</sex><cat>5</cat><percent>2.7940738</percent></prevalence><prevalence><age>94</age><sex>0</sex><cat>1</cat><percent>22.882692</percent></prevalence><prevalence><age>94</age><sex>0</sex><cat>2</cat><percent>47.10386</percent></prevalence><prevalence><age>94</age><sex>0</sex><cat>3</cat><percent>15.703126</percent></prevalence><prevalence><age>94</age><sex>0</sex><cat>4</cat><percent>5.608507</percent></prevalence><prevalence><age>94</age><sex>0</sex><cat>5</cat><percent>8.701816</percent></prevalence><prevalence><age>94</age><sex>1</sex><cat>1</cat><percent>50.73619</percent></prevalence><prevalence><age>94</age><sex>1</sex><cat>2</cat><percent>37.52871</percent></prevalence><prevalence><age>94</age><sex>1</sex><cat>3</cat><percent>6.399189</percent></prevalence><prevalence><age>94</age><sex>1</sex><cat>4</cat><percent>2.541837</percent></prevalence><prevalence><age>94</age><sex>1</sex><cat>5</cat><percent>2.7940738</percent></prevalence><prevalence><age>95</age><sex>0</sex><cat>1</cat><percent>22.882692</percent></prevalence><prevalence><age>95</age><sex>0</sex><cat>2</cat><percent>47.10386</percent></prevalence><prevalence><age>95</age><sex>0</sex><cat>3</cat><percent>15.703126</percent></prevalence><prevalence><age>95</age><sex>0</sex><cat>4</cat><percent>5.608507</percent></prevalence><prevalence><age>95</age><sex>0</sex><cat>5</cat><percent>8.701816</percent></prevalence><prevalence><age>95</age><sex>1</sex><cat>1</cat><percent>50.73619</percent></prevalence><prevalence><age>95</age><sex>1</sex><cat>2</cat><percent>37.52871</percent></prevalence><prevalence><age>95</age><sex>1</sex><cat>3</cat><percent>6.399189</percent></prevalence><prevalence><age>95</age><sex>1</sex><cat>4</cat><percent>2.541837</percent></prevalence><prevalence><age>95</age><sex>1</sex><cat>5</cat><percent>2.7940738</percent></prevalence></riskfactorprevalences_categorical>