<?xml version="1.0"?><diseaseincidences><incidence><age>0</age><sex>0</sex><value>0.0</value></incidence><incidence><age>0</age><sex>1</sex><value>0.0</value></incidence><incidence><age>1</age><sex>0</sex><value>0.0</value></incidence><incidence><age>1</age><sex>1</sex><value>0.0</value></incidence><incidence><age>2</age><sex>0</sex><value>0.0</value></incidence><incidence><age>2</age><sex>1</sex><value>0.0</value></incidence><incidence><age>3</age><sex>0</sex><value>0.0</value></incidence><incidence><age>3</age><sex>1</sex><value>0.0</value></incidence><incidence><age>4</age><sex>0</sex><value>0.0</value></incidence><incidence><age>4</age><sex>1</sex><value>0.0</value></incidence><incidence><age>5</age><sex>0</sex><value>0.0</value></incidence><incidence><age>5</age><sex>1</sex><value>0.0</value></incidence><incidence><age>6</age><sex>0</sex><value>0.0</value></incidence><incidence><age>6</age><sex>1</sex><value>0.0</value></incidence><incidence><age>7</age><sex>0</sex><value>0.0</value></incidence><incidence><age>7</age><sex>1</sex><value>0.0</value></incidence><incidence><age>8</age><sex>0</sex><value>0.0</value></incidence><incidence><age>8</age><sex>1</sex><value>0.0</value></incidence><incidence><age>9</age><sex>0</sex><value>0.0</value></incidence><incidence><age>9</age><sex>1</sex><value>0.0</value></incidence><incidence><age>10</age><sex>0</sex><value>0.0</value></incidence><incidence><age>10</age><sex>1</sex><value>0.0</value></incidence><incidence><age>11</age><sex>0</sex><value>0.0</value></incidence><incidence><age>11</age><sex>1</sex><value>0.0</value></incidence><incidence><age>12</age><sex>0</sex><value>0.0</value></incidence><incidence><age>12</age><sex>1</sex><value>0.0</value></incidence><incidence><age>13</age><sex>0</sex><value>0.0</value></incidence><incidence><age>13</age><sex>1</sex><value>0.0</value></incidence><incidence><age>14</age><sex>0</sex><value>0.0</value></incidence><incidence><age>14</age><sex>1</sex><value>0.0</value></incidence><incidence><age>15</age><sex>0</sex><value>1.8E-6</value></incidence><incidence><age>15</age><sex>1</sex><value>4.0E-7</value></incidence><incidence><age>16</age><sex>0</sex><value>1.6E-6</value></incidence><incidence><age>16</age><sex>1</sex><value>4.0E-7</value></incidence><incidence><age>17</age><sex>0</sex><value>1.6E-6</value></incidence><incidence><age>17</age><sex>1</sex><value>5.0E-7</value></incidence><incidence><age>18</age><sex>0</sex><value>1.8E-6</value></incidence><incidence><age>18</age><sex>1</sex><value>8.0E-7</value></incidence><incidence><age>19</age><sex>0</sex><value>2.3E-6</value></incidence><incidence><age>19</age><sex>1</sex><value>1.2E-6</value></incidence><incidence><age>20</age><sex>0</sex><value>2.8E-6</value></incidence><incidence><age>20</age><sex>1</sex><value>1.7E-6</value></incidence><incidence><age>21</age><sex>0</sex><value>3.3E-6</value></incidence><incidence><age>21</age><sex>1</sex><value>2.3E-6</value></incidence><incidence><age>22</age><sex>0</sex><value>3.6E-6</value></incidence><incidence><age>22</age><sex>1</sex><value>2.9E-6</value></incidence><incidence><age>23</age><sex>0</sex><value>3.8E-6</value></incidence><incidence><age>23</age><sex>1</sex><value>3.4E-6</value></incidence><incidence><age>24</age><sex>0</sex><value>3.9E-6</value></incidence><incidence><age>24</age><sex>1</sex><value>3.8E-6</value></incidence><incidence><age>25</age><sex>0</sex><value>4.1E-6</value></incidence><incidence><age>25</age><sex>1</sex><value>4.2E-6</value></incidence><incidence><age>26</age><sex>0</sex><value>4.5E-6</value></incidence><incidence><age>26</age><sex>1</sex><value>4.6E-6</value></incidence><incidence><age>27</age><sex>0</sex><value>5.3E-6</value></incidence><incidence><age>27</age><sex>1</sex><value>4.9E-6</value></incidence><incidence><age>28</age><sex>0</sex><value>6.6E-6</value></incidence><incidence><age>28</age><sex>1</sex><value>5.2E-6</value></incidence><incidence><age>29</age><sex>0</sex><value>8.4E-6</value></incidence><incidence><age>29</age><sex>1</sex><value>5.5E-6</value></incidence><incidence><age>30</age><sex>0</sex><value>1.06E-5</value></incidence><incidence><age>30</age><sex>1</sex><value>6.0E-6</value></incidence><incidence><age>31</age><sex>0</sex><value>1.32E-5</value></incidence><incidence><age>31</age><sex>1</sex><value>6.8E-6</value></incidence><incidence><age>32</age><sex>0</sex><value>1.63E-5</value></incidence><incidence><age>32</age><sex>1</sex><value>7.8E-6</value></incidence><incidence><age>33</age><sex>0</sex><value>1.97E-5</value></incidence><incidence><age>33</age><sex>1</sex><value>9.2E-6</value></incidence><incidence><age>34</age><sex>0</sex><value>2.39E-5</value></incidence><incidence><age>34</age><sex>1</sex><value>1.09E-5</value></incidence><incidence><age>35</age><sex>0</sex><value>2.93E-5</value></incidence><incidence><age>35</age><sex>1</sex><value>1.27E-5</value></incidence><incidence><age>36</age><sex>0</sex><value>3.65E-5</value></incidence><incidence><age>36</age><sex>1</sex><value>1.45E-5</value></incidence><incidence><age>37</age><sex>0</sex><value>4.59E-5</value></incidence><incidence><age>37</age><sex>1</sex><value>1.6E-5</value></incidence><incidence><age>38</age><sex>0</sex><value>5.77E-5</value></incidence><incidence><age>38</age><sex>1</sex><value>1.73E-5</value></incidence><incidence><age>39</age><sex>0</sex><value>7.21E-5</value></incidence><incidence><age>39</age><sex>1</sex><value>1.86E-5</value></incidence><incidence><age>40</age><sex>0</sex><value>8.89E-5</value></incidence><incidence><age>40</age><sex>1</sex><value>2.03E-5</value></incidence><incidence><age>41</age><sex>0</sex><value>1.08E-4</value></incidence><incidence><age>41</age><sex>1</sex><value>2.28E-5</value></incidence><incidence><age>42</age><sex>0</sex><value>1.29E-4</value></incidence><incidence><age>42</age><sex>1</sex><value>2.66E-5</value></incidence><incidence><age>43</age><sex>0</sex><value>1.53E-4</value></incidence><incidence><age>43</age><sex>1</sex><value>3.18E-5</value></incidence><incidence><age>44</age><sex>0</sex><value>1.79E-4</value></incidence><incidence><age>44</age><sex>1</sex><value>3.84E-5</value></incidence><incidence><age>45</age><sex>0</sex><value>2.07E-4</value></incidence><incidence><age>45</age><sex>1</sex><value>4.6E-5</value></incidence><incidence><age>46</age><sex>0</sex><value>2.38E-4</value></incidence><incidence><age>46</age><sex>1</sex><value>5.45E-5</value></incidence><incidence><age>47</age><sex>0</sex><value>2.72E-4</value></incidence><incidence><age>47</age><sex>1</sex><value>6.34E-5</value></incidence><incidence><age>48</age><sex>0</sex><value>3.09E-4</value></incidence><incidence><age>48</age><sex>1</sex><value>7.27E-5</value></incidence><incidence><age>49</age><sex>0</sex><value>3.46E-4</value></incidence><incidence><age>49</age><sex>1</sex><value>8.19E-5</value></incidence><incidence><age>50</age><sex>0</sex><value>3.82E-4</value></incidence><incidence><age>50</age><sex>1</sex><value>9.07E-5</value></incidence><incidence><age>51</age><sex>0</sex><value>4.14E-4</value></incidence><incidence><age>51</age><sex>1</sex><value>9.87E-5</value></incidence><incidence><age>52</age><sex>0</sex><value>4.38E-4</value></incidence><incidence><age>52</age><sex>1</sex><value>1.06E-4</value></incidence><incidence><age>53</age><sex>0</sex><value>4.55E-4</value></incidence><incidence><age>53</age><sex>1</sex><value>1.11E-4</value></incidence><incidence><age>54</age><sex>0</sex><value>4.65E-4</value></incidence><incidence><age>54</age><sex>1</sex><value>1.16E-4</value></incidence><incidence><age>55</age><sex>0</sex><value>4.7E-4</value></incidence><incidence><age>55</age><sex>1</sex><value>1.18E-4</value></incidence><incidence><age>56</age><sex>0</sex><value>4.73E-4</value></incidence><incidence><age>56</age><sex>1</sex><value>1.2E-4</value></incidence><incidence><age>57</age><sex>0</sex><value>4.76E-4</value></incidence><incidence><age>57</age><sex>1</sex><value>1.19E-4</value></incidence><incidence><age>58</age><sex>0</sex><value>4.81E-4</value></incidence><incidence><age>58</age><sex>1</sex><value>1.18E-4</value></incidence><incidence><age>59</age><sex>0</sex><value>4.87E-4</value></incidence><incidence><age>59</age><sex>1</sex><value>1.15E-4</value></incidence><incidence><age>60</age><sex>0</sex><value>4.94E-4</value></incidence><incidence><age>60</age><sex>1</sex><value>1.11E-4</value></incidence><incidence><age>61</age><sex>0</sex><value>5.01E-4</value></incidence><incidence><age>61</age><sex>1</sex><value>1.08E-4</value></incidence><incidence><age>62</age><sex>0</sex><value>5.05E-4</value></incidence><incidence><age>62</age><sex>1</sex><value>1.05E-4</value></incidence><incidence><age>63</age><sex>0</sex><value>5.07E-4</value></incidence><incidence><age>63</age><sex>1</sex><value>1.02E-4</value></incidence><incidence><age>64</age><sex>0</sex><value>5.07E-4</value></incidence><incidence><age>64</age><sex>1</sex><value>1.0E-4</value></incidence><incidence><age>65</age><sex>0</sex><value>5.04E-4</value></incidence><incidence><age>65</age><sex>1</sex><value>9.96E-5</value></incidence><incidence><age>66</age><sex>0</sex><value>4.97E-4</value></incidence><incidence><age>66</age><sex>1</sex><value>1.0E-4</value></incidence><incidence><age>67</age><sex>0</sex><value>4.88E-4</value></incidence><incidence><age>67</age><sex>1</sex><value>1.02E-4</value></incidence><incidence><age>68</age><sex>0</sex><value>4.76E-4</value></incidence><incidence><age>68</age><sex>1</sex><value>1.05E-4</value></incidence><incidence><age>69</age><sex>0</sex><value>4.61E-4</value></incidence><incidence><age>69</age><sex>1</sex><value>1.08E-4</value></incidence><incidence><age>70</age><sex>0</sex><value>4.46E-4</value></incidence><incidence><age>70</age><sex>1</sex><value>1.12E-4</value></incidence><incidence><age>71</age><sex>0</sex><value>4.31E-4</value></incidence><incidence><age>71</age><sex>1</sex><value>1.16E-4</value></incidence><incidence><age>72</age><sex>0</sex><value>4.17E-4</value></incidence><incidence><age>72</age><sex>1</sex><value>1.19E-4</value></incidence><incidence><age>73</age><sex>0</sex><value>4.07E-4</value></incidence><incidence><age>73</age><sex>1</sex><value>1.2E-4</value></incidence><incidence><age>74</age><sex>0</sex><value>3.99E-4</value></incidence><incidence><age>74</age><sex>1</sex><value>1.21E-4</value></incidence><incidence><age>75</age><sex>0</sex><value>3.94E-4</value></incidence><incidence><age>75</age><sex>1</sex><value>1.21E-4</value></incidence><incidence><age>76</age><sex>0</sex><value>3.92E-4</value></incidence><incidence><age>76</age><sex>1</sex><value>1.23E-4</value></incidence><incidence><age>77</age><sex>0</sex><value>3.92E-4</value></incidence><incidence><age>77</age><sex>1</sex><value>1.26E-4</value></incidence><incidence><age>78</age><sex>0</sex><value>3.96E-4</value></incidence><incidence><age>78</age><sex>1</sex><value>1.31E-4</value></incidence><incidence><age>79</age><sex>0</sex><value>4.01E-4</value></incidence><incidence><age>79</age><sex>1</sex><value>1.38E-4</value></incidence><incidence><age>80</age><sex>0</sex><value>4.07E-4</value></incidence><incidence><age>80</age><sex>1</sex><value>1.47E-4</value></incidence><incidence><age>81</age><sex>0</sex><value>4.11E-4</value></incidence><incidence><age>81</age><sex>1</sex><value>1.58E-4</value></incidence><incidence><age>82</age><sex>0</sex><value>4.13E-4</value></incidence><incidence><age>82</age><sex>1</sex><value>1.7E-4</value></incidence><incidence><age>83</age><sex>0</sex><value>4.11E-4</value></incidence><incidence><age>83</age><sex>1</sex><value>1.83E-4</value></incidence><incidence><age>84</age><sex>0</sex><value>4.06E-4</value></incidence><incidence><age>84</age><sex>1</sex><value>1.97E-4</value></incidence><incidence><age>85</age><sex>0</sex><value>4.0E-4</value></incidence><incidence><age>85</age><sex>1</sex><value>2.09E-4</value></incidence><incidence><age>86</age><sex>0</sex><value>3.94E-4</value></incidence><incidence><age>86</age><sex>1</sex><value>2.2E-4</value></incidence><incidence><age>87</age><sex>0</sex><value>3.88E-4</value></incidence><incidence><age>87</age><sex>1</sex><value>2.29E-4</value></incidence><incidence><age>88</age><sex>0</sex><value>3.85E-4</value></incidence><incidence><age>88</age><sex>1</sex><value>2.34E-4</value></incidence><incidence><age>89</age><sex>0</sex><value>3.83E-4</value></incidence><incidence><age>89</age><sex>1</sex><value>2.37E-4</value></incidence><incidence><age>90</age><sex>0</sex><value>3.83E-4</value></incidence><incidence><age>90</age><sex>1</sex><value>2.38E-4</value></incidence><incidence><age>91</age><sex>0</sex><value>3.83E-4</value></incidence><incidence><age>91</age><sex>1</sex><value>2.38E-4</value></incidence><incidence><age>92</age><sex>0</sex><value>3.84E-4</value></incidence><incidence><age>92</age><sex>1</sex><value>2.37E-4</value></incidence><incidence><age>93</age><sex>0</sex><value>3.84E-4</value></incidence><incidence><age>93</age><sex>1</sex><value>2.37E-4</value></incidence><incidence><age>94</age><sex>0</sex><value>3.85E-4</value></incidence><incidence><age>94</age><sex>1</sex><value>2.36E-4</value></incidence><incidence><age>95</age><sex>0</sex><value>3.85E-4</value></incidence><incidence><age>95</age><sex>1</sex><value>2.37E-4</value></incidence></diseaseincidences>