<?xml version="1.0"?><diseaseprevalences><prevalence><age>0</age><sex>0</sex><percent>0.0</percent></prevalence><prevalence><age>0</age><sex>1</sex><percent>0.0</percent></prevalence><prevalence><age>1</age><sex>0</sex><percent>0.0</percent></prevalence><prevalence><age>1</age><sex>1</sex><percent>0.0</percent></prevalence><prevalence><age>2</age><sex>0</sex><percent>0.0</percent></prevalence><prevalence><age>2</age><sex>1</sex><percent>0.0</percent></prevalence><prevalence><age>3</age><sex>0</sex><percent>0.0</percent></prevalence><prevalence><age>3</age><sex>1</sex><percent>0.0</percent></prevalence><prevalence><age>4</age><sex>0</sex><percent>0.0</percent></prevalence><prevalence><age>4</age><sex>1</sex><percent>0.0</percent></prevalence><prevalence><age>5</age><sex>0</sex><percent>0.0</percent></prevalence><prevalence><age>5</age><sex>1</sex><percent>0.0</percent></prevalence><prevalence><age>6</age><sex>0</sex><percent>0.0</percent></prevalence><prevalence><age>6</age><sex>1</sex><percent>0.0</percent></prevalence><prevalence><age>7</age><sex>0</sex><percent>0.0</percent></prevalence><prevalence><age>7</age><sex>1</sex><percent>0.0</percent></prevalence><prevalence><age>8</age><sex>0</sex><percent>0.0</percent></prevalence><prevalence><age>8</age><sex>1</sex><percent>0.0</percent></prevalence><prevalence><age>9</age><sex>0</sex><percent>0.0</percent></prevalence><prevalence><age>9</age><sex>1</sex><percent>0.0</percent></prevalence><prevalence><age>10</age><sex>0</sex><percent>0.0</percent></prevalence><prevalence><age>10</age><sex>1</sex><percent>0.0</percent></prevalence><prevalence><age>11</age><sex>0</sex><percent>0.0</percent></prevalence><prevalence><age>11</age><sex>1</sex><percent>0.0</percent></prevalence><prevalence><age>12</age><sex>0</sex><percent>0.0</percent></prevalence><prevalence><age>12</age><sex>1</sex><percent>0.0</percent></prevalence><prevalence><age>13</age><sex>0</sex><percent>0.0</percent></prevalence><prevalence><age>13</age><sex>1</sex><percent>0.0</percent></prevalence><prevalence><age>14</age><sex>0</sex><percent>0.0</percent></prevalence><prevalence><age>14</age><sex>1</sex><percent>0.0</percent></prevalence><prevalence><age>15</age><sex>0</sex><percent>8.9E-4</percent></prevalence><prevalence><age>15</age><sex>1</sex><percent>0.00403</percent></prevalence><prevalence><age>16</age><sex>0</sex><percent>0.00119</percent></prevalence><prevalence><age>16</age><sex>1</sex><percent>0.00477</percent></prevalence><prevalence><age>17</age><sex>0</sex><percent>0.00154</percent></prevalence><prevalence><age>17</age><sex>1</sex><percent>0.00554</percent></prevalence><prevalence><age>18</age><sex>0</sex><percent>0.0019</percent></prevalence><prevalence><age>18</age><sex>1</sex><percent>0.00635</percent></prevalence><prevalence><age>19</age><sex>0</sex><percent>0.00226</percent></prevalence><prevalence><age>19</age><sex>1</sex><percent>0.00719</percent></prevalence><prevalence><age>20</age><sex>0</sex><percent>0.00262</percent></prevalence><prevalence><age>20</age><sex>1</sex><percent>0.00807</percent></prevalence><prevalence><age>21</age><sex>0</sex><percent>0.00299</percent></prevalence><prevalence><age>21</age><sex>1</sex><percent>0.00898</percent></prevalence><prevalence><age>22</age><sex>0</sex><percent>0.00337</percent></prevalence><prevalence><age>22</age><sex>1</sex><percent>0.00991</percent></prevalence><prevalence><age>23</age><sex>0</sex><percent>0.0038</percent></prevalence><prevalence><age>23</age><sex>1</sex><percent>0.01084</percent></prevalence><prevalence><age>24</age><sex>0</sex><percent>0.00431</percent></prevalence><prevalence><age>24</age><sex>1</sex><percent>0.01175</percent></prevalence><prevalence><age>25</age><sex>0</sex><percent>0.00493</percent></prevalence><prevalence><age>25</age><sex>1</sex><percent>0.01264</percent></prevalence><prevalence><age>26</age><sex>0</sex><percent>0.00569</percent></prevalence><prevalence><age>26</age><sex>1</sex><percent>0.01353</percent></prevalence><prevalence><age>27</age><sex>0</sex><percent>0.00661</percent></prevalence><prevalence><age>27</age><sex>1</sex><percent>0.01444</percent></prevalence><prevalence><age>28</age><sex>0</sex><percent>0.00774</percent></prevalence><prevalence><age>28</age><sex>1</sex><percent>0.01541</percent></prevalence><prevalence><age>29</age><sex>0</sex><percent>0.00913</percent></prevalence><prevalence><age>29</age><sex>1</sex><percent>0.0165</percent></prevalence><prevalence><age>30</age><sex>0</sex><percent>0.01083</percent></prevalence><prevalence><age>30</age><sex>1</sex><percent>0.01773</percent></prevalence><prevalence><age>31</age><sex>0</sex><percent>0.01292</percent></prevalence><prevalence><age>31</age><sex>1</sex><percent>0.01915</percent></prevalence><prevalence><age>32</age><sex>0</sex><percent>0.01545</percent></prevalence><prevalence><age>32</age><sex>1</sex><percent>0.02077</percent></prevalence><prevalence><age>33</age><sex>0</sex><percent>0.01847</percent></prevalence><prevalence><age>33</age><sex>1</sex><percent>0.02261</percent></prevalence><prevalence><age>34</age><sex>0</sex><percent>0.02197</percent></prevalence><prevalence><age>34</age><sex>1</sex><percent>0.02474</percent></prevalence><prevalence><age>35</age><sex>0</sex><percent>0.02595</percent></prevalence><prevalence><age>35</age><sex>1</sex><percent>0.02721</percent></prevalence><prevalence><age>36</age><sex>0</sex><percent>0.03032</percent></prevalence><prevalence><age>36</age><sex>1</sex><percent>0.03014</percent></prevalence><prevalence><age>37</age><sex>0</sex><percent>0.03504</percent></prevalence><prevalence><age>37</age><sex>1</sex><percent>0.03366</percent></prevalence><prevalence><age>38</age><sex>0</sex><percent>0.04001</percent></prevalence><prevalence><age>38</age><sex>1</sex><percent>0.0379</percent></prevalence><prevalence><age>39</age><sex>0</sex><percent>0.04521</percent></prevalence><prevalence><age>39</age><sex>1</sex><percent>0.043</percent></prevalence><prevalence><age>40</age><sex>0</sex><percent>0.05073</percent></prevalence><prevalence><age>40</age><sex>1</sex><percent>0.04908</percent></prevalence><prevalence><age>41</age><sex>0</sex><percent>0.05674</percent></prevalence><prevalence><age>41</age><sex>1</sex><percent>0.0562</percent></prevalence><prevalence><age>42</age><sex>0</sex><percent>0.06351</percent></prevalence><prevalence><age>42</age><sex>1</sex><percent>0.06442</percent></prevalence><prevalence><age>43</age><sex>0</sex><percent>0.0714</percent></prevalence><prevalence><age>43</age><sex>1</sex><percent>0.07377</percent></prevalence><prevalence><age>44</age><sex>0</sex><percent>0.08079</percent></prevalence><prevalence><age>44</age><sex>1</sex><percent>0.08428</percent></prevalence><prevalence><age>45</age><sex>0</sex><percent>0.09206</percent></prevalence><prevalence><age>45</age><sex>1</sex><percent>0.09604</percent></prevalence><prevalence><age>46</age><sex>0</sex><percent>0.10552</percent></prevalence><prevalence><age>46</age><sex>1</sex><percent>0.10912</percent></prevalence><prevalence><age>47</age><sex>0</sex><percent>0.12149</percent></prevalence><prevalence><age>47</age><sex>1</sex><percent>0.1237</percent></prevalence><prevalence><age>48</age><sex>0</sex><percent>0.14023</percent></prevalence><prevalence><age>48</age><sex>1</sex><percent>0.14001</percent></prevalence><prevalence><age>49</age><sex>0</sex><percent>0.16208</percent></prevalence><prevalence><age>49</age><sex>1</sex><percent>0.15837</percent></prevalence><prevalence><age>50</age><sex>0</sex><percent>0.1875</percent></prevalence><prevalence><age>50</age><sex>1</sex><percent>0.17913</percent></prevalence><prevalence><age>51</age><sex>0</sex><percent>0.21709</percent></prevalence><prevalence><age>51</age><sex>1</sex><percent>0.20267</percent></prevalence><prevalence><age>52</age><sex>0</sex><percent>0.25156</percent></prevalence><prevalence><age>52</age><sex>1</sex><percent>0.22931</percent></prevalence><prevalence><age>53</age><sex>0</sex><percent>0.29171</percent></prevalence><prevalence><age>53</age><sex>1</sex><percent>0.25929</percent></prevalence><prevalence><age>54</age><sex>0</sex><percent>0.33818</percent></prevalence><prevalence><age>54</age><sex>1</sex><percent>0.29272</percent></prevalence><prevalence><age>55</age><sex>0</sex><percent>0.39127</percent></prevalence><prevalence><age>55</age><sex>1</sex><percent>0.3296</percent></prevalence><prevalence><age>56</age><sex>0</sex><percent>0.45086</percent></prevalence><prevalence><age>56</age><sex>1</sex><percent>0.36986</percent></prevalence><prevalence><age>57</age><sex>0</sex><percent>0.51646</percent></prevalence><prevalence><age>57</age><sex>1</sex><percent>0.41336</percent></prevalence><prevalence><age>58</age><sex>0</sex><percent>0.58726</percent></prevalence><prevalence><age>58</age><sex>1</sex><percent>0.45997</percent></prevalence><prevalence><age>59</age><sex>0</sex><percent>0.66255</percent></prevalence><prevalence><age>59</age><sex>1</sex><percent>0.50962</percent></prevalence><prevalence><age>60</age><sex>0</sex><percent>0.74218</percent></prevalence><prevalence><age>60</age><sex>1</sex><percent>0.56231</percent></prevalence><prevalence><age>61</age><sex>0</sex><percent>0.82662</percent></prevalence><prevalence><age>61</age><sex>1</sex><percent>0.61811</percent></prevalence><prevalence><age>62</age><sex>0</sex><percent>0.91695</percent></prevalence><prevalence><age>62</age><sex>1</sex><percent>0.67717</percent></prevalence><prevalence><age>63</age><sex>0</sex><percent>1.01477</percent></prevalence><prevalence><age>63</age><sex>1</sex><percent>0.73967</percent></prevalence><prevalence><age>64</age><sex>0</sex><percent>1.12169</percent></prevalence><prevalence><age>64</age><sex>1</sex><percent>0.80584</percent></prevalence><prevalence><age>65</age><sex>0</sex><percent>1.23882</percent></prevalence><prevalence><age>65</age><sex>1</sex><percent>0.87583</percent></prevalence><prevalence><age>66</age><sex>0</sex><percent>1.36676</percent></prevalence><prevalence><age>66</age><sex>1</sex><percent>0.94976</percent></prevalence><prevalence><age>67</age><sex>0</sex><percent>1.50564</percent></prevalence><prevalence><age>67</age><sex>1</sex><percent>1.02769</percent></prevalence><prevalence><age>68</age><sex>0</sex><percent>1.65519</percent></prevalence><prevalence><age>68</age><sex>1</sex><percent>1.10961</percent></prevalence><prevalence><age>69</age><sex>0</sex><percent>1.81482</percent></prevalence><prevalence><age>69</age><sex>1</sex><percent>1.19551</percent></prevalence><prevalence><age>70</age><sex>0</sex><percent>1.98354</percent></prevalence><prevalence><age>70</age><sex>1</sex><percent>1.28539</percent></prevalence><prevalence><age>71</age><sex>0</sex><percent>2.15987</percent></prevalence><prevalence><age>71</age><sex>1</sex><percent>1.37925</percent></prevalence><prevalence><age>72</age><sex>0</sex><percent>2.34173</percent></prevalence><prevalence><age>72</age><sex>1</sex><percent>1.4771</percent></prevalence><prevalence><age>73</age><sex>0</sex><percent>2.52638</percent></prevalence><prevalence><age>73</age><sex>1</sex><percent>1.57894</percent></prevalence><prevalence><age>74</age><sex>0</sex><percent>2.71131</percent></prevalence><prevalence><age>74</age><sex>1</sex><percent>1.68471</percent></prevalence><prevalence><age>75</age><sex>0</sex><percent>2.89509</percent></prevalence><prevalence><age>75</age><sex>1</sex><percent>1.79443</percent></prevalence><prevalence><age>76</age><sex>0</sex><percent>3.07772</percent></prevalence><prevalence><age>76</age><sex>1</sex><percent>1.90818</percent></prevalence><prevalence><age>77</age><sex>0</sex><percent>3.26072</percent></prevalence><prevalence><age>77</age><sex>1</sex><percent>2.02621</percent></prevalence><prevalence><age>78</age><sex>0</sex><percent>3.44687</percent></prevalence><prevalence><age>78</age><sex>1</sex><percent>2.14883</percent></prevalence><prevalence><age>79</age><sex>0</sex><percent>3.63829</percent></prevalence><prevalence><age>79</age><sex>1</sex><percent>2.2756</percent></prevalence><prevalence><age>80</age><sex>0</sex><percent>3.83437</percent></prevalence><prevalence><age>80</age><sex>1</sex><percent>2.4045</percent></prevalence><prevalence><age>81</age><sex>0</sex><percent>4.03135</percent></prevalence><prevalence><age>81</age><sex>1</sex><percent>2.53164</percent></prevalence><prevalence><age>82</age><sex>0</sex><percent>4.22226</percent></prevalence><prevalence><age>82</age><sex>1</sex><percent>2.65124</percent></prevalence><prevalence><age>83</age><sex>0</sex><percent>4.3975</percent></prevalence><prevalence><age>83</age><sex>1</sex><percent>2.75607</percent></prevalence><prevalence><age>84</age><sex>0</sex><percent>4.54808</percent></prevalence><prevalence><age>84</age><sex>1</sex><percent>2.83966</percent></prevalence><prevalence><age>85</age><sex>0</sex><percent>4.66884</percent></prevalence><prevalence><age>85</age><sex>1</sex><percent>2.8986</percent></prevalence><prevalence><age>86</age><sex>0</sex><percent>4.7592</percent></prevalence><prevalence><age>86</age><sex>1</sex><percent>2.93311</percent></prevalence><prevalence><age>87</age><sex>0</sex><percent>4.82306</percent></prevalence><prevalence><age>87</age><sex>1</sex><percent>2.9468</percent></prevalence><prevalence><age>88</age><sex>0</sex><percent>4.86791</percent></prevalence><prevalence><age>88</age><sex>1</sex><percent>2.94591</percent></prevalence><prevalence><age>89</age><sex>0</sex><percent>4.90207</percent></prevalence><prevalence><age>89</age><sex>1</sex><percent>2.93707</percent></prevalence><prevalence><age>90</age><sex>0</sex><percent>4.93204</percent></prevalence><prevalence><age>90</age><sex>1</sex><percent>2.92524</percent></prevalence><prevalence><age>91</age><sex>0</sex><percent>4.96211</percent></prevalence><prevalence><age>91</age><sex>1</sex><percent>2.91348</percent></prevalence><prevalence><age>92</age><sex>0</sex><percent>4.99448</percent></prevalence><prevalence><age>92</age><sex>1</sex><percent>2.90316</percent></prevalence><prevalence><age>93</age><sex>0</sex><percent>5.02959</percent></prevalence><prevalence><age>93</age><sex>1</sex><percent>2.89426</percent></prevalence><prevalence><age>94</age><sex>0</sex><percent>5.06693</percent></prevalence><prevalence><age>94</age><sex>1</sex><percent>2.88617</percent></prevalence><prevalence><age>95</age><sex>0</sex><percent>5.15968</percent></prevalence><prevalence><age>95</age><sex>1</sex><percent>2.86493</percent></prevalence></diseaseprevalences>