<?xml version="1.0"?><diseaseprevalences><prevalence><age>0</age><sex>0</sex><percent>0.0</percent></prevalence><prevalence><age>0</age><sex>1</sex><percent>0.0</percent></prevalence><prevalence><age>1</age><sex>0</sex><percent>0.0</percent></prevalence><prevalence><age>1</age><sex>1</sex><percent>0.0</percent></prevalence><prevalence><age>2</age><sex>0</sex><percent>0.0</percent></prevalence><prevalence><age>2</age><sex>1</sex><percent>0.0</percent></prevalence><prevalence><age>3</age><sex>0</sex><percent>0.0</percent></prevalence><prevalence><age>3</age><sex>1</sex><percent>0.0</percent></prevalence><prevalence><age>4</age><sex>0</sex><percent>0.0</percent></prevalence><prevalence><age>4</age><sex>1</sex><percent>0.0</percent></prevalence><prevalence><age>5</age><sex>0</sex><percent>0.0</percent></prevalence><prevalence><age>5</age><sex>1</sex><percent>0.0</percent></prevalence><prevalence><age>6</age><sex>0</sex><percent>0.0</percent></prevalence><prevalence><age>6</age><sex>1</sex><percent>0.0</percent></prevalence><prevalence><age>7</age><sex>0</sex><percent>0.0</percent></prevalence><prevalence><age>7</age><sex>1</sex><percent>0.0</percent></prevalence><prevalence><age>8</age><sex>0</sex><percent>0.0</percent></prevalence><prevalence><age>8</age><sex>1</sex><percent>0.0</percent></prevalence><prevalence><age>9</age><sex>0</sex><percent>0.0</percent></prevalence><prevalence><age>9</age><sex>1</sex><percent>0.0</percent></prevalence><prevalence><age>10</age><sex>0</sex><percent>0.0</percent></prevalence><prevalence><age>10</age><sex>1</sex><percent>0.0</percent></prevalence><prevalence><age>11</age><sex>0</sex><percent>0.0</percent></prevalence><prevalence><age>11</age><sex>1</sex><percent>0.0</percent></prevalence><prevalence><age>12</age><sex>0</sex><percent>0.0</percent></prevalence><prevalence><age>12</age><sex>1</sex><percent>0.0</percent></prevalence><prevalence><age>13</age><sex>0</sex><percent>0.0</percent></prevalence><prevalence><age>13</age><sex>1</sex><percent>0.0</percent></prevalence><prevalence><age>14</age><sex>0</sex><percent>0.0</percent></prevalence><prevalence><age>14</age><sex>1</sex><percent>0.0</percent></prevalence><prevalence><age>15</age><sex>0</sex><percent>0.00182</percent></prevalence><prevalence><age>15</age><sex>1</sex><percent>0.00125</percent></prevalence><prevalence><age>16</age><sex>0</sex><percent>0.00216</percent></prevalence><prevalence><age>16</age><sex>1</sex><percent>0.00144</percent></prevalence><prevalence><age>17</age><sex>0</sex><percent>0.00252</percent></prevalence><prevalence><age>17</age><sex>1</sex><percent>0.00165</percent></prevalence><prevalence><age>18</age><sex>0</sex><percent>0.00289</percent></prevalence><prevalence><age>18</age><sex>1</sex><percent>0.00191</percent></prevalence><prevalence><age>19</age><sex>0</sex><percent>0.00325</percent></prevalence><prevalence><age>19</age><sex>1</sex><percent>0.00222</percent></prevalence><prevalence><age>20</age><sex>0</sex><percent>0.00361</percent></prevalence><prevalence><age>20</age><sex>1</sex><percent>0.00259</percent></prevalence><prevalence><age>21</age><sex>0</sex><percent>0.00396</percent></prevalence><prevalence><age>21</age><sex>1</sex><percent>0.00303</percent></prevalence><prevalence><age>22</age><sex>0</sex><percent>0.0043</percent></prevalence><prevalence><age>22</age><sex>1</sex><percent>0.00354</percent></prevalence><prevalence><age>23</age><sex>0</sex><percent>0.00464</percent></prevalence><prevalence><age>23</age><sex>1</sex><percent>0.00412</percent></prevalence><prevalence><age>24</age><sex>0</sex><percent>0.00501</percent></prevalence><prevalence><age>24</age><sex>1</sex><percent>0.00475</percent></prevalence><prevalence><age>25</age><sex>0</sex><percent>0.00541</percent></prevalence><prevalence><age>25</age><sex>1</sex><percent>0.00543</percent></prevalence><prevalence><age>26</age><sex>0</sex><percent>0.00585</percent></prevalence><prevalence><age>26</age><sex>1</sex><percent>0.00615</percent></prevalence><prevalence><age>27</age><sex>0</sex><percent>0.00635</percent></prevalence><prevalence><age>27</age><sex>1</sex><percent>0.00691</percent></prevalence><prevalence><age>28</age><sex>0</sex><percent>0.0069</percent></prevalence><prevalence><age>28</age><sex>1</sex><percent>0.00768</percent></prevalence><prevalence><age>29</age><sex>0</sex><percent>0.00754</percent></prevalence><prevalence><age>29</age><sex>1</sex><percent>0.00847</percent></prevalence><prevalence><age>30</age><sex>0</sex><percent>0.00826</percent></prevalence><prevalence><age>30</age><sex>1</sex><percent>0.00928</percent></prevalence><prevalence><age>31</age><sex>0</sex><percent>0.0091</percent></prevalence><prevalence><age>31</age><sex>1</sex><percent>0.01009</percent></prevalence><prevalence><age>32</age><sex>0</sex><percent>0.01008</percent></prevalence><prevalence><age>32</age><sex>1</sex><percent>0.01093</percent></prevalence><prevalence><age>33</age><sex>0</sex><percent>0.01121</percent></prevalence><prevalence><age>33</age><sex>1</sex><percent>0.0118</percent></prevalence><prevalence><age>34</age><sex>0</sex><percent>0.01253</percent></prevalence><prevalence><age>34</age><sex>1</sex><percent>0.01273</percent></prevalence><prevalence><age>35</age><sex>0</sex><percent>0.01406</percent></prevalence><prevalence><age>35</age><sex>1</sex><percent>0.01374</percent></prevalence><prevalence><age>36</age><sex>0</sex><percent>0.01582</percent></prevalence><prevalence><age>36</age><sex>1</sex><percent>0.01485</percent></prevalence><prevalence><age>37</age><sex>0</sex><percent>0.01786</percent></prevalence><prevalence><age>37</age><sex>1</sex><percent>0.01609</percent></prevalence><prevalence><age>38</age><sex>0</sex><percent>0.02021</percent></prevalence><prevalence><age>38</age><sex>1</sex><percent>0.01749</percent></prevalence><prevalence><age>39</age><sex>0</sex><percent>0.02294</percent></prevalence><prevalence><age>39</age><sex>1</sex><percent>0.01909</percent></prevalence><prevalence><age>40</age><sex>0</sex><percent>0.02615</percent></prevalence><prevalence><age>40</age><sex>1</sex><percent>0.02093</percent></prevalence><prevalence><age>41</age><sex>0</sex><percent>0.02994</percent></prevalence><prevalence><age>41</age><sex>1</sex><percent>0.02308</percent></prevalence><prevalence><age>42</age><sex>0</sex><percent>0.03445</percent></prevalence><prevalence><age>42</age><sex>1</sex><percent>0.02562</percent></prevalence><prevalence><age>43</age><sex>0</sex><percent>0.0398</percent></prevalence><prevalence><age>43</age><sex>1</sex><percent>0.02863</percent></prevalence><prevalence><age>44</age><sex>0</sex><percent>0.0461</percent></prevalence><prevalence><age>44</age><sex>1</sex><percent>0.03219</percent></prevalence><prevalence><age>45</age><sex>0</sex><percent>0.05342</percent></prevalence><prevalence><age>45</age><sex>1</sex><percent>0.03638</percent></prevalence><prevalence><age>46</age><sex>0</sex><percent>0.06182</percent></prevalence><prevalence><age>46</age><sex>1</sex><percent>0.04126</percent></prevalence><prevalence><age>47</age><sex>0</sex><percent>0.07132</percent></prevalence><prevalence><age>47</age><sex>1</sex><percent>0.04685</percent></prevalence><prevalence><age>48</age><sex>0</sex><percent>0.08196</percent></prevalence><prevalence><age>48</age><sex>1</sex><percent>0.05319</percent></prevalence><prevalence><age>49</age><sex>0</sex><percent>0.09379</percent></prevalence><prevalence><age>49</age><sex>1</sex><percent>0.06027</percent></prevalence><prevalence><age>50</age><sex>0</sex><percent>0.10687</percent></prevalence><prevalence><age>50</age><sex>1</sex><percent>0.0681</percent></prevalence><prevalence><age>51</age><sex>0</sex><percent>0.12126</percent></prevalence><prevalence><age>51</age><sex>1</sex><percent>0.07669</percent></prevalence><prevalence><age>52</age><sex>0</sex><percent>0.13702</percent></prevalence><prevalence><age>52</age><sex>1</sex><percent>0.08602</percent></prevalence><prevalence><age>53</age><sex>0</sex><percent>0.15418</percent></prevalence><prevalence><age>53</age><sex>1</sex><percent>0.09609</percent></prevalence><prevalence><age>54</age><sex>0</sex><percent>0.17275</percent></prevalence><prevalence><age>54</age><sex>1</sex><percent>0.10686</percent></prevalence><prevalence><age>55</age><sex>0</sex><percent>0.19266</percent></prevalence><prevalence><age>55</age><sex>1</sex><percent>0.11824</percent></prevalence><prevalence><age>56</age><sex>0</sex><percent>0.21381</percent></prevalence><prevalence><age>56</age><sex>1</sex><percent>0.13008</percent></prevalence><prevalence><age>57</age><sex>0</sex><percent>0.23606</percent></prevalence><prevalence><age>57</age><sex>1</sex><percent>0.14219</percent></prevalence><prevalence><age>58</age><sex>0</sex><percent>0.25918</percent></prevalence><prevalence><age>58</age><sex>1</sex><percent>0.15434</percent></prevalence><prevalence><age>59</age><sex>0</sex><percent>0.28299</percent></prevalence><prevalence><age>59</age><sex>1</sex><percent>0.16632</percent></prevalence><prevalence><age>60</age><sex>0</sex><percent>0.30733</percent></prevalence><prevalence><age>60</age><sex>1</sex><percent>0.17801</percent></prevalence><prevalence><age>61</age><sex>0</sex><percent>0.33211</percent></prevalence><prevalence><age>61</age><sex>1</sex><percent>0.1894</percent></prevalence><prevalence><age>62</age><sex>0</sex><percent>0.35728</percent></prevalence><prevalence><age>62</age><sex>1</sex><percent>0.20056</percent></prevalence><prevalence><age>63</age><sex>0</sex><percent>0.38289</percent></prevalence><prevalence><age>63</age><sex>1</sex><percent>0.21163</percent></prevalence><prevalence><age>64</age><sex>0</sex><percent>0.40899</percent></prevalence><prevalence><age>64</age><sex>1</sex><percent>0.22279</percent></prevalence><prevalence><age>65</age><sex>0</sex><percent>0.43564</percent></prevalence><prevalence><age>65</age><sex>1</sex><percent>0.23414</percent></prevalence><prevalence><age>66</age><sex>0</sex><percent>0.4629</percent></prevalence><prevalence><age>66</age><sex>1</sex><percent>0.24572</percent></prevalence><prevalence><age>67</age><sex>0</sex><percent>0.49082</percent></prevalence><prevalence><age>67</age><sex>1</sex><percent>0.25753</percent></prevalence><prevalence><age>68</age><sex>0</sex><percent>0.5194</percent></prevalence><prevalence><age>68</age><sex>1</sex><percent>0.26953</percent></prevalence><prevalence><age>69</age><sex>0</sex><percent>0.5486</percent></prevalence><prevalence><age>69</age><sex>1</sex><percent>0.28167</percent></prevalence><prevalence><age>70</age><sex>0</sex><percent>0.57826</percent></prevalence><prevalence><age>70</age><sex>1</sex><percent>0.29392</percent></prevalence><prevalence><age>71</age><sex>0</sex><percent>0.60811</percent></prevalence><prevalence><age>71</age><sex>1</sex><percent>0.30628</percent></prevalence><prevalence><age>72</age><sex>0</sex><percent>0.63781</percent></prevalence><prevalence><age>72</age><sex>1</sex><percent>0.31877</percent></prevalence><prevalence><age>73</age><sex>0</sex><percent>0.66696</percent></prevalence><prevalence><age>73</age><sex>1</sex><percent>0.33142</percent></prevalence><prevalence><age>74</age><sex>0</sex><percent>0.6952</percent></prevalence><prevalence><age>74</age><sex>1</sex><percent>0.34425</percent></prevalence><prevalence><age>75</age><sex>0</sex><percent>0.72239</percent></prevalence><prevalence><age>75</age><sex>1</sex><percent>0.35727</percent></prevalence><prevalence><age>76</age><sex>0</sex><percent>0.74856</percent></prevalence><prevalence><age>76</age><sex>1</sex><percent>0.37051</percent></prevalence><prevalence><age>77</age><sex>0</sex><percent>0.77396</percent></prevalence><prevalence><age>77</age><sex>1</sex><percent>0.38398</percent></prevalence><prevalence><age>78</age><sex>0</sex><percent>0.79896</percent></prevalence><prevalence><age>78</age><sex>1</sex><percent>0.3977</percent></prevalence><prevalence><age>79</age><sex>0</sex><percent>0.82395</percent></prevalence><prevalence><age>79</age><sex>1</sex><percent>0.41165</percent></prevalence><prevalence><age>80</age><sex>0</sex><percent>0.84906</percent></prevalence><prevalence><age>80</age><sex>1</sex><percent>0.4257</percent></prevalence><prevalence><age>81</age><sex>0</sex><percent>0.87423</percent></prevalence><prevalence><age>81</age><sex>1</sex><percent>0.43965</percent></prevalence><prevalence><age>82</age><sex>0</sex><percent>0.89916</percent></prevalence><prevalence><age>82</age><sex>1</sex><percent>0.45318</percent></prevalence><prevalence><age>83</age><sex>0</sex><percent>0.92336</percent></prevalence><prevalence><age>83</age><sex>1</sex><percent>0.46589</percent></prevalence><prevalence><age>84</age><sex>0</sex><percent>0.94636</percent></prevalence><prevalence><age>84</age><sex>1</sex><percent>0.47743</percent></prevalence><prevalence><age>85</age><sex>0</sex><percent>0.96789</percent></prevalence><prevalence><age>85</age><sex>1</sex><percent>0.48757</percent></prevalence><prevalence><age>86</age><sex>0</sex><percent>0.98789</percent></prevalence><prevalence><age>86</age><sex>1</sex><percent>0.49631</percent></prevalence><prevalence><age>87</age><sex>0</sex><percent>1.00653</percent></prevalence><prevalence><age>87</age><sex>1</sex><percent>0.5038</percent></prevalence><prevalence><age>88</age><sex>0</sex><percent>1.02416</percent></prevalence><prevalence><age>88</age><sex>1</sex><percent>0.51038</percent></prevalence><prevalence><age>89</age><sex>0</sex><percent>1.04121</percent></prevalence><prevalence><age>89</age><sex>1</sex><percent>0.51642</percent></prevalence><prevalence><age>90</age><sex>0</sex><percent>1.05801</percent></prevalence><prevalence><age>90</age><sex>1</sex><percent>0.52222</percent></prevalence><prevalence><age>91</age><sex>0</sex><percent>1.07479</percent></prevalence><prevalence><age>91</age><sex>1</sex><percent>0.52801</percent></prevalence><prevalence><age>92</age><sex>0</sex><percent>1.0917</percent></prevalence><prevalence><age>92</age><sex>1</sex><percent>0.53389</percent></prevalence><prevalence><age>93</age><sex>0</sex><percent>1.10877</percent></prevalence><prevalence><age>93</age><sex>1</sex><percent>0.5399</percent></prevalence><prevalence><age>94</age><sex>0</sex><percent>1.12601</percent></prevalence><prevalence><age>94</age><sex>1</sex><percent>0.54604</percent></prevalence><prevalence><age>95</age><sex>0</sex><percent>1.17256</percent></prevalence><prevalence><age>95</age><sex>1</sex><percent>0.5636</percent></prevalence></diseaseprevalences>