<?xml version="1.0"?><diseaseprevalences><prevalence><age>0</age><sex>0</sex><percent>0.0</percent></prevalence><prevalence><age>0</age><sex>1</sex><percent>0.0</percent></prevalence><prevalence><age>1</age><sex>0</sex><percent>0.0</percent></prevalence><prevalence><age>1</age><sex>1</sex><percent>0.0</percent></prevalence><prevalence><age>2</age><sex>0</sex><percent>0.0</percent></prevalence><prevalence><age>2</age><sex>1</sex><percent>0.0</percent></prevalence><prevalence><age>3</age><sex>0</sex><percent>0.0</percent></prevalence><prevalence><age>3</age><sex>1</sex><percent>0.0</percent></prevalence><prevalence><age>4</age><sex>0</sex><percent>0.0</percent></prevalence><prevalence><age>4</age><sex>1</sex><percent>0.0</percent></prevalence><prevalence><age>5</age><sex>0</sex><percent>0.0</percent></prevalence><prevalence><age>5</age><sex>1</sex><percent>0.0</percent></prevalence><prevalence><age>6</age><sex>0</sex><percent>0.0</percent></prevalence><prevalence><age>6</age><sex>1</sex><percent>0.0</percent></prevalence><prevalence><age>7</age><sex>0</sex><percent>0.0</percent></prevalence><prevalence><age>7</age><sex>1</sex><percent>0.0</percent></prevalence><prevalence><age>8</age><sex>0</sex><percent>0.0</percent></prevalence><prevalence><age>8</age><sex>1</sex><percent>0.0</percent></prevalence><prevalence><age>9</age><sex>0</sex><percent>0.0</percent></prevalence><prevalence><age>9</age><sex>1</sex><percent>0.0</percent></prevalence><prevalence><age>10</age><sex>0</sex><percent>0.0</percent></prevalence><prevalence><age>10</age><sex>1</sex><percent>0.0</percent></prevalence><prevalence><age>11</age><sex>0</sex><percent>0.0</percent></prevalence><prevalence><age>11</age><sex>1</sex><percent>0.0</percent></prevalence><prevalence><age>12</age><sex>0</sex><percent>0.0</percent></prevalence><prevalence><age>12</age><sex>1</sex><percent>0.0</percent></prevalence><prevalence><age>13</age><sex>0</sex><percent>0.0</percent></prevalence><prevalence><age>13</age><sex>1</sex><percent>0.0</percent></prevalence><prevalence><age>14</age><sex>0</sex><percent>0.0</percent></prevalence><prevalence><age>14</age><sex>1</sex><percent>0.0</percent></prevalence><prevalence><age>15</age><sex>0</sex><percent>0.0</percent></prevalence><prevalence><age>15</age><sex>1</sex><percent>5.0E-4</percent></prevalence><prevalence><age>16</age><sex>0</sex><percent>0.0</percent></prevalence><prevalence><age>16</age><sex>1</sex><percent>5.0E-4</percent></prevalence><prevalence><age>17</age><sex>0</sex><percent>0.0</percent></prevalence><prevalence><age>17</age><sex>1</sex><percent>5.0E-4</percent></prevalence><prevalence><age>18</age><sex>0</sex><percent>0.0</percent></prevalence><prevalence><age>18</age><sex>1</sex><percent>5.0E-4</percent></prevalence><prevalence><age>19</age><sex>0</sex><percent>0.0</percent></prevalence><prevalence><age>19</age><sex>1</sex><percent>5.0E-4</percent></prevalence><prevalence><age>20</age><sex>0</sex><percent>0.0</percent></prevalence><prevalence><age>20</age><sex>1</sex><percent>5.0E-4</percent></prevalence><prevalence><age>21</age><sex>0</sex><percent>0.0</percent></prevalence><prevalence><age>21</age><sex>1</sex><percent>5.1E-4</percent></prevalence><prevalence><age>22</age><sex>0</sex><percent>1.0E-5</percent></prevalence><prevalence><age>22</age><sex>1</sex><percent>5.1E-4</percent></prevalence><prevalence><age>23</age><sex>0</sex><percent>1.0E-5</percent></prevalence><prevalence><age>23</age><sex>1</sex><percent>5.3E-4</percent></prevalence><prevalence><age>24</age><sex>0</sex><percent>1.0E-5</percent></prevalence><prevalence><age>24</age><sex>1</sex><percent>5.7E-4</percent></prevalence><prevalence><age>25</age><sex>0</sex><percent>1.0E-5</percent></prevalence><prevalence><age>25</age><sex>1</sex><percent>6.2E-4</percent></prevalence><prevalence><age>26</age><sex>0</sex><percent>1.0E-5</percent></prevalence><prevalence><age>26</age><sex>1</sex><percent>6.8E-4</percent></prevalence><prevalence><age>27</age><sex>0</sex><percent>2.0E-5</percent></prevalence><prevalence><age>27</age><sex>1</sex><percent>7.6E-4</percent></prevalence><prevalence><age>28</age><sex>0</sex><percent>6.0E-5</percent></prevalence><prevalence><age>28</age><sex>1</sex><percent>8.3E-4</percent></prevalence><prevalence><age>29</age><sex>0</sex><percent>1.3E-4</percent></prevalence><prevalence><age>29</age><sex>1</sex><percent>9.0E-4</percent></prevalence><prevalence><age>30</age><sex>0</sex><percent>2.3E-4</percent></prevalence><prevalence><age>30</age><sex>1</sex><percent>9.5E-4</percent></prevalence><prevalence><age>31</age><sex>0</sex><percent>3.7E-4</percent></prevalence><prevalence><age>31</age><sex>1</sex><percent>9.8E-4</percent></prevalence><prevalence><age>32</age><sex>0</sex><percent>5.5E-4</percent></prevalence><prevalence><age>32</age><sex>1</sex><percent>0.0010</percent></prevalence><prevalence><age>33</age><sex>0</sex><percent>7.5E-4</percent></prevalence><prevalence><age>33</age><sex>1</sex><percent>0.00101</percent></prevalence><prevalence><age>34</age><sex>0</sex><percent>9.8E-4</percent></prevalence><prevalence><age>34</age><sex>1</sex><percent>0.00101</percent></prevalence><prevalence><age>35</age><sex>0</sex><percent>0.00122</percent></prevalence><prevalence><age>35</age><sex>1</sex><percent>0.00101</percent></prevalence><prevalence><age>36</age><sex>0</sex><percent>0.00147</percent></prevalence><prevalence><age>36</age><sex>1</sex><percent>0.00102</percent></prevalence><prevalence><age>37</age><sex>0</sex><percent>0.00176</percent></prevalence><prevalence><age>37</age><sex>1</sex><percent>0.00103</percent></prevalence><prevalence><age>38</age><sex>0</sex><percent>0.00208</percent></prevalence><prevalence><age>38</age><sex>1</sex><percent>0.00106</percent></prevalence><prevalence><age>39</age><sex>0</sex><percent>0.00245</percent></prevalence><prevalence><age>39</age><sex>1</sex><percent>0.0011</percent></prevalence><prevalence><age>40</age><sex>0</sex><percent>0.00287</percent></prevalence><prevalence><age>40</age><sex>1</sex><percent>0.00114</percent></prevalence><prevalence><age>41</age><sex>0</sex><percent>0.00336</percent></prevalence><prevalence><age>41</age><sex>1</sex><percent>0.0012</percent></prevalence><prevalence><age>42</age><sex>0</sex><percent>0.00392</percent></prevalence><prevalence><age>42</age><sex>1</sex><percent>0.00126</percent></prevalence><prevalence><age>43</age><sex>0</sex><percent>0.00457</percent></prevalence><prevalence><age>43</age><sex>1</sex><percent>0.00133</percent></prevalence><prevalence><age>44</age><sex>0</sex><percent>0.00533</percent></prevalence><prevalence><age>44</age><sex>1</sex><percent>0.0014</percent></prevalence><prevalence><age>45</age><sex>0</sex><percent>0.00621</percent></prevalence><prevalence><age>45</age><sex>1</sex><percent>0.00148</percent></prevalence><prevalence><age>46</age><sex>0</sex><percent>0.00725</percent></prevalence><prevalence><age>46</age><sex>1</sex><percent>0.00155</percent></prevalence><prevalence><age>47</age><sex>0</sex><percent>0.00846</percent></prevalence><prevalence><age>47</age><sex>1</sex><percent>0.00162</percent></prevalence><prevalence><age>48</age><sex>0</sex><percent>0.00989</percent></prevalence><prevalence><age>48</age><sex>1</sex><percent>0.00169</percent></prevalence><prevalence><age>49</age><sex>0</sex><percent>0.01155</percent></prevalence><prevalence><age>49</age><sex>1</sex><percent>0.00176</percent></prevalence><prevalence><age>50</age><sex>0</sex><percent>0.01346</percent></prevalence><prevalence><age>50</age><sex>1</sex><percent>0.00182</percent></prevalence><prevalence><age>51</age><sex>0</sex><percent>0.01566</percent></prevalence><prevalence><age>51</age><sex>1</sex><percent>0.00189</percent></prevalence><prevalence><age>52</age><sex>0</sex><percent>0.01814</percent></prevalence><prevalence><age>52</age><sex>1</sex><percent>0.00197</percent></prevalence><prevalence><age>53</age><sex>0</sex><percent>0.02091</percent></prevalence><prevalence><age>53</age><sex>1</sex><percent>0.00209</percent></prevalence><prevalence><age>54</age><sex>0</sex><percent>0.02394</percent></prevalence><prevalence><age>54</age><sex>1</sex><percent>0.00226</percent></prevalence><prevalence><age>55</age><sex>0</sex><percent>0.0272</percent></prevalence><prevalence><age>55</age><sex>1</sex><percent>0.00247</percent></prevalence><prevalence><age>56</age><sex>0</sex><percent>0.0306</percent></prevalence><prevalence><age>56</age><sex>1</sex><percent>0.00274</percent></prevalence><prevalence><age>57</age><sex>0</sex><percent>0.03406</percent></prevalence><prevalence><age>57</age><sex>1</sex><percent>0.00304</percent></prevalence><prevalence><age>58</age><sex>0</sex><percent>0.03745</percent></prevalence><prevalence><age>58</age><sex>1</sex><percent>0.00336</percent></prevalence><prevalence><age>59</age><sex>0</sex><percent>0.04065</percent></prevalence><prevalence><age>59</age><sex>1</sex><percent>0.00369</percent></prevalence><prevalence><age>60</age><sex>0</sex><percent>0.04357</percent></prevalence><prevalence><age>60</age><sex>1</sex><percent>0.00401</percent></prevalence><prevalence><age>61</age><sex>0</sex><percent>0.04616</percent></prevalence><prevalence><age>61</age><sex>1</sex><percent>0.00434</percent></prevalence><prevalence><age>62</age><sex>0</sex><percent>0.04839</percent></prevalence><prevalence><age>62</age><sex>1</sex><percent>0.00469</percent></prevalence><prevalence><age>63</age><sex>0</sex><percent>0.05032</percent></prevalence><prevalence><age>63</age><sex>1</sex><percent>0.00511</percent></prevalence><prevalence><age>64</age><sex>0</sex><percent>0.05199</percent></prevalence><prevalence><age>64</age><sex>1</sex><percent>0.0056</percent></prevalence><prevalence><age>65</age><sex>0</sex><percent>0.05348</percent></prevalence><prevalence><age>65</age><sex>1</sex><percent>0.00618</percent></prevalence><prevalence><age>66</age><sex>0</sex><percent>0.05488</percent></prevalence><prevalence><age>66</age><sex>1</sex><percent>0.00685</percent></prevalence><prevalence><age>67</age><sex>0</sex><percent>0.05628</percent></prevalence><prevalence><age>67</age><sex>1</sex><percent>0.00757</percent></prevalence><prevalence><age>68</age><sex>0</sex><percent>0.05776</percent></prevalence><prevalence><age>68</age><sex>1</sex><percent>0.00832</percent></prevalence><prevalence><age>69</age><sex>0</sex><percent>0.05936</percent></prevalence><prevalence><age>69</age><sex>1</sex><percent>0.00905</percent></prevalence><prevalence><age>70</age><sex>0</sex><percent>0.06107</percent></prevalence><prevalence><age>70</age><sex>1</sex><percent>0.00975</percent></prevalence><prevalence><age>71</age><sex>0</sex><percent>0.06279</percent></prevalence><prevalence><age>71</age><sex>1</sex><percent>0.01043</percent></prevalence><prevalence><age>72</age><sex>0</sex><percent>0.06437</percent></prevalence><prevalence><age>72</age><sex>1</sex><percent>0.0111</percent></prevalence><prevalence><age>73</age><sex>0</sex><percent>0.06561</percent></prevalence><prevalence><age>73</age><sex>1</sex><percent>0.01181</percent></prevalence><prevalence><age>74</age><sex>0</sex><percent>0.06634</percent></prevalence><prevalence><age>74</age><sex>1</sex><percent>0.0126</percent></prevalence><prevalence><age>75</age><sex>0</sex><percent>0.06648</percent></prevalence><prevalence><age>75</age><sex>1</sex><percent>0.01349</percent></prevalence><prevalence><age>76</age><sex>0</sex><percent>0.06605</percent></prevalence><prevalence><age>76</age><sex>1</sex><percent>0.01452</percent></prevalence><prevalence><age>77</age><sex>0</sex><percent>0.06518</percent></prevalence><prevalence><age>77</age><sex>1</sex><percent>0.01567</percent></prevalence><prevalence><age>78</age><sex>0</sex><percent>0.06401</percent></prevalence><prevalence><age>78</age><sex>1</sex><percent>0.01694</percent></prevalence><prevalence><age>79</age><sex>0</sex><percent>0.06277</percent></prevalence><prevalence><age>79</age><sex>1</sex><percent>0.01828</percent></prevalence><prevalence><age>80</age><sex>0</sex><percent>0.06165</percent></prevalence><prevalence><age>80</age><sex>1</sex><percent>0.01964</percent></prevalence><prevalence><age>81</age><sex>0</sex><percent>0.06087</percent></prevalence><prevalence><age>81</age><sex>1</sex><percent>0.02095</percent></prevalence><prevalence><age>82</age><sex>0</sex><percent>0.06066</percent></prevalence><prevalence><age>82</age><sex>1</sex><percent>0.02214</percent></prevalence><prevalence><age>83</age><sex>0</sex><percent>0.06126</percent></prevalence><prevalence><age>83</age><sex>1</sex><percent>0.02315</percent></prevalence><prevalence><age>84</age><sex>0</sex><percent>0.06281</percent></prevalence><prevalence><age>84</age><sex>1</sex><percent>0.02397</percent></prevalence><prevalence><age>85</age><sex>0</sex><percent>0.06535</percent></prevalence><prevalence><age>85</age><sex>1</sex><percent>0.02461</percent></prevalence><prevalence><age>86</age><sex>0</sex><percent>0.06875</percent></prevalence><prevalence><age>86</age><sex>1</sex><percent>0.0251</percent></prevalence><prevalence><age>87</age><sex>0</sex><percent>0.07278</percent></prevalence><prevalence><age>87</age><sex>1</sex><percent>0.02547</percent></prevalence><prevalence><age>88</age><sex>0</sex><percent>0.07717</percent></prevalence><prevalence><age>88</age><sex>1</sex><percent>0.02576</percent></prevalence><prevalence><age>89</age><sex>0</sex><percent>0.08168</percent></prevalence><prevalence><age>89</age><sex>1</sex><percent>0.02601</percent></prevalence><prevalence><age>90</age><sex>0</sex><percent>0.08615</percent></prevalence><prevalence><age>90</age><sex>1</sex><percent>0.02625</percent></prevalence><prevalence><age>91</age><sex>0</sex><percent>0.09053</percent></prevalence><prevalence><age>91</age><sex>1</sex><percent>0.02648</percent></prevalence><prevalence><age>92</age><sex>0</sex><percent>0.09483</percent></prevalence><prevalence><age>92</age><sex>1</sex><percent>0.02671</percent></prevalence><prevalence><age>93</age><sex>0</sex><percent>0.09908</percent></prevalence><prevalence><age>93</age><sex>1</sex><percent>0.02693</percent></prevalence><prevalence><age>94</age><sex>0</sex><percent>0.10334</percent></prevalence><prevalence><age>94</age><sex>1</sex><percent>0.02715</percent></prevalence><prevalence><age>95</age><sex>0</sex><percent>0.11227</percent></prevalence><prevalence><age>95</age><sex>1</sex><percent>0.02753</percent></prevalence></diseaseprevalences>