<?xml version="1.0"?><diseaseincidences><incidence><age>0</age><sex>0</sex><value>0.0</value></incidence><incidence><age>0</age><sex>1</sex><value>0.0</value></incidence><incidence><age>1</age><sex>0</sex><value>0.0</value></incidence><incidence><age>1</age><sex>1</sex><value>0.0</value></incidence><incidence><age>2</age><sex>0</sex><value>0.0</value></incidence><incidence><age>2</age><sex>1</sex><value>0.0</value></incidence><incidence><age>3</age><sex>0</sex><value>0.0</value></incidence><incidence><age>3</age><sex>1</sex><value>0.0</value></incidence><incidence><age>4</age><sex>0</sex><value>0.0</value></incidence><incidence><age>4</age><sex>1</sex><value>0.0</value></incidence><incidence><age>5</age><sex>0</sex><value>0.0</value></incidence><incidence><age>5</age><sex>1</sex><value>0.0</value></incidence><incidence><age>6</age><sex>0</sex><value>0.0</value></incidence><incidence><age>6</age><sex>1</sex><value>0.0</value></incidence><incidence><age>7</age><sex>0</sex><value>0.0</value></incidence><incidence><age>7</age><sex>1</sex><value>0.0</value></incidence><incidence><age>8</age><sex>0</sex><value>0.0</value></incidence><incidence><age>8</age><sex>1</sex><value>0.0</value></incidence><incidence><age>9</age><sex>0</sex><value>0.0</value></incidence><incidence><age>9</age><sex>1</sex><value>0.0</value></incidence><incidence><age>10</age><sex>0</sex><value>0.0</value></incidence><incidence><age>10</age><sex>1</sex><value>0.0</value></incidence><incidence><age>11</age><sex>0</sex><value>0.0</value></incidence><incidence><age>11</age><sex>1</sex><value>0.0</value></incidence><incidence><age>12</age><sex>0</sex><value>0.0</value></incidence><incidence><age>12</age><sex>1</sex><value>0.0</value></incidence><incidence><age>13</age><sex>0</sex><value>0.0</value></incidence><incidence><age>13</age><sex>1</sex><value>0.0</value></incidence><incidence><age>14</age><sex>0</sex><value>0.0</value></incidence><incidence><age>14</age><sex>1</sex><value>0.0</value></incidence><incidence><age>15</age><sex>0</sex><value>0.0</value></incidence><incidence><age>15</age><sex>1</sex><value>0.0</value></incidence><incidence><age>16</age><sex>0</sex><value>0.0</value></incidence><incidence><age>16</age><sex>1</sex><value>4.0E-7</value></incidence><incidence><age>17</age><sex>0</sex><value>0.0</value></incidence><incidence><age>17</age><sex>1</sex><value>1.2E-6</value></incidence><incidence><age>18</age><sex>0</sex><value>0.0</value></incidence><incidence><age>18</age><sex>1</sex><value>2.4E-6</value></incidence><incidence><age>19</age><sex>0</sex><value>0.0</value></incidence><incidence><age>19</age><sex>1</sex><value>4.1E-6</value></incidence><incidence><age>20</age><sex>0</sex><value>0.0</value></incidence><incidence><age>20</age><sex>1</sex><value>6.3E-6</value></incidence><incidence><age>21</age><sex>0</sex><value>0.0</value></incidence><incidence><age>21</age><sex>1</sex><value>9.2E-6</value></incidence><incidence><age>22</age><sex>0</sex><value>0.0</value></incidence><incidence><age>22</age><sex>1</sex><value>1.26E-5</value></incidence><incidence><age>23</age><sex>0</sex><value>0.0</value></incidence><incidence><age>23</age><sex>1</sex><value>1.67E-5</value></incidence><incidence><age>24</age><sex>0</sex><value>0.0</value></incidence><incidence><age>24</age><sex>1</sex><value>2.24E-5</value></incidence><incidence><age>25</age><sex>0</sex><value>0.0</value></incidence><incidence><age>25</age><sex>1</sex><value>3.05E-5</value></incidence><incidence><age>26</age><sex>0</sex><value>0.0</value></incidence><incidence><age>26</age><sex>1</sex><value>4.17E-5</value></incidence><incidence><age>27</age><sex>0</sex><value>0.0</value></incidence><incidence><age>27</age><sex>1</sex><value>5.71E-5</value></incidence><incidence><age>28</age><sex>0</sex><value>0.0</value></incidence><incidence><age>28</age><sex>1</sex><value>7.73E-5</value></incidence><incidence><age>29</age><sex>0</sex><value>0.0</value></incidence><incidence><age>29</age><sex>1</sex><value>1.02E-4</value></incidence><incidence><age>30</age><sex>0</sex><value>0.0</value></incidence><incidence><age>30</age><sex>1</sex><value>1.32E-4</value></incidence><incidence><age>31</age><sex>0</sex><value>0.0</value></incidence><incidence><age>31</age><sex>1</sex><value>1.65E-4</value></incidence><incidence><age>32</age><sex>0</sex><value>0.0</value></incidence><incidence><age>32</age><sex>1</sex><value>2.03E-4</value></incidence><incidence><age>33</age><sex>0</sex><value>0.0</value></incidence><incidence><age>33</age><sex>1</sex><value>2.45E-4</value></incidence><incidence><age>34</age><sex>0</sex><value>0.0</value></incidence><incidence><age>34</age><sex>1</sex><value>2.92E-4</value></incidence><incidence><age>35</age><sex>0</sex><value>0.0</value></incidence><incidence><age>35</age><sex>1</sex><value>3.47E-4</value></incidence><incidence><age>36</age><sex>0</sex><value>0.0</value></incidence><incidence><age>36</age><sex>1</sex><value>4.1E-4</value></incidence><incidence><age>37</age><sex>0</sex><value>0.0</value></incidence><incidence><age>37</age><sex>1</sex><value>4.83E-4</value></incidence><incidence><age>38</age><sex>0</sex><value>0.0</value></incidence><incidence><age>38</age><sex>1</sex><value>5.69E-4</value></incidence><incidence><age>39</age><sex>0</sex><value>0.0</value></incidence><incidence><age>39</age><sex>1</sex><value>6.66E-4</value></incidence><incidence><age>40</age><sex>0</sex><value>0.0</value></incidence><incidence><age>40</age><sex>1</sex><value>7.75E-4</value></incidence><incidence><age>41</age><sex>0</sex><value>0.0</value></incidence><incidence><age>41</age><sex>1</sex><value>8.96E-4</value></incidence><incidence><age>42</age><sex>0</sex><value>0.0</value></incidence><incidence><age>42</age><sex>1</sex><value>0.001029</value></incidence><incidence><age>43</age><sex>0</sex><value>0.0</value></incidence><incidence><age>43</age><sex>1</sex><value>0.001173</value></incidence><incidence><age>44</age><sex>0</sex><value>0.0</value></incidence><incidence><age>44</age><sex>1</sex><value>0.001323</value></incidence><incidence><age>45</age><sex>0</sex><value>0.0</value></incidence><incidence><age>45</age><sex>1</sex><value>0.001475</value></incidence><incidence><age>46</age><sex>0</sex><value>0.0</value></incidence><incidence><age>46</age><sex>1</sex><value>0.001623</value></incidence><incidence><age>47</age><sex>0</sex><value>0.0</value></incidence><incidence><age>47</age><sex>1</sex><value>0.001761</value></incidence><incidence><age>48</age><sex>0</sex><value>0.0</value></incidence><incidence><age>48</age><sex>1</sex><value>0.001887</value></incidence><incidence><age>49</age><sex>0</sex><value>0.0</value></incidence><incidence><age>49</age><sex>1</sex><value>0.002001</value></incidence><incidence><age>50</age><sex>0</sex><value>0.0</value></incidence><incidence><age>50</age><sex>1</sex><value>0.002108</value></incidence><incidence><age>51</age><sex>0</sex><value>0.0</value></incidence><incidence><age>51</age><sex>1</sex><value>0.002212</value></incidence><incidence><age>52</age><sex>0</sex><value>0.0</value></incidence><incidence><age>52</age><sex>1</sex><value>0.002316</value></incidence><incidence><age>53</age><sex>0</sex><value>0.0</value></incidence><incidence><age>53</age><sex>1</sex><value>0.002422</value></incidence><incidence><age>54</age><sex>0</sex><value>0.0</value></incidence><incidence><age>54</age><sex>1</sex><value>0.002532</value></incidence><incidence><age>55</age><sex>0</sex><value>0.0</value></incidence><incidence><age>55</age><sex>1</sex><value>0.002644</value></incidence><incidence><age>56</age><sex>0</sex><value>0.0</value></incidence><incidence><age>56</age><sex>1</sex><value>0.002758</value></incidence><incidence><age>57</age><sex>0</sex><value>0.0</value></incidence><incidence><age>57</age><sex>1</sex><value>0.002874</value></incidence><incidence><age>58</age><sex>0</sex><value>0.0</value></incidence><incidence><age>58</age><sex>1</sex><value>0.00299</value></incidence><incidence><age>59</age><sex>0</sex><value>0.0</value></incidence><incidence><age>59</age><sex>1</sex><value>0.003103</value></incidence><incidence><age>60</age><sex>0</sex><value>0.0</value></incidence><incidence><age>60</age><sex>1</sex><value>0.003208</value></incidence><incidence><age>61</age><sex>0</sex><value>0.0</value></incidence><incidence><age>61</age><sex>1</sex><value>0.0033</value></incidence><incidence><age>62</age><sex>0</sex><value>0.0</value></incidence><incidence><age>62</age><sex>1</sex><value>0.003376</value></incidence><incidence><age>63</age><sex>0</sex><value>0.0</value></incidence><incidence><age>63</age><sex>1</sex><value>0.003432</value></incidence><incidence><age>64</age><sex>0</sex><value>0.0</value></incidence><incidence><age>64</age><sex>1</sex><value>0.00347</value></incidence><incidence><age>65</age><sex>0</sex><value>0.0</value></incidence><incidence><age>65</age><sex>1</sex><value>0.003491</value></incidence><incidence><age>66</age><sex>0</sex><value>0.0</value></incidence><incidence><age>66</age><sex>1</sex><value>0.0035</value></incidence><incidence><age>67</age><sex>0</sex><value>0.0</value></incidence><incidence><age>67</age><sex>1</sex><value>0.003497</value></incidence><incidence><age>68</age><sex>0</sex><value>0.0</value></incidence><incidence><age>68</age><sex>1</sex><value>0.003486</value></incidence><incidence><age>69</age><sex>0</sex><value>0.0</value></incidence><incidence><age>69</age><sex>1</sex><value>0.003471</value></incidence><incidence><age>70</age><sex>0</sex><value>0.0</value></incidence><incidence><age>70</age><sex>1</sex><value>0.003454</value></incidence><incidence><age>71</age><sex>0</sex><value>0.0</value></incidence><incidence><age>71</age><sex>1</sex><value>0.003441</value></incidence><incidence><age>72</age><sex>0</sex><value>0.0</value></incidence><incidence><age>72</age><sex>1</sex><value>0.003435</value></incidence><incidence><age>73</age><sex>0</sex><value>0.0</value></incidence><incidence><age>73</age><sex>1</sex><value>0.003439</value></incidence><incidence><age>74</age><sex>0</sex><value>0.0</value></incidence><incidence><age>74</age><sex>1</sex><value>0.00345</value></incidence><incidence><age>75</age><sex>0</sex><value>0.0</value></incidence><incidence><age>75</age><sex>1</sex><value>0.003467</value></incidence><incidence><age>76</age><sex>0</sex><value>0.0</value></incidence><incidence><age>76</age><sex>1</sex><value>0.003487</value></incidence><incidence><age>77</age><sex>0</sex><value>0.0</value></incidence><incidence><age>77</age><sex>1</sex><value>0.003508</value></incidence><incidence><age>78</age><sex>0</sex><value>0.0</value></incidence><incidence><age>78</age><sex>1</sex><value>0.003528</value></incidence><incidence><age>79</age><sex>0</sex><value>0.0</value></incidence><incidence><age>79</age><sex>1</sex><value>0.003547</value></incidence><incidence><age>80</age><sex>0</sex><value>0.0</value></incidence><incidence><age>80</age><sex>1</sex><value>0.003567</value></incidence><incidence><age>81</age><sex>0</sex><value>0.0</value></incidence><incidence><age>81</age><sex>1</sex><value>0.003591</value></incidence><incidence><age>82</age><sex>0</sex><value>0.0</value></incidence><incidence><age>82</age><sex>1</sex><value>0.003618</value></incidence><incidence><age>83</age><sex>0</sex><value>0.0</value></incidence><incidence><age>83</age><sex>1</sex><value>0.003651</value></incidence><incidence><age>84</age><sex>0</sex><value>0.0</value></incidence><incidence><age>84</age><sex>1</sex><value>0.003687</value></incidence><incidence><age>85</age><sex>0</sex><value>0.0</value></incidence><incidence><age>85</age><sex>1</sex><value>0.003722</value></incidence><incidence><age>86</age><sex>0</sex><value>0.0</value></incidence><incidence><age>86</age><sex>1</sex><value>0.003754</value></incidence><incidence><age>87</age><sex>0</sex><value>0.0</value></incidence><incidence><age>87</age><sex>1</sex><value>0.003779</value></incidence><incidence><age>88</age><sex>0</sex><value>0.0</value></incidence><incidence><age>88</age><sex>1</sex><value>0.003795</value></incidence><incidence><age>89</age><sex>0</sex><value>0.0</value></incidence><incidence><age>89</age><sex>1</sex><value>0.003803</value></incidence><incidence><age>90</age><sex>0</sex><value>0.0</value></incidence><incidence><age>90</age><sex>1</sex><value>0.003806</value></incidence><incidence><age>91</age><sex>0</sex><value>0.0</value></incidence><incidence><age>91</age><sex>1</sex><value>0.003805</value></incidence><incidence><age>92</age><sex>0</sex><value>0.0</value></incidence><incidence><age>92</age><sex>1</sex><value>0.003803</value></incidence><incidence><age>93</age><sex>0</sex><value>0.0</value></incidence><incidence><age>93</age><sex>1</sex><value>0.003801</value></incidence><incidence><age>94</age><sex>0</sex><value>0.0</value></incidence><incidence><age>94</age><sex>1</sex><value>0.0038</value></incidence><incidence><age>95</age><sex>0</sex><value>0.0</value></incidence><incidence><age>95</age><sex>1</sex><value>0.003801</value></incidence></diseaseincidences>