<?xml version="1.0"?><diseaseincidences><incidence><age>0</age><sex>0</sex><value>0.0</value></incidence><incidence><age>0</age><sex>1</sex><value>0.0</value></incidence><incidence><age>1</age><sex>0</sex><value>0.0</value></incidence><incidence><age>1</age><sex>1</sex><value>0.0</value></incidence><incidence><age>2</age><sex>0</sex><value>0.0</value></incidence><incidence><age>2</age><sex>1</sex><value>0.0</value></incidence><incidence><age>3</age><sex>0</sex><value>0.0</value></incidence><incidence><age>3</age><sex>1</sex><value>0.0</value></incidence><incidence><age>4</age><sex>0</sex><value>0.0</value></incidence><incidence><age>4</age><sex>1</sex><value>0.0</value></incidence><incidence><age>5</age><sex>0</sex><value>0.0</value></incidence><incidence><age>5</age><sex>1</sex><value>0.0</value></incidence><incidence><age>6</age><sex>0</sex><value>0.0</value></incidence><incidence><age>6</age><sex>1</sex><value>0.0</value></incidence><incidence><age>7</age><sex>0</sex><value>0.0</value></incidence><incidence><age>7</age><sex>1</sex><value>0.0</value></incidence><incidence><age>8</age><sex>0</sex><value>0.0</value></incidence><incidence><age>8</age><sex>1</sex><value>0.0</value></incidence><incidence><age>9</age><sex>0</sex><value>0.0</value></incidence><incidence><age>9</age><sex>1</sex><value>0.0</value></incidence><incidence><age>10</age><sex>0</sex><value>0.0</value></incidence><incidence><age>10</age><sex>1</sex><value>0.0</value></incidence><incidence><age>11</age><sex>0</sex><value>0.0</value></incidence><incidence><age>11</age><sex>1</sex><value>0.0</value></incidence><incidence><age>12</age><sex>0</sex><value>0.0</value></incidence><incidence><age>12</age><sex>1</sex><value>0.0</value></incidence><incidence><age>13</age><sex>0</sex><value>0.0</value></incidence><incidence><age>13</age><sex>1</sex><value>0.0</value></incidence><incidence><age>14</age><sex>0</sex><value>0.0</value></incidence><incidence><age>14</age><sex>1</sex><value>0.0</value></incidence><incidence><age>15</age><sex>0</sex><value>1.1E-6</value></incidence><incidence><age>15</age><sex>1</sex><value>1.1E-6</value></incidence><incidence><age>16</age><sex>0</sex><value>1.2E-6</value></incidence><incidence><age>16</age><sex>1</sex><value>1.0E-6</value></incidence><incidence><age>17</age><sex>0</sex><value>1.4E-6</value></incidence><incidence><age>17</age><sex>1</sex><value>9.0E-7</value></incidence><incidence><age>18</age><sex>0</sex><value>1.7E-6</value></incidence><incidence><age>18</age><sex>1</sex><value>7.0E-7</value></incidence><incidence><age>19</age><sex>0</sex><value>2.1E-6</value></incidence><incidence><age>19</age><sex>1</sex><value>5.0E-7</value></incidence><incidence><age>20</age><sex>0</sex><value>2.6E-6</value></incidence><incidence><age>20</age><sex>1</sex><value>4.0E-7</value></incidence><incidence><age>21</age><sex>0</sex><value>3.1E-6</value></incidence><incidence><age>21</age><sex>1</sex><value>4.0E-7</value></incidence><incidence><age>22</age><sex>0</sex><value>3.6E-6</value></incidence><incidence><age>22</age><sex>1</sex><value>6.0E-7</value></incidence><incidence><age>23</age><sex>0</sex><value>4.0E-6</value></incidence><incidence><age>23</age><sex>1</sex><value>1.0E-6</value></incidence><incidence><age>24</age><sex>0</sex><value>4.4E-6</value></incidence><incidence><age>24</age><sex>1</sex><value>1.6E-6</value></incidence><incidence><age>25</age><sex>0</sex><value>4.8E-6</value></incidence><incidence><age>25</age><sex>1</sex><value>2.3E-6</value></incidence><incidence><age>26</age><sex>0</sex><value>5.3E-6</value></incidence><incidence><age>26</age><sex>1</sex><value>3.0E-6</value></incidence><incidence><age>27</age><sex>0</sex><value>5.7E-6</value></incidence><incidence><age>27</age><sex>1</sex><value>3.7E-6</value></incidence><incidence><age>28</age><sex>0</sex><value>6.4E-6</value></incidence><incidence><age>28</age><sex>1</sex><value>4.3E-6</value></incidence><incidence><age>29</age><sex>0</sex><value>7.2E-6</value></incidence><incidence><age>29</age><sex>1</sex><value>4.9E-6</value></incidence><incidence><age>30</age><sex>0</sex><value>8.6E-6</value></incidence><incidence><age>30</age><sex>1</sex><value>5.6E-6</value></incidence><incidence><age>31</age><sex>0</sex><value>1.05E-5</value></incidence><incidence><age>31</age><sex>1</sex><value>6.5E-6</value></incidence><incidence><age>32</age><sex>0</sex><value>1.32E-5</value></incidence><incidence><age>32</age><sex>1</sex><value>7.7E-6</value></incidence><incidence><age>33</age><sex>0</sex><value>1.68E-5</value></incidence><incidence><age>33</age><sex>1</sex><value>9.3E-6</value></incidence><incidence><age>34</age><sex>0</sex><value>2.15E-5</value></incidence><incidence><age>34</age><sex>1</sex><value>1.14E-5</value></incidence><incidence><age>35</age><sex>0</sex><value>2.75E-5</value></incidence><incidence><age>35</age><sex>1</sex><value>1.43E-5</value></incidence><incidence><age>36</age><sex>0</sex><value>3.47E-5</value></incidence><incidence><age>36</age><sex>1</sex><value>1.81E-5</value></incidence><incidence><age>37</age><sex>0</sex><value>4.35E-5</value></incidence><incidence><age>37</age><sex>1</sex><value>2.28E-5</value></incidence><incidence><age>38</age><sex>0</sex><value>5.43E-5</value></incidence><incidence><age>38</age><sex>1</sex><value>2.88E-5</value></incidence><incidence><age>39</age><sex>0</sex><value>6.91E-5</value></incidence><incidence><age>39</age><sex>1</sex><value>3.61E-5</value></incidence><incidence><age>40</age><sex>0</sex><value>9.02E-5</value></incidence><incidence><age>40</age><sex>1</sex><value>4.47E-5</value></incidence><incidence><age>41</age><sex>0</sex><value>1.2E-4</value></incidence><incidence><age>41</age><sex>1</sex><value>5.47E-5</value></incidence><incidence><age>42</age><sex>0</sex><value>1.61E-4</value></incidence><incidence><age>42</age><sex>1</sex><value>6.63E-5</value></incidence><incidence><age>43</age><sex>0</sex><value>2.15E-4</value></incidence><incidence><age>43</age><sex>1</sex><value>7.94E-5</value></incidence><incidence><age>44</age><sex>0</sex><value>2.81E-4</value></incidence><incidence><age>44</age><sex>1</sex><value>9.45E-5</value></incidence><incidence><age>45</age><sex>0</sex><value>3.59E-4</value></incidence><incidence><age>45</age><sex>1</sex><value>1.12E-4</value></incidence><incidence><age>46</age><sex>0</sex><value>4.49E-4</value></incidence><incidence><age>46</age><sex>1</sex><value>1.32E-4</value></incidence><incidence><age>47</age><sex>0</sex><value>5.48E-4</value></incidence><incidence><age>47</age><sex>1</sex><value>1.54E-4</value></incidence><incidence><age>48</age><sex>0</sex><value>6.57E-4</value></incidence><incidence><age>48</age><sex>1</sex><value>1.8E-4</value></incidence><incidence><age>49</age><sex>0</sex><value>7.77E-4</value></incidence><incidence><age>49</age><sex>1</sex><value>2.09E-4</value></incidence><incidence><age>50</age><sex>0</sex><value>9.06E-4</value></incidence><incidence><age>50</age><sex>1</sex><value>2.39E-4</value></incidence><incidence><age>51</age><sex>0</sex><value>0.001047</value></incidence><incidence><age>51</age><sex>1</sex><value>2.7E-4</value></incidence><incidence><age>52</age><sex>0</sex><value>0.001198</value></incidence><incidence><age>52</age><sex>1</sex><value>3.01E-4</value></incidence><incidence><age>53</age><sex>0</sex><value>0.001362</value></incidence><incidence><age>53</age><sex>1</sex><value>3.32E-4</value></incidence><incidence><age>54</age><sex>0</sex><value>0.001537</value></incidence><incidence><age>54</age><sex>1</sex><value>3.63E-4</value></incidence><incidence><age>55</age><sex>0</sex><value>0.001722</value></incidence><incidence><age>55</age><sex>1</sex><value>3.93E-4</value></incidence><incidence><age>56</age><sex>0</sex><value>0.001918</value></incidence><incidence><age>56</age><sex>1</sex><value>4.25E-4</value></incidence><incidence><age>57</age><sex>0</sex><value>0.002122</value></incidence><incidence><age>57</age><sex>1</sex><value>4.57E-4</value></incidence><incidence><age>58</age><sex>0</sex><value>0.002336</value></incidence><incidence><age>58</age><sex>1</sex><value>4.89E-4</value></incidence><incidence><age>59</age><sex>0</sex><value>0.002555</value></incidence><incidence><age>59</age><sex>1</sex><value>5.23E-4</value></incidence><incidence><age>60</age><sex>0</sex><value>0.00278</value></incidence><incidence><age>60</age><sex>1</sex><value>5.58E-4</value></incidence><incidence><age>61</age><sex>0</sex><value>0.003006</value></incidence><incidence><age>61</age><sex>1</sex><value>5.93E-4</value></incidence><incidence><age>62</age><sex>0</sex><value>0.003233</value></incidence><incidence><age>62</age><sex>1</sex><value>6.29E-4</value></incidence><incidence><age>63</age><sex>0</sex><value>0.003458</value></incidence><incidence><age>63</age><sex>1</sex><value>6.65E-4</value></incidence><incidence><age>64</age><sex>0</sex><value>0.003677</value></incidence><incidence><age>64</age><sex>1</sex><value>7.01E-4</value></incidence><incidence><age>65</age><sex>0</sex><value>0.003887</value></incidence><incidence><age>65</age><sex>1</sex><value>7.38E-4</value></incidence><incidence><age>66</age><sex>0</sex><value>0.004082</value></incidence><incidence><age>66</age><sex>1</sex><value>7.73E-4</value></incidence><incidence><age>67</age><sex>0</sex><value>0.00426</value></incidence><incidence><age>67</age><sex>1</sex><value>8.09E-4</value></incidence><incidence><age>68</age><sex>0</sex><value>0.004417</value></incidence><incidence><age>68</age><sex>1</sex><value>8.43E-4</value></incidence><incidence><age>69</age><sex>0</sex><value>0.004553</value></incidence><incidence><age>69</age><sex>1</sex><value>8.76E-4</value></incidence><incidence><age>70</age><sex>0</sex><value>0.00467</value></incidence><incidence><age>70</age><sex>1</sex><value>9.08E-4</value></incidence><incidence><age>71</age><sex>0</sex><value>0.00477</value></incidence><incidence><age>71</age><sex>1</sex><value>9.37E-4</value></incidence><incidence><age>72</age><sex>0</sex><value>0.004854</value></incidence><incidence><age>72</age><sex>1</sex><value>9.63E-4</value></incidence><incidence><age>73</age><sex>0</sex><value>0.004923</value></incidence><incidence><age>73</age><sex>1</sex><value>9.87E-4</value></incidence><incidence><age>74</age><sex>0</sex><value>0.004975</value></incidence><incidence><age>74</age><sex>1</sex><value>0.001007</value></incidence><incidence><age>75</age><sex>0</sex><value>0.00501</value></incidence><incidence><age>75</age><sex>1</sex><value>0.001023</value></incidence><incidence><age>76</age><sex>0</sex><value>0.005026</value></incidence><incidence><age>76</age><sex>1</sex><value>0.001035</value></incidence><incidence><age>77</age><sex>0</sex><value>0.005022</value></incidence><incidence><age>77</age><sex>1</sex><value>0.001042</value></incidence><incidence><age>78</age><sex>0</sex><value>0.004994</value></incidence><incidence><age>78</age><sex>1</sex><value>0.001044</value></incidence><incidence><age>79</age><sex>0</sex><value>0.004942</value></incidence><incidence><age>79</age><sex>1</sex><value>0.001043</value></incidence><incidence><age>80</age><sex>0</sex><value>0.004863</value></incidence><incidence><age>80</age><sex>1</sex><value>0.001041</value></incidence><incidence><age>81</age><sex>0</sex><value>0.004752</value></incidence><incidence><age>81</age><sex>1</sex><value>0.00104</value></incidence><incidence><age>82</age><sex>0</sex><value>0.004609</value></incidence><incidence><age>82</age><sex>1</sex><value>0.001042</value></incidence><incidence><age>83</age><sex>0</sex><value>0.004433</value></incidence><incidence><age>83</age><sex>1</sex><value>0.001047</value></incidence><incidence><age>84</age><sex>0</sex><value>0.00424</value></incidence><incidence><age>84</age><sex>1</sex><value>0.001056</value></incidence><incidence><age>85</age><sex>0</sex><value>0.004048</value></incidence><incidence><age>85</age><sex>1</sex><value>0.001067</value></incidence><incidence><age>86</age><sex>0</sex><value>0.003875</value></incidence><incidence><age>86</age><sex>1</sex><value>0.001077</value></incidence><incidence><age>87</age><sex>0</sex><value>0.003741</value></incidence><incidence><age>87</age><sex>1</sex><value>0.001086</value></incidence><incidence><age>88</age><sex>0</sex><value>0.003657</value></incidence><incidence><age>88</age><sex>1</sex><value>0.001092</value></incidence><incidence><age>89</age><sex>0</sex><value>0.003617</value></incidence><incidence><age>89</age><sex>1</sex><value>0.001096</value></incidence><incidence><age>90</age><sex>0</sex><value>0.003606</value></incidence><incidence><age>90</age><sex>1</sex><value>0.001097</value></incidence><incidence><age>91</age><sex>0</sex><value>0.003612</value></incidence><incidence><age>91</age><sex>1</sex><value>0.001096</value></incidence><incidence><age>92</age><sex>0</sex><value>0.003622</value></incidence><incidence><age>92</age><sex>1</sex><value>0.001094</value></incidence><incidence><age>93</age><sex>0</sex><value>0.003624</value></incidence><incidence><age>93</age><sex>1</sex><value>0.00109</value></incidence><incidence><age>94</age><sex>0</sex><value>0.003617</value></incidence><incidence><age>94</age><sex>1</sex><value>0.001086</value></incidence><incidence><age>95</age><sex>0</sex><value>0.003574</value></incidence><incidence><age>95</age><sex>1</sex><value>0.001075</value></incidence></diseaseincidences>