<?xml version="1.0"?><diseaseprevalences><prevalence><age>0</age><sex>0</sex><percent>0.0</percent></prevalence><prevalence><age>0</age><sex>1</sex><percent>0.0</percent></prevalence><prevalence><age>1</age><sex>0</sex><percent>0.0</percent></prevalence><prevalence><age>1</age><sex>1</sex><percent>0.0</percent></prevalence><prevalence><age>2</age><sex>0</sex><percent>0.0</percent></prevalence><prevalence><age>2</age><sex>1</sex><percent>0.0</percent></prevalence><prevalence><age>3</age><sex>0</sex><percent>0.0</percent></prevalence><prevalence><age>3</age><sex>1</sex><percent>0.0</percent></prevalence><prevalence><age>4</age><sex>0</sex><percent>0.0</percent></prevalence><prevalence><age>4</age><sex>1</sex><percent>0.0</percent></prevalence><prevalence><age>5</age><sex>0</sex><percent>0.0</percent></prevalence><prevalence><age>5</age><sex>1</sex><percent>0.0</percent></prevalence><prevalence><age>6</age><sex>0</sex><percent>0.0</percent></prevalence><prevalence><age>6</age><sex>1</sex><percent>0.0</percent></prevalence><prevalence><age>7</age><sex>0</sex><percent>0.0</percent></prevalence><prevalence><age>7</age><sex>1</sex><percent>0.0</percent></prevalence><prevalence><age>8</age><sex>0</sex><percent>0.0</percent></prevalence><prevalence><age>8</age><sex>1</sex><percent>0.0</percent></prevalence><prevalence><age>9</age><sex>0</sex><percent>0.0</percent></prevalence><prevalence><age>9</age><sex>1</sex><percent>0.0</percent></prevalence><prevalence><age>10</age><sex>0</sex><percent>0.0</percent></prevalence><prevalence><age>10</age><sex>1</sex><percent>0.0</percent></prevalence><prevalence><age>11</age><sex>0</sex><percent>0.0</percent></prevalence><prevalence><age>11</age><sex>1</sex><percent>0.0</percent></prevalence><prevalence><age>12</age><sex>0</sex><percent>0.0</percent></prevalence><prevalence><age>12</age><sex>1</sex><percent>0.0</percent></prevalence><prevalence><age>13</age><sex>0</sex><percent>0.0</percent></prevalence><prevalence><age>13</age><sex>1</sex><percent>0.0</percent></prevalence><prevalence><age>14</age><sex>0</sex><percent>0.0</percent></prevalence><prevalence><age>14</age><sex>1</sex><percent>0.0</percent></prevalence><prevalence><age>15</age><sex>0</sex><percent>0.00221</percent></prevalence><prevalence><age>15</age><sex>1</sex><percent>0.00221</percent></prevalence><prevalence><age>16</age><sex>0</sex><percent>0.00262</percent></prevalence><prevalence><age>16</age><sex>1</sex><percent>0.00285</percent></prevalence><prevalence><age>17</age><sex>0</sex><percent>0.00305</percent></prevalence><prevalence><age>17</age><sex>1</sex><percent>0.00355</percent></prevalence><prevalence><age>18</age><sex>0</sex><percent>0.00351</percent></prevalence><prevalence><age>18</age><sex>1</sex><percent>0.00428</percent></prevalence><prevalence><age>19</age><sex>0</sex><percent>0.0040</percent></prevalence><prevalence><age>19</age><sex>1</sex><percent>0.00502</percent></prevalence><prevalence><age>20</age><sex>0</sex><percent>0.00455</percent></prevalence><prevalence><age>20</age><sex>1</sex><percent>0.00573</percent></prevalence><prevalence><age>21</age><sex>0</sex><percent>0.00516</percent></prevalence><prevalence><age>21</age><sex>1</sex><percent>0.00643</percent></prevalence><prevalence><age>22</age><sex>0</sex><percent>0.00585</percent></prevalence><prevalence><age>22</age><sex>1</sex><percent>0.00712</percent></prevalence><prevalence><age>23</age><sex>0</sex><percent>0.00663</percent></prevalence><prevalence><age>23</age><sex>1</sex><percent>0.00785</percent></prevalence><prevalence><age>24</age><sex>0</sex><percent>0.00749</percent></prevalence><prevalence><age>24</age><sex>1</sex><percent>0.00865</percent></prevalence><prevalence><age>25</age><sex>0</sex><percent>0.00845</percent></prevalence><prevalence><age>25</age><sex>1</sex><percent>0.00955</percent></prevalence><prevalence><age>26</age><sex>0</sex><percent>0.0095</percent></prevalence><prevalence><age>26</age><sex>1</sex><percent>0.01056</percent></prevalence><prevalence><age>27</age><sex>0</sex><percent>0.01066</percent></prevalence><prevalence><age>27</age><sex>1</sex><percent>0.01169</percent></prevalence><prevalence><age>28</age><sex>0</sex><percent>0.01191</percent></prevalence><prevalence><age>28</age><sex>1</sex><percent>0.01294</percent></prevalence><prevalence><age>29</age><sex>0</sex><percent>0.01326</percent></prevalence><prevalence><age>29</age><sex>1</sex><percent>0.01428</percent></prevalence><prevalence><age>30</age><sex>0</sex><percent>0.01475</percent></prevalence><prevalence><age>30</age><sex>1</sex><percent>0.01576</percent></prevalence><prevalence><age>31</age><sex>0</sex><percent>0.0164</percent></prevalence><prevalence><age>31</age><sex>1</sex><percent>0.01743</percent></prevalence><prevalence><age>32</age><sex>0</sex><percent>0.01827</percent></prevalence><prevalence><age>32</age><sex>1</sex><percent>0.01936</percent></prevalence><prevalence><age>33</age><sex>0</sex><percent>0.02041</percent></prevalence><prevalence><age>33</age><sex>1</sex><percent>0.02167</percent></prevalence><prevalence><age>34</age><sex>0</sex><percent>0.02292</percent></prevalence><prevalence><age>34</age><sex>1</sex><percent>0.02446</percent></prevalence><prevalence><age>35</age><sex>0</sex><percent>0.02587</percent></prevalence><prevalence><age>35</age><sex>1</sex><percent>0.02782</percent></prevalence><prevalence><age>36</age><sex>0</sex><percent>0.0294</percent></prevalence><prevalence><age>36</age><sex>1</sex><percent>0.03179</percent></prevalence><prevalence><age>37</age><sex>0</sex><percent>0.03362</percent></prevalence><prevalence><age>37</age><sex>1</sex><percent>0.0364</percent></prevalence><prevalence><age>38</age><sex>0</sex><percent>0.03867</percent></prevalence><prevalence><age>38</age><sex>1</sex><percent>0.04166</percent></prevalence><prevalence><age>39</age><sex>0</sex><percent>0.04469</percent></prevalence><prevalence><age>39</age><sex>1</sex><percent>0.04756</percent></prevalence><prevalence><age>40</age><sex>0</sex><percent>0.05178</percent></prevalence><prevalence><age>40</age><sex>1</sex><percent>0.05416</percent></prevalence><prevalence><age>41</age><sex>0</sex><percent>0.06</percent></prevalence><prevalence><age>41</age><sex>1</sex><percent>0.06157</percent></prevalence><prevalence><age>42</age><sex>0</sex><percent>0.06935</percent></prevalence><prevalence><age>42</age><sex>1</sex><percent>0.06993</percent></prevalence><prevalence><age>43</age><sex>0</sex><percent>0.07981</percent></prevalence><prevalence><age>43</age><sex>1</sex><percent>0.07945</percent></prevalence><prevalence><age>44</age><sex>0</sex><percent>0.09136</percent></prevalence><prevalence><age>44</age><sex>1</sex><percent>0.09037</percent></prevalence><prevalence><age>45</age><sex>0</sex><percent>0.10414</percent></prevalence><prevalence><age>45</age><sex>1</sex><percent>0.10294</percent></prevalence><prevalence><age>46</age><sex>0</sex><percent>0.11845</percent></prevalence><prevalence><age>46</age><sex>1</sex><percent>0.11741</percent></prevalence><prevalence><age>47</age><sex>0</sex><percent>0.13475</percent></prevalence><prevalence><age>47</age><sex>1</sex><percent>0.13405</percent></prevalence><prevalence><age>48</age><sex>0</sex><percent>0.1537</percent></prevalence><prevalence><age>48</age><sex>1</sex><percent>0.15311</percent></prevalence><prevalence><age>49</age><sex>0</sex><percent>0.17597</percent></prevalence><prevalence><age>49</age><sex>1</sex><percent>0.17481</percent></prevalence><prevalence><age>50</age><sex>0</sex><percent>0.20209</percent></prevalence><prevalence><age>50</age><sex>1</sex><percent>0.19931</percent></prevalence><prevalence><age>51</age><sex>0</sex><percent>0.23243</percent></prevalence><prevalence><age>51</age><sex>1</sex><percent>0.22671</percent></prevalence><prevalence><age>52</age><sex>0</sex><percent>0.26716</percent></prevalence><prevalence><age>52</age><sex>1</sex><percent>0.25708</percent></prevalence><prevalence><age>53</age><sex>0</sex><percent>0.30631</percent></prevalence><prevalence><age>53</age><sex>1</sex><percent>0.29049</percent></prevalence><prevalence><age>54</age><sex>0</sex><percent>0.34994</percent></prevalence><prevalence><age>54</age><sex>1</sex><percent>0.32706</percent></prevalence><prevalence><age>55</age><sex>0</sex><percent>0.3983</percent></prevalence><prevalence><age>55</age><sex>1</sex><percent>0.36705</percent></prevalence><prevalence><age>56</age><sex>0</sex><percent>0.45192</percent></prevalence><prevalence><age>56</age><sex>1</sex><percent>0.41082</percent></prevalence><prevalence><age>57</age><sex>0</sex><percent>0.51153</percent></prevalence><prevalence><age>57</age><sex>1</sex><percent>0.45882</percent></prevalence><prevalence><age>58</age><sex>0</sex><percent>0.57804</percent></prevalence><prevalence><age>58</age><sex>1</sex><percent>0.51158</percent></prevalence><prevalence><age>59</age><sex>0</sex><percent>0.65229</percent></prevalence><prevalence><age>59</age><sex>1</sex><percent>0.56956</percent></prevalence><prevalence><age>60</age><sex>0</sex><percent>0.73487</percent></prevalence><prevalence><age>60</age><sex>1</sex><percent>0.63306</percent></prevalence><prevalence><age>61</age><sex>0</sex><percent>0.82607</percent></prevalence><prevalence><age>61</age><sex>1</sex><percent>0.70223</percent></prevalence><prevalence><age>62</age><sex>0</sex><percent>0.9259</percent></prevalence><prevalence><age>62</age><sex>1</sex><percent>0.77705</percent></prevalence><prevalence><age>63</age><sex>0</sex><percent>1.03419</percent></prevalence><prevalence><age>63</age><sex>1</sex><percent>0.85737</percent></prevalence><prevalence><age>64</age><sex>0</sex><percent>1.15075</percent></prevalence><prevalence><age>64</age><sex>1</sex><percent>0.94298</percent></prevalence><prevalence><age>65</age><sex>0</sex><percent>1.27549</percent></prevalence><prevalence><age>65</age><sex>1</sex><percent>1.03376</percent></prevalence><prevalence><age>66</age><sex>0</sex><percent>1.4085</percent></prevalence><prevalence><age>66</age><sex>1</sex><percent>1.12964</percent></prevalence><prevalence><age>67</age><sex>0</sex><percent>1.55</percent></prevalence><prevalence><age>67</age><sex>1</sex><percent>1.23058</percent></prevalence><prevalence><age>68</age><sex>0</sex><percent>1.70032</percent></prevalence><prevalence><age>68</age><sex>1</sex><percent>1.33653</percent></prevalence><prevalence><age>69</age><sex>0</sex><percent>1.85975</percent></prevalence><prevalence><age>69</age><sex>1</sex><percent>1.44744</percent></prevalence><prevalence><age>70</age><sex>0</sex><percent>2.0284</percent></prevalence><prevalence><age>70</age><sex>1</sex><percent>1.56323</percent></prevalence><prevalence><age>71</age><sex>0</sex><percent>2.20614</percent></prevalence><prevalence><age>71</age><sex>1</sex><percent>1.68385</percent></prevalence><prevalence><age>72</age><sex>0</sex><percent>2.3926</percent></prevalence><prevalence><age>72</age><sex>1</sex><percent>1.80933</percent></prevalence><prevalence><age>73</age><sex>0</sex><percent>2.5871</percent></prevalence><prevalence><age>73</age><sex>1</sex><percent>1.93979</percent></prevalence><prevalence><age>74</age><sex>0</sex><percent>2.78855</percent></prevalence><prevalence><age>74</age><sex>1</sex><percent>2.07523</percent></prevalence><prevalence><age>75</age><sex>0</sex><percent>2.99539</percent></prevalence><prevalence><age>75</age><sex>1</sex><percent>2.21538</percent></prevalence><prevalence><age>76</age><sex>0</sex><percent>3.20557</percent></prevalence><prevalence><age>76</age><sex>1</sex><percent>2.35954</percent></prevalence><prevalence><age>77</age><sex>0</sex><percent>3.41657</percent></prevalence><prevalence><age>77</age><sex>1</sex><percent>2.50659</percent></prevalence><prevalence><age>78</age><sex>0</sex><percent>3.62543</percent></prevalence><prevalence><age>78</age><sex>1</sex><percent>2.6549</percent></prevalence><prevalence><age>79</age><sex>0</sex><percent>3.82893</percent></prevalence><prevalence><age>79</age><sex>1</sex><percent>2.80209</percent></prevalence><prevalence><age>80</age><sex>0</sex><percent>4.0238</percent></prevalence><prevalence><age>80</age><sex>1</sex><percent>2.94485</percent></prevalence><prevalence><age>81</age><sex>0</sex><percent>4.20678</percent></prevalence><prevalence><age>81</age><sex>1</sex><percent>3.07898</percent></prevalence><prevalence><age>82</age><sex>0</sex><percent>4.37475</percent></prevalence><prevalence><age>82</age><sex>1</sex><percent>3.19938</percent></prevalence><prevalence><age>83</age><sex>0</sex><percent>4.5249</percent></prevalence><prevalence><age>83</age><sex>1</sex><percent>3.30049</percent></prevalence><prevalence><age>84</age><sex>0</sex><percent>4.6554</percent></prevalence><prevalence><age>84</age><sex>1</sex><percent>3.37785</percent></prevalence><prevalence><age>85</age><sex>0</sex><percent>4.76608</percent></prevalence><prevalence><age>85</age><sex>1</sex><percent>3.4297</percent></prevalence><prevalence><age>86</age><sex>0</sex><percent>4.85848</percent></prevalence><prevalence><age>86</age><sex>1</sex><percent>3.45718</percent></prevalence><prevalence><age>87</age><sex>0</sex><percent>4.9357</percent></prevalence><prevalence><age>87</age><sex>1</sex><percent>3.46423</percent></prevalence><prevalence><age>88</age><sex>0</sex><percent>5.00209</percent></prevalence><prevalence><age>88</age><sex>1</sex><percent>3.45694</percent></prevalence><prevalence><age>89</age><sex>0</sex><percent>5.06216</percent></prevalence><prevalence><age>89</age><sex>1</sex><percent>3.4416</percent></prevalence><prevalence><age>90</age><sex>0</sex><percent>5.11946</percent></prevalence><prevalence><age>90</age><sex>1</sex><percent>3.42302</percent></prevalence><prevalence><age>91</age><sex>0</sex><percent>5.17648</percent></prevalence><prevalence><age>91</age><sex>1</sex><percent>3.40422</percent></prevalence><prevalence><age>92</age><sex>0</sex><percent>5.23467</percent></prevalence><prevalence><age>92</age><sex>1</sex><percent>3.3866</percent></prevalence><prevalence><age>93</age><sex>0</sex><percent>5.29455</percent></prevalence><prevalence><age>93</age><sex>1</sex><percent>3.37024</percent></prevalence><prevalence><age>94</age><sex>0</sex><percent>5.35607</percent></prevalence><prevalence><age>94</age><sex>1</sex><percent>3.35456</percent></prevalence><prevalence><age>95</age><sex>0</sex><percent>5.52491</percent></prevalence><prevalence><age>95</age><sex>1</sex><percent>3.3095</percent></prevalence></diseaseprevalences>