<?xml version="1.0"?><riskfactorprevalences_continuous><distributiontype>Normal</distributiontype><prevalences><prevalence><age>0</age><sex>0</sex><mean>16.4</mean><standarddeviation>1.3</standarddeviation><skewness>0.0</skewness></prevalence><prevalence><age>0</age><sex>1</sex><mean>16.1</mean><standarddeviation>1.5</standarddeviation><skewness>0.0</skewness></prevalence><prevalence><age>1</age><sex>0</sex><mean>16.4</mean><standarddeviation>1.3</standarddeviation><skewness>0.0</skewness></prevalence><prevalence><age>1</age><sex>1</sex><mean>16.1</mean><standarddeviation>1.5</standarddeviation><skewness>0.0</skewness></prevalence><prevalence><age>2</age><sex>0</sex><mean>16.4</mean><standarddeviation>1.3</standarddeviation><skewness>0.0</skewness></prevalence><prevalence><age>2</age><sex>1</sex><mean>16.1</mean><standarddeviation>1.5</standarddeviation><skewness>0.0</skewness></prevalence><prevalence><age>3</age><sex>0</sex><mean>15.9</mean><standarddeviation>2.6</standarddeviation><skewness>0.0</skewness></prevalence><prevalence><age>3</age><sex>1</sex><mean>15.7</mean><standarddeviation>1.3</standarddeviation><skewness>0.0</skewness></prevalence><prevalence><age>4</age><sex>0</sex><mean>15.760645</mean><standarddeviation>1.6179489</standarddeviation><skewness>0.0</skewness></prevalence><prevalence><age>4</age><sex>1</sex><mean>15.818</mean><standarddeviation>1.7005126</standarddeviation><skewness>0.0</skewness></prevalence><prevalence><age>5</age><sex>0</sex><mean>15.697736</mean><standarddeviation>1.7260993</standarddeviation><skewness>0.0</skewness></prevalence><prevalence><age>5</age><sex>1</sex><mean>15.721</mean><standarddeviation>1.920683</standarddeviation><skewness>0.0</skewness></prevalence><prevalence><age>6</age><sex>0</sex><mean>15.83167</mean><standarddeviation>2.112468</standarddeviation><skewness>0.0</skewness></prevalence><prevalence><age>6</age><sex>1</sex><mean>15.824</mean><standarddeviation>2.2896981</standarddeviation><skewness>0.0</skewness></prevalence><prevalence><age>7</age><sex>0</sex><mean>16.599329</mean><standarddeviation>2.3216438</standarddeviation><skewness>0.0</skewness></prevalence><prevalence><age>7</age><sex>1</sex><mean>16.878</mean><standarddeviation>2.6432836</standarddeviation><skewness>0.0</skewness></prevalence><prevalence><age>8</age><sex>0</sex><mean>16.984879</mean><standarddeviation>2.4652743</standarddeviation><skewness>0.0</skewness></prevalence><prevalence><age>8</age><sex>1</sex><mean>17.253</mean><standarddeviation>2.6826591</standarddeviation><skewness>0.0</skewness></prevalence><prevalence><age>9</age><sex>0</sex><mean>17.153433</mean><standarddeviation>2.787604</standarddeviation><skewness>0.0</skewness></prevalence><prevalence><age>9</age><sex>1</sex><mean>17.243</mean><standarddeviation>2.8473294</standarddeviation><skewness>0.0</skewness></prevalence><prevalence><age>10</age><sex>0</sex><mean>17.533459</mean><standarddeviation>2.7951274</standarddeviation><skewness>0.0</skewness></prevalence><prevalence><age>10</age><sex>1</sex><mean>17.787</mean><standarddeviation>2.8895404</standarddeviation><skewness>0.0</skewness></prevalence><prevalence><age>11</age><sex>0</sex><mean>17.966398</mean><standarddeviation>2.927013</standarddeviation><skewness>0.0</skewness></prevalence><prevalence><age>11</age><sex>1</sex><mean>18.411</mean><standarddeviation>3.228246</standarddeviation><skewness>0.0</skewness></prevalence><prevalence><age>12</age><sex>0</sex><mean>18.907738</mean><standarddeviation>3.2238703</standarddeviation><skewness>0.0</skewness></prevalence><prevalence><age>12</age><sex>1</sex><mean>19.334</mean><standarddeviation>3.4713268</standarddeviation><skewness>0.0</skewness></prevalence><prevalence><age>13</age><sex>0</sex><mean>19.438759</mean><standarddeviation>3.2165053</standarddeviation><skewness>0.0</skewness></prevalence><prevalence><age>13</age><sex>1</sex><mean>20.036</mean><standarddeviation>3.3652542</standarddeviation><skewness>0.0</skewness></prevalence><prevalence><age>14</age><sex>0</sex><mean>20.00517</mean><standarddeviation>3.3587394</standarddeviation><skewness>0.0</skewness></prevalence><prevalence><age>14</age><sex>1</sex><mean>20.636</mean><standarddeviation>3.428043</standarddeviation><skewness>0.0</skewness></prevalence><prevalence><age>15</age><sex>0</sex><mean>20.87102</mean><standarddeviation>3.647157</standarddeviation><skewness>0.0</skewness></prevalence><prevalence><age>15</age><sex>1</sex><mean>21.511</mean><standarddeviation>3.599213</standarddeviation><skewness>0.0</skewness></prevalence><prevalence><age>16</age><sex>0</sex><mean>20.409014</mean><standarddeviation>2.444435</standarddeviation><skewness>0.0</skewness></prevalence><prevalence><age>16</age><sex>1</sex><mean>22.251</mean><standarddeviation>3.8296025</standarddeviation><skewness>0.0</skewness></prevalence><prevalence><age>17</age><sex>0</sex><mean>22.43369</mean><standarddeviation>3.4081542</standarddeviation><skewness>0.0</skewness></prevalence><prevalence><age>17</age><sex>1</sex><mean>21.692</mean><standarddeviation>1.1162752</standarddeviation><skewness>0.0</skewness></prevalence><prevalence><age>18</age><sex>0</sex><mean>22.43369</mean><standarddeviation>3.4081542</standarddeviation><skewness>0.0</skewness></prevalence><prevalence><age>18</age><sex>1</sex><mean>21.692</mean><standarddeviation>1.1162752</standarddeviation><skewness>0.0</skewness></prevalence><prevalence><age>19</age><sex>0</sex><mean>21.3</mean><standarddeviation>3.4</standarddeviation><skewness>0.0</skewness></prevalence><prevalence><age>19</age><sex>1</sex><mean>21.4</mean><standarddeviation>3.3</standarddeviation><skewness>0.0</skewness></prevalence><prevalence><age>20</age><sex>0</sex><mean>21.8</mean><standarddeviation>3.4</standarddeviation><skewness>0.0</skewness></prevalence><prevalence><age>20</age><sex>1</sex><mean>21.7</mean><standarddeviation>3.4</standarddeviation><skewness>0.0</skewness></prevalence><prevalence><age>21</age><sex>0</sex><mean>22.4</mean><standarddeviation>3.4</standarddeviation><skewness>0.0</skewness></prevalence><prevalence><age>21</age><sex>1</sex><mean>22.0</mean><standarddeviation>3.5</standarddeviation><skewness>0.0</skewness></prevalence><prevalence><age>22</age><sex>0</sex><mean>22.9</mean><standarddeviation>3.4</standarddeviation><skewness>0.0</skewness></prevalence><prevalence><age>22</age><sex>1</sex><mean>22.4</mean><standarddeviation>3.6</standarddeviation><skewness>0.0</skewness></prevalence><prevalence><age>23</age><sex>0</sex><mean>23.1</mean><standarddeviation>3.4</standarddeviation><skewness>0.0</skewness></prevalence><prevalence><age>23</age><sex>1</sex><mean>22.6</mean><standarddeviation>4.0</standarddeviation><skewness>0.0</skewness></prevalence><prevalence><age>24</age><sex>0</sex><mean>23.4</mean><standarddeviation>3.4</standarddeviation><skewness>0.0</skewness></prevalence><prevalence><age>24</age><sex>1</sex><mean>22.9</mean><standarddeviation>4.3</standarddeviation><skewness>0.0</skewness></prevalence><prevalence><age>25</age><sex>0</sex><mean>23.6</mean><standarddeviation>3.3</standarddeviation><skewness>0.0</skewness></prevalence><prevalence><age>25</age><sex>1</sex><mean>23.2</mean><standarddeviation>4.3</standarddeviation><skewness>0.0</skewness></prevalence><prevalence><age>26</age><sex>0</sex><mean>23.8</mean><standarddeviation>3.3</standarddeviation><skewness>0.0</skewness></prevalence><prevalence><age>26</age><sex>1</sex><mean>23.5</mean><standarddeviation>4.3</standarddeviation><skewness>0.0</skewness></prevalence><prevalence><age>27</age><sex>0</sex><mean>24.0</mean><standarddeviation>3.3</standarddeviation><skewness>0.0</skewness></prevalence><prevalence><age>27</age><sex>1</sex><mean>23.7</mean><standarddeviation>4.3</standarddeviation><skewness>0.0</skewness></prevalence><prevalence><age>28</age><sex>0</sex><mean>24.2</mean><standarddeviation>3.3</standarddeviation><skewness>0.0</skewness></prevalence><prevalence><age>28</age><sex>1</sex><mean>23.8</mean><standarddeviation>4.3</standarddeviation><skewness>0.0</skewness></prevalence><prevalence><age>29</age><sex>0</sex><mean>24.5</mean><standarddeviation>3.3</standarddeviation><skewness>0.0</skewness></prevalence><prevalence><age>29</age><sex>1</sex><mean>23.8</mean><standarddeviation>4.4</standarddeviation><skewness>0.0</skewness></prevalence><prevalence><age>30</age><sex>0</sex><mean>24.7</mean><standarddeviation>3.4</standarddeviation><skewness>0.0</skewness></prevalence><prevalence><age>30</age><sex>1</sex><mean>23.9</mean><standarddeviation>4.4</standarddeviation><skewness>0.0</skewness></prevalence><prevalence><age>31</age><sex>0</sex><mean>24.9</mean><standarddeviation>3.4</standarddeviation><skewness>0.0</skewness></prevalence><prevalence><age>31</age><sex>1</sex><mean>23.9</mean><standarddeviation>4.4</standarddeviation><skewness>0.0</skewness></prevalence><prevalence><age>32</age><sex>0</sex><mean>25.1</mean><standarddeviation>3.4</standarddeviation><skewness>0.0</skewness></prevalence><prevalence><age>32</age><sex>1</sex><mean>24.0</mean><standarddeviation>4.4</standarddeviation><skewness>0.0</skewness></prevalence><prevalence><age>33</age><sex>0</sex><mean>25.1</mean><standarddeviation>3.4</standarddeviation><skewness>0.0</skewness></prevalence><prevalence><age>33</age><sex>1</sex><mean>24.1</mean><standarddeviation>4.4</standarddeviation><skewness>0.0</skewness></prevalence><prevalence><age>34</age><sex>0</sex><mean>25.1</mean><standarddeviation>3.4</standarddeviation><skewness>0.0</skewness></prevalence><prevalence><age>34</age><sex>1</sex><mean>24.2</mean><standarddeviation>4.4</standarddeviation><skewness>0.0</skewness></prevalence><prevalence><age>35</age><sex>0</sex><mean>25.1</mean><standarddeviation>3.4</standarddeviation><skewness>0.0</skewness></prevalence><prevalence><age>35</age><sex>1</sex><mean>24.3</mean><standarddeviation>4.4</standarddeviation><skewness>0.0</skewness></prevalence><prevalence><age>36</age><sex>0</sex><mean>25.1</mean><standarddeviation>3.4</standarddeviation><skewness>0.0</skewness></prevalence><prevalence><age>36</age><sex>1</sex><mean>24.4</mean><standarddeviation>4.4</standarddeviation><skewness>0.0</skewness></prevalence><prevalence><age>37</age><sex>0</sex><mean>25.1</mean><standarddeviation>3.4</standarddeviation><skewness>0.0</skewness></prevalence><prevalence><age>37</age><sex>1</sex><mean>24.5</mean><standarddeviation>4.4</standarddeviation><skewness>0.0</skewness></prevalence><prevalence><age>38</age><sex>0</sex><mean>25.2</mean><standarddeviation>3.5</standarddeviation><skewness>0.0</skewness></prevalence><prevalence><age>38</age><sex>1</sex><mean>24.5</mean><standarddeviation>4.4</standarddeviation><skewness>0.0</skewness></prevalence><prevalence><age>39</age><sex>0</sex><mean>25.3</mean><standarddeviation>3.5</standarddeviation><skewness>0.0</skewness></prevalence><prevalence><age>39</age><sex>1</sex><mean>24.4</mean><standarddeviation>4.4</standarddeviation><skewness>0.0</skewness></prevalence><prevalence><age>40</age><sex>0</sex><mean>25.5</mean><standarddeviation>3.5</standarddeviation><skewness>0.0</skewness></prevalence><prevalence><age>40</age><sex>1</sex><mean>24.4</mean><standarddeviation>4.4</standarddeviation><skewness>0.0</skewness></prevalence><prevalence><age>41</age><sex>0</sex><mean>25.6</mean><standarddeviation>3.5</standarddeviation><skewness>0.0</skewness></prevalence><prevalence><age>41</age><sex>1</sex><mean>24.3</mean><standarddeviation>4.3</standarddeviation><skewness>0.0</skewness></prevalence><prevalence><age>42</age><sex>0</sex><mean>25.8</mean><standarddeviation>3.6</standarddeviation><skewness>0.0</skewness></prevalence><prevalence><age>42</age><sex>1</sex><mean>24.3</mean><standarddeviation>4.0</standarddeviation><skewness>0.0</skewness></prevalence><prevalence><age>43</age><sex>0</sex><mean>25.9</mean><standarddeviation>3.6</standarddeviation><skewness>0.0</skewness></prevalence><prevalence><age>43</age><sex>1</sex><mean>24.5</mean><standarddeviation>3.9</standarddeviation><skewness>0.0</skewness></prevalence><prevalence><age>44</age><sex>0</sex><mean>25.9</mean><standarddeviation>3.6</standarddeviation><skewness>0.0</skewness></prevalence><prevalence><age>44</age><sex>1</sex><mean>24.8</mean><standarddeviation>3.7</standarddeviation><skewness>0.0</skewness></prevalence><prevalence><age>45</age><sex>0</sex><mean>26.0</mean><standarddeviation>3.6</standarddeviation><skewness>0.0</skewness></prevalence><prevalence><age>45</age><sex>1</sex><mean>25.1</mean><standarddeviation>3.7</standarddeviation><skewness>0.0</skewness></prevalence><prevalence><age>46</age><sex>0</sex><mean>26.1</mean><standarddeviation>3.6</standarddeviation><skewness>0.0</skewness></prevalence><prevalence><age>46</age><sex>1</sex><mean>25.3</mean><standarddeviation>3.7</standarddeviation><skewness>0.0</skewness></prevalence><prevalence><age>47</age><sex>0</sex><mean>26.2</mean><standarddeviation>3.6</standarddeviation><skewness>0.0</skewness></prevalence><prevalence><age>47</age><sex>1</sex><mean>25.6</mean><standarddeviation>3.9</standarddeviation><skewness>0.0</skewness></prevalence><prevalence><age>48</age><sex>0</sex><mean>26.3</mean><standarddeviation>3.6</standarddeviation><skewness>0.0</skewness></prevalence><prevalence><age>48</age><sex>1</sex><mean>25.6</mean><standarddeviation>4.0</standarddeviation><skewness>0.0</skewness></prevalence><prevalence><age>49</age><sex>0</sex><mean>26.4</mean><standarddeviation>3.6</standarddeviation><skewness>0.0</skewness></prevalence><prevalence><age>49</age><sex>1</sex><mean>25.7</mean><standarddeviation>4.2</standarddeviation><skewness>0.0</skewness></prevalence><prevalence><age>50</age><sex>0</sex><mean>26.4</mean><standarddeviation>3.5</standarddeviation><skewness>0.0</skewness></prevalence><prevalence><age>50</age><sex>1</sex><mean>25.8</mean><standarddeviation>4.3</standarddeviation><skewness>0.0</skewness></prevalence><prevalence><age>51</age><sex>0</sex><mean>26.5</mean><standarddeviation>3.4</standarddeviation><skewness>0.0</skewness></prevalence><prevalence><age>51</age><sex>1</sex><mean>25.8</mean><standarddeviation>4.4</standarddeviation><skewness>0.0</skewness></prevalence><prevalence><age>52</age><sex>0</sex><mean>26.6</mean><standarddeviation>3.4</standarddeviation><skewness>0.0</skewness></prevalence><prevalence><age>52</age><sex>1</sex><mean>25.9</mean><standarddeviation>4.6</standarddeviation><skewness>0.0</skewness></prevalence><prevalence><age>53</age><sex>0</sex><mean>26.6</mean><standarddeviation>3.4</standarddeviation><skewness>0.0</skewness></prevalence><prevalence><age>53</age><sex>1</sex><mean>25.9</mean><standarddeviation>4.7</standarddeviation><skewness>0.0</skewness></prevalence><prevalence><age>54</age><sex>0</sex><mean>26.7</mean><standarddeviation>3.4</standarddeviation><skewness>0.0</skewness></prevalence><prevalence><age>54</age><sex>1</sex><mean>25.9</mean><standarddeviation>4.8</standarddeviation><skewness>0.0</skewness></prevalence><prevalence><age>55</age><sex>0</sex><mean>26.8</mean><standarddeviation>3.5</standarddeviation><skewness>0.0</skewness></prevalence><prevalence><age>55</age><sex>1</sex><mean>26.0</mean><standarddeviation>4.8</standarddeviation><skewness>0.0</skewness></prevalence><prevalence><age>56</age><sex>0</sex><mean>26.8</mean><standarddeviation>3.5</standarddeviation><skewness>0.0</skewness></prevalence><prevalence><age>56</age><sex>1</sex><mean>26.0</mean><standarddeviation>4.7</standarddeviation><skewness>0.0</skewness></prevalence><prevalence><age>57</age><sex>0</sex><mean>26.9</mean><standarddeviation>3.5</standarddeviation><skewness>0.0</skewness></prevalence><prevalence><age>57</age><sex>1</sex><mean>26.0</mean><standarddeviation>4.5</standarddeviation><skewness>0.0</skewness></prevalence><prevalence><age>58</age><sex>0</sex><mean>26.8</mean><standarddeviation>3.3</standarddeviation><skewness>0.0</skewness></prevalence><prevalence><age>58</age><sex>1</sex><mean>26.2</mean><standarddeviation>4.4</standarddeviation><skewness>0.0</skewness></prevalence><prevalence><age>59</age><sex>0</sex><mean>26.6</mean><standarddeviation>3.3</standarddeviation><skewness>0.0</skewness></prevalence><prevalence><age>59</age><sex>1</sex><mean>26.2</mean><standarddeviation>4.4</standarddeviation><skewness>0.0</skewness></prevalence><prevalence><age>60</age><sex>0</sex><mean>26.5</mean><standarddeviation>3.3</standarddeviation><skewness>0.0</skewness></prevalence><prevalence><age>60</age><sex>1</sex><mean>26.4</mean><standarddeviation>4.3</standarddeviation><skewness>0.0</skewness></prevalence><prevalence><age>61</age><sex>0</sex><mean>26.4</mean><standarddeviation>3.3</standarddeviation><skewness>0.0</skewness></prevalence><prevalence><age>61</age><sex>1</sex><mean>26.5</mean><standarddeviation>4.3</standarddeviation><skewness>0.0</skewness></prevalence><prevalence><age>62</age><sex>0</sex><mean>26.3</mean><standarddeviation>3.1</standarddeviation><skewness>0.0</skewness></prevalence><prevalence><age>62</age><sex>1</sex><mean>26.6</mean><standarddeviation>4.2</standarddeviation><skewness>0.0</skewness></prevalence><prevalence><age>63</age><sex>0</sex><mean>26.3</mean><standarddeviation>3.1</standarddeviation><skewness>0.0</skewness></prevalence><prevalence><age>63</age><sex>1</sex><mean>26.6</mean><standarddeviation>4.2</standarddeviation><skewness>0.0</skewness></prevalence><prevalence><age>64</age><sex>0</sex><mean>26.3</mean><standarddeviation>3.1</standarddeviation><skewness>0.0</skewness></prevalence><prevalence><age>64</age><sex>1</sex><mean>26.6</mean><standarddeviation>4.2</standarddeviation><skewness>0.0</skewness></prevalence><prevalence><age>65</age><sex>0</sex><mean>26.2</mean><standarddeviation>3.1</standarddeviation><skewness>0.0</skewness></prevalence><prevalence><age>65</age><sex>1</sex><mean>26.7</mean><standarddeviation>4.2</standarddeviation><skewness>0.0</skewness></prevalence><prevalence><age>66</age><sex>0</sex><mean>26.3</mean><standarddeviation>3.0</standarddeviation><skewness>0.0</skewness></prevalence><prevalence><age>66</age><sex>1</sex><mean>26.8</mean><standarddeviation>3.9</standarddeviation><skewness>0.0</skewness></prevalence><prevalence><age>67</age><sex>0</sex><mean>26.4</mean><standarddeviation>3.0</standarddeviation><skewness>0.0</skewness></prevalence><prevalence><age>67</age><sex>1</sex><mean>26.8</mean><standarddeviation>3.9</standarddeviation><skewness>0.0</skewness></prevalence><prevalence><age>68</age><sex>0</sex><mean>26.4</mean><standarddeviation>3.0</standarddeviation><skewness>0.0</skewness></prevalence><prevalence><age>68</age><sex>1</sex><mean>26.9</mean><standarddeviation>3.9</standarddeviation><skewness>0.0</skewness></prevalence><prevalence><age>69</age><sex>0</sex><mean>26.6</mean><standarddeviation>3.0</standarddeviation><skewness>0.0</skewness></prevalence><prevalence><age>69</age><sex>1</sex><mean>26.9</mean><standarddeviation>3.9</standarddeviation><skewness>0.0</skewness></prevalence><prevalence><age>70</age><sex>0</sex><mean>26.684786</mean><standarddeviation>2.9519434</standarddeviation><skewness>0.0</skewness></prevalence><prevalence><age>70</age><sex>1</sex><mean>27.005</mean><standarddeviation>3.9</standarddeviation><skewness>0.0</skewness></prevalence><prevalence><age>71</age><sex>0</sex><mean>26.7</mean><standarddeviation>3.0</standarddeviation><skewness>0.0</skewness></prevalence><prevalence><age>71</age><sex>1</sex><mean>27.0</mean><standarddeviation>3.9</standarddeviation><skewness>0.0</skewness></prevalence><prevalence><age>72</age><sex>0</sex><mean>26.8</mean><standarddeviation>3.0</standarddeviation><skewness>0.0</skewness></prevalence><prevalence><age>72</age><sex>1</sex><mean>27.1</mean><standarddeviation>3.9</standarddeviation><skewness>0.0</skewness></prevalence><prevalence><age>73</age><sex>0</sex><mean>27.0</mean><standarddeviation>3.0</standarddeviation><skewness>0.0</skewness></prevalence><prevalence><age>73</age><sex>1</sex><mean>27.1</mean><standarddeviation>3.9</standarddeviation><skewness>0.0</skewness></prevalence><prevalence><age>74</age><sex>0</sex><mean>27.1</mean><standarddeviation>3.0</standarddeviation><skewness>0.0</skewness></prevalence><prevalence><age>74</age><sex>1</sex><mean>27.0</mean><standarddeviation>3.9</standarddeviation><skewness>0.0</skewness></prevalence><prevalence><age>75</age><sex>0</sex><mean>27.2</mean><standarddeviation>3.0</standarddeviation><skewness>0.0</skewness></prevalence><prevalence><age>75</age><sex>1</sex><mean>27.0</mean><standarddeviation>3.9</standarddeviation><skewness>0.0</skewness></prevalence><prevalence><age>76</age><sex>0</sex><mean>27.0</mean><standarddeviation>2.8</standarddeviation><skewness>0.0</skewness></prevalence><prevalence><age>76</age><sex>1</sex><mean>26.9</mean><standarddeviation>3.8</standarddeviation><skewness>0.0</skewness></prevalence><prevalence><age>77</age><sex>0</sex><mean>26.9</mean><standarddeviation>2.8</standarddeviation><skewness>0.0</skewness></prevalence><prevalence><age>77</age><sex>1</sex><mean>26.8</mean><standarddeviation>3.8</standarddeviation><skewness>0.0</skewness></prevalence><prevalence><age>78</age><sex>0</sex><mean>26.8</mean><standarddeviation>2.8</standarddeviation><skewness>0.0</skewness></prevalence><prevalence><age>78</age><sex>1</sex><mean>26.7</mean><standarddeviation>3.8</standarddeviation><skewness>0.0</skewness></prevalence><prevalence><age>79</age><sex>0</sex><mean>26.8</mean><standarddeviation>2.8</standarddeviation><skewness>0.0</skewness></prevalence><prevalence><age>79</age><sex>1</sex><mean>26.6</mean><standarddeviation>3.8</standarddeviation><skewness>0.0</skewness></prevalence><prevalence><age>80</age><sex>0</sex><mean>26.66606</mean><standarddeviation>2.8</standarddeviation><skewness>0.0</skewness></prevalence><prevalence><age>80</age><sex>1</sex><mean>26.466</mean><standarddeviation>3.8</standarddeviation><skewness>0.0</skewness></prevalence><prevalence><age>81</age><sex>0</sex><mean>26.6</mean><standarddeviation>2.8</standarddeviation><skewness>0.0</skewness></prevalence><prevalence><age>81</age><sex>1</sex><mean>26.4</mean><standarddeviation>3.8</standarddeviation><skewness>0.0</skewness></prevalence><prevalence><age>82</age><sex>0</sex><mean>26.5</mean><standarddeviation>2.8</standarddeviation><skewness>0.0</skewness></prevalence><prevalence><age>82</age><sex>1</sex><mean>26.3</mean><standarddeviation>3.8</standarddeviation><skewness>0.0</skewness></prevalence><prevalence><age>83</age><sex>0</sex><mean>26.4</mean><standarddeviation>2.8</standarddeviation><skewness>0.0</skewness></prevalence><prevalence><age>83</age><sex>1</sex><mean>26.2</mean><standarddeviation>3.8</standarddeviation><skewness>0.0</skewness></prevalence><prevalence><age>84</age><sex>0</sex><mean>26.4</mean><standarddeviation>2.8</standarddeviation><skewness>0.0</skewness></prevalence><prevalence><age>84</age><sex>1</sex><mean>26.0</mean><standarddeviation>3.8</standarddeviation><skewness>0.0</skewness></prevalence><prevalence><age>85</age><sex>0</sex><mean>26.4</mean><standarddeviation>2.7</standarddeviation><skewness>0.0</skewness></prevalence><prevalence><age>85</age><sex>1</sex><mean>25.9</mean><standarddeviation>3.5</standarddeviation><skewness>0.0</skewness></prevalence><prevalence><age>86</age><sex>0</sex><mean>26.3</mean><standarddeviation>2.7</standarddeviation><skewness>0.0</skewness></prevalence><prevalence><age>86</age><sex>1</sex><mean>25.8</mean><standarddeviation>3.5</standarddeviation><skewness>0.0</skewness></prevalence><prevalence><age>87</age><sex>0</sex><mean>26.3</mean><standarddeviation>2.7</standarddeviation><skewness>0.0</skewness></prevalence><prevalence><age>87</age><sex>1</sex><mean>25.8</mean><standarddeviation>3.5</standarddeviation><skewness>0.0</skewness></prevalence><prevalence><age>88</age><sex>0</sex><mean>26.3</mean><standarddeviation>2.7</standarddeviation><skewness>0.0</skewness></prevalence><prevalence><age>88</age><sex>1</sex><mean>25.7</mean><standarddeviation>3.5</standarddeviation><skewness>0.0</skewness></prevalence><prevalence><age>89</age><sex>0</sex><mean>26.3</mean><standarddeviation>2.7</standarddeviation><skewness>0.0</skewness></prevalence><prevalence><age>89</age><sex>1</sex><mean>25.7</mean><standarddeviation>3.5</standarddeviation><skewness>0.0</skewness></prevalence><prevalence><age>90</age><sex>0</sex><mean>26.314068</mean><standarddeviation>2.7</standarddeviation><skewness>0.0</skewness></prevalence><prevalence><age>90</age><sex>1</sex><mean>25.563</mean><standarddeviation>3.5</standarddeviation><skewness>0.0</skewness></prevalence><prevalence><age>91</age><sex>0</sex><mean>26.2</mean><standarddeviation>2.7</standarddeviation><skewness>0.0</skewness></prevalence><prevalence><age>91</age><sex>1</sex><mean>25.6</mean><standarddeviation>3.5</standarddeviation><skewness>0.0</skewness></prevalence><prevalence><age>92</age><sex>0</sex><mean>26.2</mean><standarddeviation>2.7</standarddeviation><skewness>0.0</skewness></prevalence><prevalence><age>92</age><sex>1</sex><mean>25.5</mean><standarddeviation>3.5</standarddeviation><skewness>0.0</skewness></prevalence><prevalence><age>93</age><sex>0</sex><mean>26.1</mean><standarddeviation>2.7</standarddeviation><skewness>0.0</skewness></prevalence><prevalence><age>93</age><sex>1</sex><mean>25.4</mean><standarddeviation>3.5</standarddeviation><skewness>0.0</skewness></prevalence><prevalence><age>94</age><sex>0</sex><mean>26.0</mean><standarddeviation>2.7</standarddeviation><skewness>0.0</skewness></prevalence><prevalence><age>94</age><sex>1</sex><mean>25.3</mean><standarddeviation>3.5</standarddeviation><skewness>0.0</skewness></prevalence><prevalence><age>95</age><sex>0</sex><mean>25.8</mean><standarddeviation>2.5</standarddeviation><skewness>0.0</skewness></prevalence><prevalence><age>95</age><sex>1</sex><mean>25.0</mean><standarddeviation>3.2</standarddeviation><skewness>0.0</skewness></prevalence></prevalences></riskfactorprevalences_continuous>