<?xml version="1.0"?><diseaseincidences><incidence><age>0</age><sex>0</sex><value>0.0</value></incidence><incidence><age>0</age><sex>1</sex><value>0.0</value></incidence><incidence><age>1</age><sex>0</sex><value>0.0</value></incidence><incidence><age>1</age><sex>1</sex><value>0.0</value></incidence><incidence><age>2</age><sex>0</sex><value>0.0</value></incidence><incidence><age>2</age><sex>1</sex><value>0.0</value></incidence><incidence><age>3</age><sex>0</sex><value>0.0</value></incidence><incidence><age>3</age><sex>1</sex><value>0.0</value></incidence><incidence><age>4</age><sex>0</sex><value>0.0</value></incidence><incidence><age>4</age><sex>1</sex><value>0.0</value></incidence><incidence><age>5</age><sex>0</sex><value>0.0</value></incidence><incidence><age>5</age><sex>1</sex><value>0.0</value></incidence><incidence><age>6</age><sex>0</sex><value>0.0</value></incidence><incidence><age>6</age><sex>1</sex><value>0.0</value></incidence><incidence><age>7</age><sex>0</sex><value>0.0</value></incidence><incidence><age>7</age><sex>1</sex><value>0.0</value></incidence><incidence><age>8</age><sex>0</sex><value>0.0</value></incidence><incidence><age>8</age><sex>1</sex><value>0.0</value></incidence><incidence><age>9</age><sex>0</sex><value>0.0</value></incidence><incidence><age>9</age><sex>1</sex><value>0.0</value></incidence><incidence><age>10</age><sex>0</sex><value>0.0</value></incidence><incidence><age>10</age><sex>1</sex><value>0.0</value></incidence><incidence><age>11</age><sex>0</sex><value>0.0</value></incidence><incidence><age>11</age><sex>1</sex><value>0.0</value></incidence><incidence><age>12</age><sex>0</sex><value>0.0</value></incidence><incidence><age>12</age><sex>1</sex><value>0.0</value></incidence><incidence><age>13</age><sex>0</sex><value>0.0</value></incidence><incidence><age>13</age><sex>1</sex><value>0.0</value></incidence><incidence><age>14</age><sex>0</sex><value>0.0</value></incidence><incidence><age>14</age><sex>1</sex><value>0.0</value></incidence><incidence><age>15</age><sex>0</sex><value>3.8E-6</value></incidence><incidence><age>15</age><sex>1</sex><value>6.9E-6</value></incidence><incidence><age>16</age><sex>0</sex><value>4.3E-6</value></incidence><incidence><age>16</age><sex>1</sex><value>7.7E-6</value></incidence><incidence><age>17</age><sex>0</sex><value>4.6E-6</value></incidence><incidence><age>17</age><sex>1</sex><value>8.2E-6</value></incidence><incidence><age>18</age><sex>0</sex><value>4.8E-6</value></incidence><incidence><age>18</age><sex>1</sex><value>8.4E-6</value></incidence><incidence><age>19</age><sex>0</sex><value>5.0E-6</value></incidence><incidence><age>19</age><sex>1</sex><value>8.3E-6</value></incidence><incidence><age>20</age><sex>0</sex><value>5.1E-6</value></incidence><incidence><age>20</age><sex>1</sex><value>8.0E-6</value></incidence><incidence><age>21</age><sex>0</sex><value>5.4E-6</value></incidence><incidence><age>21</age><sex>1</sex><value>7.6E-6</value></incidence><incidence><age>22</age><sex>0</sex><value>5.9E-6</value></incidence><incidence><age>22</age><sex>1</sex><value>7.0E-6</value></incidence><incidence><age>23</age><sex>0</sex><value>6.8E-6</value></incidence><incidence><age>23</age><sex>1</sex><value>6.4E-6</value></incidence><incidence><age>24</age><sex>0</sex><value>8.0E-6</value></incidence><incidence><age>24</age><sex>1</sex><value>5.9E-6</value></incidence><incidence><age>25</age><sex>0</sex><value>9.5E-6</value></incidence><incidence><age>25</age><sex>1</sex><value>5.8E-6</value></incidence><incidence><age>26</age><sex>0</sex><value>1.14E-5</value></incidence><incidence><age>26</age><sex>1</sex><value>6.3E-6</value></incidence><incidence><age>27</age><sex>0</sex><value>1.35E-5</value></incidence><incidence><age>27</age><sex>1</sex><value>7.7E-6</value></incidence><incidence><age>28</age><sex>0</sex><value>1.59E-5</value></incidence><incidence><age>28</age><sex>1</sex><value>1.0E-5</value></incidence><incidence><age>29</age><sex>0</sex><value>1.86E-5</value></incidence><incidence><age>29</age><sex>1</sex><value>1.32E-5</value></incidence><incidence><age>30</age><sex>0</sex><value>2.18E-5</value></incidence><incidence><age>30</age><sex>1</sex><value>1.72E-5</value></incidence><incidence><age>31</age><sex>0</sex><value>2.55E-5</value></incidence><incidence><age>31</age><sex>1</sex><value>2.16E-5</value></incidence><incidence><age>32</age><sex>0</sex><value>2.98E-5</value></incidence><incidence><age>32</age><sex>1</sex><value>2.63E-5</value></incidence><incidence><age>33</age><sex>0</sex><value>3.47E-5</value></incidence><incidence><age>33</age><sex>1</sex><value>3.13E-5</value></incidence><incidence><age>34</age><sex>0</sex><value>4.03E-5</value></incidence><incidence><age>34</age><sex>1</sex><value>3.67E-5</value></incidence><incidence><age>35</age><sex>0</sex><value>4.66E-5</value></incidence><incidence><age>35</age><sex>1</sex><value>4.27E-5</value></incidence><incidence><age>36</age><sex>0</sex><value>5.36E-5</value></incidence><incidence><age>36</age><sex>1</sex><value>4.95E-5</value></incidence><incidence><age>37</age><sex>0</sex><value>6.14E-5</value></incidence><incidence><age>37</age><sex>1</sex><value>5.74E-5</value></incidence><incidence><age>38</age><sex>0</sex><value>7.02E-5</value></incidence><incidence><age>38</age><sex>1</sex><value>6.66E-5</value></incidence><incidence><age>39</age><sex>0</sex><value>8.05E-5</value></incidence><incidence><age>39</age><sex>1</sex><value>7.72E-5</value></incidence><incidence><age>40</age><sex>0</sex><value>9.33E-5</value></incidence><incidence><age>40</age><sex>1</sex><value>8.94E-5</value></incidence><incidence><age>41</age><sex>0</sex><value>1.09E-4</value></incidence><incidence><age>41</age><sex>1</sex><value>1.03E-4</value></incidence><incidence><age>42</age><sex>0</sex><value>1.29E-4</value></incidence><incidence><age>42</age><sex>1</sex><value>1.19E-4</value></incidence><incidence><age>43</age><sex>0</sex><value>1.54E-4</value></incidence><incidence><age>43</age><sex>1</sex><value>1.36E-4</value></incidence><incidence><age>44</age><sex>0</sex><value>1.83E-4</value></incidence><incidence><age>44</age><sex>1</sex><value>1.56E-4</value></incidence><incidence><age>45</age><sex>0</sex><value>2.16E-4</value></incidence><incidence><age>45</age><sex>1</sex><value>1.77E-4</value></incidence><incidence><age>46</age><sex>0</sex><value>2.53E-4</value></incidence><incidence><age>46</age><sex>1</sex><value>2.01E-4</value></incidence><incidence><age>47</age><sex>0</sex><value>2.93E-4</value></incidence><incidence><age>47</age><sex>1</sex><value>2.26E-4</value></incidence><incidence><age>48</age><sex>0</sex><value>3.37E-4</value></incidence><incidence><age>48</age><sex>1</sex><value>2.53E-4</value></incidence><incidence><age>49</age><sex>0</sex><value>3.86E-4</value></incidence><incidence><age>49</age><sex>1</sex><value>2.83E-4</value></incidence><incidence><age>50</age><sex>0</sex><value>4.42E-4</value></incidence><incidence><age>50</age><sex>1</sex><value>3.16E-4</value></incidence><incidence><age>51</age><sex>0</sex><value>5.05E-4</value></incidence><incidence><age>51</age><sex>1</sex><value>3.51E-4</value></incidence><incidence><age>52</age><sex>0</sex><value>5.77E-4</value></incidence><incidence><age>52</age><sex>1</sex><value>3.91E-4</value></incidence><incidence><age>53</age><sex>0</sex><value>6.6E-4</value></incidence><incidence><age>53</age><sex>1</sex><value>4.35E-4</value></incidence><incidence><age>54</age><sex>0</sex><value>7.51E-4</value></incidence><incidence><age>54</age><sex>1</sex><value>4.81E-4</value></incidence><incidence><age>55</age><sex>0</sex><value>8.49E-4</value></incidence><incidence><age>55</age><sex>1</sex><value>5.3E-4</value></incidence><incidence><age>56</age><sex>0</sex><value>9.51E-4</value></incidence><incidence><age>56</age><sex>1</sex><value>5.8E-4</value></incidence><incidence><age>57</age><sex>0</sex><value>0.001056</value></incidence><incidence><age>57</age><sex>1</sex><value>6.29E-4</value></incidence><incidence><age>58</age><sex>0</sex><value>0.001162</value></incidence><incidence><age>58</age><sex>1</sex><value>6.77E-4</value></incidence><incidence><age>59</age><sex>0</sex><value>0.001272</value></incidence><incidence><age>59</age><sex>1</sex><value>7.24E-4</value></incidence><incidence><age>60</age><sex>0</sex><value>0.001388</value></incidence><incidence><age>60</age><sex>1</sex><value>7.74E-4</value></incidence><incidence><age>61</age><sex>0</sex><value>0.001514</value></incidence><incidence><age>61</age><sex>1</sex><value>8.26E-4</value></incidence><incidence><age>62</age><sex>0</sex><value>0.001652</value></incidence><incidence><age>62</age><sex>1</sex><value>8.83E-4</value></incidence><incidence><age>63</age><sex>0</sex><value>0.001805</value></incidence><incidence><age>63</age><sex>1</sex><value>9.45E-4</value></incidence><incidence><age>64</age><sex>0</sex><value>0.001971</value></incidence><incidence><age>64</age><sex>1</sex><value>0.001014</value></incidence><incidence><age>65</age><sex>0</sex><value>0.002148</value></incidence><incidence><age>65</age><sex>1</sex><value>0.00109</value></incidence><incidence><age>66</age><sex>0</sex><value>0.002333</value></incidence><incidence><age>66</age><sex>1</sex><value>0.001175</value></incidence><incidence><age>67</age><sex>0</sex><value>0.002524</value></incidence><incidence><age>67</age><sex>1</sex><value>0.001269</value></incidence><incidence><age>68</age><sex>0</sex><value>0.002719</value></incidence><incidence><age>68</age><sex>1</sex><value>0.001372</value></incidence><incidence><age>69</age><sex>0</sex><value>0.002915</value></incidence><incidence><age>69</age><sex>1</sex><value>0.001484</value></incidence><incidence><age>70</age><sex>0</sex><value>0.003108</value></incidence><incidence><age>70</age><sex>1</sex><value>0.0016</value></incidence><incidence><age>71</age><sex>0</sex><value>0.003295</value></incidence><incidence><age>71</age><sex>1</sex><value>0.001721</value></incidence><incidence><age>72</age><sex>0</sex><value>0.003474</value></incidence><incidence><age>72</age><sex>1</sex><value>0.001842</value></incidence><incidence><age>73</age><sex>0</sex><value>0.003642</value></incidence><incidence><age>73</age><sex>1</sex><value>0.001964</value></incidence><incidence><age>74</age><sex>0</sex><value>0.003799</value></incidence><incidence><age>74</age><sex>1</sex><value>0.002087</value></incidence><incidence><age>75</age><sex>0</sex><value>0.003948</value></incidence><incidence><age>75</age><sex>1</sex><value>0.002213</value></incidence><incidence><age>76</age><sex>0</sex><value>0.004089</value></incidence><incidence><age>76</age><sex>1</sex><value>0.002344</value></incidence><incidence><age>77</age><sex>0</sex><value>0.004223</value></incidence><incidence><age>77</age><sex>1</sex><value>0.002483</value></incidence><incidence><age>78</age><sex>0</sex><value>0.004351</value></incidence><incidence><age>78</age><sex>1</sex><value>0.002631</value></incidence><incidence><age>79</age><sex>0</sex><value>0.00447</value></incidence><incidence><age>79</age><sex>1</sex><value>0.002782</value></incidence><incidence><age>80</age><sex>0</sex><value>0.004576</value></incidence><incidence><age>80</age><sex>1</sex><value>0.002933</value></incidence><incidence><age>81</age><sex>0</sex><value>0.004664</value></incidence><incidence><age>81</age><sex>1</sex><value>0.003077</value></incidence><incidence><age>82</age><sex>0</sex><value>0.004732</value></incidence><incidence><age>82</age><sex>1</sex><value>0.003208</value></incidence><incidence><age>83</age><sex>0</sex><value>0.004776</value></incidence><incidence><age>83</age><sex>1</sex><value>0.003323</value></incidence><incidence><age>84</age><sex>0</sex><value>0.0048</value></incidence><incidence><age>84</age><sex>1</sex><value>0.003421</value></incidence><incidence><age>85</age><sex>0</sex><value>0.00481</value></incidence><incidence><age>85</age><sex>1</sex><value>0.003501</value></incidence><incidence><age>86</age><sex>0</sex><value>0.004811</value></incidence><incidence><age>86</age><sex>1</sex><value>0.003564</value></incidence><incidence><age>87</age><sex>0</sex><value>0.004809</value></incidence><incidence><age>87</age><sex>1</sex><value>0.003609</value></incidence><incidence><age>88</age><sex>0</sex><value>0.004807</value></incidence><incidence><age>88</age><sex>1</sex><value>0.003639</value></incidence><incidence><age>89</age><sex>0</sex><value>0.004807</value></incidence><incidence><age>89</age><sex>1</sex><value>0.003655</value></incidence><incidence><age>90</age><sex>0</sex><value>0.004808</value></incidence><incidence><age>90</age><sex>1</sex><value>0.003661</value></incidence><incidence><age>91</age><sex>0</sex><value>0.004809</value></incidence><incidence><age>91</age><sex>1</sex><value>0.003661</value></incidence><incidence><age>92</age><sex>0</sex><value>0.004811</value></incidence><incidence><age>92</age><sex>1</sex><value>0.003659</value></incidence><incidence><age>93</age><sex>0</sex><value>0.004812</value></incidence><incidence><age>93</age><sex>1</sex><value>0.003657</value></incidence><incidence><age>94</age><sex>0</sex><value>0.004813</value></incidence><incidence><age>94</age><sex>1</sex><value>0.003656</value></incidence><incidence><age>95</age><sex>0</sex><value>0.004816</value></incidence><incidence><age>95</age><sex>1</sex><value>0.003661</value></incidence></diseaseincidences>