<?xml version="1.0"?><diseaseprevalences><prevalence><age>0</age><sex>0</sex><percent>0.0</percent></prevalence><prevalence><age>0</age><sex>1</sex><percent>0.0</percent></prevalence><prevalence><age>1</age><sex>0</sex><percent>0.0</percent></prevalence><prevalence><age>1</age><sex>1</sex><percent>0.0</percent></prevalence><prevalence><age>2</age><sex>0</sex><percent>0.0</percent></prevalence><prevalence><age>2</age><sex>1</sex><percent>0.0</percent></prevalence><prevalence><age>3</age><sex>0</sex><percent>0.0</percent></prevalence><prevalence><age>3</age><sex>1</sex><percent>0.0</percent></prevalence><prevalence><age>4</age><sex>0</sex><percent>0.0</percent></prevalence><prevalence><age>4</age><sex>1</sex><percent>0.0</percent></prevalence><prevalence><age>5</age><sex>0</sex><percent>0.0</percent></prevalence><prevalence><age>5</age><sex>1</sex><percent>0.0</percent></prevalence><prevalence><age>6</age><sex>0</sex><percent>0.0</percent></prevalence><prevalence><age>6</age><sex>1</sex><percent>0.0</percent></prevalence><prevalence><age>7</age><sex>0</sex><percent>0.0</percent></prevalence><prevalence><age>7</age><sex>1</sex><percent>0.0</percent></prevalence><prevalence><age>8</age><sex>0</sex><percent>0.0</percent></prevalence><prevalence><age>8</age><sex>1</sex><percent>0.0</percent></prevalence><prevalence><age>9</age><sex>0</sex><percent>0.0</percent></prevalence><prevalence><age>9</age><sex>1</sex><percent>0.0</percent></prevalence><prevalence><age>10</age><sex>0</sex><percent>0.0</percent></prevalence><prevalence><age>10</age><sex>1</sex><percent>0.0</percent></prevalence><prevalence><age>11</age><sex>0</sex><percent>0.0</percent></prevalence><prevalence><age>11</age><sex>1</sex><percent>0.0</percent></prevalence><prevalence><age>12</age><sex>0</sex><percent>0.0</percent></prevalence><prevalence><age>12</age><sex>1</sex><percent>0.0</percent></prevalence><prevalence><age>13</age><sex>0</sex><percent>0.0</percent></prevalence><prevalence><age>13</age><sex>1</sex><percent>0.0</percent></prevalence><prevalence><age>14</age><sex>0</sex><percent>0.0</percent></prevalence><prevalence><age>14</age><sex>1</sex><percent>0.0</percent></prevalence><prevalence><age>15</age><sex>0</sex><percent>0.00127</percent></prevalence><prevalence><age>15</age><sex>1</sex><percent>0.00127</percent></prevalence><prevalence><age>16</age><sex>0</sex><percent>0.0015</percent></prevalence><prevalence><age>16</age><sex>1</sex><percent>0.0015</percent></prevalence><prevalence><age>17</age><sex>0</sex><percent>0.00175</percent></prevalence><prevalence><age>17</age><sex>1</sex><percent>0.00177</percent></prevalence><prevalence><age>18</age><sex>0</sex><percent>0.0020</percent></prevalence><prevalence><age>18</age><sex>1</sex><percent>0.00208</percent></prevalence><prevalence><age>19</age><sex>0</sex><percent>0.00224</percent></prevalence><prevalence><age>19</age><sex>1</sex><percent>0.00241</percent></prevalence><prevalence><age>20</age><sex>0</sex><percent>0.00245</percent></prevalence><prevalence><age>20</age><sex>1</sex><percent>0.00276</percent></prevalence><prevalence><age>21</age><sex>0</sex><percent>0.00263</percent></prevalence><prevalence><age>21</age><sex>1</sex><percent>0.00313</percent></prevalence><prevalence><age>22</age><sex>0</sex><percent>0.00279</percent></prevalence><prevalence><age>22</age><sex>1</sex><percent>0.00351</percent></prevalence><prevalence><age>23</age><sex>0</sex><percent>0.00292</percent></prevalence><prevalence><age>23</age><sex>1</sex><percent>0.00388</percent></prevalence><prevalence><age>24</age><sex>0</sex><percent>0.00304</percent></prevalence><prevalence><age>24</age><sex>1</sex><percent>0.00424</percent></prevalence><prevalence><age>25</age><sex>0</sex><percent>0.00318</percent></prevalence><prevalence><age>25</age><sex>1</sex><percent>0.00459</percent></prevalence><prevalence><age>26</age><sex>0</sex><percent>0.00336</percent></prevalence><prevalence><age>26</age><sex>1</sex><percent>0.00493</percent></prevalence><prevalence><age>27</age><sex>0</sex><percent>0.0036</percent></prevalence><prevalence><age>27</age><sex>1</sex><percent>0.00527</percent></prevalence><prevalence><age>28</age><sex>0</sex><percent>0.00392</percent></prevalence><prevalence><age>28</age><sex>1</sex><percent>0.00561</percent></prevalence><prevalence><age>29</age><sex>0</sex><percent>0.00435</percent></prevalence><prevalence><age>29</age><sex>1</sex><percent>0.00598</percent></prevalence><prevalence><age>30</age><sex>0</sex><percent>0.00493</percent></prevalence><prevalence><age>30</age><sex>1</sex><percent>0.00638</percent></prevalence><prevalence><age>31</age><sex>0</sex><percent>0.00566</percent></prevalence><prevalence><age>31</age><sex>1</sex><percent>0.00683</percent></prevalence><prevalence><age>32</age><sex>0</sex><percent>0.00658</percent></prevalence><prevalence><age>32</age><sex>1</sex><percent>0.00733</percent></prevalence><prevalence><age>33</age><sex>0</sex><percent>0.0077</percent></prevalence><prevalence><age>33</age><sex>1</sex><percent>0.00789</percent></prevalence><prevalence><age>34</age><sex>0</sex><percent>0.00907</percent></prevalence><prevalence><age>34</age><sex>1</sex><percent>0.00851</percent></prevalence><prevalence><age>35</age><sex>0</sex><percent>0.01074</percent></prevalence><prevalence><age>35</age><sex>1</sex><percent>0.00922</percent></prevalence><prevalence><age>36</age><sex>0</sex><percent>0.01283</percent></prevalence><prevalence><age>36</age><sex>1</sex><percent>0.01001</percent></prevalence><prevalence><age>37</age><sex>0</sex><percent>0.01545</percent></prevalence><prevalence><age>37</age><sex>1</sex><percent>0.01089</percent></prevalence><prevalence><age>38</age><sex>0</sex><percent>0.01871</percent></prevalence><prevalence><age>38</age><sex>1</sex><percent>0.01186</percent></prevalence><prevalence><age>39</age><sex>0</sex><percent>0.02269</percent></prevalence><prevalence><age>39</age><sex>1</sex><percent>0.01293</percent></prevalence><prevalence><age>40</age><sex>0</sex><percent>0.02741</percent></prevalence><prevalence><age>40</age><sex>1</sex><percent>0.01409</percent></prevalence><prevalence><age>41</age><sex>0</sex><percent>0.03283</percent></prevalence><prevalence><age>41</age><sex>1</sex><percent>0.01539</percent></prevalence><prevalence><age>42</age><sex>0</sex><percent>0.03895</percent></prevalence><prevalence><age>42</age><sex>1</sex><percent>0.01687</percent></prevalence><prevalence><age>43</age><sex>0</sex><percent>0.04579</percent></prevalence><prevalence><age>43</age><sex>1</sex><percent>0.01859</percent></prevalence><prevalence><age>44</age><sex>0</sex><percent>0.05342</percent></prevalence><prevalence><age>44</age><sex>1</sex><percent>0.0206</percent></prevalence><prevalence><age>45</age><sex>0</sex><percent>0.06199</percent></prevalence><prevalence><age>45</age><sex>1</sex><percent>0.02294</percent></prevalence><prevalence><age>46</age><sex>0</sex><percent>0.07166</percent></prevalence><prevalence><age>46</age><sex>1</sex><percent>0.02562</percent></prevalence><prevalence><age>47</age><sex>0</sex><percent>0.08261</percent></prevalence><prevalence><age>47</age><sex>1</sex><percent>0.02862</percent></prevalence><prevalence><age>48</age><sex>0</sex><percent>0.09498</percent></prevalence><prevalence><age>48</age><sex>1</sex><percent>0.03191</percent></prevalence><prevalence><age>49</age><sex>0</sex><percent>0.10881</percent></prevalence><prevalence><age>49</age><sex>1</sex><percent>0.03541</percent></prevalence><prevalence><age>50</age><sex>0</sex><percent>0.12396</percent></prevalence><prevalence><age>50</age><sex>1</sex><percent>0.03909</percent></prevalence><prevalence><age>51</age><sex>0</sex><percent>0.14015</percent></prevalence><prevalence><age>51</age><sex>1</sex><percent>0.0429</percent></prevalence><prevalence><age>52</age><sex>0</sex><percent>0.15697</percent></prevalence><prevalence><age>52</age><sex>1</sex><percent>0.04678</percent></prevalence><prevalence><age>53</age><sex>0</sex><percent>0.17393</percent></prevalence><prevalence><age>53</age><sex>1</sex><percent>0.05069</percent></prevalence><prevalence><age>54</age><sex>0</sex><percent>0.19065</percent></prevalence><prevalence><age>54</age><sex>1</sex><percent>0.05459</percent></prevalence><prevalence><age>55</age><sex>0</sex><percent>0.20689</percent></prevalence><prevalence><age>55</age><sex>1</sex><percent>0.05848</percent></prevalence><prevalence><age>56</age><sex>0</sex><percent>0.22266</percent></prevalence><prevalence><age>56</age><sex>1</sex><percent>0.06237</percent></prevalence><prevalence><age>57</age><sex>0</sex><percent>0.23805</percent></prevalence><prevalence><age>57</age><sex>1</sex><percent>0.06631</percent></prevalence><prevalence><age>58</age><sex>0</sex><percent>0.25329</percent></prevalence><prevalence><age>58</age><sex>1</sex><percent>0.07041</percent></prevalence><prevalence><age>59</age><sex>0</sex><percent>0.26862</percent></prevalence><prevalence><age>59</age><sex>1</sex><percent>0.07475</percent></prevalence><prevalence><age>60</age><sex>0</sex><percent>0.28421</percent></prevalence><prevalence><age>60</age><sex>1</sex><percent>0.07938</percent></prevalence><prevalence><age>61</age><sex>0</sex><percent>0.30019</percent></prevalence><prevalence><age>61</age><sex>1</sex><percent>0.08432</percent></prevalence><prevalence><age>62</age><sex>0</sex><percent>0.31663</percent></prevalence><prevalence><age>62</age><sex>1</sex><percent>0.08952</percent></prevalence><prevalence><age>63</age><sex>0</sex><percent>0.33358</percent></prevalence><prevalence><age>63</age><sex>1</sex><percent>0.09489</percent></prevalence><prevalence><age>64</age><sex>0</sex><percent>0.35106</percent></prevalence><prevalence><age>64</age><sex>1</sex><percent>0.1003</percent></prevalence><prevalence><age>65</age><sex>0</sex><percent>0.36901</percent></prevalence><prevalence><age>65</age><sex>1</sex><percent>0.10568</percent></prevalence><prevalence><age>66</age><sex>0</sex><percent>0.38729</percent></prevalence><prevalence><age>66</age><sex>1</sex><percent>0.11099</percent></prevalence><prevalence><age>67</age><sex>0</sex><percent>0.40564</percent></prevalence><prevalence><age>67</age><sex>1</sex><percent>0.11627</percent></prevalence><prevalence><age>68</age><sex>0</sex><percent>0.42366</percent></prevalence><prevalence><age>68</age><sex>1</sex><percent>0.12157</percent></prevalence><prevalence><age>69</age><sex>0</sex><percent>0.44095</percent></prevalence><prevalence><age>69</age><sex>1</sex><percent>0.12699</percent></prevalence><prevalence><age>70</age><sex>0</sex><percent>0.45724</percent></prevalence><prevalence><age>70</age><sex>1</sex><percent>0.13261</percent></prevalence><prevalence><age>71</age><sex>0</sex><percent>0.4724</percent></prevalence><prevalence><age>71</age><sex>1</sex><percent>0.13851</percent></prevalence><prevalence><age>72</age><sex>0</sex><percent>0.48654</percent></prevalence><prevalence><age>72</age><sex>1</sex><percent>0.14474</percent></prevalence><prevalence><age>73</age><sex>0</sex><percent>0.49995</percent></prevalence><prevalence><age>73</age><sex>1</sex><percent>0.15134</percent></prevalence><prevalence><age>74</age><sex>0</sex><percent>0.513</percent></prevalence><prevalence><age>74</age><sex>1</sex><percent>0.15831</percent></prevalence><prevalence><age>75</age><sex>0</sex><percent>0.52603</percent></prevalence><prevalence><age>75</age><sex>1</sex><percent>0.16563</percent></prevalence><prevalence><age>76</age><sex>0</sex><percent>0.53927</percent></prevalence><prevalence><age>76</age><sex>1</sex><percent>0.17325</percent></prevalence><prevalence><age>77</age><sex>0</sex><percent>0.55284</percent></prevalence><prevalence><age>77</age><sex>1</sex><percent>0.18107</percent></prevalence><prevalence><age>78</age><sex>0</sex><percent>0.56677</percent></prevalence><prevalence><age>78</age><sex>1</sex><percent>0.189</percent></prevalence><prevalence><age>79</age><sex>0</sex><percent>0.58097</percent></prevalence><prevalence><age>79</age><sex>1</sex><percent>0.19692</percent></prevalence><prevalence><age>80</age><sex>0</sex><percent>0.59537</percent></prevalence><prevalence><age>80</age><sex>1</sex><percent>0.20474</percent></prevalence><prevalence><age>81</age><sex>0</sex><percent>0.60986</percent></prevalence><prevalence><age>81</age><sex>1</sex><percent>0.21238</percent></prevalence><prevalence><age>82</age><sex>0</sex><percent>0.62439</percent></prevalence><prevalence><age>82</age><sex>1</sex><percent>0.21981</percent></prevalence><prevalence><age>83</age><sex>0</sex><percent>0.63891</percent></prevalence><prevalence><age>83</age><sex>1</sex><percent>0.22695</percent></prevalence><prevalence><age>84</age><sex>0</sex><percent>0.65345</percent></prevalence><prevalence><age>84</age><sex>1</sex><percent>0.23379</percent></prevalence><prevalence><age>85</age><sex>0</sex><percent>0.66802</percent></prevalence><prevalence><age>85</age><sex>1</sex><percent>0.24028</percent></prevalence><prevalence><age>86</age><sex>0</sex><percent>0.68261</percent></prevalence><prevalence><age>86</age><sex>1</sex><percent>0.24641</percent></prevalence><prevalence><age>87</age><sex>0</sex><percent>0.69721</percent></prevalence><prevalence><age>87</age><sex>1</sex><percent>0.25221</percent></prevalence><prevalence><age>88</age><sex>0</sex><percent>0.71182</percent></prevalence><prevalence><age>88</age><sex>1</sex><percent>0.25774</percent></prevalence><prevalence><age>89</age><sex>0</sex><percent>0.7264</percent></prevalence><prevalence><age>89</age><sex>1</sex><percent>0.26309</percent></prevalence><prevalence><age>90</age><sex>0</sex><percent>0.74095</percent></prevalence><prevalence><age>90</age><sex>1</sex><percent>0.26836</percent></prevalence><prevalence><age>91</age><sex>0</sex><percent>0.7555</percent></prevalence><prevalence><age>91</age><sex>1</sex><percent>0.27363</percent></prevalence><prevalence><age>92</age><sex>0</sex><percent>0.77007</percent></prevalence><prevalence><age>92</age><sex>1</sex><percent>0.27895</percent></prevalence><prevalence><age>93</age><sex>0</sex><percent>0.78473</percent></prevalence><prevalence><age>93</age><sex>1</sex><percent>0.28436</percent></prevalence><prevalence><age>94</age><sex>0</sex><percent>0.79952</percent></prevalence><prevalence><age>94</age><sex>1</sex><percent>0.28989</percent></prevalence><prevalence><age>95</age><sex>0</sex><percent>0.83423</percent></prevalence><prevalence><age>95</age><sex>1</sex><percent>0.30409</percent></prevalence></diseaseprevalences>