<?xml version="1.0"?><riskfactorprevalences_categorical><prevalence><age>0</age><sex>0</sex><cat>1</cat><percent>89.1</percent></prevalence><prevalence><age>0</age><sex>0</sex><cat>2</cat><percent>9.1</percent></prevalence><prevalence><age>0</age><sex>0</sex><cat>3</cat><percent>1.8</percent></prevalence><prevalence><age>0</age><sex>1</sex><cat>1</cat><percent>82.9</percent></prevalence><prevalence><age>0</age><sex>1</sex><cat>2</cat><percent>14.6</percent></prevalence><prevalence><age>0</age><sex>1</sex><cat>3</cat><percent>2.5</percent></prevalence><prevalence><age>1</age><sex>0</sex><cat>1</cat><percent>89.1</percent></prevalence><prevalence><age>1</age><sex>0</sex><cat>2</cat><percent>9.1</percent></prevalence><prevalence><age>1</age><sex>0</sex><cat>3</cat><percent>1.8</percent></prevalence><prevalence><age>1</age><sex>1</sex><cat>1</cat><percent>82.9</percent></prevalence><prevalence><age>1</age><sex>1</sex><cat>2</cat><percent>14.6</percent></prevalence><prevalence><age>1</age><sex>1</sex><cat>3</cat><percent>2.5</percent></prevalence><prevalence><age>2</age><sex>0</sex><cat>1</cat><percent>89.1</percent></prevalence><prevalence><age>2</age><sex>0</sex><cat>2</cat><percent>9.1</percent></prevalence><prevalence><age>2</age><sex>0</sex><cat>3</cat><percent>1.8</percent></prevalence><prevalence><age>2</age><sex>1</sex><cat>1</cat><percent>82.9</percent></prevalence><prevalence><age>2</age><sex>1</sex><cat>2</cat><percent>14.6</percent></prevalence><prevalence><age>2</age><sex>1</sex><cat>3</cat><percent>2.5</percent></prevalence><prevalence><age>3</age><sex>0</sex><cat>1</cat><percent>89.1</percent></prevalence><prevalence><age>3</age><sex>0</sex><cat>2</cat><percent>9.1</percent></prevalence><prevalence><age>3</age><sex>0</sex><cat>3</cat><percent>1.8</percent></prevalence><prevalence><age>3</age><sex>1</sex><cat>1</cat><percent>82.9</percent></prevalence><prevalence><age>3</age><sex>1</sex><cat>2</cat><percent>14.6</percent></prevalence><prevalence><age>3</age><sex>1</sex><cat>3</cat><percent>2.5</percent></prevalence><prevalence><age>4</age><sex>0</sex><cat>1</cat><percent>89.1</percent></prevalence><prevalence><age>4</age><sex>0</sex><cat>2</cat><percent>9.1</percent></prevalence><prevalence><age>4</age><sex>0</sex><cat>3</cat><percent>1.8</percent></prevalence><prevalence><age>4</age><sex>1</sex><cat>1</cat><percent>82.9</percent></prevalence><prevalence><age>4</age><sex>1</sex><cat>2</cat><percent>14.6</percent></prevalence><prevalence><age>4</age><sex>1</sex><cat>3</cat><percent>2.5</percent></prevalence><prevalence><age>5</age><sex>0</sex><cat>1</cat><percent>89.1</percent></prevalence><prevalence><age>5</age><sex>0</sex><cat>2</cat><percent>9.1</percent></prevalence><prevalence><age>5</age><sex>0</sex><cat>3</cat><percent>1.8</percent></prevalence><prevalence><age>5</age><sex>1</sex><cat>1</cat><percent>82.9</percent></prevalence><prevalence><age>5</age><sex>1</sex><cat>2</cat><percent>14.6</percent></prevalence><prevalence><age>5</age><sex>1</sex><cat>3</cat><percent>2.5</percent></prevalence><prevalence><age>6</age><sex>0</sex><cat>1</cat><percent>90.0</percent></prevalence><prevalence><age>6</age><sex>0</sex><cat>2</cat><percent>8.2</percent></prevalence><prevalence><age>6</age><sex>0</sex><cat>3</cat><percent>1.8</percent></prevalence><prevalence><age>6</age><sex>1</sex><cat>1</cat><percent>85.9</percent></prevalence><prevalence><age>6</age><sex>1</sex><cat>2</cat><percent>11.7</percent></prevalence><prevalence><age>6</age><sex>1</sex><cat>3</cat><percent>2.4</percent></prevalence><prevalence><age>7</age><sex>0</sex><cat>1</cat><percent>90.3</percent></prevalence><prevalence><age>7</age><sex>0</sex><cat>2</cat><percent>8.6</percent></prevalence><prevalence><age>7</age><sex>0</sex><cat>3</cat><percent>1.1</percent></prevalence><prevalence><age>7</age><sex>1</sex><cat>1</cat><percent>85.7</percent></prevalence><prevalence><age>7</age><sex>1</sex><cat>2</cat><percent>11.9</percent></prevalence><prevalence><age>7</age><sex>1</sex><cat>3</cat><percent>2.4</percent></prevalence><prevalence><age>8</age><sex>0</sex><cat>1</cat><percent>90.5</percent></prevalence><prevalence><age>8</age><sex>0</sex><cat>2</cat><percent>8.4</percent></prevalence><prevalence><age>8</age><sex>0</sex><cat>3</cat><percent>1.1</percent></prevalence><prevalence><age>8</age><sex>1</sex><cat>1</cat><percent>89.7</percent></prevalence><prevalence><age>8</age><sex>1</sex><cat>2</cat><percent>9.3</percent></prevalence><prevalence><age>8</age><sex>1</sex><cat>3</cat><percent>1.0</percent></prevalence><prevalence><age>9</age><sex>0</sex><cat>1</cat><percent>86.6</percent></prevalence><prevalence><age>9</age><sex>0</sex><cat>2</cat><percent>12.2</percent></prevalence><prevalence><age>9</age><sex>0</sex><cat>3</cat><percent>1.2</percent></prevalence><prevalence><age>9</age><sex>1</sex><cat>1</cat><percent>85.0</percent></prevalence><prevalence><age>9</age><sex>1</sex><cat>2</cat><percent>9.7</percent></prevalence><prevalence><age>9</age><sex>1</sex><cat>3</cat><percent>5.3</percent></prevalence><prevalence><age>10</age><sex>0</sex><cat>1</cat><percent>86.3</percent></prevalence><prevalence><age>10</age><sex>0</sex><cat>2</cat><percent>12.3</percent></prevalence><prevalence><age>10</age><sex>0</sex><cat>3</cat><percent>1.4</percent></prevalence><prevalence><age>10</age><sex>1</sex><cat>1</cat><percent>78.0</percent></prevalence><prevalence><age>10</age><sex>1</sex><cat>2</cat><percent>20.8</percent></prevalence><prevalence><age>10</age><sex>1</sex><cat>3</cat><percent>1.2</percent></prevalence><prevalence><age>11</age><sex>0</sex><cat>1</cat><percent>81.3</percent></prevalence><prevalence><age>11</age><sex>0</sex><cat>2</cat><percent>16.5</percent></prevalence><prevalence><age>11</age><sex>0</sex><cat>3</cat><percent>2.2</percent></prevalence><prevalence><age>11</age><sex>1</sex><cat>1</cat><percent>86.6</percent></prevalence><prevalence><age>11</age><sex>1</sex><cat>2</cat><percent>11.8</percent></prevalence><prevalence><age>11</age><sex>1</sex><cat>3</cat><percent>1.6</percent></prevalence><prevalence><age>12</age><sex>0</sex><cat>1</cat><percent>88.6</percent></prevalence><prevalence><age>12</age><sex>0</sex><cat>2</cat><percent>10.2</percent></prevalence><prevalence><age>12</age><sex>0</sex><cat>3</cat><percent>1.2</percent></prevalence><prevalence><age>12</age><sex>1</sex><cat>1</cat><percent>85.9</percent></prevalence><prevalence><age>12</age><sex>1</sex><cat>2</cat><percent>12.4</percent></prevalence><prevalence><age>12</age><sex>1</sex><cat>3</cat><percent>1.7</percent></prevalence><prevalence><age>13</age><sex>0</sex><cat>1</cat><percent>89.0</percent></prevalence><prevalence><age>13</age><sex>0</sex><cat>2</cat><percent>11.0</percent></prevalence><prevalence><age>13</age><sex>0</sex><cat>3</cat><percent>0.0</percent></prevalence><prevalence><age>13</age><sex>1</sex><cat>1</cat><percent>85.5</percent></prevalence><prevalence><age>13</age><sex>1</sex><cat>2</cat><percent>13.1</percent></prevalence><prevalence><age>13</age><sex>1</sex><cat>3</cat><percent>1.4</percent></prevalence><prevalence><age>14</age><sex>0</sex><cat>1</cat><percent>82.1</percent></prevalence><prevalence><age>14</age><sex>0</sex><cat>2</cat><percent>16.1</percent></prevalence><prevalence><age>14</age><sex>0</sex><cat>3</cat><percent>1.8</percent></prevalence><prevalence><age>14</age><sex>1</sex><cat>1</cat><percent>81.7</percent></prevalence><prevalence><age>14</age><sex>1</sex><cat>2</cat><percent>16.8</percent></prevalence><prevalence><age>14</age><sex>1</sex><cat>3</cat><percent>1.5</percent></prevalence><prevalence><age>15</age><sex>0</sex><cat>1</cat><percent>84.3</percent></prevalence><prevalence><age>15</age><sex>0</sex><cat>2</cat><percent>13.7</percent></prevalence><prevalence><age>15</age><sex>0</sex><cat>3</cat><percent>2.0</percent></prevalence><prevalence><age>15</age><sex>1</sex><cat>1</cat><percent>84.3</percent></prevalence><prevalence><age>15</age><sex>1</sex><cat>2</cat><percent>12.8</percent></prevalence><prevalence><age>15</age><sex>1</sex><cat>3</cat><percent>2.9</percent></prevalence><prevalence><age>16</age><sex>0</sex><cat>1</cat><percent>82.8</percent></prevalence><prevalence><age>16</age><sex>0</sex><cat>2</cat><percent>13.9</percent></prevalence><prevalence><age>16</age><sex>0</sex><cat>3</cat><percent>3.3</percent></prevalence><prevalence><age>16</age><sex>1</sex><cat>1</cat><percent>84.1</percent></prevalence><prevalence><age>16</age><sex>1</sex><cat>2</cat><percent>12.9</percent></prevalence><prevalence><age>16</age><sex>1</sex><cat>3</cat><percent>3.0</percent></prevalence><prevalence><age>17</age><sex>0</sex><cat>1</cat><percent>81.6</percent></prevalence><prevalence><age>17</age><sex>0</sex><cat>2</cat><percent>14.9</percent></prevalence><prevalence><age>17</age><sex>0</sex><cat>3</cat><percent>3.5</percent></prevalence><prevalence><age>17</age><sex>1</sex><cat>1</cat><percent>83.9</percent></prevalence><prevalence><age>17</age><sex>1</sex><cat>2</cat><percent>13.0</percent></prevalence><prevalence><age>17</age><sex>1</sex><cat>3</cat><percent>3.1</percent></prevalence><prevalence><age>18</age><sex>0</sex><cat>1</cat><percent>80.3</percent></prevalence><prevalence><age>18</age><sex>0</sex><cat>2</cat><percent>16.0</percent></prevalence><prevalence><age>18</age><sex>0</sex><cat>3</cat><percent>3.7</percent></prevalence><prevalence><age>18</age><sex>1</sex><cat>1</cat><percent>83.6</percent></prevalence><prevalence><age>18</age><sex>1</sex><cat>2</cat><percent>13.1</percent></prevalence><prevalence><age>18</age><sex>1</sex><cat>3</cat><percent>3.3</percent></prevalence><prevalence><age>19</age><sex>0</sex><cat>1</cat><percent>78.8</percent></prevalence><prevalence><age>19</age><sex>0</sex><cat>2</cat><percent>17.3</percent></prevalence><prevalence><age>19</age><sex>0</sex><cat>3</cat><percent>3.9</percent></prevalence><prevalence><age>19</age><sex>1</sex><cat>1</cat><percent>83.4</percent></prevalence><prevalence><age>19</age><sex>1</sex><cat>2</cat><percent>13.2</percent></prevalence><prevalence><age>19</age><sex>1</sex><cat>3</cat><percent>3.4</percent></prevalence><prevalence><age>20</age><sex>0</sex><cat>1</cat><percent>77.7</percent></prevalence><prevalence><age>20</age><sex>0</sex><cat>2</cat><percent>18.2</percent></prevalence><prevalence><age>20</age><sex>0</sex><cat>3</cat><percent>4.1</percent></prevalence><prevalence><age>20</age><sex>1</sex><cat>1</cat><percent>83.2</percent></prevalence><prevalence><age>20</age><sex>1</sex><cat>2</cat><percent>13.3</percent></prevalence><prevalence><age>20</age><sex>1</sex><cat>3</cat><percent>3.5</percent></prevalence><prevalence><age>21</age><sex>0</sex><cat>1</cat><percent>76.4</percent></prevalence><prevalence><age>21</age><sex>0</sex><cat>2</cat><percent>19.4</percent></prevalence><prevalence><age>21</age><sex>0</sex><cat>3</cat><percent>4.2</percent></prevalence><prevalence><age>21</age><sex>1</sex><cat>1</cat><percent>82.9</percent></prevalence><prevalence><age>21</age><sex>1</sex><cat>2</cat><percent>13.4</percent></prevalence><prevalence><age>21</age><sex>1</sex><cat>3</cat><percent>3.7</percent></prevalence><prevalence><age>22</age><sex>0</sex><cat>1</cat><percent>74.9</percent></prevalence><prevalence><age>22</age><sex>0</sex><cat>2</cat><percent>20.7</percent></prevalence><prevalence><age>22</age><sex>0</sex><cat>3</cat><percent>4.4</percent></prevalence><prevalence><age>22</age><sex>1</sex><cat>1</cat><percent>82.7</percent></prevalence><prevalence><age>22</age><sex>1</sex><cat>2</cat><percent>13.5</percent></prevalence><prevalence><age>22</age><sex>1</sex><cat>3</cat><percent>3.8</percent></prevalence><prevalence><age>23</age><sex>0</sex><cat>1</cat><percent>73.6</percent></prevalence><prevalence><age>23</age><sex>0</sex><cat>2</cat><percent>21.8</percent></prevalence><prevalence><age>23</age><sex>0</sex><cat>3</cat><percent>4.6</percent></prevalence><prevalence><age>23</age><sex>1</sex><cat>1</cat><percent>82.5</percent></prevalence><prevalence><age>23</age><sex>1</sex><cat>2</cat><percent>13.6</percent></prevalence><prevalence><age>23</age><sex>1</sex><cat>3</cat><percent>3.9</percent></prevalence><prevalence><age>24</age><sex>0</sex><cat>1</cat><percent>72.2</percent></prevalence><prevalence><age>24</age><sex>0</sex><cat>2</cat><percent>23.1</percent></prevalence><prevalence><age>24</age><sex>0</sex><cat>3</cat><percent>4.7</percent></prevalence><prevalence><age>24</age><sex>1</sex><cat>1</cat><percent>82.3</percent></prevalence><prevalence><age>24</age><sex>1</sex><cat>2</cat><percent>13.7</percent></prevalence><prevalence><age>24</age><sex>1</sex><cat>3</cat><percent>4.0</percent></prevalence><prevalence><age>25</age><sex>0</sex><cat>1</cat><percent>71.0</percent></prevalence><prevalence><age>25</age><sex>0</sex><cat>2</cat><percent>24.2</percent></prevalence><prevalence><age>25</age><sex>0</sex><cat>3</cat><percent>4.8</percent></prevalence><prevalence><age>25</age><sex>1</sex><cat>1</cat><percent>81.9</percent></prevalence><prevalence><age>25</age><sex>1</sex><cat>2</cat><percent>13.8</percent></prevalence><prevalence><age>25</age><sex>1</sex><cat>3</cat><percent>4.3</percent></prevalence><prevalence><age>26</age><sex>0</sex><cat>1</cat><percent>69.5</percent></prevalence><prevalence><age>26</age><sex>0</sex><cat>2</cat><percent>25.6</percent></prevalence><prevalence><age>26</age><sex>0</sex><cat>3</cat><percent>4.9</percent></prevalence><prevalence><age>26</age><sex>1</sex><cat>1</cat><percent>81.5</percent></prevalence><prevalence><age>26</age><sex>1</sex><cat>2</cat><percent>14.0</percent></prevalence><prevalence><age>26</age><sex>1</sex><cat>3</cat><percent>4.5</percent></prevalence><prevalence><age>27</age><sex>0</sex><cat>1</cat><percent>68.3</percent></prevalence><prevalence><age>27</age><sex>0</sex><cat>2</cat><percent>26.7</percent></prevalence><prevalence><age>27</age><sex>0</sex><cat>3</cat><percent>5.0</percent></prevalence><prevalence><age>27</age><sex>1</sex><cat>1</cat><percent>81.1</percent></prevalence><prevalence><age>27</age><sex>1</sex><cat>2</cat><percent>14.2</percent></prevalence><prevalence><age>27</age><sex>1</sex><cat>3</cat><percent>4.7</percent></prevalence><prevalence><age>28</age><sex>0</sex><cat>1</cat><percent>67.1</percent></prevalence><prevalence><age>28</age><sex>0</sex><cat>2</cat><percent>27.8</percent></prevalence><prevalence><age>28</age><sex>0</sex><cat>3</cat><percent>5.1</percent></prevalence><prevalence><age>28</age><sex>1</sex><cat>1</cat><percent>80.7</percent></prevalence><prevalence><age>28</age><sex>1</sex><cat>2</cat><percent>14.3</percent></prevalence><prevalence><age>28</age><sex>1</sex><cat>3</cat><percent>5.0</percent></prevalence><prevalence><age>29</age><sex>0</sex><cat>1</cat><percent>66.2</percent></prevalence><prevalence><age>29</age><sex>0</sex><cat>2</cat><percent>28.5</percent></prevalence><prevalence><age>29</age><sex>0</sex><cat>3</cat><percent>5.3</percent></prevalence><prevalence><age>29</age><sex>1</sex><cat>1</cat><percent>80.3</percent></prevalence><prevalence><age>29</age><sex>1</sex><cat>2</cat><percent>14.4</percent></prevalence><prevalence><age>29</age><sex>1</sex><cat>3</cat><percent>5.3</percent></prevalence><prevalence><age>30</age><sex>0</sex><cat>1</cat><percent>64.8</percent></prevalence><prevalence><age>30</age><sex>0</sex><cat>2</cat><percent>29.8</percent></prevalence><prevalence><age>30</age><sex>0</sex><cat>3</cat><percent>5.4</percent></prevalence><prevalence><age>30</age><sex>1</sex><cat>1</cat><percent>80.2</percent></prevalence><prevalence><age>30</age><sex>1</sex><cat>2</cat><percent>14.7</percent></prevalence><prevalence><age>30</age><sex>1</sex><cat>3</cat><percent>5.1</percent></prevalence><prevalence><age>31</age><sex>0</sex><cat>1</cat><percent>63.1</percent></prevalence><prevalence><age>31</age><sex>0</sex><cat>2</cat><percent>31.3</percent></prevalence><prevalence><age>31</age><sex>0</sex><cat>3</cat><percent>5.6</percent></prevalence><prevalence><age>31</age><sex>1</sex><cat>1</cat><percent>80.3</percent></prevalence><prevalence><age>31</age><sex>1</sex><cat>2</cat><percent>14.9</percent></prevalence><prevalence><age>31</age><sex>1</sex><cat>3</cat><percent>4.8</percent></prevalence><prevalence><age>32</age><sex>0</sex><cat>1</cat><percent>61.4</percent></prevalence><prevalence><age>32</age><sex>0</sex><cat>2</cat><percent>32.8</percent></prevalence><prevalence><age>32</age><sex>0</sex><cat>3</cat><percent>5.8</percent></prevalence><prevalence><age>32</age><sex>1</sex><cat>1</cat><percent>80.3</percent></prevalence><prevalence><age>32</age><sex>1</sex><cat>2</cat><percent>15.1</percent></prevalence><prevalence><age>32</age><sex>1</sex><cat>3</cat><percent>4.6</percent></prevalence><prevalence><age>33</age><sex>0</sex><cat>1</cat><percent>59.9</percent></prevalence><prevalence><age>33</age><sex>0</sex><cat>2</cat><percent>34.1</percent></prevalence><prevalence><age>33</age><sex>0</sex><cat>3</cat><percent>6.0</percent></prevalence><prevalence><age>33</age><sex>1</sex><cat>1</cat><percent>80.6</percent></prevalence><prevalence><age>33</age><sex>1</sex><cat>2</cat><percent>15.4</percent></prevalence><prevalence><age>33</age><sex>1</sex><cat>3</cat><percent>4.0</percent></prevalence><prevalence><age>34</age><sex>0</sex><cat>1</cat><percent>57.5</percent></prevalence><prevalence><age>34</age><sex>0</sex><cat>2</cat><percent>36.2</percent></prevalence><prevalence><age>34</age><sex>0</sex><cat>3</cat><percent>6.3</percent></prevalence><prevalence><age>34</age><sex>1</sex><cat>1</cat><percent>80.8</percent></prevalence><prevalence><age>34</age><sex>1</sex><cat>2</cat><percent>15.7</percent></prevalence><prevalence><age>34</age><sex>1</sex><cat>3</cat><percent>3.5</percent></prevalence><prevalence><age>35</age><sex>0</sex><cat>1</cat><percent>55.9</percent></prevalence><prevalence><age>35</age><sex>0</sex><cat>2</cat><percent>37.3</percent></prevalence><prevalence><age>35</age><sex>0</sex><cat>3</cat><percent>6.8</percent></prevalence><prevalence><age>35</age><sex>1</sex><cat>1</cat><percent>80.5</percent></prevalence><prevalence><age>35</age><sex>1</sex><cat>2</cat><percent>16.4</percent></prevalence><prevalence><age>35</age><sex>1</sex><cat>3</cat><percent>3.1</percent></prevalence><prevalence><age>36</age><sex>0</sex><cat>1</cat><percent>54.6</percent></prevalence><prevalence><age>36</age><sex>0</sex><cat>2</cat><percent>38.1</percent></prevalence><prevalence><age>36</age><sex>0</sex><cat>3</cat><percent>7.3</percent></prevalence><prevalence><age>36</age><sex>1</sex><cat>1</cat><percent>80.1</percent></prevalence><prevalence><age>36</age><sex>1</sex><cat>2</cat><percent>16.9</percent></prevalence><prevalence><age>36</age><sex>1</sex><cat>3</cat><percent>3.0</percent></prevalence><prevalence><age>37</age><sex>0</sex><cat>1</cat><percent>53.4</percent></prevalence><prevalence><age>37</age><sex>0</sex><cat>2</cat><percent>38.9</percent></prevalence><prevalence><age>37</age><sex>0</sex><cat>3</cat><percent>7.7</percent></prevalence><prevalence><age>37</age><sex>1</sex><cat>1</cat><percent>79.4</percent></prevalence><prevalence><age>37</age><sex>1</sex><cat>2</cat><percent>17.8</percent></prevalence><prevalence><age>37</age><sex>1</sex><cat>3</cat><percent>2.8</percent></prevalence><prevalence><age>38</age><sex>0</sex><cat>1</cat><percent>52.3</percent></prevalence><prevalence><age>38</age><sex>0</sex><cat>2</cat><percent>39.5</percent></prevalence><prevalence><age>38</age><sex>0</sex><cat>3</cat><percent>8.2</percent></prevalence><prevalence><age>38</age><sex>1</sex><cat>1</cat><percent>78.9</percent></prevalence><prevalence><age>38</age><sex>1</sex><cat>2</cat><percent>18.5</percent></prevalence><prevalence><age>38</age><sex>1</sex><cat>3</cat><percent>2.6</percent></prevalence><prevalence><age>39</age><sex>0</sex><cat>1</cat><percent>51.0</percent></prevalence><prevalence><age>39</age><sex>0</sex><cat>2</cat><percent>40.4</percent></prevalence><prevalence><age>39</age><sex>0</sex><cat>3</cat><percent>8.6</percent></prevalence><prevalence><age>39</age><sex>1</sex><cat>1</cat><percent>78.4</percent></prevalence><prevalence><age>39</age><sex>1</sex><cat>2</cat><percent>19.1</percent></prevalence><prevalence><age>39</age><sex>1</sex><cat>3</cat><percent>2.5</percent></prevalence><prevalence><age>40</age><sex>0</sex><cat>1</cat><percent>50.1</percent></prevalence><prevalence><age>40</age><sex>0</sex><cat>2</cat><percent>41.1</percent></prevalence><prevalence><age>40</age><sex>0</sex><cat>3</cat><percent>8.8</percent></prevalence><prevalence><age>40</age><sex>1</sex><cat>1</cat><percent>77.8</percent></prevalence><prevalence><age>40</age><sex>1</sex><cat>2</cat><percent>19.9</percent></prevalence><prevalence><age>40</age><sex>1</sex><cat>3</cat><percent>2.3</percent></prevalence><prevalence><age>41</age><sex>0</sex><cat>1</cat><percent>49.3</percent></prevalence><prevalence><age>41</age><sex>0</sex><cat>2</cat><percent>41.6</percent></prevalence><prevalence><age>41</age><sex>0</sex><cat>3</cat><percent>9.1</percent></prevalence><prevalence><age>41</age><sex>1</sex><cat>1</cat><percent>76.8</percent></prevalence><prevalence><age>41</age><sex>1</sex><cat>2</cat><percent>20.8</percent></prevalence><prevalence><age>41</age><sex>1</sex><cat>3</cat><percent>2.4</percent></prevalence><prevalence><age>42</age><sex>0</sex><cat>1</cat><percent>48.5</percent></prevalence><prevalence><age>42</age><sex>0</sex><cat>2</cat><percent>42.0</percent></prevalence><prevalence><age>42</age><sex>0</sex><cat>3</cat><percent>9.5</percent></prevalence><prevalence><age>42</age><sex>1</sex><cat>1</cat><percent>75.8</percent></prevalence><prevalence><age>42</age><sex>1</sex><cat>2</cat><percent>21.5</percent></prevalence><prevalence><age>42</age><sex>1</sex><cat>3</cat><percent>2.7</percent></prevalence><prevalence><age>43</age><sex>0</sex><cat>1</cat><percent>47.9</percent></prevalence><prevalence><age>43</age><sex>0</sex><cat>2</cat><percent>42.4</percent></prevalence><prevalence><age>43</age><sex>0</sex><cat>3</cat><percent>9.7</percent></prevalence><prevalence><age>43</age><sex>1</sex><cat>1</cat><percent>74.8</percent></prevalence><prevalence><age>43</age><sex>1</sex><cat>2</cat><percent>22.2</percent></prevalence><prevalence><age>43</age><sex>1</sex><cat>3</cat><percent>3.0</percent></prevalence><prevalence><age>44</age><sex>0</sex><cat>1</cat><percent>47.1</percent></prevalence><prevalence><age>44</age><sex>0</sex><cat>2</cat><percent>42.9</percent></prevalence><prevalence><age>44</age><sex>0</sex><cat>3</cat><percent>10.0</percent></prevalence><prevalence><age>44</age><sex>1</sex><cat>1</cat><percent>74.0</percent></prevalence><prevalence><age>44</age><sex>1</sex><cat>2</cat><percent>22.9</percent></prevalence><prevalence><age>44</age><sex>1</sex><cat>3</cat><percent>3.1</percent></prevalence><prevalence><age>45</age><sex>0</sex><cat>1</cat><percent>46.4</percent></prevalence><prevalence><age>45</age><sex>0</sex><cat>2</cat><percent>43.5</percent></prevalence><prevalence><age>45</age><sex>0</sex><cat>3</cat><percent>10.1</percent></prevalence><prevalence><age>45</age><sex>1</sex><cat>1</cat><percent>73.1</percent></prevalence><prevalence><age>45</age><sex>1</sex><cat>2</cat><percent>23.7</percent></prevalence><prevalence><age>45</age><sex>1</sex><cat>3</cat><percent>3.2</percent></prevalence><prevalence><age>46</age><sex>0</sex><cat>1</cat><percent>45.2</percent></prevalence><prevalence><age>46</age><sex>0</sex><cat>2</cat><percent>43.9</percent></prevalence><prevalence><age>46</age><sex>0</sex><cat>3</cat><percent>10.9</percent></prevalence><prevalence><age>46</age><sex>1</sex><cat>1</cat><percent>72.4</percent></prevalence><prevalence><age>46</age><sex>1</sex><cat>2</cat><percent>24.2</percent></prevalence><prevalence><age>46</age><sex>1</sex><cat>3</cat><percent>3.4</percent></prevalence><prevalence><age>47</age><sex>0</sex><cat>1</cat><percent>44.7</percent></prevalence><prevalence><age>47</age><sex>0</sex><cat>2</cat><percent>44.2</percent></prevalence><prevalence><age>47</age><sex>0</sex><cat>3</cat><percent>11.1</percent></prevalence><prevalence><age>47</age><sex>1</sex><cat>1</cat><percent>71.4</percent></prevalence><prevalence><age>47</age><sex>1</sex><cat>2</cat><percent>24.9</percent></prevalence><prevalence><age>47</age><sex>1</sex><cat>3</cat><percent>3.7</percent></prevalence><prevalence><age>48</age><sex>0</sex><cat>1</cat><percent>43.3</percent></prevalence><prevalence><age>48</age><sex>0</sex><cat>2</cat><percent>44.9</percent></prevalence><prevalence><age>48</age><sex>0</sex><cat>3</cat><percent>11.8</percent></prevalence><prevalence><age>48</age><sex>1</sex><cat>1</cat><percent>71.0</percent></prevalence><prevalence><age>48</age><sex>1</sex><cat>2</cat><percent>25.2</percent></prevalence><prevalence><age>48</age><sex>1</sex><cat>3</cat><percent>3.8</percent></prevalence><prevalence><age>49</age><sex>0</sex><cat>1</cat><percent>41.8</percent></prevalence><prevalence><age>49</age><sex>0</sex><cat>2</cat><percent>45.8</percent></prevalence><prevalence><age>49</age><sex>0</sex><cat>3</cat><percent>12.4</percent></prevalence><prevalence><age>49</age><sex>1</sex><cat>1</cat><percent>70.0</percent></prevalence><prevalence><age>49</age><sex>1</sex><cat>2</cat><percent>26.0</percent></prevalence><prevalence><age>49</age><sex>1</sex><cat>3</cat><percent>4.0</percent></prevalence><prevalence><age>50</age><sex>0</sex><cat>1</cat><percent>41.6</percent></prevalence><prevalence><age>50</age><sex>0</sex><cat>2</cat><percent>46.1</percent></prevalence><prevalence><age>50</age><sex>0</sex><cat>3</cat><percent>12.3</percent></prevalence><prevalence><age>50</age><sex>1</sex><cat>1</cat><percent>68.1</percent></prevalence><prevalence><age>50</age><sex>1</sex><cat>2</cat><percent>26.1</percent></prevalence><prevalence><age>50</age><sex>1</sex><cat>3</cat><percent>5.8</percent></prevalence><prevalence><age>51</age><sex>0</sex><cat>1</cat><percent>41.4</percent></prevalence><prevalence><age>51</age><sex>0</sex><cat>2</cat><percent>46.4</percent></prevalence><prevalence><age>51</age><sex>0</sex><cat>3</cat><percent>12.2</percent></prevalence><prevalence><age>51</age><sex>1</sex><cat>1</cat><percent>66.2</percent></prevalence><prevalence><age>51</age><sex>1</sex><cat>2</cat><percent>26.2</percent></prevalence><prevalence><age>51</age><sex>1</sex><cat>3</cat><percent>7.6</percent></prevalence><prevalence><age>52</age><sex>0</sex><cat>1</cat><percent>40.9</percent></prevalence><prevalence><age>52</age><sex>0</sex><cat>2</cat><percent>46.7</percent></prevalence><prevalence><age>52</age><sex>0</sex><cat>3</cat><percent>12.4</percent></prevalence><prevalence><age>52</age><sex>1</sex><cat>1</cat><percent>63.3</percent></prevalence><prevalence><age>52</age><sex>1</sex><cat>2</cat><percent>26.3</percent></prevalence><prevalence><age>52</age><sex>1</sex><cat>3</cat><percent>10.4</percent></prevalence><prevalence><age>53</age><sex>0</sex><cat>1</cat><percent>40.8</percent></prevalence><prevalence><age>53</age><sex>0</sex><cat>2</cat><percent>46.9</percent></prevalence><prevalence><age>53</age><sex>0</sex><cat>3</cat><percent>12.3</percent></prevalence><prevalence><age>53</age><sex>1</sex><cat>1</cat><percent>62.8</percent></prevalence><prevalence><age>53</age><sex>1</sex><cat>2</cat><percent>26.4</percent></prevalence><prevalence><age>53</age><sex>1</sex><cat>3</cat><percent>10.8</percent></prevalence><prevalence><age>54</age><sex>0</sex><cat>1</cat><percent>40.5</percent></prevalence><prevalence><age>54</age><sex>0</sex><cat>2</cat><percent>47.0</percent></prevalence><prevalence><age>54</age><sex>0</sex><cat>3</cat><percent>12.5</percent></prevalence><prevalence><age>54</age><sex>1</sex><cat>1</cat><percent>62.5</percent></prevalence><prevalence><age>54</age><sex>1</sex><cat>2</cat><percent>26.5</percent></prevalence><prevalence><age>54</age><sex>1</sex><cat>3</cat><percent>11.0</percent></prevalence><prevalence><age>55</age><sex>0</sex><cat>1</cat><percent>40.7</percent></prevalence><prevalence><age>55</age><sex>0</sex><cat>2</cat><percent>47.1</percent></prevalence><prevalence><age>55</age><sex>0</sex><cat>3</cat><percent>12.2</percent></prevalence><prevalence><age>55</age><sex>1</sex><cat>1</cat><percent>62.2</percent></prevalence><prevalence><age>55</age><sex>1</sex><cat>2</cat><percent>26.6</percent></prevalence><prevalence><age>55</age><sex>1</sex><cat>3</cat><percent>11.2</percent></prevalence><prevalence><age>56</age><sex>0</sex><cat>1</cat><percent>40.3</percent></prevalence><prevalence><age>56</age><sex>0</sex><cat>2</cat><percent>47.3</percent></prevalence><prevalence><age>56</age><sex>0</sex><cat>3</cat><percent>12.4</percent></prevalence><prevalence><age>56</age><sex>1</sex><cat>1</cat><percent>62.0</percent></prevalence><prevalence><age>56</age><sex>1</sex><cat>2</cat><percent>26.7</percent></prevalence><prevalence><age>56</age><sex>1</sex><cat>3</cat><percent>11.3</percent></prevalence><prevalence><age>57</age><sex>0</sex><cat>1</cat><percent>40.3</percent></prevalence><prevalence><age>57</age><sex>0</sex><cat>2</cat><percent>47.4</percent></prevalence><prevalence><age>57</age><sex>0</sex><cat>3</cat><percent>12.3</percent></prevalence><prevalence><age>57</age><sex>1</sex><cat>1</cat><percent>61.9</percent></prevalence><prevalence><age>57</age><sex>1</sex><cat>2</cat><percent>26.8</percent></prevalence><prevalence><age>57</age><sex>1</sex><cat>3</cat><percent>11.3</percent></prevalence><prevalence><age>58</age><sex>0</sex><cat>1</cat><percent>40.1</percent></prevalence><prevalence><age>58</age><sex>0</sex><cat>2</cat><percent>47.6</percent></prevalence><prevalence><age>58</age><sex>0</sex><cat>3</cat><percent>12.3</percent></prevalence><prevalence><age>58</age><sex>1</sex><cat>1</cat><percent>60.7</percent></prevalence><prevalence><age>58</age><sex>1</sex><cat>2</cat><percent>26.9</percent></prevalence><prevalence><age>58</age><sex>1</sex><cat>3</cat><percent>12.4</percent></prevalence><prevalence><age>59</age><sex>0</sex><cat>1</cat><percent>39.8</percent></prevalence><prevalence><age>59</age><sex>0</sex><cat>2</cat><percent>47.8</percent></prevalence><prevalence><age>59</age><sex>0</sex><cat>3</cat><percent>12.4</percent></prevalence><prevalence><age>59</age><sex>1</sex><cat>1</cat><percent>60.6</percent></prevalence><prevalence><age>59</age><sex>1</sex><cat>2</cat><percent>27.0</percent></prevalence><prevalence><age>59</age><sex>1</sex><cat>3</cat><percent>12.4</percent></prevalence><prevalence><age>60</age><sex>0</sex><cat>1</cat><percent>39.5</percent></prevalence><prevalence><age>60</age><sex>0</sex><cat>2</cat><percent>48.0</percent></prevalence><prevalence><age>60</age><sex>0</sex><cat>3</cat><percent>12.5</percent></prevalence><prevalence><age>60</age><sex>1</sex><cat>1</cat><percent>60.4</percent></prevalence><prevalence><age>60</age><sex>1</sex><cat>2</cat><percent>27.1</percent></prevalence><prevalence><age>60</age><sex>1</sex><cat>3</cat><percent>12.5</percent></prevalence><prevalence><age>61</age><sex>0</sex><cat>1</cat><percent>39.6</percent></prevalence><prevalence><age>61</age><sex>0</sex><cat>2</cat><percent>48.1</percent></prevalence><prevalence><age>61</age><sex>0</sex><cat>3</cat><percent>12.3</percent></prevalence><prevalence><age>61</age><sex>1</sex><cat>1</cat><percent>60.2</percent></prevalence><prevalence><age>61</age><sex>1</sex><cat>2</cat><percent>27.2</percent></prevalence><prevalence><age>61</age><sex>1</sex><cat>3</cat><percent>12.6</percent></prevalence><prevalence><age>62</age><sex>0</sex><cat>1</cat><percent>39.5</percent></prevalence><prevalence><age>62</age><sex>0</sex><cat>2</cat><percent>48.3</percent></prevalence><prevalence><age>62</age><sex>0</sex><cat>3</cat><percent>12.2</percent></prevalence><prevalence><age>62</age><sex>1</sex><cat>1</cat><percent>60.0</percent></prevalence><prevalence><age>62</age><sex>1</sex><cat>2</cat><percent>27.3</percent></prevalence><prevalence><age>62</age><sex>1</sex><cat>3</cat><percent>12.7</percent></prevalence><prevalence><age>63</age><sex>0</sex><cat>1</cat><percent>39.3</percent></prevalence><prevalence><age>63</age><sex>0</sex><cat>2</cat><percent>48.4</percent></prevalence><prevalence><age>63</age><sex>0</sex><cat>3</cat><percent>12.3</percent></prevalence><prevalence><age>63</age><sex>1</sex><cat>1</cat><percent>59.9</percent></prevalence><prevalence><age>63</age><sex>1</sex><cat>2</cat><percent>27.4</percent></prevalence><prevalence><age>63</age><sex>1</sex><cat>3</cat><percent>12.7</percent></prevalence><prevalence><age>64</age><sex>0</sex><cat>1</cat><percent>39.1</percent></prevalence><prevalence><age>64</age><sex>0</sex><cat>2</cat><percent>48.5</percent></prevalence><prevalence><age>64</age><sex>0</sex><cat>3</cat><percent>12.4</percent></prevalence><prevalence><age>64</age><sex>1</sex><cat>1</cat><percent>59.7</percent></prevalence><prevalence><age>64</age><sex>1</sex><cat>2</cat><percent>27.5</percent></prevalence><prevalence><age>64</age><sex>1</sex><cat>3</cat><percent>12.8</percent></prevalence><prevalence><age>65</age><sex>0</sex><cat>1</cat><percent>39.0</percent></prevalence><prevalence><age>65</age><sex>0</sex><cat>2</cat><percent>48.7</percent></prevalence><prevalence><age>65</age><sex>0</sex><cat>3</cat><percent>12.3</percent></prevalence><prevalence><age>65</age><sex>1</sex><cat>1</cat><percent>59.3</percent></prevalence><prevalence><age>65</age><sex>1</sex><cat>2</cat><percent>27.8</percent></prevalence><prevalence><age>65</age><sex>1</sex><cat>3</cat><percent>12.9</percent></prevalence><prevalence><age>66</age><sex>0</sex><cat>1</cat><percent>38.8</percent></prevalence><prevalence><age>66</age><sex>0</sex><cat>2</cat><percent>49.0</percent></prevalence><prevalence><age>66</age><sex>0</sex><cat>3</cat><percent>12.2</percent></prevalence><prevalence><age>66</age><sex>1</sex><cat>1</cat><percent>58.5</percent></prevalence><prevalence><age>66</age><sex>1</sex><cat>2</cat><percent>28.3</percent></prevalence><prevalence><age>66</age><sex>1</sex><cat>3</cat><percent>13.2</percent></prevalence><prevalence><age>67</age><sex>0</sex><cat>1</cat><percent>38.5</percent></prevalence><prevalence><age>67</age><sex>0</sex><cat>2</cat><percent>49.3</percent></prevalence><prevalence><age>67</age><sex>0</sex><cat>3</cat><percent>12.2</percent></prevalence><prevalence><age>67</age><sex>1</sex><cat>1</cat><percent>57.9</percent></prevalence><prevalence><age>67</age><sex>1</sex><cat>2</cat><percent>28.6</percent></prevalence><prevalence><age>67</age><sex>1</sex><cat>3</cat><percent>13.5</percent></prevalence><prevalence><age>68</age><sex>0</sex><cat>1</cat><percent>38.1</percent></prevalence><prevalence><age>68</age><sex>0</sex><cat>2</cat><percent>49.8</percent></prevalence><prevalence><age>68</age><sex>0</sex><cat>3</cat><percent>12.1</percent></prevalence><prevalence><age>68</age><sex>1</sex><cat>1</cat><percent>57.9</percent></prevalence><prevalence><age>68</age><sex>1</sex><cat>2</cat><percent>29.0</percent></prevalence><prevalence><age>68</age><sex>1</sex><cat>3</cat><percent>13.1</percent></prevalence><prevalence><age>69</age><sex>0</sex><cat>1</cat><percent>37.8</percent></prevalence><prevalence><age>69</age><sex>0</sex><cat>2</cat><percent>50.2</percent></prevalence><prevalence><age>69</age><sex>0</sex><cat>3</cat><percent>12.0</percent></prevalence><prevalence><age>69</age><sex>1</sex><cat>1</cat><percent>58.1</percent></prevalence><prevalence><age>69</age><sex>1</sex><cat>2</cat><percent>29.1</percent></prevalence><prevalence><age>69</age><sex>1</sex><cat>3</cat><percent>12.8</percent></prevalence><prevalence><age>70</age><sex>0</sex><cat>1</cat><percent>37.62437</percent></prevalence><prevalence><age>70</age><sex>0</sex><cat>2</cat><percent>50.46802</percent></prevalence><prevalence><age>70</age><sex>0</sex><cat>3</cat><percent>11.90761</percent></prevalence><prevalence><age>70</age><sex>1</sex><cat>1</cat><percent>57.89907</percent></prevalence><prevalence><age>70</age><sex>1</sex><cat>2</cat><percent>29.44176</percent></prevalence><prevalence><age>70</age><sex>1</sex><cat>3</cat><percent>12.65917</percent></prevalence><prevalence><age>71</age><sex>0</sex><cat>1</cat><percent>37.4</percent></prevalence><prevalence><age>71</age><sex>0</sex><cat>2</cat><percent>50.8</percent></prevalence><prevalence><age>71</age><sex>0</sex><cat>3</cat><percent>11.8</percent></prevalence><prevalence><age>71</age><sex>1</sex><cat>1</cat><percent>57.8</percent></prevalence><prevalence><age>71</age><sex>1</sex><cat>2</cat><percent>29.8</percent></prevalence><prevalence><age>71</age><sex>1</sex><cat>3</cat><percent>12.4</percent></prevalence><prevalence><age>72</age><sex>0</sex><cat>1</cat><percent>37.1</percent></prevalence><prevalence><age>72</age><sex>0</sex><cat>2</cat><percent>51.2</percent></prevalence><prevalence><age>72</age><sex>0</sex><cat>3</cat><percent>11.7</percent></prevalence><prevalence><age>72</age><sex>1</sex><cat>1</cat><percent>57.8</percent></prevalence><prevalence><age>72</age><sex>1</sex><cat>2</cat><percent>30.1</percent></prevalence><prevalence><age>72</age><sex>1</sex><cat>3</cat><percent>12.1</percent></prevalence><prevalence><age>73</age><sex>0</sex><cat>1</cat><percent>36.3</percent></prevalence><prevalence><age>73</age><sex>0</sex><cat>2</cat><percent>51.9</percent></prevalence><prevalence><age>73</age><sex>0</sex><cat>3</cat><percent>11.8</percent></prevalence><prevalence><age>73</age><sex>1</sex><cat>1</cat><percent>57.6</percent></prevalence><prevalence><age>73</age><sex>1</sex><cat>2</cat><percent>30.5</percent></prevalence><prevalence><age>73</age><sex>1</sex><cat>3</cat><percent>11.9</percent></prevalence><prevalence><age>74</age><sex>0</sex><cat>1</cat><percent>37.1</percent></prevalence><prevalence><age>74</age><sex>0</sex><cat>2</cat><percent>51.2</percent></prevalence><prevalence><age>74</age><sex>0</sex><cat>3</cat><percent>11.7</percent></prevalence><prevalence><age>74</age><sex>1</sex><cat>1</cat><percent>57.6</percent></prevalence><prevalence><age>74</age><sex>1</sex><cat>2</cat><percent>30.7</percent></prevalence><prevalence><age>74</age><sex>1</sex><cat>3</cat><percent>11.7</percent></prevalence><prevalence><age>75</age><sex>0</sex><cat>1</cat><percent>37.9</percent></prevalence><prevalence><age>75</age><sex>0</sex><cat>2</cat><percent>49.3</percent></prevalence><prevalence><age>75</age><sex>0</sex><cat>3</cat><percent>12.8</percent></prevalence><prevalence><age>75</age><sex>1</sex><cat>1</cat><percent>57.6</percent></prevalence><prevalence><age>75</age><sex>1</sex><cat>2</cat><percent>31.3</percent></prevalence><prevalence><age>75</age><sex>1</sex><cat>3</cat><percent>11.1</percent></prevalence><prevalence><age>76</age><sex>0</sex><cat>1</cat><percent>40.1</percent></prevalence><prevalence><age>76</age><sex>0</sex><cat>2</cat><percent>46.1</percent></prevalence><prevalence><age>76</age><sex>0</sex><cat>3</cat><percent>13.8</percent></prevalence><prevalence><age>76</age><sex>1</sex><cat>1</cat><percent>58.5</percent></prevalence><prevalence><age>76</age><sex>1</sex><cat>2</cat><percent>31.1</percent></prevalence><prevalence><age>76</age><sex>1</sex><cat>3</cat><percent>10.4</percent></prevalence><prevalence><age>77</age><sex>0</sex><cat>1</cat><percent>43.4</percent></prevalence><prevalence><age>77</age><sex>0</sex><cat>2</cat><percent>41.7</percent></prevalence><prevalence><age>77</age><sex>0</sex><cat>3</cat><percent>14.9</percent></prevalence><prevalence><age>77</age><sex>1</sex><cat>1</cat><percent>60.0</percent></prevalence><prevalence><age>77</age><sex>1</sex><cat>2</cat><percent>30.7</percent></prevalence><prevalence><age>77</age><sex>1</sex><cat>3</cat><percent>9.3</percent></prevalence><prevalence><age>78</age><sex>0</sex><cat>1</cat><percent>45.9</percent></prevalence><prevalence><age>78</age><sex>0</sex><cat>2</cat><percent>38.3</percent></prevalence><prevalence><age>78</age><sex>0</sex><cat>3</cat><percent>15.8</percent></prevalence><prevalence><age>78</age><sex>1</sex><cat>1</cat><percent>60.8</percent></prevalence><prevalence><age>78</age><sex>1</sex><cat>2</cat><percent>30.5</percent></prevalence><prevalence><age>78</age><sex>1</sex><cat>3</cat><percent>8.7</percent></prevalence><prevalence><age>79</age><sex>0</sex><cat>1</cat><percent>45.5</percent></prevalence><prevalence><age>79</age><sex>0</sex><cat>2</cat><percent>38.0</percent></prevalence><prevalence><age>79</age><sex>0</sex><cat>3</cat><percent>16.5</percent></prevalence><prevalence><age>79</age><sex>1</sex><cat>1</cat><percent>61.6</percent></prevalence><prevalence><age>79</age><sex>1</sex><cat>2</cat><percent>30.3</percent></prevalence><prevalence><age>79</age><sex>1</sex><cat>3</cat><percent>8.1</percent></prevalence><prevalence><age>80</age><sex>0</sex><cat>1</cat><percent>47.62681</percent></prevalence><prevalence><age>80</age><sex>0</sex><cat>2</cat><percent>37.88134</percent></prevalence><prevalence><age>80</age><sex>0</sex><cat>3</cat><percent>14.49185</percent></prevalence><prevalence><age>80</age><sex>1</sex><cat>1</cat><percent>62.02719</percent></prevalence><prevalence><age>80</age><sex>1</sex><cat>2</cat><percent>30.02376</percent></prevalence><prevalence><age>80</age><sex>1</sex><cat>3</cat><percent>7.949049</percent></prevalence><prevalence><age>81</age><sex>0</sex><cat>1</cat><percent>50.1</percent></prevalence><prevalence><age>81</age><sex>0</sex><cat>2</cat><percent>35.4</percent></prevalence><prevalence><age>81</age><sex>0</sex><cat>3</cat><percent>14.5</percent></prevalence><prevalence><age>81</age><sex>1</sex><cat>1</cat><percent>63.3</percent></prevalence><prevalence><age>81</age><sex>1</sex><cat>2</cat><percent>29.5</percent></prevalence><prevalence><age>81</age><sex>1</sex><cat>3</cat><percent>7.2</percent></prevalence><prevalence><age>82</age><sex>0</sex><cat>1</cat><percent>52.8</percent></prevalence><prevalence><age>82</age><sex>0</sex><cat>2</cat><percent>33.1</percent></prevalence><prevalence><age>82</age><sex>0</sex><cat>3</cat><percent>14.1</percent></prevalence><prevalence><age>82</age><sex>1</sex><cat>1</cat><percent>64.7</percent></prevalence><prevalence><age>82</age><sex>1</sex><cat>2</cat><percent>29.0</percent></prevalence><prevalence><age>82</age><sex>1</sex><cat>3</cat><percent>6.3</percent></prevalence><prevalence><age>83</age><sex>0</sex><cat>1</cat><percent>56.1</percent></prevalence><prevalence><age>83</age><sex>0</sex><cat>2</cat><percent>30.1</percent></prevalence><prevalence><age>83</age><sex>0</sex><cat>3</cat><percent>13.8</percent></prevalence><prevalence><age>83</age><sex>1</sex><cat>1</cat><percent>65.7</percent></prevalence><prevalence><age>83</age><sex>1</sex><cat>2</cat><percent>28.4</percent></prevalence><prevalence><age>83</age><sex>1</sex><cat>3</cat><percent>5.9</percent></prevalence><prevalence><age>84</age><sex>0</sex><cat>1</cat><percent>56.6</percent></prevalence><prevalence><age>84</age><sex>0</sex><cat>2</cat><percent>30.0</percent></prevalence><prevalence><age>84</age><sex>0</sex><cat>3</cat><percent>13.4</percent></prevalence><prevalence><age>84</age><sex>1</sex><cat>1</cat><percent>67.6</percent></prevalence><prevalence><age>84</age><sex>1</sex><cat>2</cat><percent>28.1</percent></prevalence><prevalence><age>84</age><sex>1</sex><cat>3</cat><percent>4.3</percent></prevalence><prevalence><age>85</age><sex>0</sex><cat>1</cat><percent>56.9</percent></prevalence><prevalence><age>85</age><sex>0</sex><cat>2</cat><percent>32.6</percent></prevalence><prevalence><age>85</age><sex>0</sex><cat>3</cat><percent>10.5</percent></prevalence><prevalence><age>85</age><sex>1</sex><cat>1</cat><percent>69.9</percent></prevalence><prevalence><age>85</age><sex>1</sex><cat>2</cat><percent>26.1</percent></prevalence><prevalence><age>85</age><sex>1</sex><cat>3</cat><percent>4.0</percent></prevalence><prevalence><age>86</age><sex>0</sex><cat>1</cat><percent>58.1</percent></prevalence><prevalence><age>86</age><sex>0</sex><cat>2</cat><percent>34.5</percent></prevalence><prevalence><age>86</age><sex>0</sex><cat>3</cat><percent>7.4</percent></prevalence><prevalence><age>86</age><sex>1</sex><cat>1</cat><percent>71.3</percent></prevalence><prevalence><age>86</age><sex>1</sex><cat>2</cat><percent>24.9</percent></prevalence><prevalence><age>86</age><sex>1</sex><cat>3</cat><percent>3.8</percent></prevalence><prevalence><age>87</age><sex>0</sex><cat>1</cat><percent>59.6</percent></prevalence><prevalence><age>87</age><sex>0</sex><cat>2</cat><percent>35.7</percent></prevalence><prevalence><age>87</age><sex>0</sex><cat>3</cat><percent>4.7</percent></prevalence><prevalence><age>87</age><sex>1</sex><cat>1</cat><percent>73.0</percent></prevalence><prevalence><age>87</age><sex>1</sex><cat>2</cat><percent>23.6</percent></prevalence><prevalence><age>87</age><sex>1</sex><cat>3</cat><percent>3.4</percent></prevalence><prevalence><age>88</age><sex>0</sex><cat>1</cat><percent>59.8</percent></prevalence><prevalence><age>88</age><sex>0</sex><cat>2</cat><percent>36.3</percent></prevalence><prevalence><age>88</age><sex>0</sex><cat>3</cat><percent>3.9</percent></prevalence><prevalence><age>88</age><sex>1</sex><cat>1</cat><percent>74.0</percent></prevalence><prevalence><age>88</age><sex>1</sex><cat>2</cat><percent>22.9</percent></prevalence><prevalence><age>88</age><sex>1</sex><cat>3</cat><percent>3.1</percent></prevalence><prevalence><age>89</age><sex>0</sex><cat>1</cat><percent>58.3</percent></prevalence><prevalence><age>89</age><sex>0</sex><cat>2</cat><percent>37.9</percent></prevalence><prevalence><age>89</age><sex>0</sex><cat>3</cat><percent>3.8</percent></prevalence><prevalence><age>89</age><sex>1</sex><cat>1</cat><percent>75.6</percent></prevalence><prevalence><age>89</age><sex>1</sex><cat>2</cat><percent>21.4</percent></prevalence><prevalence><age>89</age><sex>1</sex><cat>3</cat><percent>3.0</percent></prevalence><prevalence><age>90</age><sex>0</sex><cat>1</cat><percent>57.7755</percent></prevalence><prevalence><age>90</age><sex>0</sex><cat>2</cat><percent>38.50362</percent></prevalence><prevalence><age>90</age><sex>0</sex><cat>3</cat><percent>3.720881</percent></prevalence><prevalence><age>90</age><sex>1</sex><cat>1</cat><percent>77.11342</percent></prevalence><prevalence><age>90</age><sex>1</sex><cat>2</cat><percent>19.99533</percent></prevalence><prevalence><age>90</age><sex>1</sex><cat>3</cat><percent>2.891242</percent></prevalence><prevalence><age>91</age><sex>0</sex><cat>1</cat><percent>57.6</percent></prevalence><prevalence><age>91</age><sex>0</sex><cat>2</cat><percent>40.2</percent></prevalence><prevalence><age>91</age><sex>0</sex><cat>3</cat><percent>2.2</percent></prevalence><prevalence><age>91</age><sex>1</sex><cat>1</cat><percent>78.9</percent></prevalence><prevalence><age>91</age><sex>1</sex><cat>2</cat><percent>18.4</percent></prevalence><prevalence><age>91</age><sex>1</sex><cat>3</cat><percent>2.7</percent></prevalence><prevalence><age>92</age><sex>0</sex><cat>1</cat><percent>56.5</percent></prevalence><prevalence><age>92</age><sex>0</sex><cat>2</cat><percent>41.7</percent></prevalence><prevalence><age>92</age><sex>0</sex><cat>3</cat><percent>1.8</percent></prevalence><prevalence><age>92</age><sex>1</sex><cat>1</cat><percent>82.6</percent></prevalence><prevalence><age>92</age><sex>1</sex><cat>2</cat><percent>15.1</percent></prevalence><prevalence><age>92</age><sex>1</sex><cat>3</cat><percent>2.3</percent></prevalence><prevalence><age>93</age><sex>0</sex><cat>1</cat><percent>56.1</percent></prevalence><prevalence><age>93</age><sex>0</sex><cat>2</cat><percent>42.3</percent></prevalence><prevalence><age>93</age><sex>0</sex><cat>3</cat><percent>1.6</percent></prevalence><prevalence><age>93</age><sex>1</sex><cat>1</cat><percent>83.6</percent></prevalence><prevalence><age>93</age><sex>1</sex><cat>2</cat><percent>14.3</percent></prevalence><prevalence><age>93</age><sex>1</sex><cat>3</cat><percent>2.1</percent></prevalence><prevalence><age>94</age><sex>0</sex><cat>1</cat><percent>54.7</percent></prevalence><prevalence><age>94</age><sex>0</sex><cat>2</cat><percent>43.7</percent></prevalence><prevalence><age>94</age><sex>0</sex><cat>3</cat><percent>1.6</percent></prevalence><prevalence><age>94</age><sex>1</sex><cat>1</cat><percent>84.7</percent></prevalence><prevalence><age>94</age><sex>1</sex><cat>2</cat><percent>13.5</percent></prevalence><prevalence><age>94</age><sex>1</sex><cat>3</cat><percent>1.8</percent></prevalence><prevalence><age>95</age><sex>0</sex><cat>1</cat><percent>57.7</percent></prevalence><prevalence><age>95</age><sex>0</sex><cat>2</cat><percent>40.7</percent></prevalence><prevalence><age>95</age><sex>0</sex><cat>3</cat><percent>1.6</percent></prevalence><prevalence><age>95</age><sex>1</sex><cat>1</cat><percent>86.1</percent></prevalence><prevalence><age>95</age><sex>1</sex><cat>2</cat><percent>13.1</percent></prevalence><prevalence><age>95</age><sex>1</sex><cat>3</cat><percent>0.8</percent></prevalence></riskfactorprevalences_categorical>