<?xml version="1.0"?><riskfactorprevalences_categorical><prevalence><age>0</age><sex>0</sex><cat>1</cat><percent>92.6</percent></prevalence><prevalence><age>0</age><sex>0</sex><cat>2</cat><percent>6.9</percent></prevalence><prevalence><age>0</age><sex>0</sex><cat>3</cat><percent>0.5</percent></prevalence><prevalence><age>0</age><sex>1</sex><cat>1</cat><percent>91.8</percent></prevalence><prevalence><age>0</age><sex>1</sex><cat>2</cat><percent>7.5</percent></prevalence><prevalence><age>0</age><sex>1</sex><cat>3</cat><percent>0.7</percent></prevalence><prevalence><age>1</age><sex>0</sex><cat>1</cat><percent>92.6</percent></prevalence><prevalence><age>1</age><sex>0</sex><cat>2</cat><percent>6.9</percent></prevalence><prevalence><age>1</age><sex>0</sex><cat>3</cat><percent>0.5</percent></prevalence><prevalence><age>1</age><sex>1</sex><cat>1</cat><percent>91.8</percent></prevalence><prevalence><age>1</age><sex>1</sex><cat>2</cat><percent>7.5</percent></prevalence><prevalence><age>1</age><sex>1</sex><cat>3</cat><percent>0.7</percent></prevalence><prevalence><age>2</age><sex>0</sex><cat>1</cat><percent>92.6</percent></prevalence><prevalence><age>2</age><sex>0</sex><cat>2</cat><percent>6.9</percent></prevalence><prevalence><age>2</age><sex>0</sex><cat>3</cat><percent>0.5</percent></prevalence><prevalence><age>2</age><sex>1</sex><cat>1</cat><percent>91.8</percent></prevalence><prevalence><age>2</age><sex>1</sex><cat>2</cat><percent>7.5</percent></prevalence><prevalence><age>2</age><sex>1</sex><cat>3</cat><percent>0.7</percent></prevalence><prevalence><age>3</age><sex>0</sex><cat>1</cat><percent>92.0</percent></prevalence><prevalence><age>3</age><sex>0</sex><cat>2</cat><percent>7.3</percent></prevalence><prevalence><age>3</age><sex>0</sex><cat>3</cat><percent>0.7</percent></prevalence><prevalence><age>3</age><sex>1</sex><cat>1</cat><percent>89.8</percent></prevalence><prevalence><age>3</age><sex>1</sex><cat>2</cat><percent>9.0</percent></prevalence><prevalence><age>3</age><sex>1</sex><cat>3</cat><percent>1.2</percent></prevalence><prevalence><age>4</age><sex>0</sex><cat>1</cat><percent>87.7</percent></prevalence><prevalence><age>4</age><sex>0</sex><cat>2</cat><percent>10.0</percent></prevalence><prevalence><age>4</age><sex>0</sex><cat>3</cat><percent>2.3</percent></prevalence><prevalence><age>4</age><sex>1</sex><cat>1</cat><percent>83.8</percent></prevalence><prevalence><age>4</age><sex>1</sex><cat>2</cat><percent>12.8</percent></prevalence><prevalence><age>4</age><sex>1</sex><cat>3</cat><percent>3.4</percent></prevalence><prevalence><age>5</age><sex>0</sex><cat>1</cat><percent>87.2</percent></prevalence><prevalence><age>5</age><sex>0</sex><cat>2</cat><percent>10.7</percent></prevalence><prevalence><age>5</age><sex>0</sex><cat>3</cat><percent>2.1</percent></prevalence><prevalence><age>5</age><sex>1</sex><cat>1</cat><percent>82.5</percent></prevalence><prevalence><age>5</age><sex>1</sex><cat>2</cat><percent>14.0</percent></prevalence><prevalence><age>5</age><sex>1</sex><cat>3</cat><percent>3.5</percent></prevalence><prevalence><age>6</age><sex>0</sex><cat>1</cat><percent>86.8</percent></prevalence><prevalence><age>6</age><sex>0</sex><cat>2</cat><percent>11.1</percent></prevalence><prevalence><age>6</age><sex>0</sex><cat>3</cat><percent>2.1</percent></prevalence><prevalence><age>6</age><sex>1</sex><cat>1</cat><percent>83.2</percent></prevalence><prevalence><age>6</age><sex>1</sex><cat>2</cat><percent>13.4</percent></prevalence><prevalence><age>6</age><sex>1</sex><cat>3</cat><percent>3.4</percent></prevalence><prevalence><age>7</age><sex>0</sex><cat>1</cat><percent>85.0</percent></prevalence><prevalence><age>7</age><sex>0</sex><cat>2</cat><percent>12.3</percent></prevalence><prevalence><age>7</age><sex>0</sex><cat>3</cat><percent>2.7</percent></prevalence><prevalence><age>7</age><sex>1</sex><cat>1</cat><percent>80.3</percent></prevalence><prevalence><age>7</age><sex>1</sex><cat>2</cat><percent>15.6</percent></prevalence><prevalence><age>7</age><sex>1</sex><cat>3</cat><percent>4.1</percent></prevalence><prevalence><age>8</age><sex>0</sex><cat>1</cat><percent>81.3</percent></prevalence><prevalence><age>8</age><sex>0</sex><cat>2</cat><percent>14.8</percent></prevalence><prevalence><age>8</age><sex>0</sex><cat>3</cat><percent>3.9</percent></prevalence><prevalence><age>8</age><sex>1</sex><cat>1</cat><percent>75.6</percent></prevalence><prevalence><age>8</age><sex>1</sex><cat>2</cat><percent>19.0</percent></prevalence><prevalence><age>8</age><sex>1</sex><cat>3</cat><percent>5.4</percent></prevalence><prevalence><age>9</age><sex>0</sex><cat>1</cat><percent>84.2</percent></prevalence><prevalence><age>9</age><sex>0</sex><cat>2</cat><percent>12.4</percent></prevalence><prevalence><age>9</age><sex>0</sex><cat>3</cat><percent>3.4</percent></prevalence><prevalence><age>9</age><sex>1</sex><cat>1</cat><percent>80.7</percent></prevalence><prevalence><age>9</age><sex>1</sex><cat>2</cat><percent>15.4</percent></prevalence><prevalence><age>9</age><sex>1</sex><cat>3</cat><percent>3.9</percent></prevalence><prevalence><age>10</age><sex>0</sex><cat>1</cat><percent>86.6</percent></prevalence><prevalence><age>10</age><sex>0</sex><cat>2</cat><percent>10.7</percent></prevalence><prevalence><age>10</age><sex>0</sex><cat>3</cat><percent>2.7</percent></prevalence><prevalence><age>10</age><sex>1</sex><cat>1</cat><percent>84.1</percent></prevalence><prevalence><age>10</age><sex>1</sex><cat>2</cat><percent>13.1</percent></prevalence><prevalence><age>10</age><sex>1</sex><cat>3</cat><percent>2.8</percent></prevalence><prevalence><age>11</age><sex>0</sex><cat>1</cat><percent>86.5</percent></prevalence><prevalence><age>11</age><sex>0</sex><cat>2</cat><percent>11.1</percent></prevalence><prevalence><age>11</age><sex>0</sex><cat>3</cat><percent>2.4</percent></prevalence><prevalence><age>11</age><sex>1</sex><cat>1</cat><percent>84.0</percent></prevalence><prevalence><age>11</age><sex>1</sex><cat>2</cat><percent>13.2</percent></prevalence><prevalence><age>11</age><sex>1</sex><cat>3</cat><percent>2.8</percent></prevalence><prevalence><age>12</age><sex>0</sex><cat>1</cat><percent>85.9</percent></prevalence><prevalence><age>12</age><sex>0</sex><cat>2</cat><percent>11.8</percent></prevalence><prevalence><age>12</age><sex>0</sex><cat>3</cat><percent>2.3</percent></prevalence><prevalence><age>12</age><sex>1</sex><cat>1</cat><percent>84.5</percent></prevalence><prevalence><age>12</age><sex>1</sex><cat>2</cat><percent>12.7</percent></prevalence><prevalence><age>12</age><sex>1</sex><cat>3</cat><percent>2.8</percent></prevalence><prevalence><age>13</age><sex>0</sex><cat>1</cat><percent>85.2</percent></prevalence><prevalence><age>13</age><sex>0</sex><cat>2</cat><percent>12.4</percent></prevalence><prevalence><age>13</age><sex>0</sex><cat>3</cat><percent>2.4</percent></prevalence><prevalence><age>13</age><sex>1</sex><cat>1</cat><percent>84.5</percent></prevalence><prevalence><age>13</age><sex>1</sex><cat>2</cat><percent>12.9</percent></prevalence><prevalence><age>13</age><sex>1</sex><cat>3</cat><percent>2.6</percent></prevalence><prevalence><age>14</age><sex>0</sex><cat>1</cat><percent>85.4</percent></prevalence><prevalence><age>14</age><sex>0</sex><cat>2</cat><percent>12.1</percent></prevalence><prevalence><age>14</age><sex>0</sex><cat>3</cat><percent>2.5</percent></prevalence><prevalence><age>14</age><sex>1</sex><cat>1</cat><percent>84.4</percent></prevalence><prevalence><age>14</age><sex>1</sex><cat>2</cat><percent>13.2</percent></prevalence><prevalence><age>14</age><sex>1</sex><cat>3</cat><percent>2.4</percent></prevalence><prevalence><age>15</age><sex>0</sex><cat>1</cat><percent>84.6</percent></prevalence><prevalence><age>15</age><sex>0</sex><cat>2</cat><percent>12.4</percent></prevalence><prevalence><age>15</age><sex>0</sex><cat>3</cat><percent>3.0</percent></prevalence><prevalence><age>15</age><sex>1</sex><cat>1</cat><percent>82.8</percent></prevalence><prevalence><age>15</age><sex>1</sex><cat>2</cat><percent>14.4</percent></prevalence><prevalence><age>15</age><sex>1</sex><cat>3</cat><percent>2.8</percent></prevalence><prevalence><age>16</age><sex>0</sex><cat>1</cat><percent>84.5</percent></prevalence><prevalence><age>16</age><sex>0</sex><cat>2</cat><percent>12.2</percent></prevalence><prevalence><age>16</age><sex>0</sex><cat>3</cat><percent>3.3</percent></prevalence><prevalence><age>16</age><sex>1</sex><cat>1</cat><percent>78.0</percent></prevalence><prevalence><age>16</age><sex>1</sex><cat>2</cat><percent>17.6</percent></prevalence><prevalence><age>16</age><sex>1</sex><cat>3</cat><percent>4.4</percent></prevalence><prevalence><age>17</age><sex>0</sex><cat>1</cat><percent>83.5</percent></prevalence><prevalence><age>17</age><sex>0</sex><cat>2</cat><percent>13.0</percent></prevalence><prevalence><age>17</age><sex>0</sex><cat>3</cat><percent>3.5</percent></prevalence><prevalence><age>17</age><sex>1</sex><cat>1</cat><percent>82.5</percent></prevalence><prevalence><age>17</age><sex>1</sex><cat>2</cat><percent>14.0</percent></prevalence><prevalence><age>17</age><sex>1</sex><cat>3</cat><percent>3.5</percent></prevalence><prevalence><age>18</age><sex>0</sex><cat>1</cat><percent>81.5</percent></prevalence><prevalence><age>18</age><sex>0</sex><cat>2</cat><percent>15.0</percent></prevalence><prevalence><age>18</age><sex>0</sex><cat>3</cat><percent>3.5</percent></prevalence><prevalence><age>18</age><sex>1</sex><cat>1</cat><percent>83.5</percent></prevalence><prevalence><age>18</age><sex>1</sex><cat>2</cat><percent>13.0</percent></prevalence><prevalence><age>18</age><sex>1</sex><cat>3</cat><percent>3.5</percent></prevalence><prevalence><age>19</age><sex>0</sex><cat>1</cat><percent>88.0</percent></prevalence><prevalence><age>19</age><sex>0</sex><cat>2</cat><percent>10.0</percent></prevalence><prevalence><age>19</age><sex>0</sex><cat>3</cat><percent>2.0</percent></prevalence><prevalence><age>19</age><sex>1</sex><cat>1</cat><percent>85.0</percent></prevalence><prevalence><age>19</age><sex>1</sex><cat>2</cat><percent>12.0</percent></prevalence><prevalence><age>19</age><sex>1</sex><cat>3</cat><percent>3.0</percent></prevalence><prevalence><age>20</age><sex>0</sex><cat>1</cat><percent>83.0</percent></prevalence><prevalence><age>20</age><sex>0</sex><cat>2</cat><percent>13.0</percent></prevalence><prevalence><age>20</age><sex>0</sex><cat>3</cat><percent>4.0</percent></prevalence><prevalence><age>20</age><sex>1</sex><cat>1</cat><percent>84.0</percent></prevalence><prevalence><age>20</age><sex>1</sex><cat>2</cat><percent>13.0</percent></prevalence><prevalence><age>20</age><sex>1</sex><cat>3</cat><percent>3.0</percent></prevalence><prevalence><age>21</age><sex>0</sex><cat>1</cat><percent>78.0</percent></prevalence><prevalence><age>21</age><sex>0</sex><cat>2</cat><percent>16.0</percent></prevalence><prevalence><age>21</age><sex>0</sex><cat>3</cat><percent>6.0</percent></prevalence><prevalence><age>21</age><sex>1</sex><cat>1</cat><percent>82.0</percent></prevalence><prevalence><age>21</age><sex>1</sex><cat>2</cat><percent>14.0</percent></prevalence><prevalence><age>21</age><sex>1</sex><cat>3</cat><percent>4.0</percent></prevalence><prevalence><age>22</age><sex>0</sex><cat>1</cat><percent>73.0</percent></prevalence><prevalence><age>22</age><sex>0</sex><cat>2</cat><percent>19.0</percent></prevalence><prevalence><age>22</age><sex>0</sex><cat>3</cat><percent>8.0</percent></prevalence><prevalence><age>22</age><sex>1</sex><cat>1</cat><percent>81.0</percent></prevalence><prevalence><age>22</age><sex>1</sex><cat>2</cat><percent>15.0</percent></prevalence><prevalence><age>22</age><sex>1</sex><cat>3</cat><percent>4.0</percent></prevalence><prevalence><age>23</age><sex>0</sex><cat>1</cat><percent>72.0</percent></prevalence><prevalence><age>23</age><sex>0</sex><cat>2</cat><percent>21.0</percent></prevalence><prevalence><age>23</age><sex>0</sex><cat>3</cat><percent>7.0</percent></prevalence><prevalence><age>23</age><sex>1</sex><cat>1</cat><percent>79.0</percent></prevalence><prevalence><age>23</age><sex>1</sex><cat>2</cat><percent>16.0</percent></prevalence><prevalence><age>23</age><sex>1</sex><cat>3</cat><percent>5.0</percent></prevalence><prevalence><age>24</age><sex>0</sex><cat>1</cat><percent>71.0</percent></prevalence><prevalence><age>24</age><sex>0</sex><cat>2</cat><percent>23.0</percent></prevalence><prevalence><age>24</age><sex>0</sex><cat>3</cat><percent>6.0</percent></prevalence><prevalence><age>24</age><sex>1</sex><cat>1</cat><percent>78.5</percent></prevalence><prevalence><age>24</age><sex>1</sex><cat>2</cat><percent>16.5</percent></prevalence><prevalence><age>24</age><sex>1</sex><cat>3</cat><percent>5.0</percent></prevalence><prevalence><age>25</age><sex>0</sex><cat>1</cat><percent>71.0</percent></prevalence><prevalence><age>25</age><sex>0</sex><cat>2</cat><percent>24.0</percent></prevalence><prevalence><age>25</age><sex>0</sex><cat>3</cat><percent>5.0</percent></prevalence><prevalence><age>25</age><sex>1</sex><cat>1</cat><percent>76.9</percent></prevalence><prevalence><age>25</age><sex>1</sex><cat>2</cat><percent>17.1</percent></prevalence><prevalence><age>25</age><sex>1</sex><cat>3</cat><percent>6.0</percent></prevalence><prevalence><age>26</age><sex>0</sex><cat>1</cat><percent>70.0</percent></prevalence><prevalence><age>26</age><sex>0</sex><cat>2</cat><percent>26.0</percent></prevalence><prevalence><age>26</age><sex>0</sex><cat>3</cat><percent>4.0</percent></prevalence><prevalence><age>26</age><sex>1</sex><cat>1</cat><percent>76.5</percent></prevalence><prevalence><age>26</age><sex>1</sex><cat>2</cat><percent>17.5</percent></prevalence><prevalence><age>26</age><sex>1</sex><cat>3</cat><percent>6.0</percent></prevalence><prevalence><age>27</age><sex>0</sex><cat>1</cat><percent>69.0</percent></prevalence><prevalence><age>27</age><sex>0</sex><cat>2</cat><percent>28.0</percent></prevalence><prevalence><age>27</age><sex>0</sex><cat>3</cat><percent>3.0</percent></prevalence><prevalence><age>27</age><sex>1</sex><cat>1</cat><percent>75.0</percent></prevalence><prevalence><age>27</age><sex>1</sex><cat>2</cat><percent>18.0</percent></prevalence><prevalence><age>27</age><sex>1</sex><cat>3</cat><percent>7.0</percent></prevalence><prevalence><age>28</age><sex>0</sex><cat>1</cat><percent>66.0</percent></prevalence><prevalence><age>28</age><sex>0</sex><cat>2</cat><percent>30.0</percent></prevalence><prevalence><age>28</age><sex>0</sex><cat>3</cat><percent>4.0</percent></prevalence><prevalence><age>28</age><sex>1</sex><cat>1</cat><percent>74.5</percent></prevalence><prevalence><age>28</age><sex>1</sex><cat>2</cat><percent>18.5</percent></prevalence><prevalence><age>28</age><sex>1</sex><cat>3</cat><percent>7.0</percent></prevalence><prevalence><age>29</age><sex>0</sex><cat>1</cat><percent>64.0</percent></prevalence><prevalence><age>29</age><sex>0</sex><cat>2</cat><percent>31.0</percent></prevalence><prevalence><age>29</age><sex>0</sex><cat>3</cat><percent>5.0</percent></prevalence><prevalence><age>29</age><sex>1</sex><cat>1</cat><percent>73.0</percent></prevalence><prevalence><age>29</age><sex>1</sex><cat>2</cat><percent>19.0</percent></prevalence><prevalence><age>29</age><sex>1</sex><cat>3</cat><percent>8.0</percent></prevalence><prevalence><age>30</age><sex>0</sex><cat>1</cat><percent>62.0</percent></prevalence><prevalence><age>30</age><sex>0</sex><cat>2</cat><percent>32.0</percent></prevalence><prevalence><age>30</age><sex>0</sex><cat>3</cat><percent>6.0</percent></prevalence><prevalence><age>30</age><sex>1</sex><cat>1</cat><percent>72.5</percent></prevalence><prevalence><age>30</age><sex>1</sex><cat>2</cat><percent>19.5</percent></prevalence><prevalence><age>30</age><sex>1</sex><cat>3</cat><percent>8.0</percent></prevalence><prevalence><age>31</age><sex>0</sex><cat>1</cat><percent>60.0</percent></prevalence><prevalence><age>31</age><sex>0</sex><cat>2</cat><percent>33.0</percent></prevalence><prevalence><age>31</age><sex>0</sex><cat>3</cat><percent>7.0</percent></prevalence><prevalence><age>31</age><sex>1</sex><cat>1</cat><percent>71.0</percent></prevalence><prevalence><age>31</age><sex>1</sex><cat>2</cat><percent>20.0</percent></prevalence><prevalence><age>31</age><sex>1</sex><cat>3</cat><percent>9.0</percent></prevalence><prevalence><age>32</age><sex>0</sex><cat>1</cat><percent>59.5</percent></prevalence><prevalence><age>32</age><sex>0</sex><cat>2</cat><percent>33.5</percent></prevalence><prevalence><age>32</age><sex>0</sex><cat>3</cat><percent>7.0</percent></prevalence><prevalence><age>32</age><sex>1</sex><cat>1</cat><percent>70.5</percent></prevalence><prevalence><age>32</age><sex>1</sex><cat>2</cat><percent>20.5</percent></prevalence><prevalence><age>32</age><sex>1</sex><cat>3</cat><percent>9.0</percent></prevalence><prevalence><age>33</age><sex>0</sex><cat>1</cat><percent>59.0</percent></prevalence><prevalence><age>33</age><sex>0</sex><cat>2</cat><percent>34.0</percent></prevalence><prevalence><age>33</age><sex>0</sex><cat>3</cat><percent>7.0</percent></prevalence><prevalence><age>33</age><sex>1</sex><cat>1</cat><percent>70.3</percent></prevalence><prevalence><age>33</age><sex>1</sex><cat>2</cat><percent>20.7</percent></prevalence><prevalence><age>33</age><sex>1</sex><cat>3</cat><percent>9.0</percent></prevalence><prevalence><age>34</age><sex>0</sex><cat>1</cat><percent>58.0</percent></prevalence><prevalence><age>34</age><sex>0</sex><cat>2</cat><percent>35.0</percent></prevalence><prevalence><age>34</age><sex>0</sex><cat>3</cat><percent>7.0</percent></prevalence><prevalence><age>34</age><sex>1</sex><cat>1</cat><percent>69.9</percent></prevalence><prevalence><age>34</age><sex>1</sex><cat>2</cat><percent>20.1</percent></prevalence><prevalence><age>34</age><sex>1</sex><cat>3</cat><percent>10.0</percent></prevalence><prevalence><age>35</age><sex>0</sex><cat>1</cat><percent>58.1</percent></prevalence><prevalence><age>35</age><sex>0</sex><cat>2</cat><percent>35.9</percent></prevalence><prevalence><age>35</age><sex>0</sex><cat>3</cat><percent>6.0</percent></prevalence><prevalence><age>35</age><sex>1</sex><cat>1</cat><percent>68.6</percent></prevalence><prevalence><age>35</age><sex>1</sex><cat>2</cat><percent>21.4</percent></prevalence><prevalence><age>35</age><sex>1</sex><cat>3</cat><percent>10.0</percent></prevalence><prevalence><age>36</age><sex>0</sex><cat>1</cat><percent>57.0</percent></prevalence><prevalence><age>36</age><sex>0</sex><cat>2</cat><percent>37.0</percent></prevalence><prevalence><age>36</age><sex>0</sex><cat>3</cat><percent>6.0</percent></prevalence><prevalence><age>36</age><sex>1</sex><cat>1</cat><percent>68.0</percent></prevalence><prevalence><age>36</age><sex>1</sex><cat>2</cat><percent>22.0</percent></prevalence><prevalence><age>36</age><sex>1</sex><cat>3</cat><percent>10.0</percent></prevalence><prevalence><age>37</age><sex>0</sex><cat>1</cat><percent>56.0</percent></prevalence><prevalence><age>37</age><sex>0</sex><cat>2</cat><percent>38.0</percent></prevalence><prevalence><age>37</age><sex>0</sex><cat>3</cat><percent>6.0</percent></prevalence><prevalence><age>37</age><sex>1</sex><cat>1</cat><percent>67.5</percent></prevalence><prevalence><age>37</age><sex>1</sex><cat>2</cat><percent>22.5</percent></prevalence><prevalence><age>37</age><sex>1</sex><cat>3</cat><percent>10.0</percent></prevalence><prevalence><age>38</age><sex>0</sex><cat>1</cat><percent>54.0</percent></prevalence><prevalence><age>38</age><sex>0</sex><cat>2</cat><percent>39.0</percent></prevalence><prevalence><age>38</age><sex>0</sex><cat>3</cat><percent>7.0</percent></prevalence><prevalence><age>38</age><sex>1</sex><cat>1</cat><percent>67.0</percent></prevalence><prevalence><age>38</age><sex>1</sex><cat>2</cat><percent>23.0</percent></prevalence><prevalence><age>38</age><sex>1</sex><cat>3</cat><percent>10.0</percent></prevalence><prevalence><age>39</age><sex>0</sex><cat>1</cat><percent>52.0</percent></prevalence><prevalence><age>39</age><sex>0</sex><cat>2</cat><percent>40.0</percent></prevalence><prevalence><age>39</age><sex>0</sex><cat>3</cat><percent>8.0</percent></prevalence><prevalence><age>39</age><sex>1</sex><cat>1</cat><percent>67.0</percent></prevalence><prevalence><age>39</age><sex>1</sex><cat>2</cat><percent>24.0</percent></prevalence><prevalence><age>39</age><sex>1</sex><cat>3</cat><percent>9.0</percent></prevalence><prevalence><age>40</age><sex>0</sex><cat>1</cat><percent>50.0</percent></prevalence><prevalence><age>40</age><sex>0</sex><cat>2</cat><percent>41.0</percent></prevalence><prevalence><age>40</age><sex>0</sex><cat>3</cat><percent>9.0</percent></prevalence><prevalence><age>40</age><sex>1</sex><cat>1</cat><percent>66.0</percent></prevalence><prevalence><age>40</age><sex>1</sex><cat>2</cat><percent>25.0</percent></prevalence><prevalence><age>40</age><sex>1</sex><cat>3</cat><percent>9.0</percent></prevalence><prevalence><age>41</age><sex>0</sex><cat>1</cat><percent>48.0</percent></prevalence><prevalence><age>41</age><sex>0</sex><cat>2</cat><percent>42.0</percent></prevalence><prevalence><age>41</age><sex>0</sex><cat>3</cat><percent>10.0</percent></prevalence><prevalence><age>41</age><sex>1</sex><cat>1</cat><percent>65.0</percent></prevalence><prevalence><age>41</age><sex>1</sex><cat>2</cat><percent>26.0</percent></prevalence><prevalence><age>41</age><sex>1</sex><cat>3</cat><percent>9.0</percent></prevalence><prevalence><age>42</age><sex>0</sex><cat>1</cat><percent>46.5</percent></prevalence><prevalence><age>42</age><sex>0</sex><cat>2</cat><percent>42.5</percent></prevalence><prevalence><age>42</age><sex>0</sex><cat>3</cat><percent>11.0</percent></prevalence><prevalence><age>42</age><sex>1</sex><cat>1</cat><percent>64.0</percent></prevalence><prevalence><age>42</age><sex>1</sex><cat>2</cat><percent>27.0</percent></prevalence><prevalence><age>42</age><sex>1</sex><cat>3</cat><percent>9.0</percent></prevalence><prevalence><age>43</age><sex>0</sex><cat>1</cat><percent>46.0</percent></prevalence><prevalence><age>43</age><sex>0</sex><cat>2</cat><percent>43.0</percent></prevalence><prevalence><age>43</age><sex>0</sex><cat>3</cat><percent>11.0</percent></prevalence><prevalence><age>43</age><sex>1</sex><cat>1</cat><percent>62.0</percent></prevalence><prevalence><age>43</age><sex>1</sex><cat>2</cat><percent>28.0</percent></prevalence><prevalence><age>43</age><sex>1</sex><cat>3</cat><percent>10.0</percent></prevalence><prevalence><age>44</age><sex>0</sex><cat>1</cat><percent>44.0</percent></prevalence><prevalence><age>44</age><sex>0</sex><cat>2</cat><percent>44.0</percent></prevalence><prevalence><age>44</age><sex>0</sex><cat>3</cat><percent>12.0</percent></prevalence><prevalence><age>44</age><sex>1</sex><cat>1</cat><percent>61.0</percent></prevalence><prevalence><age>44</age><sex>1</sex><cat>2</cat><percent>29.0</percent></prevalence><prevalence><age>44</age><sex>1</sex><cat>3</cat><percent>10.0</percent></prevalence><prevalence><age>45</age><sex>0</sex><cat>1</cat><percent>42.6</percent></prevalence><prevalence><age>45</age><sex>0</sex><cat>2</cat><percent>44.4</percent></prevalence><prevalence><age>45</age><sex>0</sex><cat>3</cat><percent>13.0</percent></prevalence><prevalence><age>45</age><sex>1</sex><cat>1</cat><percent>58.7</percent></prevalence><prevalence><age>45</age><sex>1</sex><cat>2</cat><percent>30.3</percent></prevalence><prevalence><age>45</age><sex>1</sex><cat>3</cat><percent>11.0</percent></prevalence><prevalence><age>46</age><sex>0</sex><cat>1</cat><percent>42.0</percent></prevalence><prevalence><age>46</age><sex>0</sex><cat>2</cat><percent>45.0</percent></prevalence><prevalence><age>46</age><sex>0</sex><cat>3</cat><percent>13.0</percent></prevalence><prevalence><age>46</age><sex>1</sex><cat>1</cat><percent>58.0</percent></prevalence><prevalence><age>46</age><sex>1</sex><cat>2</cat><percent>31.0</percent></prevalence><prevalence><age>46</age><sex>1</sex><cat>3</cat><percent>11.0</percent></prevalence><prevalence><age>47</age><sex>0</sex><cat>1</cat><percent>40.0</percent></prevalence><prevalence><age>47</age><sex>0</sex><cat>2</cat><percent>46.0</percent></prevalence><prevalence><age>47</age><sex>0</sex><cat>3</cat><percent>14.0</percent></prevalence><prevalence><age>47</age><sex>1</sex><cat>1</cat><percent>56.0</percent></prevalence><prevalence><age>47</age><sex>1</sex><cat>2</cat><percent>32.0</percent></prevalence><prevalence><age>47</age><sex>1</sex><cat>3</cat><percent>12.0</percent></prevalence><prevalence><age>48</age><sex>0</sex><cat>1</cat><percent>39.0</percent></prevalence><prevalence><age>48</age><sex>0</sex><cat>2</cat><percent>47.0</percent></prevalence><prevalence><age>48</age><sex>0</sex><cat>3</cat><percent>14.0</percent></prevalence><prevalence><age>48</age><sex>1</sex><cat>1</cat><percent>54.0</percent></prevalence><prevalence><age>48</age><sex>1</sex><cat>2</cat><percent>33.0</percent></prevalence><prevalence><age>48</age><sex>1</sex><cat>3</cat><percent>13.0</percent></prevalence><prevalence><age>49</age><sex>0</sex><cat>1</cat><percent>38.0</percent></prevalence><prevalence><age>49</age><sex>0</sex><cat>2</cat><percent>48.0</percent></prevalence><prevalence><age>49</age><sex>0</sex><cat>3</cat><percent>14.0</percent></prevalence><prevalence><age>49</age><sex>1</sex><cat>1</cat><percent>52.0</percent></prevalence><prevalence><age>49</age><sex>1</sex><cat>2</cat><percent>34.0</percent></prevalence><prevalence><age>49</age><sex>1</sex><cat>3</cat><percent>14.0</percent></prevalence><prevalence><age>50</age><sex>0</sex><cat>1</cat><percent>37.0</percent></prevalence><prevalence><age>50</age><sex>0</sex><cat>2</cat><percent>49.0</percent></prevalence><prevalence><age>50</age><sex>0</sex><cat>3</cat><percent>14.0</percent></prevalence><prevalence><age>50</age><sex>1</sex><cat>1</cat><percent>50.0</percent></prevalence><prevalence><age>50</age><sex>1</sex><cat>2</cat><percent>35.0</percent></prevalence><prevalence><age>50</age><sex>1</sex><cat>3</cat><percent>15.0</percent></prevalence><prevalence><age>51</age><sex>0</sex><cat>1</cat><percent>36.0</percent></prevalence><prevalence><age>51</age><sex>0</sex><cat>2</cat><percent>50.0</percent></prevalence><prevalence><age>51</age><sex>0</sex><cat>3</cat><percent>14.0</percent></prevalence><prevalence><age>51</age><sex>1</sex><cat>1</cat><percent>48.0</percent></prevalence><prevalence><age>51</age><sex>1</sex><cat>2</cat><percent>36.0</percent></prevalence><prevalence><age>51</age><sex>1</sex><cat>3</cat><percent>16.0</percent></prevalence><prevalence><age>52</age><sex>0</sex><cat>1</cat><percent>35.0</percent></prevalence><prevalence><age>52</age><sex>0</sex><cat>2</cat><percent>51.0</percent></prevalence><prevalence><age>52</age><sex>0</sex><cat>3</cat><percent>14.0</percent></prevalence><prevalence><age>52</age><sex>1</sex><cat>1</cat><percent>46.0</percent></prevalence><prevalence><age>52</age><sex>1</sex><cat>2</cat><percent>37.0</percent></prevalence><prevalence><age>52</age><sex>1</sex><cat>3</cat><percent>17.0</percent></prevalence><prevalence><age>53</age><sex>0</sex><cat>1</cat><percent>34.0</percent></prevalence><prevalence><age>53</age><sex>0</sex><cat>2</cat><percent>51.0</percent></prevalence><prevalence><age>53</age><sex>0</sex><cat>3</cat><percent>15.0</percent></prevalence><prevalence><age>53</age><sex>1</sex><cat>1</cat><percent>46.0</percent></prevalence><prevalence><age>53</age><sex>1</sex><cat>2</cat><percent>38.0</percent></prevalence><prevalence><age>53</age><sex>1</sex><cat>3</cat><percent>16.0</percent></prevalence><prevalence><age>54</age><sex>0</sex><cat>1</cat><percent>32.0</percent></prevalence><prevalence><age>54</age><sex>0</sex><cat>2</cat><percent>52.0</percent></prevalence><prevalence><age>54</age><sex>0</sex><cat>3</cat><percent>16.0</percent></prevalence><prevalence><age>54</age><sex>1</sex><cat>1</cat><percent>46.0</percent></prevalence><prevalence><age>54</age><sex>1</sex><cat>2</cat><percent>39.0</percent></prevalence><prevalence><age>54</age><sex>1</sex><cat>3</cat><percent>15.0</percent></prevalence><prevalence><age>55</age><sex>0</sex><cat>1</cat><percent>30.0</percent></prevalence><prevalence><age>55</age><sex>0</sex><cat>2</cat><percent>53.0</percent></prevalence><prevalence><age>55</age><sex>0</sex><cat>3</cat><percent>17.0</percent></prevalence><prevalence><age>55</age><sex>1</sex><cat>1</cat><percent>44.9</percent></prevalence><prevalence><age>55</age><sex>1</sex><cat>2</cat><percent>40.1</percent></prevalence><prevalence><age>55</age><sex>1</sex><cat>3</cat><percent>15.0</percent></prevalence><prevalence><age>56</age><sex>0</sex><cat>1</cat><percent>30.0</percent></prevalence><prevalence><age>56</age><sex>0</sex><cat>2</cat><percent>53.0</percent></prevalence><prevalence><age>56</age><sex>0</sex><cat>3</cat><percent>17.0</percent></prevalence><prevalence><age>56</age><sex>1</sex><cat>1</cat><percent>45.0</percent></prevalence><prevalence><age>56</age><sex>1</sex><cat>2</cat><percent>41.0</percent></prevalence><prevalence><age>56</age><sex>1</sex><cat>3</cat><percent>14.0</percent></prevalence><prevalence><age>57</age><sex>0</sex><cat>1</cat><percent>29.0</percent></prevalence><prevalence><age>57</age><sex>0</sex><cat>2</cat><percent>53.0</percent></prevalence><prevalence><age>57</age><sex>0</sex><cat>3</cat><percent>18.0</percent></prevalence><prevalence><age>57</age><sex>1</sex><cat>1</cat><percent>44.0</percent></prevalence><prevalence><age>57</age><sex>1</sex><cat>2</cat><percent>42.0</percent></prevalence><prevalence><age>57</age><sex>1</sex><cat>3</cat><percent>14.0</percent></prevalence><prevalence><age>58</age><sex>0</sex><cat>1</cat><percent>30.0</percent></prevalence><prevalence><age>58</age><sex>0</sex><cat>2</cat><percent>53.0</percent></prevalence><prevalence><age>58</age><sex>0</sex><cat>3</cat><percent>17.0</percent></prevalence><prevalence><age>58</age><sex>1</sex><cat>1</cat><percent>43.0</percent></prevalence><prevalence><age>58</age><sex>1</sex><cat>2</cat><percent>43.0</percent></prevalence><prevalence><age>58</age><sex>1</sex><cat>3</cat><percent>14.0</percent></prevalence><prevalence><age>59</age><sex>0</sex><cat>1</cat><percent>31.0</percent></prevalence><prevalence><age>59</age><sex>0</sex><cat>2</cat><percent>53.0</percent></prevalence><prevalence><age>59</age><sex>0</sex><cat>3</cat><percent>16.0</percent></prevalence><prevalence><age>59</age><sex>1</sex><cat>1</cat><percent>41.0</percent></prevalence><prevalence><age>59</age><sex>1</sex><cat>2</cat><percent>44.0</percent></prevalence><prevalence><age>59</age><sex>1</sex><cat>3</cat><percent>15.0</percent></prevalence><prevalence><age>60</age><sex>0</sex><cat>1</cat><percent>33.0</percent></prevalence><prevalence><age>60</age><sex>0</sex><cat>2</cat><percent>53.0</percent></prevalence><prevalence><age>60</age><sex>0</sex><cat>3</cat><percent>14.0</percent></prevalence><prevalence><age>60</age><sex>1</sex><cat>1</cat><percent>38.0</percent></prevalence><prevalence><age>60</age><sex>1</sex><cat>2</cat><percent>46.0</percent></prevalence><prevalence><age>60</age><sex>1</sex><cat>3</cat><percent>16.0</percent></prevalence><prevalence><age>61</age><sex>0</sex><cat>1</cat><percent>35.0</percent></prevalence><prevalence><age>61</age><sex>0</sex><cat>2</cat><percent>53.0</percent></prevalence><prevalence><age>61</age><sex>0</sex><cat>3</cat><percent>12.0</percent></prevalence><prevalence><age>61</age><sex>1</sex><cat>1</cat><percent>35.0</percent></prevalence><prevalence><age>61</age><sex>1</sex><cat>2</cat><percent>48.0</percent></prevalence><prevalence><age>61</age><sex>1</sex><cat>3</cat><percent>17.0</percent></prevalence><prevalence><age>62</age><sex>0</sex><cat>1</cat><percent>36.0</percent></prevalence><prevalence><age>62</age><sex>0</sex><cat>2</cat><percent>53.0</percent></prevalence><prevalence><age>62</age><sex>0</sex><cat>3</cat><percent>11.0</percent></prevalence><prevalence><age>62</age><sex>1</sex><cat>1</cat><percent>30.6</percent></prevalence><prevalence><age>62</age><sex>1</sex><cat>2</cat><percent>50.9</percent></prevalence><prevalence><age>62</age><sex>1</sex><cat>3</cat><percent>18.5</percent></prevalence><prevalence><age>63</age><sex>0</sex><cat>1</cat><percent>36.0</percent></prevalence><prevalence><age>63</age><sex>0</sex><cat>2</cat><percent>53.0</percent></prevalence><prevalence><age>63</age><sex>0</sex><cat>3</cat><percent>11.0</percent></prevalence><prevalence><age>63</age><sex>1</sex><cat>1</cat><percent>35.0</percent></prevalence><prevalence><age>63</age><sex>1</sex><cat>2</cat><percent>49.0</percent></prevalence><prevalence><age>63</age><sex>1</sex><cat>3</cat><percent>16.0</percent></prevalence><prevalence><age>64</age><sex>0</sex><cat>1</cat><percent>35.9</percent></prevalence><prevalence><age>64</age><sex>0</sex><cat>2</cat><percent>54.1</percent></prevalence><prevalence><age>64</age><sex>0</sex><cat>3</cat><percent>10.0</percent></prevalence><prevalence><age>64</age><sex>1</sex><cat>1</cat><percent>36.0</percent></prevalence><prevalence><age>64</age><sex>1</sex><cat>2</cat><percent>48.0</percent></prevalence><prevalence><age>64</age><sex>1</sex><cat>3</cat><percent>16.0</percent></prevalence><prevalence><age>65</age><sex>0</sex><cat>1</cat><percent>35.5</percent></prevalence><prevalence><age>65</age><sex>0</sex><cat>2</cat><percent>54.5</percent></prevalence><prevalence><age>65</age><sex>0</sex><cat>3</cat><percent>10.0</percent></prevalence><prevalence><age>65</age><sex>1</sex><cat>1</cat><percent>32.9</percent></prevalence><prevalence><age>65</age><sex>1</sex><cat>2</cat><percent>49.1</percent></prevalence><prevalence><age>65</age><sex>1</sex><cat>3</cat><percent>18.0</percent></prevalence><prevalence><age>66</age><sex>0</sex><cat>1</cat><percent>35.1</percent></prevalence><prevalence><age>66</age><sex>0</sex><cat>2</cat><percent>55.0</percent></prevalence><prevalence><age>66</age><sex>0</sex><cat>3</cat><percent>9.9</percent></prevalence><prevalence><age>66</age><sex>1</sex><cat>1</cat><percent>30.4</percent></prevalence><prevalence><age>66</age><sex>1</sex><cat>2</cat><percent>49.6</percent></prevalence><prevalence><age>66</age><sex>1</sex><cat>3</cat><percent>20.0</percent></prevalence><prevalence><age>67</age><sex>0</sex><cat>1</cat><percent>33.1</percent></prevalence><prevalence><age>67</age><sex>0</sex><cat>2</cat><percent>57.0</percent></prevalence><prevalence><age>67</age><sex>0</sex><cat>3</cat><percent>9.9</percent></prevalence><prevalence><age>67</age><sex>1</sex><cat>1</cat><percent>28.2</percent></prevalence><prevalence><age>67</age><sex>1</sex><cat>2</cat><percent>50.3</percent></prevalence><prevalence><age>67</age><sex>1</sex><cat>3</cat><percent>21.5</percent></prevalence><prevalence><age>68</age><sex>0</sex><cat>1</cat><percent>33.2</percent></prevalence><prevalence><age>68</age><sex>0</sex><cat>2</cat><percent>57.0</percent></prevalence><prevalence><age>68</age><sex>0</sex><cat>3</cat><percent>9.8</percent></prevalence><prevalence><age>68</age><sex>1</sex><cat>1</cat><percent>25.8</percent></prevalence><prevalence><age>68</age><sex>1</sex><cat>2</cat><percent>51.2</percent></prevalence><prevalence><age>68</age><sex>1</sex><cat>3</cat><percent>23.0</percent></prevalence><prevalence><age>69</age><sex>0</sex><cat>1</cat><percent>32.3</percent></prevalence><prevalence><age>69</age><sex>0</sex><cat>2</cat><percent>58.0</percent></prevalence><prevalence><age>69</age><sex>0</sex><cat>3</cat><percent>9.7</percent></prevalence><prevalence><age>69</age><sex>1</sex><cat>1</cat><percent>24.9</percent></prevalence><prevalence><age>69</age><sex>1</sex><cat>2</cat><percent>52.6</percent></prevalence><prevalence><age>69</age><sex>1</sex><cat>3</cat><percent>22.5</percent></prevalence><prevalence><age>70</age><sex>0</sex><cat>1</cat><percent>32.29144</percent></prevalence><prevalence><age>70</age><sex>0</sex><cat>2</cat><percent>58.02758</percent></prevalence><prevalence><age>70</age><sex>0</sex><cat>3</cat><percent>9.680986</percent></prevalence><prevalence><age>70</age><sex>1</sex><cat>1</cat><percent>25.78298</percent></prevalence><prevalence><age>70</age><sex>1</sex><cat>2</cat><percent>53.93994</percent></prevalence><prevalence><age>70</age><sex>1</sex><cat>3</cat><percent>20.27709</percent></prevalence><prevalence><age>71</age><sex>0</sex><cat>1</cat><percent>31.3</percent></prevalence><prevalence><age>71</age><sex>0</sex><cat>2</cat><percent>59.0</percent></prevalence><prevalence><age>71</age><sex>0</sex><cat>3</cat><percent>9.7</percent></prevalence><prevalence><age>71</age><sex>1</sex><cat>1</cat><percent>25.6</percent></prevalence><prevalence><age>71</age><sex>1</sex><cat>2</cat><percent>54.6</percent></prevalence><prevalence><age>71</age><sex>1</sex><cat>3</cat><percent>19.8</percent></prevalence><prevalence><age>72</age><sex>0</sex><cat>1</cat><percent>31.4</percent></prevalence><prevalence><age>72</age><sex>0</sex><cat>2</cat><percent>59.0</percent></prevalence><prevalence><age>72</age><sex>0</sex><cat>3</cat><percent>9.6</percent></prevalence><prevalence><age>72</age><sex>1</sex><cat>1</cat><percent>25.6</percent></prevalence><prevalence><age>72</age><sex>1</sex><cat>2</cat><percent>55.1</percent></prevalence><prevalence><age>72</age><sex>1</sex><cat>3</cat><percent>19.3</percent></prevalence><prevalence><age>73</age><sex>0</sex><cat>1</cat><percent>32.4</percent></prevalence><prevalence><age>73</age><sex>0</sex><cat>2</cat><percent>58.0</percent></prevalence><prevalence><age>73</age><sex>0</sex><cat>3</cat><percent>9.6</percent></prevalence><prevalence><age>73</age><sex>1</sex><cat>1</cat><percent>25.5</percent></prevalence><prevalence><age>73</age><sex>1</sex><cat>2</cat><percent>55.8</percent></prevalence><prevalence><age>73</age><sex>1</sex><cat>3</cat><percent>18.7</percent></prevalence><prevalence><age>74</age><sex>0</sex><cat>1</cat><percent>32.3</percent></prevalence><prevalence><age>74</age><sex>0</sex><cat>2</cat><percent>58.0</percent></prevalence><prevalence><age>74</age><sex>0</sex><cat>3</cat><percent>9.7</percent></prevalence><prevalence><age>74</age><sex>1</sex><cat>1</cat><percent>25.1</percent></prevalence><prevalence><age>74</age><sex>1</sex><cat>2</cat><percent>56.6</percent></prevalence><prevalence><age>74</age><sex>1</sex><cat>3</cat><percent>18.3</percent></prevalence><prevalence><age>75</age><sex>0</sex><cat>1</cat><percent>33.3</percent></prevalence><prevalence><age>75</age><sex>0</sex><cat>2</cat><percent>57.0</percent></prevalence><prevalence><age>75</age><sex>0</sex><cat>3</cat><percent>9.7</percent></prevalence><prevalence><age>75</age><sex>1</sex><cat>1</cat><percent>24.2</percent></prevalence><prevalence><age>75</age><sex>1</sex><cat>2</cat><percent>57.8</percent></prevalence><prevalence><age>75</age><sex>1</sex><cat>3</cat><percent>18.0</percent></prevalence><prevalence><age>76</age><sex>0</sex><cat>1</cat><percent>36.0</percent></prevalence><prevalence><age>76</age><sex>0</sex><cat>2</cat><percent>54.0</percent></prevalence><prevalence><age>76</age><sex>0</sex><cat>3</cat><percent>10.0</percent></prevalence><prevalence><age>76</age><sex>1</sex><cat>1</cat><percent>25.2</percent></prevalence><prevalence><age>76</age><sex>1</sex><cat>2</cat><percent>57.3</percent></prevalence><prevalence><age>76</age><sex>1</sex><cat>3</cat><percent>17.5</percent></prevalence><prevalence><age>77</age><sex>0</sex><cat>1</cat><percent>38.7</percent></prevalence><prevalence><age>77</age><sex>0</sex><cat>2</cat><percent>51.0</percent></prevalence><prevalence><age>77</age><sex>0</sex><cat>3</cat><percent>10.3</percent></prevalence><prevalence><age>77</age><sex>1</sex><cat>1</cat><percent>26.2</percent></prevalence><prevalence><age>77</age><sex>1</sex><cat>2</cat><percent>57.0</percent></prevalence><prevalence><age>77</age><sex>1</sex><cat>3</cat><percent>16.8</percent></prevalence><prevalence><age>78</age><sex>0</sex><cat>1</cat><percent>42.2</percent></prevalence><prevalence><age>78</age><sex>0</sex><cat>2</cat><percent>47.0</percent></prevalence><prevalence><age>78</age><sex>0</sex><cat>3</cat><percent>10.8</percent></prevalence><prevalence><age>78</age><sex>1</sex><cat>1</cat><percent>29.1</percent></prevalence><prevalence><age>78</age><sex>1</sex><cat>2</cat><percent>56.6</percent></prevalence><prevalence><age>78</age><sex>1</sex><cat>3</cat><percent>14.3</percent></prevalence><prevalence><age>79</age><sex>0</sex><cat>1</cat><percent>43.8</percent></prevalence><prevalence><age>79</age><sex>0</sex><cat>2</cat><percent>45.0</percent></prevalence><prevalence><age>79</age><sex>0</sex><cat>3</cat><percent>11.2</percent></prevalence><prevalence><age>79</age><sex>1</sex><cat>1</cat><percent>30.8</percent></prevalence><prevalence><age>79</age><sex>1</sex><cat>2</cat><percent>56.1</percent></prevalence><prevalence><age>79</age><sex>1</sex><cat>3</cat><percent>13.1</percent></prevalence><prevalence><age>80</age><sex>0</sex><cat>1</cat><percent>44.66246</percent></prevalence><prevalence><age>80</age><sex>0</sex><cat>2</cat><percent>43.55554</percent></prevalence><prevalence><age>80</age><sex>0</sex><cat>3</cat><percent>11.78199</percent></prevalence><prevalence><age>80</age><sex>1</sex><cat>1</cat><percent>32.26123</percent></prevalence><prevalence><age>80</age><sex>1</sex><cat>2</cat><percent>55.00622</percent></prevalence><prevalence><age>80</age><sex>1</sex><cat>3</cat><percent>12.73255</percent></prevalence><prevalence><age>81</age><sex>0</sex><cat>1</cat><percent>47.0</percent></prevalence><prevalence><age>81</age><sex>0</sex><cat>2</cat><percent>41.0</percent></prevalence><prevalence><age>81</age><sex>0</sex><cat>3</cat><percent>12.0</percent></prevalence><prevalence><age>81</age><sex>1</sex><cat>1</cat><percent>34.6</percent></prevalence><prevalence><age>81</age><sex>1</sex><cat>2</cat><percent>54.3</percent></prevalence><prevalence><age>81</age><sex>1</sex><cat>3</cat><percent>11.1</percent></prevalence><prevalence><age>82</age><sex>0</sex><cat>1</cat><percent>48.2</percent></prevalence><prevalence><age>82</age><sex>0</sex><cat>2</cat><percent>39.0</percent></prevalence><prevalence><age>82</age><sex>0</sex><cat>3</cat><percent>12.8</percent></prevalence><prevalence><age>82</age><sex>1</sex><cat>1</cat><percent>37.5</percent></prevalence><prevalence><age>82</age><sex>1</sex><cat>2</cat><percent>53.2</percent></prevalence><prevalence><age>82</age><sex>1</sex><cat>3</cat><percent>9.3</percent></prevalence><prevalence><age>83</age><sex>0</sex><cat>1</cat><percent>49.5</percent></prevalence><prevalence><age>83</age><sex>0</sex><cat>2</cat><percent>37.0</percent></prevalence><prevalence><age>83</age><sex>0</sex><cat>3</cat><percent>13.5</percent></prevalence><prevalence><age>83</age><sex>1</sex><cat>1</cat><percent>40.1</percent></prevalence><prevalence><age>83</age><sex>1</sex><cat>2</cat><percent>52.4</percent></prevalence><prevalence><age>83</age><sex>1</sex><cat>3</cat><percent>7.5</percent></prevalence><prevalence><age>84</age><sex>0</sex><cat>1</cat><percent>50.2</percent></prevalence><prevalence><age>84</age><sex>0</sex><cat>2</cat><percent>37.0</percent></prevalence><prevalence><age>84</age><sex>0</sex><cat>3</cat><percent>12.8</percent></prevalence><prevalence><age>84</age><sex>1</sex><cat>1</cat><percent>42.6</percent></prevalence><prevalence><age>84</age><sex>1</sex><cat>2</cat><percent>51.1</percent></prevalence><prevalence><age>84</age><sex>1</sex><cat>3</cat><percent>6.3</percent></prevalence><prevalence><age>85</age><sex>0</sex><cat>1</cat><percent>50.2</percent></prevalence><prevalence><age>85</age><sex>0</sex><cat>2</cat><percent>39.3</percent></prevalence><prevalence><age>85</age><sex>0</sex><cat>3</cat><percent>10.5</percent></prevalence><prevalence><age>85</age><sex>1</sex><cat>1</cat><percent>44.6</percent></prevalence><prevalence><age>85</age><sex>1</sex><cat>2</cat><percent>49.3</percent></prevalence><prevalence><age>85</age><sex>1</sex><cat>3</cat><percent>6.1</percent></prevalence><prevalence><age>86</age><sex>0</sex><cat>1</cat><percent>51.2</percent></prevalence><prevalence><age>86</age><sex>0</sex><cat>2</cat><percent>41.5</percent></prevalence><prevalence><age>86</age><sex>0</sex><cat>3</cat><percent>7.3</percent></prevalence><prevalence><age>86</age><sex>1</sex><cat>1</cat><percent>46.6</percent></prevalence><prevalence><age>86</age><sex>1</sex><cat>2</cat><percent>47.6</percent></prevalence><prevalence><age>86</age><sex>1</sex><cat>3</cat><percent>5.8</percent></prevalence><prevalence><age>87</age><sex>0</sex><cat>1</cat><percent>50.6</percent></prevalence><prevalence><age>87</age><sex>0</sex><cat>2</cat><percent>43.3</percent></prevalence><prevalence><age>87</age><sex>0</sex><cat>3</cat><percent>6.1</percent></prevalence><prevalence><age>87</age><sex>1</sex><cat>1</cat><percent>50.3</percent></prevalence><prevalence><age>87</age><sex>1</sex><cat>2</cat><percent>44.2</percent></prevalence><prevalence><age>87</age><sex>1</sex><cat>3</cat><percent>5.5</percent></prevalence><prevalence><age>88</age><sex>0</sex><cat>1</cat><percent>51.0</percent></prevalence><prevalence><age>88</age><sex>0</sex><cat>2</cat><percent>44.1</percent></prevalence><prevalence><age>88</age><sex>0</sex><cat>3</cat><percent>4.9</percent></prevalence><prevalence><age>88</age><sex>1</sex><cat>1</cat><percent>53.4</percent></prevalence><prevalence><age>88</age><sex>1</sex><cat>2</cat><percent>41.5</percent></prevalence><prevalence><age>88</age><sex>1</sex><cat>3</cat><percent>5.1</percent></prevalence><prevalence><age>89</age><sex>0</sex><cat>1</cat><percent>52.6</percent></prevalence><prevalence><age>89</age><sex>0</sex><cat>2</cat><percent>44.2</percent></prevalence><prevalence><age>89</age><sex>0</sex><cat>3</cat><percent>3.2</percent></prevalence><prevalence><age>89</age><sex>1</sex><cat>1</cat><percent>56.4</percent></prevalence><prevalence><age>89</age><sex>1</sex><cat>2</cat><percent>38.8</percent></prevalence><prevalence><age>89</age><sex>1</sex><cat>3</cat><percent>4.8</percent></prevalence><prevalence><age>90</age><sex>0</sex><cat>1</cat><percent>52.70386</percent></prevalence><prevalence><age>90</age><sex>0</sex><cat>2</cat><percent>44.27104</percent></prevalence><prevalence><age>90</age><sex>0</sex><cat>3</cat><percent>3.025106</percent></prevalence><prevalence><age>90</age><sex>1</sex><cat>1</cat><percent>58.73565</percent></prevalence><prevalence><age>90</age><sex>1</sex><cat>2</cat><percent>36.63324</percent></prevalence><prevalence><age>90</age><sex>1</sex><cat>3</cat><percent>4.631105</percent></prevalence><prevalence><age>91</age><sex>0</sex><cat>1</cat><percent>53.0</percent></prevalence><prevalence><age>91</age><sex>0</sex><cat>2</cat><percent>44.7</percent></prevalence><prevalence><age>91</age><sex>0</sex><cat>3</cat><percent>2.3</percent></prevalence><prevalence><age>91</age><sex>1</sex><cat>1</cat><percent>62.2</percent></prevalence><prevalence><age>91</age><sex>1</sex><cat>2</cat><percent>33.4</percent></prevalence><prevalence><age>91</age><sex>1</sex><cat>3</cat><percent>4.4</percent></prevalence><prevalence><age>92</age><sex>0</sex><cat>1</cat><percent>52.4</percent></prevalence><prevalence><age>92</age><sex>0</sex><cat>2</cat><percent>45.6</percent></prevalence><prevalence><age>92</age><sex>0</sex><cat>3</cat><percent>2.0</percent></prevalence><prevalence><age>92</age><sex>1</sex><cat>1</cat><percent>65.4</percent></prevalence><prevalence><age>92</age><sex>1</sex><cat>2</cat><percent>30.5</percent></prevalence><prevalence><age>92</age><sex>1</sex><cat>3</cat><percent>4.1</percent></prevalence><prevalence><age>93</age><sex>0</sex><cat>1</cat><percent>52.5</percent></prevalence><prevalence><age>93</age><sex>0</sex><cat>2</cat><percent>46.0</percent></prevalence><prevalence><age>93</age><sex>0</sex><cat>3</cat><percent>1.5</percent></prevalence><prevalence><age>93</age><sex>1</sex><cat>1</cat><percent>69.4</percent></prevalence><prevalence><age>93</age><sex>1</sex><cat>2</cat><percent>27.3</percent></prevalence><prevalence><age>93</age><sex>1</sex><cat>3</cat><percent>3.3</percent></prevalence><prevalence><age>94</age><sex>0</sex><cat>1</cat><percent>52.9</percent></prevalence><prevalence><age>94</age><sex>0</sex><cat>2</cat><percent>45.6</percent></prevalence><prevalence><age>94</age><sex>0</sex><cat>3</cat><percent>1.5</percent></prevalence><prevalence><age>94</age><sex>1</sex><cat>1</cat><percent>73.2</percent></prevalence><prevalence><age>94</age><sex>1</sex><cat>2</cat><percent>24.3</percent></prevalence><prevalence><age>94</age><sex>1</sex><cat>3</cat><percent>2.5</percent></prevalence><prevalence><age>95</age><sex>0</sex><cat>1</cat><percent>57.3</percent></prevalence><prevalence><age>95</age><sex>0</sex><cat>2</cat><percent>41.3</percent></prevalence><prevalence><age>95</age><sex>0</sex><cat>3</cat><percent>1.4</percent></prevalence><prevalence><age>95</age><sex>1</sex><cat>1</cat><percent>74.8</percent></prevalence><prevalence><age>95</age><sex>1</sex><cat>2</cat><percent>23.5</percent></prevalence><prevalence><age>95</age><sex>1</sex><cat>3</cat><percent>1.7</percent></prevalence></riskfactorprevalences_categorical>