<?xml version="1.0"?><riskfactorprevalences_categorical><prevalence><age>0</age><sex>0</sex><cat>1</cat><percent>63.77</percent></prevalence><prevalence><age>0</age><sex>0</sex><cat>2</cat><percent>31.88</percent></prevalence><prevalence><age>0</age><sex>0</sex><cat>3</cat><percent>4.35</percent></prevalence><prevalence><age>0</age><sex>1</sex><cat>1</cat><percent>71.93</percent></prevalence><prevalence><age>0</age><sex>1</sex><cat>2</cat><percent>17.54</percent></prevalence><prevalence><age>0</age><sex>1</sex><cat>3</cat><percent>10.53</percent></prevalence><prevalence><age>1</age><sex>0</sex><cat>1</cat><percent>63.77</percent></prevalence><prevalence><age>1</age><sex>0</sex><cat>2</cat><percent>31.88</percent></prevalence><prevalence><age>1</age><sex>0</sex><cat>3</cat><percent>4.35</percent></prevalence><prevalence><age>1</age><sex>1</sex><cat>1</cat><percent>71.93</percent></prevalence><prevalence><age>1</age><sex>1</sex><cat>2</cat><percent>17.54</percent></prevalence><prevalence><age>1</age><sex>1</sex><cat>3</cat><percent>10.53</percent></prevalence><prevalence><age>2</age><sex>0</sex><cat>1</cat><percent>63.77</percent></prevalence><prevalence><age>2</age><sex>0</sex><cat>2</cat><percent>31.88</percent></prevalence><prevalence><age>2</age><sex>0</sex><cat>3</cat><percent>4.35</percent></prevalence><prevalence><age>2</age><sex>1</sex><cat>1</cat><percent>71.93</percent></prevalence><prevalence><age>2</age><sex>1</sex><cat>2</cat><percent>17.54</percent></prevalence><prevalence><age>2</age><sex>1</sex><cat>3</cat><percent>10.53</percent></prevalence><prevalence><age>3</age><sex>0</sex><cat>1</cat><percent>72.0</percent></prevalence><prevalence><age>3</age><sex>0</sex><cat>2</cat><percent>20.0</percent></prevalence><prevalence><age>3</age><sex>0</sex><cat>3</cat><percent>8.0</percent></prevalence><prevalence><age>3</age><sex>1</sex><cat>1</cat><percent>70.0</percent></prevalence><prevalence><age>3</age><sex>1</sex><cat>2</cat><percent>24.44</percent></prevalence><prevalence><age>3</age><sex>1</sex><cat>3</cat><percent>5.56</percent></prevalence><prevalence><age>4</age><sex>0</sex><cat>1</cat><percent>69.0</percent></prevalence><prevalence><age>4</age><sex>0</sex><cat>2</cat><percent>20.0</percent></prevalence><prevalence><age>4</age><sex>0</sex><cat>3</cat><percent>11.0</percent></prevalence><prevalence><age>4</age><sex>1</sex><cat>1</cat><percent>71.62</percent></prevalence><prevalence><age>4</age><sex>1</sex><cat>2</cat><percent>16.22</percent></prevalence><prevalence><age>4</age><sex>1</sex><cat>3</cat><percent>12.16</percent></prevalence><prevalence><age>5</age><sex>0</sex><cat>1</cat><percent>74.0</percent></prevalence><prevalence><age>5</age><sex>0</sex><cat>2</cat><percent>16.0</percent></prevalence><prevalence><age>5</age><sex>0</sex><cat>3</cat><percent>10.0</percent></prevalence><prevalence><age>5</age><sex>1</sex><cat>1</cat><percent>67.86</percent></prevalence><prevalence><age>5</age><sex>1</sex><cat>2</cat><percent>22.62</percent></prevalence><prevalence><age>5</age><sex>1</sex><cat>3</cat><percent>9.52</percent></prevalence><prevalence><age>6</age><sex>0</sex><cat>1</cat><percent>78.0</percent></prevalence><prevalence><age>6</age><sex>0</sex><cat>2</cat><percent>15.0</percent></prevalence><prevalence><age>6</age><sex>0</sex><cat>3</cat><percent>7.0</percent></prevalence><prevalence><age>6</age><sex>1</sex><cat>1</cat><percent>77.27</percent></prevalence><prevalence><age>6</age><sex>1</sex><cat>2</cat><percent>12.5</percent></prevalence><prevalence><age>6</age><sex>1</sex><cat>3</cat><percent>10.23</percent></prevalence><prevalence><age>7</age><sex>0</sex><cat>1</cat><percent>79.76</percent></prevalence><prevalence><age>7</age><sex>0</sex><cat>2</cat><percent>14.29</percent></prevalence><prevalence><age>7</age><sex>0</sex><cat>3</cat><percent>5.95</percent></prevalence><prevalence><age>7</age><sex>1</sex><cat>1</cat><percent>78.65</percent></prevalence><prevalence><age>7</age><sex>1</sex><cat>2</cat><percent>12.36</percent></prevalence><prevalence><age>7</age><sex>1</sex><cat>3</cat><percent>8.99</percent></prevalence><prevalence><age>8</age><sex>0</sex><cat>1</cat><percent>77.22</percent></prevalence><prevalence><age>8</age><sex>0</sex><cat>2</cat><percent>15.0</percent></prevalence><prevalence><age>8</age><sex>0</sex><cat>3</cat><percent>7.78</percent></prevalence><prevalence><age>8</age><sex>1</sex><cat>1</cat><percent>74.39</percent></prevalence><prevalence><age>8</age><sex>1</sex><cat>2</cat><percent>18.29</percent></prevalence><prevalence><age>8</age><sex>1</sex><cat>3</cat><percent>7.32</percent></prevalence><prevalence><age>9</age><sex>0</sex><cat>1</cat><percent>76.68</percent></prevalence><prevalence><age>9</age><sex>0</sex><cat>2</cat><percent>18.0</percent></prevalence><prevalence><age>9</age><sex>0</sex><cat>3</cat><percent>5.32</percent></prevalence><prevalence><age>9</age><sex>1</sex><cat>1</cat><percent>67.11</percent></prevalence><prevalence><age>9</age><sex>1</sex><cat>2</cat><percent>19.74</percent></prevalence><prevalence><age>9</age><sex>1</sex><cat>3</cat><percent>13.16</percent></prevalence><prevalence><age>10</age><sex>0</sex><cat>1</cat><percent>77.46</percent></prevalence><prevalence><age>10</age><sex>0</sex><cat>2</cat><percent>19.72</percent></prevalence><prevalence><age>10</age><sex>0</sex><cat>3</cat><percent>2.82</percent></prevalence><prevalence><age>10</age><sex>1</sex><cat>1</cat><percent>70.33</percent></prevalence><prevalence><age>10</age><sex>1</sex><cat>2</cat><percent>18.68</percent></prevalence><prevalence><age>10</age><sex>1</sex><cat>3</cat><percent>10.99</percent></prevalence><prevalence><age>11</age><sex>0</sex><cat>1</cat><percent>76.6</percent></prevalence><prevalence><age>11</age><sex>0</sex><cat>2</cat><percent>19.15</percent></prevalence><prevalence><age>11</age><sex>0</sex><cat>3</cat><percent>4.26</percent></prevalence><prevalence><age>11</age><sex>1</sex><cat>1</cat><percent>69.72</percent></prevalence><prevalence><age>11</age><sex>1</sex><cat>2</cat><percent>22.02</percent></prevalence><prevalence><age>11</age><sex>1</sex><cat>3</cat><percent>8.26</percent></prevalence><prevalence><age>12</age><sex>0</sex><cat>1</cat><percent>76.53</percent></prevalence><prevalence><age>12</age><sex>0</sex><cat>2</cat><percent>19.39</percent></prevalence><prevalence><age>12</age><sex>0</sex><cat>3</cat><percent>4.08</percent></prevalence><prevalence><age>12</age><sex>1</sex><cat>1</cat><percent>69.79</percent></prevalence><prevalence><age>12</age><sex>1</sex><cat>2</cat><percent>22.92</percent></prevalence><prevalence><age>12</age><sex>1</sex><cat>3</cat><percent>7.29</percent></prevalence><prevalence><age>13</age><sex>0</sex><cat>1</cat><percent>73.74</percent></prevalence><prevalence><age>13</age><sex>0</sex><cat>2</cat><percent>19.19</percent></prevalence><prevalence><age>13</age><sex>0</sex><cat>3</cat><percent>7.07</percent></prevalence><prevalence><age>13</age><sex>1</sex><cat>1</cat><percent>72.73</percent></prevalence><prevalence><age>13</age><sex>1</sex><cat>2</cat><percent>22.08</percent></prevalence><prevalence><age>13</age><sex>1</sex><cat>3</cat><percent>5.19</percent></prevalence><prevalence><age>14</age><sex>0</sex><cat>1</cat><percent>73.0</percent></prevalence><prevalence><age>14</age><sex>0</sex><cat>2</cat><percent>20.0</percent></prevalence><prevalence><age>14</age><sex>0</sex><cat>3</cat><percent>7.0</percent></prevalence><prevalence><age>14</age><sex>1</sex><cat>1</cat><percent>72.83</percent></prevalence><prevalence><age>14</age><sex>1</sex><cat>2</cat><percent>20.65</percent></prevalence><prevalence><age>14</age><sex>1</sex><cat>3</cat><percent>6.52</percent></prevalence><prevalence><age>15</age><sex>0</sex><cat>1</cat><percent>73.0</percent></prevalence><prevalence><age>15</age><sex>0</sex><cat>2</cat><percent>19.0</percent></prevalence><prevalence><age>15</age><sex>0</sex><cat>3</cat><percent>8.0</percent></prevalence><prevalence><age>15</age><sex>1</sex><cat>1</cat><percent>72.5</percent></prevalence><prevalence><age>15</age><sex>1</sex><cat>2</cat><percent>20.0</percent></prevalence><prevalence><age>15</age><sex>1</sex><cat>3</cat><percent>7.5</percent></prevalence><prevalence><age>16</age><sex>0</sex><cat>1</cat><percent>74.0</percent></prevalence><prevalence><age>16</age><sex>0</sex><cat>2</cat><percent>18.0</percent></prevalence><prevalence><age>16</age><sex>0</sex><cat>3</cat><percent>8.0</percent></prevalence><prevalence><age>16</age><sex>1</sex><cat>1</cat><percent>73.0</percent></prevalence><prevalence><age>16</age><sex>1</sex><cat>2</cat><percent>19.0</percent></prevalence><prevalence><age>16</age><sex>1</sex><cat>3</cat><percent>8.0</percent></prevalence><prevalence><age>17</age><sex>0</sex><cat>1</cat><percent>73.0</percent></prevalence><prevalence><age>17</age><sex>0</sex><cat>2</cat><percent>18.0</percent></prevalence><prevalence><age>17</age><sex>0</sex><cat>3</cat><percent>9.0</percent></prevalence><prevalence><age>17</age><sex>1</sex><cat>1</cat><percent>74.0</percent></prevalence><prevalence><age>17</age><sex>1</sex><cat>2</cat><percent>18.0</percent></prevalence><prevalence><age>17</age><sex>1</sex><cat>3</cat><percent>8.0</percent></prevalence><prevalence><age>18</age><sex>0</sex><cat>1</cat><percent>70.8</percent></prevalence><prevalence><age>18</age><sex>0</sex><cat>2</cat><percent>20.0</percent></prevalence><prevalence><age>18</age><sex>0</sex><cat>3</cat><percent>9.2</percent></prevalence><prevalence><age>18</age><sex>1</sex><cat>1</cat><percent>70.5</percent></prevalence><prevalence><age>18</age><sex>1</sex><cat>2</cat><percent>20.5</percent></prevalence><prevalence><age>18</age><sex>1</sex><cat>3</cat><percent>9.0</percent></prevalence><prevalence><age>19</age><sex>0</sex><cat>1</cat><percent>69.4</percent></prevalence><prevalence><age>19</age><sex>0</sex><cat>2</cat><percent>21.0</percent></prevalence><prevalence><age>19</age><sex>0</sex><cat>3</cat><percent>9.6</percent></prevalence><prevalence><age>19</age><sex>1</sex><cat>1</cat><percent>69.5</percent></prevalence><prevalence><age>19</age><sex>1</sex><cat>2</cat><percent>21.5</percent></prevalence><prevalence><age>19</age><sex>1</sex><cat>3</cat><percent>9.0</percent></prevalence><prevalence><age>20</age><sex>0</sex><cat>1</cat><percent>66.9</percent></prevalence><prevalence><age>20</age><sex>0</sex><cat>2</cat><percent>23.2</percent></prevalence><prevalence><age>20</age><sex>0</sex><cat>3</cat><percent>9.9</percent></prevalence><prevalence><age>20</age><sex>1</sex><cat>1</cat><percent>68.2</percent></prevalence><prevalence><age>20</age><sex>1</sex><cat>2</cat><percent>21.6</percent></prevalence><prevalence><age>20</age><sex>1</sex><cat>3</cat><percent>10.2</percent></prevalence><prevalence><age>21</age><sex>0</sex><cat>1</cat><percent>63.9</percent></prevalence><prevalence><age>21</age><sex>0</sex><cat>2</cat><percent>25.7</percent></prevalence><prevalence><age>21</age><sex>0</sex><cat>3</cat><percent>10.4</percent></prevalence><prevalence><age>21</age><sex>1</sex><cat>1</cat><percent>66.8</percent></prevalence><prevalence><age>21</age><sex>1</sex><cat>2</cat><percent>21.7</percent></prevalence><prevalence><age>21</age><sex>1</sex><cat>3</cat><percent>11.5</percent></prevalence><prevalence><age>22</age><sex>0</sex><cat>1</cat><percent>61.3</percent></prevalence><prevalence><age>22</age><sex>0</sex><cat>2</cat><percent>27.9</percent></prevalence><prevalence><age>22</age><sex>0</sex><cat>3</cat><percent>10.8</percent></prevalence><prevalence><age>22</age><sex>1</sex><cat>1</cat><percent>65.4</percent></prevalence><prevalence><age>22</age><sex>1</sex><cat>2</cat><percent>21.7</percent></prevalence><prevalence><age>22</age><sex>1</sex><cat>3</cat><percent>12.9</percent></prevalence><prevalence><age>23</age><sex>0</sex><cat>1</cat><percent>57.4</percent></prevalence><prevalence><age>23</age><sex>0</sex><cat>2</cat><percent>31.6</percent></prevalence><prevalence><age>23</age><sex>0</sex><cat>3</cat><percent>11.0</percent></prevalence><prevalence><age>23</age><sex>1</sex><cat>1</cat><percent>64.1</percent></prevalence><prevalence><age>23</age><sex>1</sex><cat>2</cat><percent>21.8</percent></prevalence><prevalence><age>23</age><sex>1</sex><cat>3</cat><percent>14.1</percent></prevalence><prevalence><age>24</age><sex>0</sex><cat>1</cat><percent>52.8</percent></prevalence><prevalence><age>24</age><sex>0</sex><cat>2</cat><percent>35.7</percent></prevalence><prevalence><age>24</age><sex>0</sex><cat>3</cat><percent>11.5</percent></prevalence><prevalence><age>24</age><sex>1</sex><cat>1</cat><percent>61.9</percent></prevalence><prevalence><age>24</age><sex>1</sex><cat>2</cat><percent>21.9</percent></prevalence><prevalence><age>24</age><sex>1</sex><cat>3</cat><percent>16.2</percent></prevalence><prevalence><age>25</age><sex>0</sex><cat>1</cat><percent>49.8</percent></prevalence><prevalence><age>25</age><sex>0</sex><cat>2</cat><percent>38.4</percent></prevalence><prevalence><age>25</age><sex>0</sex><cat>3</cat><percent>11.8</percent></prevalence><prevalence><age>25</age><sex>1</sex><cat>1</cat><percent>60.4</percent></prevalence><prevalence><age>25</age><sex>1</sex><cat>2</cat><percent>22.0</percent></prevalence><prevalence><age>25</age><sex>1</sex><cat>3</cat><percent>17.6</percent></prevalence><prevalence><age>26</age><sex>0</sex><cat>1</cat><percent>46.6</percent></prevalence><prevalence><age>26</age><sex>0</sex><cat>2</cat><percent>40.6</percent></prevalence><prevalence><age>26</age><sex>0</sex><cat>3</cat><percent>12.8</percent></prevalence><prevalence><age>26</age><sex>1</sex><cat>1</cat><percent>59.0</percent></prevalence><prevalence><age>26</age><sex>1</sex><cat>2</cat><percent>22.1</percent></prevalence><prevalence><age>26</age><sex>1</sex><cat>3</cat><percent>18.9</percent></prevalence><prevalence><age>27</age><sex>0</sex><cat>1</cat><percent>42.9</percent></prevalence><prevalence><age>27</age><sex>0</sex><cat>2</cat><percent>43.6</percent></prevalence><prevalence><age>27</age><sex>0</sex><cat>3</cat><percent>13.5</percent></prevalence><prevalence><age>27</age><sex>1</sex><cat>1</cat><percent>57.5</percent></prevalence><prevalence><age>27</age><sex>1</sex><cat>2</cat><percent>22.1</percent></prevalence><prevalence><age>27</age><sex>1</sex><cat>3</cat><percent>20.4</percent></prevalence><prevalence><age>28</age><sex>0</sex><cat>1</cat><percent>40.0</percent></prevalence><prevalence><age>28</age><sex>0</sex><cat>2</cat><percent>46.1</percent></prevalence><prevalence><age>28</age><sex>0</sex><cat>3</cat><percent>13.9</percent></prevalence><prevalence><age>28</age><sex>1</sex><cat>1</cat><percent>56.1</percent></prevalence><prevalence><age>28</age><sex>1</sex><cat>2</cat><percent>22.3</percent></prevalence><prevalence><age>28</age><sex>1</sex><cat>3</cat><percent>21.6</percent></prevalence><prevalence><age>29</age><sex>0</sex><cat>1</cat><percent>37.3</percent></prevalence><prevalence><age>29</age><sex>0</sex><cat>2</cat><percent>48.2</percent></prevalence><prevalence><age>29</age><sex>0</sex><cat>3</cat><percent>14.5</percent></prevalence><prevalence><age>29</age><sex>1</sex><cat>1</cat><percent>55.1</percent></prevalence><prevalence><age>29</age><sex>1</sex><cat>2</cat><percent>22.4</percent></prevalence><prevalence><age>29</age><sex>1</sex><cat>3</cat><percent>22.5</percent></prevalence><prevalence><age>30</age><sex>0</sex><cat>1</cat><percent>37.4</percent></prevalence><prevalence><age>30</age><sex>0</sex><cat>2</cat><percent>47.1</percent></prevalence><prevalence><age>30</age><sex>0</sex><cat>3</cat><percent>15.5</percent></prevalence><prevalence><age>30</age><sex>1</sex><cat>1</cat><percent>54.05</percent></prevalence><prevalence><age>30</age><sex>1</sex><cat>2</cat><percent>23.35</percent></prevalence><prevalence><age>30</age><sex>1</sex><cat>3</cat><percent>22.6</percent></prevalence><prevalence><age>31</age><sex>0</sex><cat>1</cat><percent>35.3</percent></prevalence><prevalence><age>31</age><sex>0</sex><cat>2</cat><percent>46.8</percent></prevalence><prevalence><age>31</age><sex>0</sex><cat>3</cat><percent>17.9</percent></prevalence><prevalence><age>31</age><sex>1</sex><cat>1</cat><percent>53.49</percent></prevalence><prevalence><age>31</age><sex>1</sex><cat>2</cat><percent>23.71</percent></prevalence><prevalence><age>31</age><sex>1</sex><cat>3</cat><percent>22.8</percent></prevalence><prevalence><age>32</age><sex>0</sex><cat>1</cat><percent>34.4</percent></prevalence><prevalence><age>32</age><sex>0</sex><cat>2</cat><percent>46.1</percent></prevalence><prevalence><age>32</age><sex>0</sex><cat>3</cat><percent>19.5</percent></prevalence><prevalence><age>32</age><sex>1</sex><cat>1</cat><percent>52.06</percent></prevalence><prevalence><age>32</age><sex>1</sex><cat>2</cat><percent>24.94</percent></prevalence><prevalence><age>32</age><sex>1</sex><cat>3</cat><percent>23.0</percent></prevalence><prevalence><age>33</age><sex>0</sex><cat>1</cat><percent>33.0</percent></prevalence><prevalence><age>33</age><sex>0</sex><cat>2</cat><percent>45.7</percent></prevalence><prevalence><age>33</age><sex>0</sex><cat>3</cat><percent>21.3</percent></prevalence><prevalence><age>33</age><sex>1</sex><cat>1</cat><percent>50.71</percent></prevalence><prevalence><age>33</age><sex>1</sex><cat>2</cat><percent>26.19</percent></prevalence><prevalence><age>33</age><sex>1</sex><cat>3</cat><percent>23.1</percent></prevalence><prevalence><age>34</age><sex>0</sex><cat>1</cat><percent>31.4</percent></prevalence><prevalence><age>34</age><sex>0</sex><cat>2</cat><percent>45.6</percent></prevalence><prevalence><age>34</age><sex>0</sex><cat>3</cat><percent>23.0</percent></prevalence><prevalence><age>34</age><sex>1</sex><cat>1</cat><percent>49.14</percent></prevalence><prevalence><age>34</age><sex>1</sex><cat>2</cat><percent>27.74</percent></prevalence><prevalence><age>34</age><sex>1</sex><cat>3</cat><percent>23.11</percent></prevalence><prevalence><age>35</age><sex>0</sex><cat>1</cat><percent>30.8</percent></prevalence><prevalence><age>35</age><sex>0</sex><cat>2</cat><percent>45.3</percent></prevalence><prevalence><age>35</age><sex>0</sex><cat>3</cat><percent>23.9</percent></prevalence><prevalence><age>35</age><sex>1</sex><cat>1</cat><percent>47.2</percent></prevalence><prevalence><age>35</age><sex>1</sex><cat>2</cat><percent>29.4</percent></prevalence><prevalence><age>35</age><sex>1</sex><cat>3</cat><percent>23.4</percent></prevalence><prevalence><age>36</age><sex>0</sex><cat>1</cat><percent>30.6</percent></prevalence><prevalence><age>36</age><sex>0</sex><cat>2</cat><percent>44.9</percent></prevalence><prevalence><age>36</age><sex>0</sex><cat>3</cat><percent>24.5</percent></prevalence><prevalence><age>36</age><sex>1</sex><cat>1</cat><percent>44.8</percent></prevalence><prevalence><age>36</age><sex>1</sex><cat>2</cat><percent>31.4</percent></prevalence><prevalence><age>36</age><sex>1</sex><cat>3</cat><percent>23.8</percent></prevalence><prevalence><age>37</age><sex>0</sex><cat>1</cat><percent>30.5</percent></prevalence><prevalence><age>37</age><sex>0</sex><cat>2</cat><percent>44.2</percent></prevalence><prevalence><age>37</age><sex>0</sex><cat>3</cat><percent>25.3</percent></prevalence><prevalence><age>37</age><sex>1</sex><cat>1</cat><percent>42.4</percent></prevalence><prevalence><age>37</age><sex>1</sex><cat>2</cat><percent>33.4</percent></prevalence><prevalence><age>37</age><sex>1</sex><cat>3</cat><percent>24.2</percent></prevalence><prevalence><age>38</age><sex>0</sex><cat>1</cat><percent>30.6</percent></prevalence><prevalence><age>38</age><sex>0</sex><cat>2</cat><percent>43.5</percent></prevalence><prevalence><age>38</age><sex>0</sex><cat>3</cat><percent>25.9</percent></prevalence><prevalence><age>38</age><sex>1</sex><cat>1</cat><percent>38.43</percent></prevalence><prevalence><age>38</age><sex>1</sex><cat>2</cat><percent>37.27</percent></prevalence><prevalence><age>38</age><sex>1</sex><cat>3</cat><percent>24.3</percent></prevalence><prevalence><age>39</age><sex>0</sex><cat>1</cat><percent>30.4</percent></prevalence><prevalence><age>39</age><sex>0</sex><cat>2</cat><percent>43.0</percent></prevalence><prevalence><age>39</age><sex>0</sex><cat>3</cat><percent>26.6</percent></prevalence><prevalence><age>39</age><sex>1</sex><cat>1</cat><percent>37.6</percent></prevalence><prevalence><age>39</age><sex>1</sex><cat>2</cat><percent>37.8</percent></prevalence><prevalence><age>39</age><sex>1</sex><cat>3</cat><percent>24.6</percent></prevalence><prevalence><age>40</age><sex>0</sex><cat>1</cat><percent>30.0</percent></prevalence><prevalence><age>40</age><sex>0</sex><cat>2</cat><percent>43.2</percent></prevalence><prevalence><age>40</age><sex>0</sex><cat>3</cat><percent>26.8</percent></prevalence><prevalence><age>40</age><sex>1</sex><cat>1</cat><percent>38.01</percent></prevalence><prevalence><age>40</age><sex>1</sex><cat>2</cat><percent>37.19</percent></prevalence><prevalence><age>40</age><sex>1</sex><cat>3</cat><percent>24.8</percent></prevalence><prevalence><age>41</age><sex>0</sex><cat>1</cat><percent>29.6</percent></prevalence><prevalence><age>41</age><sex>0</sex><cat>2</cat><percent>43.5</percent></prevalence><prevalence><age>41</age><sex>0</sex><cat>3</cat><percent>26.9</percent></prevalence><prevalence><age>41</age><sex>1</sex><cat>1</cat><percent>38.19</percent></prevalence><prevalence><age>41</age><sex>1</sex><cat>2</cat><percent>36.81</percent></prevalence><prevalence><age>41</age><sex>1</sex><cat>3</cat><percent>25.0</percent></prevalence><prevalence><age>42</age><sex>0</sex><cat>1</cat><percent>29.1</percent></prevalence><prevalence><age>42</age><sex>0</sex><cat>2</cat><percent>43.8</percent></prevalence><prevalence><age>42</age><sex>0</sex><cat>3</cat><percent>27.1</percent></prevalence><prevalence><age>42</age><sex>1</sex><cat>1</cat><percent>37.91</percent></prevalence><prevalence><age>42</age><sex>1</sex><cat>2</cat><percent>36.79</percent></prevalence><prevalence><age>42</age><sex>1</sex><cat>3</cat><percent>25.3</percent></prevalence><prevalence><age>43</age><sex>0</sex><cat>1</cat><percent>28.7</percent></prevalence><prevalence><age>43</age><sex>0</sex><cat>2</cat><percent>44.1</percent></prevalence><prevalence><age>43</age><sex>0</sex><cat>3</cat><percent>27.2</percent></prevalence><prevalence><age>43</age><sex>1</sex><cat>1</cat><percent>37.87</percent></prevalence><prevalence><age>43</age><sex>1</sex><cat>2</cat><percent>36.73</percent></prevalence><prevalence><age>43</age><sex>1</sex><cat>3</cat><percent>25.4</percent></prevalence><prevalence><age>44</age><sex>0</sex><cat>1</cat><percent>28.4</percent></prevalence><prevalence><age>44</age><sex>0</sex><cat>2</cat><percent>44.3</percent></prevalence><prevalence><age>44</age><sex>0</sex><cat>3</cat><percent>27.3</percent></prevalence><prevalence><age>44</age><sex>1</sex><cat>1</cat><percent>37.5</percent></prevalence><prevalence><age>44</age><sex>1</sex><cat>2</cat><percent>36.7</percent></prevalence><prevalence><age>44</age><sex>1</sex><cat>3</cat><percent>25.8</percent></prevalence><prevalence><age>45</age><sex>0</sex><cat>1</cat><percent>27.8</percent></prevalence><prevalence><age>45</age><sex>0</sex><cat>2</cat><percent>44.7</percent></prevalence><prevalence><age>45</age><sex>0</sex><cat>3</cat><percent>27.5</percent></prevalence><prevalence><age>45</age><sex>1</sex><cat>1</cat><percent>40.92</percent></prevalence><prevalence><age>45</age><sex>1</sex><cat>2</cat><percent>32.88</percent></prevalence><prevalence><age>45</age><sex>1</sex><cat>3</cat><percent>26.2</percent></prevalence><prevalence><age>46</age><sex>0</sex><cat>1</cat><percent>27.3</percent></prevalence><prevalence><age>46</age><sex>0</sex><cat>2</cat><percent>45.0</percent></prevalence><prevalence><age>46</age><sex>0</sex><cat>3</cat><percent>27.7</percent></prevalence><prevalence><age>46</age><sex>1</sex><cat>1</cat><percent>41.32</percent></prevalence><prevalence><age>46</age><sex>1</sex><cat>2</cat><percent>32.38</percent></prevalence><prevalence><age>46</age><sex>1</sex><cat>3</cat><percent>26.3</percent></prevalence><prevalence><age>47</age><sex>0</sex><cat>1</cat><percent>26.6</percent></prevalence><prevalence><age>47</age><sex>0</sex><cat>2</cat><percent>45.4</percent></prevalence><prevalence><age>47</age><sex>0</sex><cat>3</cat><percent>28.0</percent></prevalence><prevalence><age>47</age><sex>1</sex><cat>1</cat><percent>42.14</percent></prevalence><prevalence><age>47</age><sex>1</sex><cat>2</cat><percent>31.36</percent></prevalence><prevalence><age>47</age><sex>1</sex><cat>3</cat><percent>26.5</percent></prevalence><prevalence><age>48</age><sex>0</sex><cat>1</cat><percent>26.2</percent></prevalence><prevalence><age>48</age><sex>0</sex><cat>2</cat><percent>45.6</percent></prevalence><prevalence><age>48</age><sex>0</sex><cat>3</cat><percent>28.2</percent></prevalence><prevalence><age>48</age><sex>1</sex><cat>1</cat><percent>43.12</percent></prevalence><prevalence><age>48</age><sex>1</sex><cat>2</cat><percent>30.08</percent></prevalence><prevalence><age>48</age><sex>1</sex><cat>3</cat><percent>26.8</percent></prevalence><prevalence><age>49</age><sex>0</sex><cat>1</cat><percent>25.6</percent></prevalence><prevalence><age>49</age><sex>0</sex><cat>2</cat><percent>46.0</percent></prevalence><prevalence><age>49</age><sex>0</sex><cat>3</cat><percent>28.4</percent></prevalence><prevalence><age>49</age><sex>1</sex><cat>1</cat><percent>44.46</percent></prevalence><prevalence><age>49</age><sex>1</sex><cat>2</cat><percent>28.54</percent></prevalence><prevalence><age>49</age><sex>1</sex><cat>3</cat><percent>27.0</percent></prevalence><prevalence><age>50</age><sex>0</sex><cat>1</cat><percent>25.1</percent></prevalence><prevalence><age>50</age><sex>0</sex><cat>2</cat><percent>46.3</percent></prevalence><prevalence><age>50</age><sex>0</sex><cat>3</cat><percent>28.6</percent></prevalence><prevalence><age>50</age><sex>1</sex><cat>1</cat><percent>43.4</percent></prevalence><prevalence><age>50</age><sex>1</sex><cat>2</cat><percent>29.5</percent></prevalence><prevalence><age>50</age><sex>1</sex><cat>3</cat><percent>27.1</percent></prevalence><prevalence><age>51</age><sex>0</sex><cat>1</cat><percent>24.9</percent></prevalence><prevalence><age>51</age><sex>0</sex><cat>2</cat><percent>46.5</percent></prevalence><prevalence><age>51</age><sex>0</sex><cat>3</cat><percent>28.6</percent></prevalence><prevalence><age>51</age><sex>1</sex><cat>1</cat><percent>41.3</percent></prevalence><prevalence><age>51</age><sex>1</sex><cat>2</cat><percent>31.4</percent></prevalence><prevalence><age>51</age><sex>1</sex><cat>3</cat><percent>27.3</percent></prevalence><prevalence><age>52</age><sex>0</sex><cat>1</cat><percent>24.5</percent></prevalence><prevalence><age>52</age><sex>0</sex><cat>2</cat><percent>46.9</percent></prevalence><prevalence><age>52</age><sex>0</sex><cat>3</cat><percent>28.6</percent></prevalence><prevalence><age>52</age><sex>1</sex><cat>1</cat><percent>39.22</percent></prevalence><prevalence><age>52</age><sex>1</sex><cat>2</cat><percent>32.98</percent></prevalence><prevalence><age>52</age><sex>1</sex><cat>3</cat><percent>27.8</percent></prevalence><prevalence><age>53</age><sex>0</sex><cat>1</cat><percent>24.1</percent></prevalence><prevalence><age>53</age><sex>0</sex><cat>2</cat><percent>47.2</percent></prevalence><prevalence><age>53</age><sex>0</sex><cat>3</cat><percent>28.7</percent></prevalence><prevalence><age>53</age><sex>1</sex><cat>1</cat><percent>36.95</percent></prevalence><prevalence><age>53</age><sex>1</sex><cat>2</cat><percent>35.1</percent></prevalence><prevalence><age>53</age><sex>1</sex><cat>3</cat><percent>27.95</percent></prevalence><prevalence><age>54</age><sex>0</sex><cat>1</cat><percent>23.8</percent></prevalence><prevalence><age>54</age><sex>0</sex><cat>2</cat><percent>47.5</percent></prevalence><prevalence><age>54</age><sex>0</sex><cat>3</cat><percent>28.7</percent></prevalence><prevalence><age>54</age><sex>1</sex><cat>1</cat><percent>35.1</percent></prevalence><prevalence><age>54</age><sex>1</sex><cat>2</cat><percent>36.4</percent></prevalence><prevalence><age>54</age><sex>1</sex><cat>3</cat><percent>28.5</percent></prevalence><prevalence><age>55</age><sex>0</sex><cat>1</cat><percent>23.3</percent></prevalence><prevalence><age>55</age><sex>0</sex><cat>2</cat><percent>47.9</percent></prevalence><prevalence><age>55</age><sex>0</sex><cat>3</cat><percent>28.8</percent></prevalence><prevalence><age>55</age><sex>1</sex><cat>1</cat><percent>33.36</percent></prevalence><prevalence><age>55</age><sex>1</sex><cat>2</cat><percent>37.64</percent></prevalence><prevalence><age>55</age><sex>1</sex><cat>3</cat><percent>29.0</percent></prevalence><prevalence><age>56</age><sex>0</sex><cat>1</cat><percent>22.9</percent></prevalence><prevalence><age>56</age><sex>0</sex><cat>2</cat><percent>48.3</percent></prevalence><prevalence><age>56</age><sex>0</sex><cat>3</cat><percent>28.8</percent></prevalence><prevalence><age>56</age><sex>1</sex><cat>1</cat><percent>31.9</percent></prevalence><prevalence><age>56</age><sex>1</sex><cat>2</cat><percent>38.4</percent></prevalence><prevalence><age>56</age><sex>1</sex><cat>3</cat><percent>29.7</percent></prevalence><prevalence><age>57</age><sex>0</sex><cat>1</cat><percent>22.5</percent></prevalence><prevalence><age>57</age><sex>0</sex><cat>2</cat><percent>48.6</percent></prevalence><prevalence><age>57</age><sex>0</sex><cat>3</cat><percent>28.9</percent></prevalence><prevalence><age>57</age><sex>1</sex><cat>1</cat><percent>30.2</percent></prevalence><prevalence><age>57</age><sex>1</sex><cat>2</cat><percent>38.9</percent></prevalence><prevalence><age>57</age><sex>1</sex><cat>3</cat><percent>30.9</percent></prevalence><prevalence><age>58</age><sex>0</sex><cat>1</cat><percent>22.2</percent></prevalence><prevalence><age>58</age><sex>0</sex><cat>2</cat><percent>48.9</percent></prevalence><prevalence><age>58</age><sex>0</sex><cat>3</cat><percent>28.9</percent></prevalence><prevalence><age>58</age><sex>1</sex><cat>1</cat><percent>28.9</percent></prevalence><prevalence><age>58</age><sex>1</sex><cat>2</cat><percent>39.3</percent></prevalence><prevalence><age>58</age><sex>1</sex><cat>3</cat><percent>31.8</percent></prevalence><prevalence><age>59</age><sex>0</sex><cat>1</cat><percent>21.7</percent></prevalence><prevalence><age>59</age><sex>0</sex><cat>2</cat><percent>49.3</percent></prevalence><prevalence><age>59</age><sex>0</sex><cat>3</cat><percent>29.0</percent></prevalence><prevalence><age>59</age><sex>1</sex><cat>1</cat><percent>27.5</percent></prevalence><prevalence><age>59</age><sex>1</sex><cat>2</cat><percent>39.8</percent></prevalence><prevalence><age>59</age><sex>1</sex><cat>3</cat><percent>32.7</percent></prevalence><prevalence><age>60</age><sex>0</sex><cat>1</cat><percent>21.7</percent></prevalence><prevalence><age>60</age><sex>0</sex><cat>2</cat><percent>49.3</percent></prevalence><prevalence><age>60</age><sex>0</sex><cat>3</cat><percent>29.0</percent></prevalence><prevalence><age>60</age><sex>1</sex><cat>1</cat><percent>27.5</percent></prevalence><prevalence><age>60</age><sex>1</sex><cat>2</cat><percent>39.8</percent></prevalence><prevalence><age>60</age><sex>1</sex><cat>3</cat><percent>32.7</percent></prevalence><prevalence><age>61</age><sex>0</sex><cat>1</cat><percent>22.24</percent></prevalence><prevalence><age>61</age><sex>0</sex><cat>2</cat><percent>48.86</percent></prevalence><prevalence><age>61</age><sex>0</sex><cat>3</cat><percent>28.9</percent></prevalence><prevalence><age>61</age><sex>1</sex><cat>1</cat><percent>28.6</percent></prevalence><prevalence><age>61</age><sex>1</sex><cat>2</cat><percent>39.5</percent></prevalence><prevalence><age>61</age><sex>1</sex><cat>3</cat><percent>31.9</percent></prevalence><prevalence><age>62</age><sex>0</sex><cat>1</cat><percent>23.46</percent></prevalence><prevalence><age>62</age><sex>0</sex><cat>2</cat><percent>47.64</percent></prevalence><prevalence><age>62</age><sex>0</sex><cat>3</cat><percent>28.9</percent></prevalence><prevalence><age>62</age><sex>1</sex><cat>1</cat><percent>29.8</percent></prevalence><prevalence><age>62</age><sex>1</sex><cat>2</cat><percent>39.1</percent></prevalence><prevalence><age>62</age><sex>1</sex><cat>3</cat><percent>31.1</percent></prevalence><prevalence><age>63</age><sex>0</sex><cat>1</cat><percent>23.8</percent></prevalence><prevalence><age>63</age><sex>0</sex><cat>2</cat><percent>47.4</percent></prevalence><prevalence><age>63</age><sex>0</sex><cat>3</cat><percent>28.8</percent></prevalence><prevalence><age>63</age><sex>1</sex><cat>1</cat><percent>30.7</percent></prevalence><prevalence><age>63</age><sex>1</sex><cat>2</cat><percent>38.8</percent></prevalence><prevalence><age>63</age><sex>1</sex><cat>3</cat><percent>30.5</percent></prevalence><prevalence><age>64</age><sex>0</sex><cat>1</cat><percent>24.3</percent></prevalence><prevalence><age>64</age><sex>0</sex><cat>2</cat><percent>46.9</percent></prevalence><prevalence><age>64</age><sex>0</sex><cat>3</cat><percent>28.8</percent></prevalence><prevalence><age>64</age><sex>1</sex><cat>1</cat><percent>31.7</percent></prevalence><prevalence><age>64</age><sex>1</sex><cat>2</cat><percent>38.4</percent></prevalence><prevalence><age>64</age><sex>1</sex><cat>3</cat><percent>29.9</percent></prevalence><prevalence><age>65</age><sex>0</sex><cat>1</cat><percent>24.4</percent></prevalence><prevalence><age>65</age><sex>0</sex><cat>2</cat><percent>46.9</percent></prevalence><prevalence><age>65</age><sex>0</sex><cat>3</cat><percent>28.7</percent></prevalence><prevalence><age>65</age><sex>1</sex><cat>1</cat><percent>32.2</percent></prevalence><prevalence><age>65</age><sex>1</sex><cat>2</cat><percent>38.1</percent></prevalence><prevalence><age>65</age><sex>1</sex><cat>3</cat><percent>29.7</percent></prevalence><prevalence><age>66</age><sex>0</sex><cat>1</cat><percent>24.2</percent></prevalence><prevalence><age>66</age><sex>0</sex><cat>2</cat><percent>47.1</percent></prevalence><prevalence><age>66</age><sex>0</sex><cat>3</cat><percent>28.7</percent></prevalence><prevalence><age>66</age><sex>1</sex><cat>1</cat><percent>32.6</percent></prevalence><prevalence><age>66</age><sex>1</sex><cat>2</cat><percent>38.1</percent></prevalence><prevalence><age>66</age><sex>1</sex><cat>3</cat><percent>29.3</percent></prevalence><prevalence><age>67</age><sex>0</sex><cat>1</cat><percent>23.7</percent></prevalence><prevalence><age>67</age><sex>0</sex><cat>2</cat><percent>47.5</percent></prevalence><prevalence><age>67</age><sex>0</sex><cat>3</cat><percent>28.8</percent></prevalence><prevalence><age>67</age><sex>1</sex><cat>1</cat><percent>31.9</percent></prevalence><prevalence><age>67</age><sex>1</sex><cat>2</cat><percent>38.3</percent></prevalence><prevalence><age>67</age><sex>1</sex><cat>3</cat><percent>29.8</percent></prevalence><prevalence><age>68</age><sex>0</sex><cat>1</cat><percent>22.9</percent></prevalence><prevalence><age>68</age><sex>0</sex><cat>2</cat><percent>48.3</percent></prevalence><prevalence><age>68</age><sex>0</sex><cat>3</cat><percent>28.8</percent></prevalence><prevalence><age>68</age><sex>1</sex><cat>1</cat><percent>31.4</percent></prevalence><prevalence><age>68</age><sex>1</sex><cat>2</cat><percent>38.6</percent></prevalence><prevalence><age>68</age><sex>1</sex><cat>3</cat><percent>30.0</percent></prevalence><prevalence><age>69</age><sex>0</sex><cat>1</cat><percent>22.1</percent></prevalence><prevalence><age>69</age><sex>0</sex><cat>2</cat><percent>49.0</percent></prevalence><prevalence><age>69</age><sex>0</sex><cat>3</cat><percent>28.9</percent></prevalence><prevalence><age>69</age><sex>1</sex><cat>1</cat><percent>30.8</percent></prevalence><prevalence><age>69</age><sex>1</sex><cat>2</cat><percent>38.7</percent></prevalence><prevalence><age>69</age><sex>1</sex><cat>3</cat><percent>30.5</percent></prevalence><prevalence><age>70</age><sex>0</sex><cat>1</cat><percent>22.7</percent></prevalence><prevalence><age>70</age><sex>0</sex><cat>2</cat><percent>49.1</percent></prevalence><prevalence><age>70</age><sex>0</sex><cat>3</cat><percent>28.2</percent></prevalence><prevalence><age>70</age><sex>1</sex><cat>1</cat><percent>30.3</percent></prevalence><prevalence><age>70</age><sex>1</sex><cat>2</cat><percent>38.4</percent></prevalence><prevalence><age>70</age><sex>1</sex><cat>3</cat><percent>31.3</percent></prevalence><prevalence><age>71</age><sex>0</sex><cat>1</cat><percent>23.4</percent></prevalence><prevalence><age>71</age><sex>0</sex><cat>2</cat><percent>49.1</percent></prevalence><prevalence><age>71</age><sex>0</sex><cat>3</cat><percent>27.5</percent></prevalence><prevalence><age>71</age><sex>1</sex><cat>1</cat><percent>29.6</percent></prevalence><prevalence><age>71</age><sex>1</sex><cat>2</cat><percent>38.0</percent></prevalence><prevalence><age>71</age><sex>1</sex><cat>3</cat><percent>32.4</percent></prevalence><prevalence><age>72</age><sex>0</sex><cat>1</cat><percent>24.0</percent></prevalence><prevalence><age>72</age><sex>0</sex><cat>2</cat><percent>49.1</percent></prevalence><prevalence><age>72</age><sex>0</sex><cat>3</cat><percent>26.9</percent></prevalence><prevalence><age>72</age><sex>1</sex><cat>1</cat><percent>28.57</percent></prevalence><prevalence><age>72</age><sex>1</sex><cat>2</cat><percent>37.6</percent></prevalence><prevalence><age>72</age><sex>1</sex><cat>3</cat><percent>33.83</percent></prevalence><prevalence><age>73</age><sex>0</sex><cat>1</cat><percent>25.1</percent></prevalence><prevalence><age>73</age><sex>0</sex><cat>2</cat><percent>49.2</percent></prevalence><prevalence><age>73</age><sex>0</sex><cat>3</cat><percent>25.7</percent></prevalence><prevalence><age>73</age><sex>1</sex><cat>1</cat><percent>30.86</percent></prevalence><prevalence><age>73</age><sex>1</sex><cat>2</cat><percent>37.2</percent></prevalence><prevalence><age>73</age><sex>1</sex><cat>3</cat><percent>31.94</percent></prevalence><prevalence><age>74</age><sex>0</sex><cat>1</cat><percent>26.0</percent></prevalence><prevalence><age>74</age><sex>0</sex><cat>2</cat><percent>49.2</percent></prevalence><prevalence><age>74</age><sex>0</sex><cat>3</cat><percent>24.8</percent></prevalence><prevalence><age>74</age><sex>1</sex><cat>1</cat><percent>32.44</percent></prevalence><prevalence><age>74</age><sex>1</sex><cat>2</cat><percent>36.5</percent></prevalence><prevalence><age>74</age><sex>1</sex><cat>3</cat><percent>31.06</percent></prevalence><prevalence><age>75</age><sex>0</sex><cat>1</cat><percent>27.0</percent></prevalence><prevalence><age>75</age><sex>0</sex><cat>2</cat><percent>49.3</percent></prevalence><prevalence><age>75</age><sex>0</sex><cat>3</cat><percent>23.7</percent></prevalence><prevalence><age>75</age><sex>1</sex><cat>1</cat><percent>33.74</percent></prevalence><prevalence><age>75</age><sex>1</sex><cat>2</cat><percent>36.0</percent></prevalence><prevalence><age>75</age><sex>1</sex><cat>3</cat><percent>30.26</percent></prevalence><prevalence><age>76</age><sex>0</sex><cat>1</cat><percent>27.9</percent></prevalence><prevalence><age>76</age><sex>0</sex><cat>2</cat><percent>49.3</percent></prevalence><prevalence><age>76</age><sex>0</sex><cat>3</cat><percent>22.8</percent></prevalence><prevalence><age>76</age><sex>1</sex><cat>1</cat><percent>34.47</percent></prevalence><prevalence><age>76</age><sex>1</sex><cat>2</cat><percent>35.8</percent></prevalence><prevalence><age>76</age><sex>1</sex><cat>3</cat><percent>29.73</percent></prevalence><prevalence><age>77</age><sex>0</sex><cat>1</cat><percent>29.5</percent></prevalence><prevalence><age>77</age><sex>0</sex><cat>2</cat><percent>49.4</percent></prevalence><prevalence><age>77</age><sex>0</sex><cat>3</cat><percent>21.1</percent></prevalence><prevalence><age>77</age><sex>1</sex><cat>1</cat><percent>35.5</percent></prevalence><prevalence><age>77</age><sex>1</sex><cat>2</cat><percent>35.6</percent></prevalence><prevalence><age>77</age><sex>1</sex><cat>3</cat><percent>28.9</percent></prevalence><prevalence><age>78</age><sex>0</sex><cat>1</cat><percent>30.4</percent></prevalence><prevalence><age>78</age><sex>0</sex><cat>2</cat><percent>49.5</percent></prevalence><prevalence><age>78</age><sex>0</sex><cat>3</cat><percent>20.1</percent></prevalence><prevalence><age>78</age><sex>1</sex><cat>1</cat><percent>37.3</percent></prevalence><prevalence><age>78</age><sex>1</sex><cat>2</cat><percent>35.4</percent></prevalence><prevalence><age>78</age><sex>1</sex><cat>3</cat><percent>27.3</percent></prevalence><prevalence><age>79</age><sex>0</sex><cat>1</cat><percent>31.4</percent></prevalence><prevalence><age>79</age><sex>0</sex><cat>2</cat><percent>49.6</percent></prevalence><prevalence><age>79</age><sex>0</sex><cat>3</cat><percent>19.0</percent></prevalence><prevalence><age>79</age><sex>1</sex><cat>1</cat><percent>38.5</percent></prevalence><prevalence><age>79</age><sex>1</sex><cat>2</cat><percent>35.4</percent></prevalence><prevalence><age>79</age><sex>1</sex><cat>3</cat><percent>26.1</percent></prevalence><prevalence><age>80</age><sex>0</sex><cat>1</cat><percent>31.8</percent></prevalence><prevalence><age>80</age><sex>0</sex><cat>2</cat><percent>49.6</percent></prevalence><prevalence><age>80</age><sex>0</sex><cat>3</cat><percent>18.6</percent></prevalence><prevalence><age>80</age><sex>1</sex><cat>1</cat><percent>38.6</percent></prevalence><prevalence><age>80</age><sex>1</sex><cat>2</cat><percent>35.8</percent></prevalence><prevalence><age>80</age><sex>1</sex><cat>3</cat><percent>25.6</percent></prevalence><prevalence><age>81</age><sex>0</sex><cat>1</cat><percent>33.4</percent></prevalence><prevalence><age>81</age><sex>0</sex><cat>2</cat><percent>49.3</percent></prevalence><prevalence><age>81</age><sex>0</sex><cat>3</cat><percent>17.3</percent></prevalence><prevalence><age>81</age><sex>1</sex><cat>1</cat><percent>39.0</percent></prevalence><prevalence><age>81</age><sex>1</sex><cat>2</cat><percent>36.4</percent></prevalence><prevalence><age>81</age><sex>1</sex><cat>3</cat><percent>24.6</percent></prevalence><prevalence><age>82</age><sex>0</sex><cat>1</cat><percent>34.03</percent></prevalence><prevalence><age>82</age><sex>0</sex><cat>2</cat><percent>49.3</percent></prevalence><prevalence><age>82</age><sex>0</sex><cat>3</cat><percent>16.67</percent></prevalence><prevalence><age>82</age><sex>1</sex><cat>1</cat><percent>40.4</percent></prevalence><prevalence><age>82</age><sex>1</sex><cat>2</cat><percent>36.8</percent></prevalence><prevalence><age>82</age><sex>1</sex><cat>3</cat><percent>22.8</percent></prevalence><prevalence><age>83</age><sex>0</sex><cat>1</cat><percent>35.99</percent></prevalence><prevalence><age>83</age><sex>0</sex><cat>2</cat><percent>49.3</percent></prevalence><prevalence><age>83</age><sex>0</sex><cat>3</cat><percent>14.71</percent></prevalence><prevalence><age>83</age><sex>1</sex><cat>1</cat><percent>41.4</percent></prevalence><prevalence><age>83</age><sex>1</sex><cat>2</cat><percent>37.2</percent></prevalence><prevalence><age>83</age><sex>1</sex><cat>3</cat><percent>21.4</percent></prevalence><prevalence><age>84</age><sex>0</sex><cat>1</cat><percent>37.9</percent></prevalence><prevalence><age>84</age><sex>0</sex><cat>2</cat><percent>49.2</percent></prevalence><prevalence><age>84</age><sex>0</sex><cat>3</cat><percent>12.9</percent></prevalence><prevalence><age>84</age><sex>1</sex><cat>1</cat><percent>43.4</percent></prevalence><prevalence><age>84</age><sex>1</sex><cat>2</cat><percent>37.9</percent></prevalence><prevalence><age>84</age><sex>1</sex><cat>3</cat><percent>18.7</percent></prevalence><prevalence><age>85</age><sex>0</sex><cat>1</cat><percent>39.7</percent></prevalence><prevalence><age>85</age><sex>0</sex><cat>2</cat><percent>49.2</percent></prevalence><prevalence><age>85</age><sex>0</sex><cat>3</cat><percent>11.1</percent></prevalence><prevalence><age>85</age><sex>1</sex><cat>1</cat><percent>45.4</percent></prevalence><prevalence><age>85</age><sex>1</sex><cat>2</cat><percent>38.4</percent></prevalence><prevalence><age>85</age><sex>1</sex><cat>3</cat><percent>16.2</percent></prevalence><prevalence><age>86</age><sex>0</sex><cat>1</cat><percent>40.3</percent></prevalence><prevalence><age>86</age><sex>0</sex><cat>2</cat><percent>49.3</percent></prevalence><prevalence><age>86</age><sex>0</sex><cat>3</cat><percent>10.4</percent></prevalence><prevalence><age>86</age><sex>1</sex><cat>1</cat><percent>50.1</percent></prevalence><prevalence><age>86</age><sex>1</sex><cat>2</cat><percent>36.4</percent></prevalence><prevalence><age>86</age><sex>1</sex><cat>3</cat><percent>13.5</percent></prevalence><prevalence><age>87</age><sex>0</sex><cat>1</cat><percent>41.9</percent></prevalence><prevalence><age>87</age><sex>0</sex><cat>2</cat><percent>49.2</percent></prevalence><prevalence><age>87</age><sex>0</sex><cat>3</cat><percent>8.9</percent></prevalence><prevalence><age>87</age><sex>1</sex><cat>1</cat><percent>54.0</percent></prevalence><prevalence><age>87</age><sex>1</sex><cat>2</cat><percent>33.2</percent></prevalence><prevalence><age>87</age><sex>1</sex><cat>3</cat><percent>12.8</percent></prevalence><prevalence><age>88</age><sex>0</sex><cat>1</cat><percent>42.6</percent></prevalence><prevalence><age>88</age><sex>0</sex><cat>2</cat><percent>49.3</percent></prevalence><prevalence><age>88</age><sex>0</sex><cat>3</cat><percent>8.1</percent></prevalence><prevalence><age>88</age><sex>1</sex><cat>1</cat><percent>57.0</percent></prevalence><prevalence><age>88</age><sex>1</sex><cat>2</cat><percent>31.4</percent></prevalence><prevalence><age>88</age><sex>1</sex><cat>3</cat><percent>11.6</percent></prevalence><prevalence><age>89</age><sex>0</sex><cat>1</cat><percent>44.3</percent></prevalence><prevalence><age>89</age><sex>0</sex><cat>2</cat><percent>49.3</percent></prevalence><prevalence><age>89</age><sex>0</sex><cat>3</cat><percent>6.4</percent></prevalence><prevalence><age>89</age><sex>1</sex><cat>1</cat><percent>60.8</percent></prevalence><prevalence><age>89</age><sex>1</sex><cat>2</cat><percent>28.7</percent></prevalence><prevalence><age>89</age><sex>1</sex><cat>3</cat><percent>10.5</percent></prevalence><prevalence><age>90</age><sex>0</sex><cat>1</cat><percent>45.77</percent></prevalence><prevalence><age>90</age><sex>0</sex><cat>2</cat><percent>49.3</percent></prevalence><prevalence><age>90</age><sex>0</sex><cat>3</cat><percent>4.93</percent></prevalence><prevalence><age>90</age><sex>1</sex><cat>1</cat><percent>63.88</percent></prevalence><prevalence><age>90</age><sex>1</sex><cat>2</cat><percent>26.37</percent></prevalence><prevalence><age>90</age><sex>1</sex><cat>3</cat><percent>9.75</percent></prevalence><prevalence><age>91</age><sex>0</sex><cat>1</cat><percent>47.6</percent></prevalence><prevalence><age>91</age><sex>0</sex><cat>2</cat><percent>49.0</percent></prevalence><prevalence><age>91</age><sex>0</sex><cat>3</cat><percent>3.4</percent></prevalence><prevalence><age>91</age><sex>1</sex><cat>1</cat><percent>69.2</percent></prevalence><prevalence><age>91</age><sex>1</sex><cat>2</cat><percent>21.4</percent></prevalence><prevalence><age>91</age><sex>1</sex><cat>3</cat><percent>9.4</percent></prevalence><prevalence><age>92</age><sex>0</sex><cat>1</cat><percent>48.9</percent></prevalence><prevalence><age>92</age><sex>0</sex><cat>2</cat><percent>48.1</percent></prevalence><prevalence><age>92</age><sex>0</sex><cat>3</cat><percent>3.0</percent></prevalence><prevalence><age>92</age><sex>1</sex><cat>1</cat><percent>71.5</percent></prevalence><prevalence><age>92</age><sex>1</sex><cat>2</cat><percent>19.5</percent></prevalence><prevalence><age>92</age><sex>1</sex><cat>3</cat><percent>9.0</percent></prevalence><prevalence><age>93</age><sex>0</sex><cat>1</cat><percent>50.3</percent></prevalence><prevalence><age>93</age><sex>0</sex><cat>2</cat><percent>47.2</percent></prevalence><prevalence><age>93</age><sex>0</sex><cat>3</cat><percent>2.5</percent></prevalence><prevalence><age>93</age><sex>1</sex><cat>1</cat><percent>73.5</percent></prevalence><prevalence><age>93</age><sex>1</sex><cat>2</cat><percent>18.0</percent></prevalence><prevalence><age>93</age><sex>1</sex><cat>3</cat><percent>8.5</percent></prevalence><prevalence><age>94</age><sex>0</sex><cat>1</cat><percent>52.0</percent></prevalence><prevalence><age>94</age><sex>0</sex><cat>2</cat><percent>46.0</percent></prevalence><prevalence><age>94</age><sex>0</sex><cat>3</cat><percent>2.0</percent></prevalence><prevalence><age>94</age><sex>1</sex><cat>1</cat><percent>74.9</percent></prevalence><prevalence><age>94</age><sex>1</sex><cat>2</cat><percent>17.0</percent></prevalence><prevalence><age>94</age><sex>1</sex><cat>3</cat><percent>8.1</percent></prevalence><prevalence><age>95</age><sex>0</sex><cat>1</cat><percent>53.8</percent></prevalence><prevalence><age>95</age><sex>0</sex><cat>2</cat><percent>44.3</percent></prevalence><prevalence><age>95</age><sex>0</sex><cat>3</cat><percent>1.9</percent></prevalence><prevalence><age>95</age><sex>1</sex><cat>1</cat><percent>77.3</percent></prevalence><prevalence><age>95</age><sex>1</sex><cat>2</cat><percent>16.5</percent></prevalence><prevalence><age>95</age><sex>1</sex><cat>3</cat><percent>6.2</percent></prevalence></riskfactorprevalences_categorical>