<?xml version="1.0"?><diseaseincidences><incidence><age>0</age><sex>0</sex><value>0.0</value></incidence><incidence><age>0</age><sex>1</sex><value>0.0</value></incidence><incidence><age>1</age><sex>0</sex><value>0.0</value></incidence><incidence><age>1</age><sex>1</sex><value>0.0</value></incidence><incidence><age>2</age><sex>0</sex><value>0.0</value></incidence><incidence><age>2</age><sex>1</sex><value>0.0</value></incidence><incidence><age>3</age><sex>0</sex><value>0.0</value></incidence><incidence><age>3</age><sex>1</sex><value>0.0</value></incidence><incidence><age>4</age><sex>0</sex><value>0.0</value></incidence><incidence><age>4</age><sex>1</sex><value>0.0</value></incidence><incidence><age>5</age><sex>0</sex><value>0.0</value></incidence><incidence><age>5</age><sex>1</sex><value>0.0</value></incidence><incidence><age>6</age><sex>0</sex><value>0.0</value></incidence><incidence><age>6</age><sex>1</sex><value>0.0</value></incidence><incidence><age>7</age><sex>0</sex><value>0.0</value></incidence><incidence><age>7</age><sex>1</sex><value>0.0</value></incidence><incidence><age>8</age><sex>0</sex><value>0.0</value></incidence><incidence><age>8</age><sex>1</sex><value>0.0</value></incidence><incidence><age>9</age><sex>0</sex><value>0.0</value></incidence><incidence><age>9</age><sex>1</sex><value>0.0</value></incidence><incidence><age>10</age><sex>0</sex><value>0.0</value></incidence><incidence><age>10</age><sex>1</sex><value>0.0</value></incidence><incidence><age>11</age><sex>0</sex><value>0.0</value></incidence><incidence><age>11</age><sex>1</sex><value>0.0</value></incidence><incidence><age>12</age><sex>0</sex><value>0.0</value></incidence><incidence><age>12</age><sex>1</sex><value>0.0</value></incidence><incidence><age>13</age><sex>0</sex><value>0.0</value></incidence><incidence><age>13</age><sex>1</sex><value>0.0</value></incidence><incidence><age>14</age><sex>0</sex><value>0.0</value></incidence><incidence><age>14</age><sex>1</sex><value>0.0</value></incidence><incidence><age>15</age><sex>0</sex><value>0.0</value></incidence><incidence><age>15</age><sex>1</sex><value>2.6E-6</value></incidence><incidence><age>16</age><sex>0</sex><value>0.0</value></incidence><incidence><age>16</age><sex>1</sex><value>3.7E-6</value></incidence><incidence><age>17</age><sex>0</sex><value>0.0</value></incidence><incidence><age>17</age><sex>1</sex><value>5.0E-6</value></incidence><incidence><age>18</age><sex>0</sex><value>0.0</value></incidence><incidence><age>18</age><sex>1</sex><value>6.5E-6</value></incidence><incidence><age>19</age><sex>0</sex><value>0.0</value></incidence><incidence><age>19</age><sex>1</sex><value>8.7E-6</value></incidence><incidence><age>20</age><sex>0</sex><value>0.0</value></incidence><incidence><age>20</age><sex>1</sex><value>1.19E-5</value></incidence><incidence><age>21</age><sex>0</sex><value>0.0</value></incidence><incidence><age>21</age><sex>1</sex><value>1.67E-5</value></incidence><incidence><age>22</age><sex>0</sex><value>0.0</value></incidence><incidence><age>22</age><sex>1</sex><value>2.34E-5</value></incidence><incidence><age>23</age><sex>0</sex><value>0.0</value></incidence><incidence><age>23</age><sex>1</sex><value>3.26E-5</value></incidence><incidence><age>24</age><sex>0</sex><value>0.0</value></incidence><incidence><age>24</age><sex>1</sex><value>4.46E-5</value></incidence><incidence><age>25</age><sex>0</sex><value>0.0</value></incidence><incidence><age>25</age><sex>1</sex><value>6.01E-5</value></incidence><incidence><age>26</age><sex>0</sex><value>0.0</value></incidence><incidence><age>26</age><sex>1</sex><value>7.93E-5</value></incidence><incidence><age>27</age><sex>0</sex><value>0.0</value></incidence><incidence><age>27</age><sex>1</sex><value>1.03E-4</value></incidence><incidence><age>28</age><sex>0</sex><value>0.0</value></incidence><incidence><age>28</age><sex>1</sex><value>1.31E-4</value></incidence><incidence><age>29</age><sex>0</sex><value>0.0</value></incidence><incidence><age>29</age><sex>1</sex><value>1.65E-4</value></incidence><incidence><age>30</age><sex>0</sex><value>0.0</value></incidence><incidence><age>30</age><sex>1</sex><value>2.05E-4</value></incidence><incidence><age>31</age><sex>0</sex><value>0.0</value></incidence><incidence><age>31</age><sex>1</sex><value>2.51E-4</value></incidence><incidence><age>32</age><sex>0</sex><value>0.0</value></incidence><incidence><age>32</age><sex>1</sex><value>3.05E-4</value></incidence><incidence><age>33</age><sex>0</sex><value>0.0</value></incidence><incidence><age>33</age><sex>1</sex><value>3.67E-4</value></incidence><incidence><age>34</age><sex>0</sex><value>0.0</value></incidence><incidence><age>34</age><sex>1</sex><value>4.37E-4</value></incidence><incidence><age>35</age><sex>0</sex><value>0.0</value></incidence><incidence><age>35</age><sex>1</sex><value>5.16E-4</value></incidence><incidence><age>36</age><sex>0</sex><value>0.0</value></incidence><incidence><age>36</age><sex>1</sex><value>6.05E-4</value></incidence><incidence><age>37</age><sex>0</sex><value>0.0</value></incidence><incidence><age>37</age><sex>1</sex><value>7.02E-4</value></incidence><incidence><age>38</age><sex>0</sex><value>0.0</value></incidence><incidence><age>38</age><sex>1</sex><value>8.1E-4</value></incidence><incidence><age>39</age><sex>0</sex><value>0.0</value></incidence><incidence><age>39</age><sex>1</sex><value>9.27E-4</value></incidence><incidence><age>40</age><sex>0</sex><value>0.0</value></incidence><incidence><age>40</age><sex>1</sex><value>0.001053</value></incidence><incidence><age>41</age><sex>0</sex><value>0.0</value></incidence><incidence><age>41</age><sex>1</sex><value>0.001186</value></incidence><incidence><age>42</age><sex>0</sex><value>0.0</value></incidence><incidence><age>42</age><sex>1</sex><value>0.001328</value></incidence><incidence><age>43</age><sex>0</sex><value>0.0</value></incidence><incidence><age>43</age><sex>1</sex><value>0.001475</value></incidence><incidence><age>44</age><sex>0</sex><value>0.0</value></incidence><incidence><age>44</age><sex>1</sex><value>0.001628</value></incidence><incidence><age>45</age><sex>0</sex><value>0.0</value></incidence><incidence><age>45</age><sex>1</sex><value>0.001783</value></incidence><incidence><age>46</age><sex>0</sex><value>0.0</value></incidence><incidence><age>46</age><sex>1</sex><value>0.001938</value></incidence><incidence><age>47</age><sex>0</sex><value>0.0</value></incidence><incidence><age>47</age><sex>1</sex><value>0.002092</value></incidence><incidence><age>48</age><sex>0</sex><value>0.0</value></incidence><incidence><age>48</age><sex>1</sex><value>0.002241</value></incidence><incidence><age>49</age><sex>0</sex><value>0.0</value></incidence><incidence><age>49</age><sex>1</sex><value>0.00238</value></incidence><incidence><age>50</age><sex>0</sex><value>0.0</value></incidence><incidence><age>50</age><sex>1</sex><value>0.002503</value></incidence><incidence><age>51</age><sex>0</sex><value>0.0</value></incidence><incidence><age>51</age><sex>1</sex><value>0.002606</value></incidence><incidence><age>52</age><sex>0</sex><value>0.0</value></incidence><incidence><age>52</age><sex>1</sex><value>0.002681</value></incidence><incidence><age>53</age><sex>0</sex><value>0.0</value></incidence><incidence><age>53</age><sex>1</sex><value>0.002727</value></incidence><incidence><age>54</age><sex>0</sex><value>0.0</value></incidence><incidence><age>54</age><sex>1</sex><value>0.002751</value></incidence><incidence><age>55</age><sex>0</sex><value>0.0</value></incidence><incidence><age>55</age><sex>1</sex><value>0.002764</value></incidence><incidence><age>56</age><sex>0</sex><value>0.0</value></incidence><incidence><age>56</age><sex>1</sex><value>0.002775</value></incidence><incidence><age>57</age><sex>0</sex><value>0.0</value></incidence><incidence><age>57</age><sex>1</sex><value>0.002797</value></incidence><incidence><age>58</age><sex>0</sex><value>0.0</value></incidence><incidence><age>58</age><sex>1</sex><value>0.002835</value></incidence><incidence><age>59</age><sex>0</sex><value>0.0</value></incidence><incidence><age>59</age><sex>1</sex><value>0.002888</value></incidence><incidence><age>60</age><sex>0</sex><value>0.0</value></incidence><incidence><age>60</age><sex>1</sex><value>0.002947</value></incidence><incidence><age>61</age><sex>0</sex><value>0.0</value></incidence><incidence><age>61</age><sex>1</sex><value>0.003006</value></incidence><incidence><age>62</age><sex>0</sex><value>0.0</value></incidence><incidence><age>62</age><sex>1</sex><value>0.003058</value></incidence><incidence><age>63</age><sex>0</sex><value>0.0</value></incidence><incidence><age>63</age><sex>1</sex><value>0.003099</value></incidence><incidence><age>64</age><sex>0</sex><value>0.0</value></incidence><incidence><age>64</age><sex>1</sex><value>0.003136</value></incidence><incidence><age>65</age><sex>0</sex><value>0.0</value></incidence><incidence><age>65</age><sex>1</sex><value>0.003176</value></incidence><incidence><age>66</age><sex>0</sex><value>0.0</value></incidence><incidence><age>66</age><sex>1</sex><value>0.003229</value></incidence><incidence><age>67</age><sex>0</sex><value>0.0</value></incidence><incidence><age>67</age><sex>1</sex><value>0.003304</value></incidence><incidence><age>68</age><sex>0</sex><value>0.0</value></incidence><incidence><age>68</age><sex>1</sex><value>0.003405</value></incidence><incidence><age>69</age><sex>0</sex><value>0.0</value></incidence><incidence><age>69</age><sex>1</sex><value>0.00352</value></incidence><incidence><age>70</age><sex>0</sex><value>0.0</value></incidence><incidence><age>70</age><sex>1</sex><value>0.003634</value></incidence><incidence><age>71</age><sex>0</sex><value>0.0</value></incidence><incidence><age>71</age><sex>1</sex><value>0.00373</value></incidence><incidence><age>72</age><sex>0</sex><value>0.0</value></incidence><incidence><age>72</age><sex>1</sex><value>0.003792</value></incidence><incidence><age>73</age><sex>0</sex><value>0.0</value></incidence><incidence><age>73</age><sex>1</sex><value>0.003811</value></incidence><incidence><age>74</age><sex>0</sex><value>0.0</value></incidence><incidence><age>74</age><sex>1</sex><value>0.003796</value></incidence><incidence><age>75</age><sex>0</sex><value>0.0</value></incidence><incidence><age>75</age><sex>1</sex><value>0.003764</value></incidence><incidence><age>76</age><sex>0</sex><value>0.0</value></incidence><incidence><age>76</age><sex>1</sex><value>0.003729</value></incidence><incidence><age>77</age><sex>0</sex><value>0.0</value></incidence><incidence><age>77</age><sex>1</sex><value>0.00371</value></incidence><incidence><age>78</age><sex>0</sex><value>0.0</value></incidence><incidence><age>78</age><sex>1</sex><value>0.003715</value></incidence><incidence><age>79</age><sex>0</sex><value>0.0</value></incidence><incidence><age>79</age><sex>1</sex><value>0.003739</value></incidence><incidence><age>80</age><sex>0</sex><value>0.0</value></incidence><incidence><age>80</age><sex>1</sex><value>0.003766</value></incidence><incidence><age>81</age><sex>0</sex><value>0.0</value></incidence><incidence><age>81</age><sex>1</sex><value>0.003785</value></incidence><incidence><age>82</age><sex>0</sex><value>0.0</value></incidence><incidence><age>82</age><sex>1</sex><value>0.003783</value></incidence><incidence><age>83</age><sex>0</sex><value>0.0</value></incidence><incidence><age>83</age><sex>1</sex><value>0.003751</value></incidence><incidence><age>84</age><sex>0</sex><value>0.0</value></incidence><incidence><age>84</age><sex>1</sex><value>0.003696</value></incidence><incidence><age>85</age><sex>0</sex><value>0.0</value></incidence><incidence><age>85</age><sex>1</sex><value>0.003629</value></incidence><incidence><age>86</age><sex>0</sex><value>0.0</value></incidence><incidence><age>86</age><sex>1</sex><value>0.003563</value></incidence><incidence><age>87</age><sex>0</sex><value>0.0</value></incidence><incidence><age>87</age><sex>1</sex><value>0.003508</value></incidence><incidence><age>88</age><sex>0</sex><value>0.0</value></incidence><incidence><age>88</age><sex>1</sex><value>0.003472</value></incidence><incidence><age>89</age><sex>0</sex><value>0.0</value></incidence><incidence><age>89</age><sex>1</sex><value>0.003455</value></incidence><incidence><age>90</age><sex>0</sex><value>0.0</value></incidence><incidence><age>90</age><sex>1</sex><value>0.00345</value></incidence><incidence><age>91</age><sex>0</sex><value>0.0</value></incidence><incidence><age>91</age><sex>1</sex><value>0.003454</value></incidence><incidence><age>92</age><sex>0</sex><value>0.0</value></incidence><incidence><age>92</age><sex>1</sex><value>0.00346</value></incidence><incidence><age>93</age><sex>0</sex><value>0.0</value></incidence><incidence><age>93</age><sex>1</sex><value>0.003466</value></incidence><incidence><age>94</age><sex>0</sex><value>0.0</value></incidence><incidence><age>94</age><sex>1</sex><value>0.003469</value></incidence><incidence><age>95</age><sex>0</sex><value>0.0</value></incidence><incidence><age>95</age><sex>1</sex><value>0.003469</value></incidence></diseaseincidences>