<?xml version="1.0"?><overalldisability><weight><age>0</age><sex>0</sex><percent>3.521593</percent></weight><weight><age>0</age><sex>1</sex><percent>3.139998</percent></weight><weight><age>1</age><sex>0</sex><percent>3.569148</percent></weight><weight><age>1</age><sex>1</sex><percent>3.23264</percent></weight><weight><age>2</age><sex>0</sex><percent>3.617322</percent></weight><weight><age>2</age><sex>1</sex><percent>3.327922</percent></weight><weight><age>3</age><sex>0</sex><percent>3.666121</percent></weight><weight><age>3</age><sex>1</sex><percent>3.425912</percent></weight><weight><age>4</age><sex>0</sex><percent>3.715553</percent></weight><weight><age>4</age><sex>1</sex><percent>3.526682</percent></weight><weight><age>5</age><sex>0</sex><percent>3.765634</percent></weight><weight><age>5</age><sex>1</sex><percent>3.630265</percent></weight><weight><age>6</age><sex>0</sex><percent>3.816398</percent></weight><weight><age>6</age><sex>1</sex><percent>3.7366</percent></weight><weight><age>7</age><sex>0</sex><percent>3.867886</percent></weight><weight><age>7</age><sex>1</sex><percent>3.845602</percent></weight><weight><age>8</age><sex>0</sex><percent>3.920137</percent></weight><weight><age>8</age><sex>1</sex><percent>3.957167</percent></weight><weight><age>9</age><sex>0</sex><percent>3.973194</percent></weight><weight><age>9</age><sex>1</sex><percent>4.071178</percent></weight><weight><age>10</age><sex>0</sex><percent>4.027101</percent></weight><weight><age>10</age><sex>1</sex><percent>4.187499</percent></weight><weight><age>11</age><sex>0</sex><percent>4.081904</percent></weight><weight><age>11</age><sex>1</sex><percent>4.305976</percent></weight><weight><age>12</age><sex>0</sex><percent>4.137652</percent></weight><weight><age>12</age><sex>1</sex><percent>4.426435</percent></weight><weight><age>13</age><sex>0</sex><percent>4.194393</percent></weight><weight><age>13</age><sex>1</sex><percent>4.548684</percent></weight><weight><age>14</age><sex>0</sex><percent>4.25218</percent></weight><weight><age>14</age><sex>1</sex><percent>4.67251</percent></weight><weight><age>15</age><sex>0</sex><percent>4.311066</percent></weight><weight><age>15</age><sex>1</sex><percent>4.79768</percent></weight><weight><age>16</age><sex>0</sex><percent>4.371109</percent></weight><weight><age>16</age><sex>1</sex><percent>4.923939</percent></weight><weight><age>17</age><sex>0</sex><percent>4.432366</percent></weight><weight><age>17</age><sex>1</sex><percent>5.051011</percent></weight><weight><age>18</age><sex>0</sex><percent>4.494898</percent></weight><weight><age>18</age><sex>1</sex><percent>5.1786</percent></weight><weight><age>19</age><sex>0</sex><percent>4.558769</percent></weight><weight><age>19</age><sex>1</sex><percent>5.306385</percent></weight><weight><age>20</age><sex>0</sex><percent>4.624045</percent></weight><weight><age>20</age><sex>1</sex><percent>5.434028</percent></weight><weight><age>21</age><sex>0</sex><percent>4.690793</percent></weight><weight><age>21</age><sex>1</sex><percent>5.561168</percent></weight><weight><age>22</age><sex>0</sex><percent>4.759085</percent></weight><weight><age>22</age><sex>1</sex><percent>5.687425</percent></weight><weight><age>23</age><sex>0</sex><percent>4.828997</percent></weight><weight><age>23</age><sex>1</sex><percent>5.812397</percent></weight><weight><age>24</age><sex>0</sex><percent>4.900604</percent></weight><weight><age>24</age><sex>1</sex><percent>5.935668</percent></weight><weight><age>25</age><sex>0</sex><percent>4.973988</percent></weight><weight><age>25</age><sex>1</sex><percent>6.056801</percent></weight><weight><age>26</age><sex>0</sex><percent>5.049232</percent></weight><weight><age>26</age><sex>1</sex><percent>6.175345</percent></weight><weight><age>27</age><sex>0</sex><percent>5.126532</percent></weight><weight><age>27</age><sex>1</sex><percent>6.291104</percent></weight><weight><age>28</age><sex>0</sex><percent>5.206416</percent></weight><weight><age>28</age><sex>1</sex><percent>6.404701</percent></weight><weight><age>29</age><sex>0</sex><percent>5.289503</percent></weight><weight><age>29</age><sex>1</sex><percent>6.516972</percent></weight><weight><age>30</age><sex>0</sex><percent>5.37645</percent></weight><weight><age>30</age><sex>1</sex><percent>6.628818</percent></weight><weight><age>31</age><sex>0</sex><percent>5.467951</percent></weight><weight><age>31</age><sex>1</sex><percent>6.741204</percent></weight><weight><age>32</age><sex>0</sex><percent>5.564746</percent></weight><weight><age>32</age><sex>1</sex><percent>6.85516</percent></weight><weight><age>33</age><sex>0</sex><percent>5.667623</percent></weight><weight><age>33</age><sex>1</sex><percent>6.971781</percent></weight><weight><age>34</age><sex>0</sex><percent>5.777425</percent></weight><weight><age>34</age><sex>1</sex><percent>7.092232</percent></weight><weight><age>35</age><sex>0</sex><percent>5.895057</percent></weight><weight><age>35</age><sex>1</sex><percent>7.217747</percent></weight><weight><age>36</age><sex>0</sex><percent>6.021495</percent></weight><weight><age>36</age><sex>1</sex><percent>7.34964</percent></weight><weight><age>37</age><sex>0</sex><percent>6.157791</percent></weight><weight><age>37</age><sex>1</sex><percent>7.489312</percent></weight><weight><age>38</age><sex>0</sex><percent>6.305091</percent></weight><weight><age>38</age><sex>1</sex><percent>7.638261</percent></weight><weight><age>39</age><sex>0</sex><percent>6.464641</percent></weight><weight><age>39</age><sex>1</sex><percent>7.798091</percent></weight><weight><age>40</age><sex>0</sex><percent>6.637801</percent></weight><weight><age>40</age><sex>1</sex><percent>7.970534</percent></weight><weight><age>41</age><sex>0</sex><percent>6.826066</percent></weight><weight><age>41</age><sex>1</sex><percent>8.157461</percent></weight><weight><age>42</age><sex>0</sex><percent>7.031077</percent></weight><weight><age>42</age><sex>1</sex><percent>8.360909</percent></weight><weight><age>43</age><sex>0</sex><percent>7.254646</percent></weight><weight><age>43</age><sex>1</sex><percent>8.583101</percent></weight><weight><age>44</age><sex>0</sex><percent>7.498777</percent></weight><weight><age>44</age><sex>1</sex><percent>8.826474</percent></weight><weight><age>45</age><sex>0</sex><percent>7.765692</percent></weight><weight><age>45</age><sex>1</sex><percent>9.093716</percent></weight><weight><age>46</age><sex>0</sex><percent>8.057857</percent></weight><weight><age>46</age><sex>1</sex><percent>9.3878</percent></weight><weight><age>47</age><sex>0</sex><percent>8.378019</percent></weight><weight><age>47</age><sex>1</sex><percent>9.712025</percent></weight><weight><age>48</age><sex>0</sex><percent>8.729184</percent></weight><weight><age>48</age><sex>1</sex><percent>10.06999</percent></weight><weight><age>49</age><sex>0</sex><percent>9.113348</percent></weight><weight><age>49</age><sex>1</sex><percent>10.463881</percent></weight><weight><age>50</age><sex>0</sex><percent>9.531263</percent></weight><weight><age>50</age><sex>1</sex><percent>10.894196</percent></weight><weight><age>51</age><sex>0</sex><percent>9.983542</percent></weight><weight><age>51</age><sex>1</sex><percent>11.361276</percent></weight><weight><age>52</age><sex>0</sex><percent>10.470669</percent></weight><weight><age>52</age><sex>1</sex><percent>11.865328</percent></weight><weight><age>53</age><sex>0</sex><percent>10.992946</percent></weight><weight><age>53</age><sex>1</sex><percent>12.406377</percent></weight><weight><age>54</age><sex>0</sex><percent>11.550452</percent></weight><weight><age>54</age><sex>1</sex><percent>12.984208</percent></weight><weight><age>55</age><sex>0</sex><percent>12.142981</percent></weight><weight><age>55</age><sex>1</sex><percent>13.598316</percent></weight><weight><age>56</age><sex>0</sex><percent>12.769999</percent></weight><weight><age>56</age><sex>1</sex><percent>14.247847</percent></weight><weight><age>57</age><sex>0</sex><percent>13.430586</percent></weight><weight><age>57</age><sex>1</sex><percent>14.931555</percent></weight><weight><age>58</age><sex>0</sex><percent>14.123393</percent></weight><weight><age>58</age><sex>1</sex><percent>15.647747</percent></weight><weight><age>59</age><sex>0</sex><percent>14.846594</percent></weight><weight><age>59</age><sex>1</sex><percent>16.394241</percent></weight><weight><age>60</age><sex>0</sex><percent>15.597847</percent></weight><weight><age>60</age><sex>1</sex><percent>17.168335</percent></weight><weight><age>61</age><sex>0</sex><percent>16.37427</percent></weight><weight><age>61</age><sex>1</sex><percent>17.966776</percent></weight><weight><age>62</age><sex>0</sex><percent>17.172407</percent></weight><weight><age>62</age><sex>1</sex><percent>18.78574</percent></weight><weight><age>63</age><sex>0</sex><percent>17.988232</percent></weight><weight><age>63</age><sex>1</sex><percent>19.620832</percent></weight><weight><age>64</age><sex>0</sex><percent>18.81714</percent></weight><weight><age>64</age><sex>1</sex><percent>20.467096</percent></weight><weight><age>65</age><sex>0</sex><percent>19.65397</percent></weight><weight><age>65</age><sex>1</sex><percent>21.319023</percent></weight><weight><age>66</age><sex>0</sex><percent>20.493027</percent></weight><weight><age>66</age><sex>1</sex><percent>22.170597</percent></weight><weight><age>67</age><sex>0</sex><percent>21.32812</percent></weight><weight><age>67</age><sex>1</sex><percent>23.015331</percent></weight><weight><age>68</age><sex>0</sex><percent>22.152622</percent></weight><weight><age>68</age><sex>1</sex><percent>23.846327</percent></weight><weight><age>69</age><sex>0</sex><percent>22.959524</percent></weight><weight><age>69</age><sex>1</sex><percent>24.656338</percent></weight><weight><age>70</age><sex>0</sex><percent>23.742277</percent></weight><weight><age>70</age><sex>1</sex><percent>25.438662</percent></weight><weight><age>71</age><sex>0</sex><percent>24.498384</percent></weight><weight><age>71</age><sex>1</sex><percent>26.19095</percent></weight><weight><age>72</age><sex>0</sex><percent>25.227032</percent></weight><weight><age>72</age><sex>1</sex><percent>26.912642</percent></weight><weight><age>73</age><sex>0</sex><percent>25.927742</percent></weight><weight><age>73</age><sex>1</sex><percent>27.603506</percent></weight><weight><age>74</age><sex>0</sex><percent>26.60036</percent></weight><weight><age>74</age><sex>1</sex><percent>28.263634</percent></weight><weight><age>75</age><sex>0</sex><percent>27.245028</percent></weight><weight><age>75</age><sex>1</sex><percent>28.893394</percent></weight><weight><age>76</age><sex>0</sex><percent>27.862162</percent></weight><weight><age>76</age><sex>1</sex><percent>29.493431</percent></weight><weight><age>77</age><sex>0</sex><percent>28.452435</percent></weight><weight><age>77</age><sex>1</sex><percent>30.064627</percent></weight><weight><age>78</age><sex>0</sex><percent>29.016747</percent></weight><weight><age>78</age><sex>1</sex><percent>30.608072</percent></weight><weight><age>79</age><sex>0</sex><percent>29.556211</percent></weight><weight><age>79</age><sex>1</sex><percent>31.125067</percent></weight><weight><age>80</age><sex>0</sex><percent>30.07213</percent></weight><weight><age>80</age><sex>1</sex><percent>31.617075</percent></weight><weight><age>81</age><sex>0</sex><percent>30.56598</percent></weight><weight><age>81</age><sex>1</sex><percent>32.085724</percent></weight><weight><age>82</age><sex>0</sex><percent>31.039385</percent></weight><weight><age>82</age><sex>1</sex><percent>32.532776</percent></weight><weight><age>83</age><sex>0</sex><percent>31.49411</percent></weight><weight><age>83</age><sex>1</sex><percent>32.960117</percent></weight><weight><age>84</age><sex>0</sex><percent>31.932043</percent></weight><weight><age>84</age><sex>1</sex><percent>33.369743</percent></weight><weight><age>85</age><sex>0</sex><percent>32.35518</percent></weight><weight><age>85</age><sex>1</sex><percent>33.763744</percent></weight><weight><age>86</age><sex>0</sex><percent>32.765614</percent></weight><weight><age>86</age><sex>1</sex><percent>34.1443</percent></weight><weight><age>87</age><sex>0</sex><percent>33.16553</percent></weight><weight><age>87</age><sex>1</sex><percent>34.51366</percent></weight><weight><age>88</age><sex>0</sex><percent>33.557194</percent></weight><weight><age>88</age><sex>1</sex><percent>34.87415</percent></weight><weight><age>89</age><sex>0</sex><percent>33.942932</percent></weight><weight><age>89</age><sex>1</sex><percent>35.22815</percent></weight><weight><age>90</age><sex>0</sex><percent>34.325146</percent></weight><weight><age>90</age><sex>1</sex><percent>35.5781</percent></weight><weight><age>91</age><sex>0</sex><percent>34.7063</percent></weight><weight><age>91</age><sex>1</sex><percent>35.92648</percent></weight><weight><age>92</age><sex>0</sex><percent>35.088676</percent></weight><weight><age>92</age><sex>1</sex><percent>36.275608</percent></weight><weight><age>93</age><sex>0</sex><percent>35.472977</percent></weight><weight><age>93</age><sex>1</sex><percent>36.626186</percent></weight><weight><age>94</age><sex>0</sex><percent>35.859158</percent></weight><weight><age>94</age><sex>1</sex><percent>36.978188</percent></weight><weight><age>95</age><sex>0</sex><percent>36.247185</percent></weight><weight><age>95</age><sex>1</sex><percent>37.331577</percent></weight></overalldisability>