<?xml version="1.0"?>
<populationsize>
<size>
<age>0</age>
<sex>0</sex>
<number>4242</number>
</size>

<size>
<age>0</age>
<sex>1</sex>
<number>4043</number>
</size>

<size>
<age>1</age>
<sex>0</sex>
<number>4145</number>
</size>

<size>
<age>1</age>
<sex>1</sex>
<number>3911</number>
</size>

<size>
<age>2</age>
<sex>0</sex>
<number>4103</number>
</size>

<size>
<age>2</age>
<sex>1</sex>
<number>3746</number>
</size>

<size>
<age>3</age>
<sex>0</sex>
<number>4260</number>
</size>

<size>
<age>3</age>
<sex>1</sex>
<number>4126</number>
</size>

<size>
<age>4</age>
<sex>0</sex>
<number>4399</number>
</size>

<size>
<age>4</age>
<sex>1</sex>
<number>4129</number>
</size>

<size>
<age>5</age>
<sex>0</sex>
<number>4297</number>
</size>

<size>
<age>5</age>
<sex>1</sex>
<number>4270</number>
</size>

<size>
<age>6</age>
<sex>0</sex>
<number>4703</number>
</size>

<size>
<age>6</age>
<sex>1</sex>
<number>4409</number>
</size>

<size>
<age>7</age>
<sex>0</sex>
<number>4791</number>
</size>

<size>
<age>7</age>
<sex>1</sex>
<number>4721</number>
</size>

<size>
<age>8</age>
<sex>0</sex>
<number>5180</number>
</size>

<size>
<age>8</age>
<sex>1</sex>
<number>4890</number>
</size>

<size>
<age>9</age>
<sex>0</sex>
<number>5358</number>
</size>

<size>
<age>9</age>
<sex>1</sex>
<number>4943</number>
</size>

<size>
<age>10</age>
<sex>0</sex>
<number>5488</number>
</size>

<size>
<age>10</age>
<sex>1</sex>
<number>5240</number>
</size>

<size>
<age>11</age>
<sex>0</sex>
<number>5633</number>
</size>

<size>
<age>11</age>
<sex>1</sex>
<number>5370</number>
</size>

<size>
<age>12</age>
<sex>0</sex>
<number>5860</number>
</size>

<size>
<age>12</age>
<sex>1</sex>
<number>5721</number>
</size>

<size>
<age>13</age>
<sex>0</sex>
<number>5678</number>
</size>

<size>
<age>13</age>
<sex>1</sex>
<number>5166</number>
</size>

<size>
<age>14</age>
<sex>0</sex>
<number>5591</number>
</size>

<size>
<age>14</age>
<sex>1</sex>
<number>5364</number>
</size>

<size>
<age>15</age>
<sex>0</sex>
<number>5608</number>
</size>

<size>
<age>15</age>
<sex>1</sex>
<number>5155</number>
</size>

<size>
<age>16</age>
<sex>0</sex>
<number>5805</number>
</size>

<size>
<age>16</age>
<sex>1</sex>
<number>5602</number>
</size>

<size>
<age>17</age>
<sex>0</sex>
<number>5607</number>
</size>

<size>
<age>17</age>
<sex>1</sex>
<number>5438</number>
</size>

<size>
<age>18</age>
<sex>0</sex>
<number>5880</number>
</size>

<size>
<age>18</age>
<sex>1</sex>
<number>5767</number>
</size>

<size>
<age>19</age>
<sex>0</sex>
<number>6132</number>
</size>

<size>
<age>19</age>
<sex>1</sex>
<number>5679</number>
</size>

<size>
<age>20</age>
<sex>0</sex>
<number>6161</number>
</size>

<size>
<age>20</age>
<sex>1</sex>
<number>6155</number>
</size>

<size>
<age>21</age>
<sex>0</sex>
<number>6447</number>
</size>

<size>
<age>21</age>
<sex>1</sex>
<number>6117</number>
</size>

<size>
<age>22</age>
<sex>0</sex>
<number>6263</number>
</size>

<size>
<age>22</age>
<sex>1</sex>
<number>5837</number>
</size>

<size>
<age>23</age>
<sex>0</sex>
<number>6491</number>
</size>

<size>
<age>23</age>
<sex>1</sex>
<number>6192</number>
</size>

<size>
<age>24</age>
<sex>0</sex>
<number>6623</number>
</size>

<size>
<age>24</age>
<sex>1</sex>
<number>6081</number>
</size>

<size>
<age>25</age>
<sex>0</sex>
<number>5879</number>
</size>

<size>
<age>25</age>
<sex>1</sex>
<number>6033</number>
</size>

<size>
<age>26</age>
<sex>0</sex>
<number>5957</number>
</size>

<size>
<age>26</age>
<sex>1</sex>
<number>5785</number>
</size>

<size>
<age>27</age>
<sex>0</sex>
<number>6047</number>
</size>

<size>
<age>27</age>
<sex>1</sex>
<number>5402</number>
</size>

<size>
<age>28</age>
<sex>0</sex>
<number>5623</number>
</size>

<size>
<age>28</age>
<sex>1</sex>
<number>5701</number>
</size>

<size>
<age>29</age>
<sex>0</sex>
<number>4964</number>
</size>

<size>
<age>29</age>
<sex>1</sex>
<number>5285</number>
</size>

<size>
<age>30</age>
<sex>0</sex>
<number>5328</number>
</size>

<size>
<age>30</age>
<sex>1</sex>
<number>5757</number>
</size>

<size>
<age>31</age>
<sex>0</sex>
<number>5733</number>
</size>

<size>
<age>31</age>
<sex>1</sex>
<number>5789</number>
</size>

<size>
<age>32</age>
<sex>0</sex>
<number>5745</number>
</size>

<size>
<age>32</age>
<sex>1</sex>
<number>5738</number>
</size>

<size>
<age>33</age>
<sex>0</sex>
<number>5082</number>
</size>

<size>
<age>33</age>
<sex>1</sex>
<number>5476</number>
</size>

<size>
<age>34</age>
<sex>0</sex>
<number>5184</number>
</size>

<size>
<age>34</age>
<sex>1</sex>
<number>5283</number>
</size>

<size>
<age>35</age>
<sex>0</sex>
<number>5070</number>
</size>

<size>
<age>35</age>
<sex>1</sex>
<number>5432</number>
</size>

<size>
<age>36</age>
<sex>0</sex>
<number>5060</number>
</size>

<size>
<age>36</age>
<sex>1</sex>
<number>5603</number>
</size>

<size>
<age>37</age>
<sex>0</sex>
<number>5071</number>
</size>

<size>
<age>37</age>
<sex>1</sex>
<number>5735</number>
</size>

<size>
<age>38</age>
<sex>0</sex>
<number>5136</number>
</size>

<size>
<age>38</age>
<sex>1</sex>
<number>5626</number>
</size>

<size>
<age>39</age>
<sex>0</sex>
<number>5425</number>
</size>

<size>
<age>39</age>
<sex>1</sex>
<number>5740</number>
</size>

<size>
<age>40</age>
<sex>0</sex>
<number>5472</number>
</size>

<size>
<age>40</age>
<sex>1</sex>
<number>5743</number>
</size>

<size>
<age>41</age>
<sex>0</sex>
<number>5443</number>
</size>

<size>
<age>41</age>
<sex>1</sex>
<number>5678</number>
</size>

<size>
<age>42</age>
<sex>0</sex>
<number>5556</number>
</size>

<size>
<age>42</age>
<sex>1</sex>
<number>5740</number>
</size>

<size>
<age>43</age>
<sex>0</sex>
<number>5540</number>
</size>

<size>
<age>43</age>
<sex>1</sex>
<number>5713</number>
</size>

<size>
<age>44</age>
<sex>0</sex>
<number>5561</number>
</size>

<size>
<age>44</age>
<sex>1</sex>
<number>5698</number>
</size>

<size>
<age>45</age>
<sex>0</sex>
<number>5570</number>
</size>

<size>
<age>45</age>
<sex>1</sex>
<number>5743</number>
</size>

<size>
<age>46</age>
<sex>0</sex>
<number>5367</number>
</size>

<size>
<age>46</age>
<sex>1</sex>
<number>5637</number>
</size>

<size>
<age>47</age>
<sex>0</sex>
<number>5102</number>
</size>

<size>
<age>47</age>
<sex>1</sex>
<number>5401</number>
</size>

<size>
<age>48</age>
<sex>0</sex>
<number>4938</number>
</size>

<size>
<age>48</age>
<sex>1</sex>
<number>5280</number>
</size>

<size>
<age>49</age>
<sex>0</sex>
<number>4849</number>
</size>

<size>
<age>49</age>
<sex>1</sex>
<number>4977</number>
</size>

<size>
<age>50</age>
<sex>0</sex>
<number>4637</number>
</size>

<size>
<age>50</age>
<sex>1</sex>
<number>4956</number>
</size>

<size>
<age>51</age>
<sex>0</sex>
<number>4649</number>
</size>

<size>
<age>51</age>
<sex>1</sex>
<number>4726</number>
</size>

<size>
<age>52</age>
<sex>0</sex>
<number>4609</number>
</size>

<size>
<age>52</age>
<sex>1</sex>
<number>4773</number>
</size>

<size>
<age>53</age>
<sex>0</sex>
<number>4679</number>
</size>

<size>
<age>53</age>
<sex>1</sex>
<number>4674</number>
</size>

<size>
<age>54</age>
<sex>0</sex>
<number>4532</number>
</size>

<size>
<age>54</age>
<sex>1</sex>
<number>4725</number>
</size>

<size>
<age>55</age>
<sex>0</sex>
<number>4472</number>
</size>

<size>
<age>55</age>
<sex>1</sex>
<number>4658</number>
</size>

<size>
<age>56</age>
<sex>0</sex>
<number>4212</number>
</size>

<size>
<age>56</age>
<sex>1</sex>
<number>4412</number>
</size>

<size>
<age>57</age>
<sex>0</sex>
<number>4064</number>
</size>

<size>
<age>57</age>
<sex>1</sex>
<number>4299</number>
</size>

<size>
<age>58</age>
<sex>0</sex>
<number>3836</number>
</size>

<size>
<age>58</age>
<sex>1</sex>
<number>3984</number>
</size>

<size>
<age>59</age>
<sex>0</sex>
<number>3569</number>
</size>

<size>
<age>59</age>
<sex>1</sex>
<number>3830</number>
</size>

<size>
<age>60</age>
<sex>0</sex>
<number>3438</number>
</size>

<size>
<age>60</age>
<sex>1</sex>
<number>3662</number>
</size>

<size>
<age>61</age>
<sex>0</sex>
<number>3280</number>
</size>

<size>
<age>61</age>
<sex>1</sex>
<number>3571</number>
</size>

<size>
<age>62</age>
<sex>0</sex>
<number>3291</number>
</size>

<size>
<age>62</age>
<sex>1</sex>
<number>3461</number>
</size>

<size>
<age>63</age>
<sex>0</sex>
<number>3234</number>
</size>

<size>
<age>63</age>
<sex>1</sex>
<number>3478</number>
</size>

<size>
<age>64</age>
<sex>0</sex>
<number>3170</number>
</size>

<size>
<age>64</age>
<sex>1</sex>
<number>3379</number>
</size>

<size>
<age>65</age>
<sex>0</sex>
<number>3136</number>
</size>

<size>
<age>65</age>
<sex>1</sex>
<number>3285</number>
</size>

<size>
<age>66</age>
<sex>0</sex>
<number>2977</number>
</size>

<size>
<age>66</age>
<sex>1</sex>
<number>3178</number>
</size>

<size>
<age>67</age>
<sex>0</sex>
<number>2810</number>
</size>

<size>
<age>67</age>
<sex>1</sex>
<number>3062</number>
</size>

<size>
<age>68</age>
<sex>0</sex>
<number>2576</number>
</size>

<size>
<age>68</age>
<sex>1</sex>
<number>2919</number>
</size>

<size>
<age>69</age>
<sex>0</sex>
<number>2462</number>
</size>

<size>
<age>69</age>
<sex>1</sex>
<number>2800</number>
</size>

<size>
<age>70</age>
<sex>0</sex>
<number>2342</number>
</size>

<size>
<age>70</age>
<sex>1</sex>
<number>2706</number>
</size>

<size>
<age>71</age>
<sex>0</sex>
<number>2195</number>
</size>

<size>
<age>71</age>
<sex>1</sex>
<number>2617</number>
</size>

<size>
<age>72</age>
<sex>0</sex>
<number>2066</number>
</size>

<size>
<age>72</age>
<sex>1</sex>
<number>2495</number>
</size>

<size>
<age>73</age>
<sex>0</sex>
<number>1969</number>
</size>

<size>
<age>73</age>
<sex>1</sex>
<number>2434</number>
</size>

<size>
<age>74</age>
<sex>0</sex>
<number>1884</number>
</size>

<size>
<age>74</age>
<sex>1</sex>
<number>2324</number>
</size>

<size>
<age>75</age>
<sex>0</sex>
<number>1740</number>
</size>

<size>
<age>75</age>
<sex>1</sex>
<number>2261</number>
</size>

<size>
<age>76</age>
<sex>0</sex>
<number>1643</number>
</size>

<size>
<age>76</age>
<sex>1</sex>
<number>2124</number>
</size>

<size>
<age>77</age>
<sex>0</sex>
<number>1514</number>
</size>

<size>
<age>77</age>
<sex>1</sex>
<number>2016</number>
</size>

<size>
<age>78</age>
<sex>0</sex>
<number>1393</number>
</size>

<size>
<age>78</age>
<sex>1</sex>
<number>1806</number>
</size>

<size>
<age>79</age>
<sex>0</sex>
<number>1337</number>
</size>

<size>
<age>79</age>
<sex>1</sex>
<number>1774</number>
</size>

<size>
<age>80</age>
<sex>0</sex>
<number>1185</number>
</size>

<size>
<age>80</age>
<sex>1</sex>
<number>1574</number>
</size>

<size>
<age>81</age>
<sex>0</sex>
<number>1080</number>
</size>

<size>
<age>81</age>
<sex>1</sex>
<number>1457</number>
</size>

<size>
<age>82</age>
<sex>0</sex>
<number>924</number>
</size>

<size>
<age>82</age>
<sex>1</sex>
<number>1317</number>
</size>

<size>
<age>83</age>
<sex>0</sex>
<number>848</number>
</size>

<size>
<age>83</age>
<sex>1</sex>
<number>1117</number>
</size>

<size>
<age>84</age>
<sex>0</sex>
<number>709</number>
</size>

<size>
<age>84</age>
<sex>1</sex>
<number>952</number>
</size>

<size>
<age>85</age>
<sex>0</sex>
<number>575</number>
</size>

<size>
<age>85</age>
<sex>1</sex>
<number>851</number>
</size>

<size>
<age>86</age>
<sex>0</sex>
<number>483</number>
</size>

<size>
<age>86</age>
<sex>1</sex>
<number>701</number>
</size>

<size>
<age>87</age>
<sex>0</sex>
<number>457</number>
</size>

<size>
<age>87</age>
<sex>1</sex>
<number>712</number>
</size>

<size>
<age>88</age>
<sex>0</sex>
<number>345</number>
</size>

<size>
<age>88</age>
<sex>1</sex>
<number>458</number>
</size>

<size>
<age>89</age>
<sex>0</sex>
<number>352</number>
</size>

<size>
<age>89</age>
<sex>1</sex>
<number>554</number>
</size>

<size>
<age>90</age>
<sex>0</sex>
<number>259</number>
</size>

<size>
<age>90</age>
<sex>1</sex>
<number>468</number>
</size>

<size>
<age>91</age>
<sex>0</sex>
<number>255</number>
</size>

<size>
<age>91</age>
<sex>1</sex>
<number>408</number>
</size>

<size>
<age>92</age>
<sex>0</sex>
<number>166</number>
</size>

<size>
<age>92</age>
<sex>1</sex>
<number>262</number>
</size>

<size>
<age>93</age>
<sex>0</sex>
<number>150</number>
</size>

<size>
<age>93</age>
<sex>1</sex>
<number>256</number>
</size>

<size>
<age>94</age>
<sex>0</sex>
<number>55</number>
</size>

<size>
<age>94</age>
<sex>1</sex>
<number>134</number>
</size>

<size>
<age>95</age>
<sex>0</sex>
<number>37</number>
</size>

<size>
<age>95</age>
<sex>1</sex>
<number>80</number>
</size>

</populationsize>
