<?xml version="1.0"?><diseaseincidences><incidence><age>0</age><sex>0</sex><value>0.0</value></incidence><incidence><age>0</age><sex>1</sex><value>0.0</value></incidence><incidence><age>1</age><sex>0</sex><value>0.0</value></incidence><incidence><age>1</age><sex>1</sex><value>0.0</value></incidence><incidence><age>2</age><sex>0</sex><value>0.0</value></incidence><incidence><age>2</age><sex>1</sex><value>0.0</value></incidence><incidence><age>3</age><sex>0</sex><value>0.0</value></incidence><incidence><age>3</age><sex>1</sex><value>0.0</value></incidence><incidence><age>4</age><sex>0</sex><value>0.0</value></incidence><incidence><age>4</age><sex>1</sex><value>0.0</value></incidence><incidence><age>5</age><sex>0</sex><value>0.0</value></incidence><incidence><age>5</age><sex>1</sex><value>0.0</value></incidence><incidence><age>6</age><sex>0</sex><value>0.0</value></incidence><incidence><age>6</age><sex>1</sex><value>0.0</value></incidence><incidence><age>7</age><sex>0</sex><value>0.0</value></incidence><incidence><age>7</age><sex>1</sex><value>0.0</value></incidence><incidence><age>8</age><sex>0</sex><value>0.0</value></incidence><incidence><age>8</age><sex>1</sex><value>0.0</value></incidence><incidence><age>9</age><sex>0</sex><value>0.0</value></incidence><incidence><age>9</age><sex>1</sex><value>0.0</value></incidence><incidence><age>10</age><sex>0</sex><value>0.0</value></incidence><incidence><age>10</age><sex>1</sex><value>0.0</value></incidence><incidence><age>11</age><sex>0</sex><value>0.0</value></incidence><incidence><age>11</age><sex>1</sex><value>0.0</value></incidence><incidence><age>12</age><sex>0</sex><value>0.0</value></incidence><incidence><age>12</age><sex>1</sex><value>0.0</value></incidence><incidence><age>13</age><sex>0</sex><value>0.0</value></incidence><incidence><age>13</age><sex>1</sex><value>0.0</value></incidence><incidence><age>14</age><sex>0</sex><value>0.0</value></incidence><incidence><age>14</age><sex>1</sex><value>0.0</value></incidence><incidence><age>15</age><sex>0</sex><value>0.0</value></incidence><incidence><age>15</age><sex>1</sex><value>0.0</value></incidence><incidence><age>16</age><sex>0</sex><value>0.0</value></incidence><incidence><age>16</age><sex>1</sex><value>0.0</value></incidence><incidence><age>17</age><sex>0</sex><value>0.0</value></incidence><incidence><age>17</age><sex>1</sex><value>0.0</value></incidence><incidence><age>18</age><sex>0</sex><value>0.0</value></incidence><incidence><age>18</age><sex>1</sex><value>0.0</value></incidence><incidence><age>19</age><sex>0</sex><value>0.0</value></incidence><incidence><age>19</age><sex>1</sex><value>0.0</value></incidence><incidence><age>20</age><sex>0</sex><value>0.0</value></incidence><incidence><age>20</age><sex>1</sex><value>0.0</value></incidence><incidence><age>21</age><sex>0</sex><value>0.0</value></incidence><incidence><age>21</age><sex>1</sex><value>0.0</value></incidence><incidence><age>22</age><sex>0</sex><value>0.0</value></incidence><incidence><age>22</age><sex>1</sex><value>0.0</value></incidence><incidence><age>23</age><sex>0</sex><value>0.0</value></incidence><incidence><age>23</age><sex>1</sex><value>0.0</value></incidence><incidence><age>24</age><sex>0</sex><value>0.0</value></incidence><incidence><age>24</age><sex>1</sex><value>0.0</value></incidence><incidence><age>25</age><sex>0</sex><value>0.0</value></incidence><incidence><age>25</age><sex>1</sex><value>0.0</value></incidence><incidence><age>26</age><sex>0</sex><value>0.0</value></incidence><incidence><age>26</age><sex>1</sex><value>0.0</value></incidence><incidence><age>27</age><sex>0</sex><value>0.0</value></incidence><incidence><age>27</age><sex>1</sex><value>0.0</value></incidence><incidence><age>28</age><sex>0</sex><value>0.0</value></incidence><incidence><age>28</age><sex>1</sex><value>0.0</value></incidence><incidence><age>29</age><sex>0</sex><value>0.0</value></incidence><incidence><age>29</age><sex>1</sex><value>0.0</value></incidence><incidence><age>30</age><sex>0</sex><value>0.0</value></incidence><incidence><age>30</age><sex>1</sex><value>0.0</value></incidence><incidence><age>31</age><sex>0</sex><value>0.0</value></incidence><incidence><age>31</age><sex>1</sex><value>0.0</value></incidence><incidence><age>32</age><sex>0</sex><value>0.0</value></incidence><incidence><age>32</age><sex>1</sex><value>0.0</value></incidence><incidence><age>33</age><sex>0</sex><value>0.0</value></incidence><incidence><age>33</age><sex>1</sex><value>0.0</value></incidence><incidence><age>34</age><sex>0</sex><value>0.0</value></incidence><incidence><age>34</age><sex>1</sex><value>0.0</value></incidence><incidence><age>35</age><sex>0</sex><value>2.119E-4</value></incidence><incidence><age>35</age><sex>1</sex><value>1.409E-4</value></incidence><incidence><age>36</age><sex>0</sex><value>2.374E-4</value></incidence><incidence><age>36</age><sex>1</sex><value>1.501E-4</value></incidence><incidence><age>37</age><sex>0</sex><value>2.662E-4</value></incidence><incidence><age>37</age><sex>1</sex><value>1.607E-4</value></incidence><incidence><age>38</age><sex>0</sex><value>2.987E-4</value></incidence><incidence><age>38</age><sex>1</sex><value>1.729E-4</value></incidence><incidence><age>39</age><sex>0</sex><value>3.353E-4</value></incidence><incidence><age>39</age><sex>1</sex><value>1.87E-4</value></incidence><incidence><age>40</age><sex>0</sex><value>3.766E-4</value></incidence><incidence><age>40</age><sex>1</sex><value>2.032E-4</value></incidence><incidence><age>41</age><sex>0</sex><value>4.231E-4</value></incidence><incidence><age>41</age><sex>1</sex><value>2.218E-4</value></incidence><incidence><age>42</age><sex>0</sex><value>4.754E-4</value></incidence><incidence><age>42</age><sex>1</sex><value>2.431E-4</value></incidence><incidence><age>43</age><sex>0</sex><value>5.342E-4</value></incidence><incidence><age>43</age><sex>1</sex><value>2.674E-4</value></incidence><incidence><age>44</age><sex>0</sex><value>6.003E-4</value></incidence><incidence><age>44</age><sex>1</sex><value>2.953E-4</value></incidence><incidence><age>45</age><sex>0</sex><value>6.745E-4</value></incidence><incidence><age>45</age><sex>1</sex><value>3.271E-4</value></incidence><incidence><age>46</age><sex>0</sex><value>7.577E-4</value></incidence><incidence><age>46</age><sex>1</sex><value>3.636E-4</value></incidence><incidence><age>47</age><sex>0</sex><value>8.509E-4</value></incidence><incidence><age>47</age><sex>1</sex><value>4.052E-4</value></incidence><incidence><age>48</age><sex>0</sex><value>9.551E-4</value></incidence><incidence><age>48</age><sex>1</sex><value>4.528E-4</value></incidence><incidence><age>49</age><sex>0</sex><value>0.0010716</value></incidence><incidence><age>49</age><sex>1</sex><value>5.072E-4</value></incidence><incidence><age>50</age><sex>0</sex><value>0.0012014</value></incidence><incidence><age>50</age><sex>1</sex><value>5.693E-4</value></incidence><incidence><age>51</age><sex>0</sex><value>0.0013459</value></incidence><incidence><age>51</age><sex>1</sex><value>6.402E-4</value></incidence><incidence><age>52</age><sex>0</sex><value>0.0015066</value></incidence><incidence><age>52</age><sex>1</sex><value>7.211E-4</value></incidence><incidence><age>53</age><sex>0</sex><value>0.0016847</value></incidence><incidence><age>53</age><sex>1</sex><value>8.133E-4</value></incidence><incidence><age>54</age><sex>0</sex><value>0.001882</value></incidence><incidence><age>54</age><sex>1</sex><value>9.183E-4</value></incidence><incidence><age>55</age><sex>0</sex><value>0.0020998</value></incidence><incidence><age>55</age><sex>1</sex><value>0.0010377</value></incidence><incidence><age>56</age><sex>0</sex><value>0.0023398</value></incidence><incidence><age>56</age><sex>1</sex><value>0.0011733</value></incidence><incidence><age>57</age><sex>0</sex><value>0.0026036</value></incidence><incidence><age>57</age><sex>1</sex><value>0.001327</value></incidence><incidence><age>58</age><sex>0</sex><value>0.0028928</value></incidence><incidence><age>58</age><sex>1</sex><value>0.001501</value></incidence><incidence><age>59</age><sex>0</sex><value>0.0032089</value></incidence><incidence><age>59</age><sex>1</sex><value>0.0016976</value></incidence><incidence><age>60</age><sex>0</sex><value>0.0035535</value></incidence><incidence><age>60</age><sex>1</sex><value>0.001919</value></incidence><incidence><age>61</age><sex>0</sex><value>0.0039279</value></incidence><incidence><age>61</age><sex>1</sex><value>0.0021678</value></incidence><incidence><age>62</age><sex>0</sex><value>0.0043334</value></incidence><incidence><age>62</age><sex>1</sex><value>0.0024465</value></incidence><incidence><age>63</age><sex>0</sex><value>0.0047711</value></incidence><incidence><age>63</age><sex>1</sex><value>0.0027578</value></incidence><incidence><age>64</age><sex>0</sex><value>0.0052417</value></incidence><incidence><age>64</age><sex>1</sex><value>0.0031041</value></incidence><incidence><age>65</age><sex>0</sex><value>0.0057457</value></incidence><incidence><age>65</age><sex>1</sex><value>0.003488</value></incidence><incidence><age>66</age><sex>0</sex><value>0.0062835</value></incidence><incidence><age>66</age><sex>1</sex><value>0.0039116</value></incidence><incidence><age>67</age><sex>0</sex><value>0.0068546</value></incidence><incidence><age>67</age><sex>1</sex><value>0.0043771</value></incidence><incidence><age>68</age><sex>0</sex><value>0.0074585</value></incidence><incidence><age>68</age><sex>1</sex><value>0.0048858</value></incidence><incidence><age>69</age><sex>0</sex><value>0.0080939</value></incidence><incidence><age>69</age><sex>1</sex><value>0.0054387</value></incidence><incidence><age>70</age><sex>0</sex><value>0.008759</value></incidence><incidence><age>70</age><sex>1</sex><value>0.0060363</value></incidence><incidence><age>71</age><sex>0</sex><value>0.0094514</value></incidence><incidence><age>71</age><sex>1</sex><value>0.0066779</value></incidence><incidence><age>72</age><sex>0</sex><value>0.0101681</value></incidence><incidence><age>72</age><sex>1</sex><value>0.0073619</value></incidence><incidence><age>73</age><sex>0</sex><value>0.0109052</value></incidence><incidence><age>73</age><sex>1</sex><value>0.0080857</value></incidence><incidence><age>74</age><sex>0</sex><value>0.0116583</value></incidence><incidence><age>74</age><sex>1</sex><value>0.0088453</value></incidence><incidence><age>75</age><sex>0</sex><value>0.0124221</value></incidence><incidence><age>75</age><sex>1</sex><value>0.0096351</value></incidence><incidence><age>76</age><sex>0</sex><value>0.0131907</value></incidence><incidence><age>76</age><sex>1</sex><value>0.0104484</value></incidence><incidence><age>77</age><sex>0</sex><value>0.0139576</value></incidence><incidence><age>77</age><sex>1</sex><value>0.0112764</value></incidence><incidence><age>78</age><sex>0</sex><value>0.0147155</value></incidence><incidence><age>78</age><sex>1</sex><value>0.0121093</value></incidence><incidence><age>79</age><sex>0</sex><value>0.0154565</value></incidence><incidence><age>79</age><sex>1</sex><value>0.0129353</value></incidence><incidence><age>80</age><sex>0</sex><value>0.0161725</value></incidence><incidence><age>80</age><sex>1</sex><value>0.0137417</value></incidence><incidence><age>81</age><sex>0</sex><value>0.0168548</value></incidence><incidence><age>81</age><sex>1</sex><value>0.0145142</value></incidence><incidence><age>82</age><sex>0</sex><value>0.0174948</value></incidence><incidence><age>82</age><sex>1</sex><value>0.0152379</value></incidence><incidence><age>83</age><sex>0</sex><value>0.0180835</value></incidence><incidence><age>83</age><sex>1</sex><value>0.0158976</value></incidence><incidence><age>84</age><sex>0</sex><value>0.0186122</value></incidence><incidence><age>84</age><sex>1</sex><value>0.0164777</value></incidence><incidence><age>85</age><sex>0</sex><value>0.0190727</value></incidence><incidence><age>85</age><sex>1</sex><value>0.0169633</value></incidence><incidence><age>86</age><sex>0</sex><value>0.019457</value></incidence><incidence><age>86</age><sex>1</sex><value>0.0173407</value></incidence><incidence><age>87</age><sex>0</sex><value>0.019758</value></incidence><incidence><age>87</age><sex>1</sex><value>0.0175975</value></incidence><incidence><age>88</age><sex>0</sex><value>0.0199696</value></incidence><incidence><age>88</age><sex>1</sex><value>0.0177237</value></incidence><incidence><age>89</age><sex>0</sex><value>0.0200866</value></incidence><incidence><age>89</age><sex>1</sex><value>0.0177119</value></incidence><incidence><age>90</age><sex>0</sex><value>0.0201053</value></incidence><incidence><age>90</age><sex>1</sex><value>0.017558</value></incidence><incidence><age>91</age><sex>0</sex><value>0.0200231</value></incidence><incidence><age>91</age><sex>1</sex><value>0.0172612</value></incidence><incidence><age>92</age><sex>0</sex><value>0.0198393</value></incidence><incidence><age>92</age><sex>1</sex><value>0.0168246</value></incidence><incidence><age>93</age><sex>0</sex><value>0.0195545</value></incidence><incidence><age>93</age><sex>1</sex><value>0.016255</value></incidence><incidence><age>94</age><sex>0</sex><value>0.0191712</value></incidence><incidence><age>94</age><sex>1</sex><value>0.0155627</value></incidence><incidence><age>95</age><sex>0</sex><value>0.0186932</value></incidence><incidence><age>95</age><sex>1</sex><value>0.0147614</value></incidence></diseaseincidences>