<?xml version="1.0"?><riskfactorprevalences_categorical><prevalence><age>0</age><sex>0</sex><cat>1</cat><percent>91.5</percent></prevalence><prevalence><age>0</age><sex>0</sex><cat>2</cat><percent>6.8</percent></prevalence><prevalence><age>0</age><sex>0</sex><cat>3</cat><percent>1.7</percent></prevalence><prevalence><age>0</age><sex>1</sex><cat>1</cat><percent>92.4</percent></prevalence><prevalence><age>0</age><sex>1</sex><cat>2</cat><percent>6.9</percent></prevalence><prevalence><age>0</age><sex>1</sex><cat>3</cat><percent>0.7</percent></prevalence><prevalence><age>1</age><sex>0</sex><cat>1</cat><percent>91.5</percent></prevalence><prevalence><age>1</age><sex>0</sex><cat>2</cat><percent>6.8</percent></prevalence><prevalence><age>1</age><sex>0</sex><cat>3</cat><percent>1.7</percent></prevalence><prevalence><age>1</age><sex>1</sex><cat>1</cat><percent>92.4</percent></prevalence><prevalence><age>1</age><sex>1</sex><cat>2</cat><percent>6.9</percent></prevalence><prevalence><age>1</age><sex>1</sex><cat>3</cat><percent>0.7</percent></prevalence><prevalence><age>2</age><sex>0</sex><cat>1</cat><percent>91.5</percent></prevalence><prevalence><age>2</age><sex>0</sex><cat>2</cat><percent>6.8</percent></prevalence><prevalence><age>2</age><sex>0</sex><cat>3</cat><percent>1.7</percent></prevalence><prevalence><age>2</age><sex>1</sex><cat>1</cat><percent>92.4</percent></prevalence><prevalence><age>2</age><sex>1</sex><cat>2</cat><percent>6.9</percent></prevalence><prevalence><age>2</age><sex>1</sex><cat>3</cat><percent>0.7</percent></prevalence><prevalence><age>3</age><sex>0</sex><cat>1</cat><percent>92.2</percent></prevalence><prevalence><age>3</age><sex>0</sex><cat>2</cat><percent>6.0</percent></prevalence><prevalence><age>3</age><sex>0</sex><cat>3</cat><percent>1.8</percent></prevalence><prevalence><age>3</age><sex>1</sex><cat>1</cat><percent>89.0</percent></prevalence><prevalence><age>3</age><sex>1</sex><cat>2</cat><percent>9.3</percent></prevalence><prevalence><age>3</age><sex>1</sex><cat>3</cat><percent>1.7</percent></prevalence><prevalence><age>4</age><sex>0</sex><cat>1</cat><percent>92.2</percent></prevalence><prevalence><age>4</age><sex>0</sex><cat>2</cat><percent>6.3</percent></prevalence><prevalence><age>4</age><sex>0</sex><cat>3</cat><percent>1.5</percent></prevalence><prevalence><age>4</age><sex>1</sex><cat>1</cat><percent>87.9</percent></prevalence><prevalence><age>4</age><sex>1</sex><cat>2</cat><percent>8.7</percent></prevalence><prevalence><age>4</age><sex>1</sex><cat>3</cat><percent>3.4</percent></prevalence><prevalence><age>5</age><sex>0</sex><cat>1</cat><percent>89.5</percent></prevalence><prevalence><age>5</age><sex>0</sex><cat>2</cat><percent>8.1</percent></prevalence><prevalence><age>5</age><sex>0</sex><cat>3</cat><percent>2.4</percent></prevalence><prevalence><age>5</age><sex>1</sex><cat>1</cat><percent>85.3</percent></prevalence><prevalence><age>5</age><sex>1</sex><cat>2</cat><percent>11.2</percent></prevalence><prevalence><age>5</age><sex>1</sex><cat>3</cat><percent>3.5</percent></prevalence><prevalence><age>6</age><sex>0</sex><cat>1</cat><percent>87.0</percent></prevalence><prevalence><age>6</age><sex>0</sex><cat>2</cat><percent>9.1</percent></prevalence><prevalence><age>6</age><sex>0</sex><cat>3</cat><percent>3.9</percent></prevalence><prevalence><age>6</age><sex>1</sex><cat>1</cat><percent>84.8</percent></prevalence><prevalence><age>6</age><sex>1</sex><cat>2</cat><percent>11.7</percent></prevalence><prevalence><age>6</age><sex>1</sex><cat>3</cat><percent>3.5</percent></prevalence><prevalence><age>7</age><sex>0</sex><cat>1</cat><percent>81.4</percent></prevalence><prevalence><age>7</age><sex>0</sex><cat>2</cat><percent>13.3</percent></prevalence><prevalence><age>7</age><sex>0</sex><cat>3</cat><percent>5.3</percent></prevalence><prevalence><age>7</age><sex>1</sex><cat>1</cat><percent>81.5</percent></prevalence><prevalence><age>7</age><sex>1</sex><cat>2</cat><percent>13.1</percent></prevalence><prevalence><age>7</age><sex>1</sex><cat>3</cat><percent>5.4</percent></prevalence><prevalence><age>8</age><sex>0</sex><cat>1</cat><percent>79.5</percent></prevalence><prevalence><age>8</age><sex>0</sex><cat>2</cat><percent>12.9</percent></prevalence><prevalence><age>8</age><sex>0</sex><cat>3</cat><percent>7.6</percent></prevalence><prevalence><age>8</age><sex>1</sex><cat>1</cat><percent>77.7</percent></prevalence><prevalence><age>8</age><sex>1</sex><cat>2</cat><percent>17.7</percent></prevalence><prevalence><age>8</age><sex>1</sex><cat>3</cat><percent>4.6</percent></prevalence><prevalence><age>9</age><sex>0</sex><cat>1</cat><percent>77.9</percent></prevalence><prevalence><age>9</age><sex>0</sex><cat>2</cat><percent>16.6</percent></prevalence><prevalence><age>9</age><sex>0</sex><cat>3</cat><percent>5.5</percent></prevalence><prevalence><age>9</age><sex>1</sex><cat>1</cat><percent>79.0</percent></prevalence><prevalence><age>9</age><sex>1</sex><cat>2</cat><percent>15.0</percent></prevalence><prevalence><age>9</age><sex>1</sex><cat>3</cat><percent>6.0</percent></prevalence><prevalence><age>10</age><sex>0</sex><cat>1</cat><percent>78.5</percent></prevalence><prevalence><age>10</age><sex>0</sex><cat>2</cat><percent>17.2</percent></prevalence><prevalence><age>10</age><sex>0</sex><cat>3</cat><percent>4.3</percent></prevalence><prevalence><age>10</age><sex>1</sex><cat>1</cat><percent>76.1</percent></prevalence><prevalence><age>10</age><sex>1</sex><cat>2</cat><percent>19.3</percent></prevalence><prevalence><age>10</age><sex>1</sex><cat>3</cat><percent>4.6</percent></prevalence><prevalence><age>11</age><sex>0</sex><cat>1</cat><percent>75.3</percent></prevalence><prevalence><age>11</age><sex>0</sex><cat>2</cat><percent>20.1</percent></prevalence><prevalence><age>11</age><sex>0</sex><cat>3</cat><percent>4.6</percent></prevalence><prevalence><age>11</age><sex>1</sex><cat>1</cat><percent>77.4</percent></prevalence><prevalence><age>11</age><sex>1</sex><cat>2</cat><percent>17.6</percent></prevalence><prevalence><age>11</age><sex>1</sex><cat>3</cat><percent>5.0</percent></prevalence><prevalence><age>12</age><sex>0</sex><cat>1</cat><percent>75.4</percent></prevalence><prevalence><age>12</age><sex>0</sex><cat>2</cat><percent>19.5</percent></prevalence><prevalence><age>12</age><sex>0</sex><cat>3</cat><percent>5.1</percent></prevalence><prevalence><age>12</age><sex>1</sex><cat>1</cat><percent>75.9</percent></prevalence><prevalence><age>12</age><sex>1</sex><cat>2</cat><percent>18.4</percent></prevalence><prevalence><age>12</age><sex>1</sex><cat>3</cat><percent>5.7</percent></prevalence><prevalence><age>13</age><sex>0</sex><cat>1</cat><percent>77.7</percent></prevalence><prevalence><age>13</age><sex>0</sex><cat>2</cat><percent>16.8</percent></prevalence><prevalence><age>13</age><sex>0</sex><cat>3</cat><percent>5.5</percent></prevalence><prevalence><age>13</age><sex>1</sex><cat>1</cat><percent>77.4</percent></prevalence><prevalence><age>13</age><sex>1</sex><cat>2</cat><percent>18.2</percent></prevalence><prevalence><age>13</age><sex>1</sex><cat>3</cat><percent>4.4</percent></prevalence><prevalence><age>14</age><sex>0</sex><cat>1</cat><percent>77.7</percent></prevalence><prevalence><age>14</age><sex>0</sex><cat>2</cat><percent>14.4</percent></prevalence><prevalence><age>14</age><sex>0</sex><cat>3</cat><percent>7.9</percent></prevalence><prevalence><age>14</age><sex>1</sex><cat>1</cat><percent>83.6</percent></prevalence><prevalence><age>14</age><sex>1</sex><cat>2</cat><percent>11.2</percent></prevalence><prevalence><age>14</age><sex>1</sex><cat>3</cat><percent>5.2</percent></prevalence><prevalence><age>15</age><sex>0</sex><cat>1</cat><percent>77.9</percent></prevalence><prevalence><age>15</age><sex>0</sex><cat>2</cat><percent>16.4</percent></prevalence><prevalence><age>15</age><sex>0</sex><cat>3</cat><percent>5.7</percent></prevalence><prevalence><age>15</age><sex>1</sex><cat>1</cat><percent>80.5</percent></prevalence><prevalence><age>15</age><sex>1</sex><cat>2</cat><percent>13.9</percent></prevalence><prevalence><age>15</age><sex>1</sex><cat>3</cat><percent>5.6</percent></prevalence><prevalence><age>16</age><sex>0</sex><cat>1</cat><percent>76.8</percent></prevalence><prevalence><age>16</age><sex>0</sex><cat>2</cat><percent>16.3</percent></prevalence><prevalence><age>16</age><sex>0</sex><cat>3</cat><percent>6.9</percent></prevalence><prevalence><age>16</age><sex>1</sex><cat>1</cat><percent>81.1</percent></prevalence><prevalence><age>16</age><sex>1</sex><cat>2</cat><percent>13.8</percent></prevalence><prevalence><age>16</age><sex>1</sex><cat>3</cat><percent>5.1</percent></prevalence><prevalence><age>17</age><sex>0</sex><cat>1</cat><percent>80.2</percent></prevalence><prevalence><age>17</age><sex>0</sex><cat>2</cat><percent>13.9</percent></prevalence><prevalence><age>17</age><sex>0</sex><cat>3</cat><percent>5.9</percent></prevalence><prevalence><age>17</age><sex>1</sex><cat>1</cat><percent>78.9</percent></prevalence><prevalence><age>17</age><sex>1</sex><cat>2</cat><percent>15.7</percent></prevalence><prevalence><age>17</age><sex>1</sex><cat>3</cat><percent>5.4</percent></prevalence><prevalence><age>18</age><sex>0</sex><cat>1</cat><percent>78.3</percent></prevalence><prevalence><age>18</age><sex>0</sex><cat>2</cat><percent>14.6</percent></prevalence><prevalence><age>18</age><sex>0</sex><cat>3</cat><percent>7.1</percent></prevalence><prevalence><age>18</age><sex>1</sex><cat>1</cat><percent>79.4</percent></prevalence><prevalence><age>18</age><sex>1</sex><cat>2</cat><percent>15.3</percent></prevalence><prevalence><age>18</age><sex>1</sex><cat>3</cat><percent>5.3</percent></prevalence><prevalence><age>19</age><sex>0</sex><cat>1</cat><percent>75.6</percent></prevalence><prevalence><age>19</age><sex>0</sex><cat>2</cat><percent>16.1</percent></prevalence><prevalence><age>19</age><sex>0</sex><cat>3</cat><percent>8.3</percent></prevalence><prevalence><age>19</age><sex>1</sex><cat>1</cat><percent>79.2</percent></prevalence><prevalence><age>19</age><sex>1</sex><cat>2</cat><percent>15.4</percent></prevalence><prevalence><age>19</age><sex>1</sex><cat>3</cat><percent>5.4</percent></prevalence><prevalence><age>20</age><sex>0</sex><cat>1</cat><percent>72.8</percent></prevalence><prevalence><age>20</age><sex>0</sex><cat>2</cat><percent>17.6</percent></prevalence><prevalence><age>20</age><sex>0</sex><cat>3</cat><percent>9.6</percent></prevalence><prevalence><age>20</age><sex>1</sex><cat>1</cat><percent>79.1</percent></prevalence><prevalence><age>20</age><sex>1</sex><cat>2</cat><percent>15.3</percent></prevalence><prevalence><age>20</age><sex>1</sex><cat>3</cat><percent>5.6</percent></prevalence><prevalence><age>21</age><sex>0</sex><cat>1</cat><percent>70.2</percent></prevalence><prevalence><age>21</age><sex>0</sex><cat>2</cat><percent>19.1</percent></prevalence><prevalence><age>21</age><sex>0</sex><cat>3</cat><percent>10.7</percent></prevalence><prevalence><age>21</age><sex>1</sex><cat>1</cat><percent>78.7</percent></prevalence><prevalence><age>21</age><sex>1</sex><cat>2</cat><percent>15.5</percent></prevalence><prevalence><age>21</age><sex>1</sex><cat>3</cat><percent>5.8</percent></prevalence><prevalence><age>22</age><sex>0</sex><cat>1</cat><percent>68.1</percent></prevalence><prevalence><age>22</age><sex>0</sex><cat>2</cat><percent>20.4</percent></prevalence><prevalence><age>22</age><sex>0</sex><cat>3</cat><percent>11.5</percent></prevalence><prevalence><age>22</age><sex>1</sex><cat>1</cat><percent>78.8</percent></prevalence><prevalence><age>22</age><sex>1</sex><cat>2</cat><percent>15.2</percent></prevalence><prevalence><age>22</age><sex>1</sex><cat>3</cat><percent>6.0</percent></prevalence><prevalence><age>23</age><sex>0</sex><cat>1</cat><percent>66.1</percent></prevalence><prevalence><age>23</age><sex>0</sex><cat>2</cat><percent>21.2</percent></prevalence><prevalence><age>23</age><sex>0</sex><cat>3</cat><percent>12.7</percent></prevalence><prevalence><age>23</age><sex>1</sex><cat>1</cat><percent>78.1</percent></prevalence><prevalence><age>23</age><sex>1</sex><cat>2</cat><percent>15.6</percent></prevalence><prevalence><age>23</age><sex>1</sex><cat>3</cat><percent>6.3</percent></prevalence><prevalence><age>24</age><sex>0</sex><cat>1</cat><percent>62.9</percent></prevalence><prevalence><age>24</age><sex>0</sex><cat>2</cat><percent>22.8</percent></prevalence><prevalence><age>24</age><sex>0</sex><cat>3</cat><percent>14.3</percent></prevalence><prevalence><age>24</age><sex>1</sex><cat>1</cat><percent>77.7</percent></prevalence><prevalence><age>24</age><sex>1</sex><cat>2</cat><percent>15.7</percent></prevalence><prevalence><age>24</age><sex>1</sex><cat>3</cat><percent>6.6</percent></prevalence><prevalence><age>25</age><sex>0</sex><cat>1</cat><percent>59.7</percent></prevalence><prevalence><age>25</age><sex>0</sex><cat>2</cat><percent>24.4</percent></prevalence><prevalence><age>25</age><sex>0</sex><cat>3</cat><percent>15.9</percent></prevalence><prevalence><age>25</age><sex>1</sex><cat>1</cat><percent>77.2</percent></prevalence><prevalence><age>25</age><sex>1</sex><cat>2</cat><percent>15.7</percent></prevalence><prevalence><age>25</age><sex>1</sex><cat>3</cat><percent>7.1</percent></prevalence><prevalence><age>26</age><sex>0</sex><cat>1</cat><percent>56.4</percent></prevalence><prevalence><age>26</age><sex>0</sex><cat>2</cat><percent>26.0</percent></prevalence><prevalence><age>26</age><sex>0</sex><cat>3</cat><percent>17.6</percent></prevalence><prevalence><age>26</age><sex>1</sex><cat>1</cat><percent>77.0</percent></prevalence><prevalence><age>26</age><sex>1</sex><cat>2</cat><percent>15.8</percent></prevalence><prevalence><age>26</age><sex>1</sex><cat>3</cat><percent>7.2</percent></prevalence><prevalence><age>27</age><sex>0</sex><cat>1</cat><percent>54.0</percent></prevalence><prevalence><age>27</age><sex>0</sex><cat>2</cat><percent>27.8</percent></prevalence><prevalence><age>27</age><sex>0</sex><cat>3</cat><percent>18.2</percent></prevalence><prevalence><age>27</age><sex>1</sex><cat>1</cat><percent>76.6</percent></prevalence><prevalence><age>27</age><sex>1</sex><cat>2</cat><percent>15.9</percent></prevalence><prevalence><age>27</age><sex>1</sex><cat>3</cat><percent>7.5</percent></prevalence><prevalence><age>28</age><sex>0</sex><cat>1</cat><percent>52.5</percent></prevalence><prevalence><age>28</age><sex>0</sex><cat>2</cat><percent>28.9</percent></prevalence><prevalence><age>28</age><sex>0</sex><cat>3</cat><percent>18.6</percent></prevalence><prevalence><age>28</age><sex>1</sex><cat>1</cat><percent>76.1</percent></prevalence><prevalence><age>28</age><sex>1</sex><cat>2</cat><percent>15.9</percent></prevalence><prevalence><age>28</age><sex>1</sex><cat>3</cat><percent>8.0</percent></prevalence><prevalence><age>29</age><sex>0</sex><cat>1</cat><percent>50.6</percent></prevalence><prevalence><age>29</age><sex>0</sex><cat>2</cat><percent>30.3</percent></prevalence><prevalence><age>29</age><sex>0</sex><cat>3</cat><percent>19.1</percent></prevalence><prevalence><age>29</age><sex>1</sex><cat>1</cat><percent>75.5</percent></prevalence><prevalence><age>29</age><sex>1</sex><cat>2</cat><percent>16.0</percent></prevalence><prevalence><age>29</age><sex>1</sex><cat>3</cat><percent>8.5</percent></prevalence><prevalence><age>30</age><sex>0</sex><cat>1</cat><percent>49.5</percent></prevalence><prevalence><age>30</age><sex>0</sex><cat>2</cat><percent>31.0</percent></prevalence><prevalence><age>30</age><sex>0</sex><cat>3</cat><percent>19.5</percent></prevalence><prevalence><age>30</age><sex>1</sex><cat>1</cat><percent>75.0</percent></prevalence><prevalence><age>30</age><sex>1</sex><cat>2</cat><percent>16.0</percent></prevalence><prevalence><age>30</age><sex>1</sex><cat>3</cat><percent>9.0</percent></prevalence><prevalence><age>31</age><sex>0</sex><cat>1</cat><percent>48.6</percent></prevalence><prevalence><age>31</age><sex>0</sex><cat>2</cat><percent>31.5</percent></prevalence><prevalence><age>31</age><sex>0</sex><cat>3</cat><percent>19.9</percent></prevalence><prevalence><age>31</age><sex>1</sex><cat>1</cat><percent>74.4</percent></prevalence><prevalence><age>31</age><sex>1</sex><cat>2</cat><percent>16.3</percent></prevalence><prevalence><age>31</age><sex>1</sex><cat>3</cat><percent>9.3</percent></prevalence><prevalence><age>32</age><sex>0</sex><cat>1</cat><percent>47.9</percent></prevalence><prevalence><age>32</age><sex>0</sex><cat>2</cat><percent>32.0</percent></prevalence><prevalence><age>32</age><sex>0</sex><cat>3</cat><percent>20.1</percent></prevalence><prevalence><age>32</age><sex>1</sex><cat>1</cat><percent>73.9</percent></prevalence><prevalence><age>32</age><sex>1</sex><cat>2</cat><percent>16.5</percent></prevalence><prevalence><age>32</age><sex>1</sex><cat>3</cat><percent>9.6</percent></prevalence><prevalence><age>33</age><sex>0</sex><cat>1</cat><percent>47.1</percent></prevalence><prevalence><age>33</age><sex>0</sex><cat>2</cat><percent>32.6</percent></prevalence><prevalence><age>33</age><sex>0</sex><cat>3</cat><percent>20.3</percent></prevalence><prevalence><age>33</age><sex>1</sex><cat>1</cat><percent>73.3</percent></prevalence><prevalence><age>33</age><sex>1</sex><cat>2</cat><percent>16.8</percent></prevalence><prevalence><age>33</age><sex>1</sex><cat>3</cat><percent>9.9</percent></prevalence><prevalence><age>34</age><sex>0</sex><cat>1</cat><percent>46.2</percent></prevalence><prevalence><age>34</age><sex>0</sex><cat>2</cat><percent>33.3</percent></prevalence><prevalence><age>34</age><sex>0</sex><cat>3</cat><percent>20.5</percent></prevalence><prevalence><age>34</age><sex>1</sex><cat>1</cat><percent>72.8</percent></prevalence><prevalence><age>34</age><sex>1</sex><cat>2</cat><percent>17.0</percent></prevalence><prevalence><age>34</age><sex>1</sex><cat>3</cat><percent>10.2</percent></prevalence><prevalence><age>35</age><sex>0</sex><cat>1</cat><percent>44.6</percent></prevalence><prevalence><age>35</age><sex>0</sex><cat>2</cat><percent>34.7</percent></prevalence><prevalence><age>35</age><sex>0</sex><cat>3</cat><percent>20.7</percent></prevalence><prevalence><age>35</age><sex>1</sex><cat>1</cat><percent>72.0</percent></prevalence><prevalence><age>35</age><sex>1</sex><cat>2</cat><percent>17.5</percent></prevalence><prevalence><age>35</age><sex>1</sex><cat>3</cat><percent>10.5</percent></prevalence><prevalence><age>36</age><sex>0</sex><cat>1</cat><percent>44.1</percent></prevalence><prevalence><age>36</age><sex>0</sex><cat>2</cat><percent>35.0</percent></prevalence><prevalence><age>36</age><sex>0</sex><cat>3</cat><percent>20.9</percent></prevalence><prevalence><age>36</age><sex>1</sex><cat>1</cat><percent>70.9</percent></prevalence><prevalence><age>36</age><sex>1</sex><cat>2</cat><percent>18.3</percent></prevalence><prevalence><age>36</age><sex>1</sex><cat>3</cat><percent>10.8</percent></prevalence><prevalence><age>37</age><sex>0</sex><cat>1</cat><percent>43.1</percent></prevalence><prevalence><age>37</age><sex>0</sex><cat>2</cat><percent>35.6</percent></prevalence><prevalence><age>37</age><sex>0</sex><cat>3</cat><percent>21.3</percent></prevalence><prevalence><age>37</age><sex>1</sex><cat>1</cat><percent>70.0</percent></prevalence><prevalence><age>37</age><sex>1</sex><cat>2</cat><percent>18.9</percent></prevalence><prevalence><age>37</age><sex>1</sex><cat>3</cat><percent>11.1</percent></prevalence><prevalence><age>38</age><sex>0</sex><cat>1</cat><percent>42.3</percent></prevalence><prevalence><age>38</age><sex>0</sex><cat>2</cat><percent>36.2</percent></prevalence><prevalence><age>38</age><sex>0</sex><cat>3</cat><percent>21.5</percent></prevalence><prevalence><age>38</age><sex>1</sex><cat>1</cat><percent>69.0</percent></prevalence><prevalence><age>38</age><sex>1</sex><cat>2</cat><percent>19.7</percent></prevalence><prevalence><age>38</age><sex>1</sex><cat>3</cat><percent>11.3</percent></prevalence><prevalence><age>39</age><sex>0</sex><cat>1</cat><percent>41.4</percent></prevalence><prevalence><age>39</age><sex>0</sex><cat>2</cat><percent>36.9</percent></prevalence><prevalence><age>39</age><sex>0</sex><cat>3</cat><percent>21.7</percent></prevalence><prevalence><age>39</age><sex>1</sex><cat>1</cat><percent>67.8</percent></prevalence><prevalence><age>39</age><sex>1</sex><cat>2</cat><percent>20.6</percent></prevalence><prevalence><age>39</age><sex>1</sex><cat>3</cat><percent>11.6</percent></prevalence><prevalence><age>40</age><sex>0</sex><cat>1</cat><percent>40.7</percent></prevalence><prevalence><age>40</age><sex>0</sex><cat>2</cat><percent>37.4</percent></prevalence><prevalence><age>40</age><sex>0</sex><cat>3</cat><percent>21.9</percent></prevalence><prevalence><age>40</age><sex>1</sex><cat>1</cat><percent>66.4</percent></prevalence><prevalence><age>40</age><sex>1</sex><cat>2</cat><percent>21.7</percent></prevalence><prevalence><age>40</age><sex>1</sex><cat>3</cat><percent>11.9</percent></prevalence><prevalence><age>41</age><sex>0</sex><cat>1</cat><percent>39.6</percent></prevalence><prevalence><age>41</age><sex>0</sex><cat>2</cat><percent>38.2</percent></prevalence><prevalence><age>41</age><sex>0</sex><cat>3</cat><percent>22.2</percent></prevalence><prevalence><age>41</age><sex>1</sex><cat>1</cat><percent>65.4</percent></prevalence><prevalence><age>41</age><sex>1</sex><cat>2</cat><percent>22.4</percent></prevalence><prevalence><age>41</age><sex>1</sex><cat>3</cat><percent>12.2</percent></prevalence><prevalence><age>42</age><sex>0</sex><cat>1</cat><percent>38.4</percent></prevalence><prevalence><age>42</age><sex>0</sex><cat>2</cat><percent>39.1</percent></prevalence><prevalence><age>42</age><sex>0</sex><cat>3</cat><percent>22.5</percent></prevalence><prevalence><age>42</age><sex>1</sex><cat>1</cat><percent>63.7</percent></prevalence><prevalence><age>42</age><sex>1</sex><cat>2</cat><percent>23.8</percent></prevalence><prevalence><age>42</age><sex>1</sex><cat>3</cat><percent>12.5</percent></prevalence><prevalence><age>43</age><sex>0</sex><cat>1</cat><percent>37.4</percent></prevalence><prevalence><age>43</age><sex>0</sex><cat>2</cat><percent>39.8</percent></prevalence><prevalence><age>43</age><sex>0</sex><cat>3</cat><percent>22.8</percent></prevalence><prevalence><age>43</age><sex>1</sex><cat>1</cat><percent>62.8</percent></prevalence><prevalence><age>43</age><sex>1</sex><cat>2</cat><percent>24.4</percent></prevalence><prevalence><age>43</age><sex>1</sex><cat>3</cat><percent>12.8</percent></prevalence><prevalence><age>44</age><sex>0</sex><cat>1</cat><percent>36.0</percent></prevalence><prevalence><age>44</age><sex>0</sex><cat>2</cat><percent>40.7</percent></prevalence><prevalence><age>44</age><sex>0</sex><cat>3</cat><percent>23.3</percent></prevalence><prevalence><age>44</age><sex>1</sex><cat>1</cat><percent>62.0</percent></prevalence><prevalence><age>44</age><sex>1</sex><cat>2</cat><percent>25.0</percent></prevalence><prevalence><age>44</age><sex>1</sex><cat>3</cat><percent>13.0</percent></prevalence><prevalence><age>45</age><sex>0</sex><cat>1</cat><percent>35.1</percent></prevalence><prevalence><age>45</age><sex>0</sex><cat>2</cat><percent>41.3</percent></prevalence><prevalence><age>45</age><sex>0</sex><cat>3</cat><percent>23.6</percent></prevalence><prevalence><age>45</age><sex>1</sex><cat>1</cat><percent>60.1</percent></prevalence><prevalence><age>45</age><sex>1</sex><cat>2</cat><percent>26.1</percent></prevalence><prevalence><age>45</age><sex>1</sex><cat>3</cat><percent>13.8</percent></prevalence><prevalence><age>46</age><sex>0</sex><cat>1</cat><percent>33.7</percent></prevalence><prevalence><age>46</age><sex>0</sex><cat>2</cat><percent>42.5</percent></prevalence><prevalence><age>46</age><sex>0</sex><cat>3</cat><percent>23.8</percent></prevalence><prevalence><age>46</age><sex>1</sex><cat>1</cat><percent>57.8</percent></prevalence><prevalence><age>46</age><sex>1</sex><cat>2</cat><percent>27.3</percent></prevalence><prevalence><age>46</age><sex>1</sex><cat>3</cat><percent>14.9</percent></prevalence><prevalence><age>47</age><sex>0</sex><cat>1</cat><percent>32.7</percent></prevalence><prevalence><age>47</age><sex>0</sex><cat>2</cat><percent>43.3</percent></prevalence><prevalence><age>47</age><sex>0</sex><cat>3</cat><percent>24.0</percent></prevalence><prevalence><age>47</age><sex>1</sex><cat>1</cat><percent>56.8</percent></prevalence><prevalence><age>47</age><sex>1</sex><cat>2</cat><percent>27.9</percent></prevalence><prevalence><age>47</age><sex>1</sex><cat>3</cat><percent>15.3</percent></prevalence><prevalence><age>48</age><sex>0</sex><cat>1</cat><percent>32.0</percent></prevalence><prevalence><age>48</age><sex>0</sex><cat>2</cat><percent>43.9</percent></prevalence><prevalence><age>48</age><sex>0</sex><cat>3</cat><percent>24.1</percent></prevalence><prevalence><age>48</age><sex>1</sex><cat>1</cat><percent>54.1</percent></prevalence><prevalence><age>48</age><sex>1</sex><cat>2</cat><percent>28.7</percent></prevalence><prevalence><age>48</age><sex>1</sex><cat>3</cat><percent>17.2</percent></prevalence><prevalence><age>49</age><sex>0</sex><cat>1</cat><percent>31.0</percent></prevalence><prevalence><age>49</age><sex>0</sex><cat>2</cat><percent>44.7</percent></prevalence><prevalence><age>49</age><sex>0</sex><cat>3</cat><percent>24.3</percent></prevalence><prevalence><age>49</age><sex>1</sex><cat>1</cat><percent>52.3</percent></prevalence><prevalence><age>49</age><sex>1</sex><cat>2</cat><percent>29.3</percent></prevalence><prevalence><age>49</age><sex>1</sex><cat>3</cat><percent>18.4</percent></prevalence><prevalence><age>50</age><sex>0</sex><cat>1</cat><percent>30.5</percent></prevalence><prevalence><age>50</age><sex>0</sex><cat>2</cat><percent>45.1</percent></prevalence><prevalence><age>50</age><sex>0</sex><cat>3</cat><percent>24.4</percent></prevalence><prevalence><age>50</age><sex>1</sex><cat>1</cat><percent>49.3</percent></prevalence><prevalence><age>50</age><sex>1</sex><cat>2</cat><percent>30.6</percent></prevalence><prevalence><age>50</age><sex>1</sex><cat>3</cat><percent>20.1</percent></prevalence><prevalence><age>51</age><sex>0</sex><cat>1</cat><percent>29.6</percent></prevalence><prevalence><age>51</age><sex>0</sex><cat>2</cat><percent>45.9</percent></prevalence><prevalence><age>51</age><sex>0</sex><cat>3</cat><percent>24.5</percent></prevalence><prevalence><age>51</age><sex>1</sex><cat>1</cat><percent>46.6</percent></prevalence><prevalence><age>51</age><sex>1</sex><cat>2</cat><percent>31.8</percent></prevalence><prevalence><age>51</age><sex>1</sex><cat>3</cat><percent>21.6</percent></prevalence><prevalence><age>52</age><sex>0</sex><cat>1</cat><percent>29.0</percent></prevalence><prevalence><age>52</age><sex>0</sex><cat>2</cat><percent>46.4</percent></prevalence><prevalence><age>52</age><sex>0</sex><cat>3</cat><percent>24.6</percent></prevalence><prevalence><age>52</age><sex>1</sex><cat>1</cat><percent>43.7</percent></prevalence><prevalence><age>52</age><sex>1</sex><cat>2</cat><percent>33.5</percent></prevalence><prevalence><age>52</age><sex>1</sex><cat>3</cat><percent>22.8</percent></prevalence><prevalence><age>53</age><sex>0</sex><cat>1</cat><percent>28.2</percent></prevalence><prevalence><age>53</age><sex>0</sex><cat>2</cat><percent>47.1</percent></prevalence><prevalence><age>53</age><sex>0</sex><cat>3</cat><percent>24.7</percent></prevalence><prevalence><age>53</age><sex>1</sex><cat>1</cat><percent>41.8</percent></prevalence><prevalence><age>53</age><sex>1</sex><cat>2</cat><percent>34.3</percent></prevalence><prevalence><age>53</age><sex>1</sex><cat>3</cat><percent>23.9</percent></prevalence><prevalence><age>54</age><sex>0</sex><cat>1</cat><percent>27.3</percent></prevalence><prevalence><age>54</age><sex>0</sex><cat>2</cat><percent>47.9</percent></prevalence><prevalence><age>54</age><sex>0</sex><cat>3</cat><percent>24.8</percent></prevalence><prevalence><age>54</age><sex>1</sex><cat>1</cat><percent>40.6</percent></prevalence><prevalence><age>54</age><sex>1</sex><cat>2</cat><percent>34.9</percent></prevalence><prevalence><age>54</age><sex>1</sex><cat>3</cat><percent>24.5</percent></prevalence><prevalence><age>55</age><sex>0</sex><cat>1</cat><percent>26.5</percent></prevalence><prevalence><age>55</age><sex>0</sex><cat>2</cat><percent>48.6</percent></prevalence><prevalence><age>55</age><sex>0</sex><cat>3</cat><percent>24.9</percent></prevalence><prevalence><age>55</age><sex>1</sex><cat>1</cat><percent>37.7</percent></prevalence><prevalence><age>55</age><sex>1</sex><cat>2</cat><percent>35.5</percent></prevalence><prevalence><age>55</age><sex>1</sex><cat>3</cat><percent>26.8</percent></prevalence><prevalence><age>56</age><sex>0</sex><cat>1</cat><percent>25.4</percent></prevalence><prevalence><age>56</age><sex>0</sex><cat>2</cat><percent>49.8</percent></prevalence><prevalence><age>56</age><sex>0</sex><cat>3</cat><percent>24.8</percent></prevalence><prevalence><age>56</age><sex>1</sex><cat>1</cat><percent>35.2</percent></prevalence><prevalence><age>56</age><sex>1</sex><cat>2</cat><percent>36.9</percent></prevalence><prevalence><age>56</age><sex>1</sex><cat>3</cat><percent>27.9</percent></prevalence><prevalence><age>57</age><sex>0</sex><cat>1</cat><percent>26.1</percent></prevalence><prevalence><age>57</age><sex>0</sex><cat>2</cat><percent>49.2</percent></prevalence><prevalence><age>57</age><sex>0</sex><cat>3</cat><percent>24.7</percent></prevalence><prevalence><age>57</age><sex>1</sex><cat>1</cat><percent>33.4</percent></prevalence><prevalence><age>57</age><sex>1</sex><cat>2</cat><percent>38.2</percent></prevalence><prevalence><age>57</age><sex>1</sex><cat>3</cat><percent>28.4</percent></prevalence><prevalence><age>58</age><sex>0</sex><cat>1</cat><percent>26.9</percent></prevalence><prevalence><age>58</age><sex>0</sex><cat>2</cat><percent>48.5</percent></prevalence><prevalence><age>58</age><sex>0</sex><cat>3</cat><percent>24.6</percent></prevalence><prevalence><age>58</age><sex>1</sex><cat>1</cat><percent>30.9</percent></prevalence><prevalence><age>58</age><sex>1</sex><cat>2</cat><percent>39.4</percent></prevalence><prevalence><age>58</age><sex>1</sex><cat>3</cat><percent>29.7</percent></prevalence><prevalence><age>59</age><sex>0</sex><cat>1</cat><percent>28.3</percent></prevalence><prevalence><age>59</age><sex>0</sex><cat>2</cat><percent>47.3</percent></prevalence><prevalence><age>59</age><sex>0</sex><cat>3</cat><percent>24.4</percent></prevalence><prevalence><age>59</age><sex>1</sex><cat>1</cat><percent>29.0</percent></prevalence><prevalence><age>59</age><sex>1</sex><cat>2</cat><percent>40.7</percent></prevalence><prevalence><age>59</age><sex>1</sex><cat>3</cat><percent>30.3</percent></prevalence><prevalence><age>60</age><sex>0</sex><cat>1</cat><percent>28.7</percent></prevalence><prevalence><age>60</age><sex>0</sex><cat>2</cat><percent>47.0</percent></prevalence><prevalence><age>60</age><sex>0</sex><cat>3</cat><percent>24.3</percent></prevalence><prevalence><age>60</age><sex>1</sex><cat>1</cat><percent>28.6</percent></prevalence><prevalence><age>60</age><sex>1</sex><cat>2</cat><percent>41.3</percent></prevalence><prevalence><age>60</age><sex>1</sex><cat>3</cat><percent>30.1</percent></prevalence><prevalence><age>61</age><sex>0</sex><cat>1</cat><percent>29.1</percent></prevalence><prevalence><age>61</age><sex>0</sex><cat>2</cat><percent>46.7</percent></prevalence><prevalence><age>61</age><sex>0</sex><cat>3</cat><percent>24.2</percent></prevalence><prevalence><age>61</age><sex>1</sex><cat>1</cat><percent>28.3</percent></prevalence><prevalence><age>61</age><sex>1</sex><cat>2</cat><percent>41.8</percent></prevalence><prevalence><age>61</age><sex>1</sex><cat>3</cat><percent>29.9</percent></prevalence><prevalence><age>62</age><sex>0</sex><cat>1</cat><percent>29.6</percent></prevalence><prevalence><age>62</age><sex>0</sex><cat>2</cat><percent>46.3</percent></prevalence><prevalence><age>62</age><sex>0</sex><cat>3</cat><percent>24.1</percent></prevalence><prevalence><age>62</age><sex>1</sex><cat>1</cat><percent>28.2</percent></prevalence><prevalence><age>62</age><sex>1</sex><cat>2</cat><percent>42.2</percent></prevalence><prevalence><age>62</age><sex>1</sex><cat>3</cat><percent>29.6</percent></prevalence><prevalence><age>63</age><sex>0</sex><cat>1</cat><percent>29.9</percent></prevalence><prevalence><age>63</age><sex>0</sex><cat>2</cat><percent>46.1</percent></prevalence><prevalence><age>63</age><sex>0</sex><cat>3</cat><percent>24.0</percent></prevalence><prevalence><age>63</age><sex>1</sex><cat>1</cat><percent>27.7</percent></prevalence><prevalence><age>63</age><sex>1</sex><cat>2</cat><percent>42.9</percent></prevalence><prevalence><age>63</age><sex>1</sex><cat>3</cat><percent>29.4</percent></prevalence><prevalence><age>64</age><sex>0</sex><cat>1</cat><percent>30.3</percent></prevalence><prevalence><age>64</age><sex>0</sex><cat>2</cat><percent>45.8</percent></prevalence><prevalence><age>64</age><sex>0</sex><cat>3</cat><percent>23.9</percent></prevalence><prevalence><age>64</age><sex>1</sex><cat>1</cat><percent>27.8</percent></prevalence><prevalence><age>64</age><sex>1</sex><cat>2</cat><percent>43.1</percent></prevalence><prevalence><age>64</age><sex>1</sex><cat>3</cat><percent>29.1</percent></prevalence><prevalence><age>65</age><sex>0</sex><cat>1</cat><percent>30.7</percent></prevalence><prevalence><age>65</age><sex>0</sex><cat>2</cat><percent>45.5</percent></prevalence><prevalence><age>65</age><sex>0</sex><cat>3</cat><percent>23.8</percent></prevalence><prevalence><age>65</age><sex>1</sex><cat>1</cat><percent>27.4</percent></prevalence><prevalence><age>65</age><sex>1</sex><cat>2</cat><percent>43.7</percent></prevalence><prevalence><age>65</age><sex>1</sex><cat>3</cat><percent>28.9</percent></prevalence><prevalence><age>66</age><sex>0</sex><cat>1</cat><percent>31.0</percent></prevalence><prevalence><age>66</age><sex>0</sex><cat>2</cat><percent>45.1</percent></prevalence><prevalence><age>66</age><sex>0</sex><cat>3</cat><percent>23.9</percent></prevalence><prevalence><age>66</age><sex>1</sex><cat>1</cat><percent>27.3</percent></prevalence><prevalence><age>66</age><sex>1</sex><cat>2</cat><percent>44.0</percent></prevalence><prevalence><age>66</age><sex>1</sex><cat>3</cat><percent>28.7</percent></prevalence><prevalence><age>67</age><sex>0</sex><cat>1</cat><percent>31.1</percent></prevalence><prevalence><age>67</age><sex>0</sex><cat>2</cat><percent>44.8</percent></prevalence><prevalence><age>67</age><sex>0</sex><cat>3</cat><percent>24.1</percent></prevalence><prevalence><age>67</age><sex>1</sex><cat>1</cat><percent>27.3</percent></prevalence><prevalence><age>67</age><sex>1</sex><cat>2</cat><percent>44.2</percent></prevalence><prevalence><age>67</age><sex>1</sex><cat>3</cat><percent>28.5</percent></prevalence><prevalence><age>68</age><sex>0</sex><cat>1</cat><percent>31.3</percent></prevalence><prevalence><age>68</age><sex>0</sex><cat>2</cat><percent>44.5</percent></prevalence><prevalence><age>68</age><sex>0</sex><cat>3</cat><percent>24.2</percent></prevalence><prevalence><age>68</age><sex>1</sex><cat>1</cat><percent>27.2</percent></prevalence><prevalence><age>68</age><sex>1</sex><cat>2</cat><percent>44.5</percent></prevalence><prevalence><age>68</age><sex>1</sex><cat>3</cat><percent>28.3</percent></prevalence><prevalence><age>69</age><sex>0</sex><cat>1</cat><percent>31.4</percent></prevalence><prevalence><age>69</age><sex>0</sex><cat>2</cat><percent>44.2</percent></prevalence><prevalence><age>69</age><sex>0</sex><cat>3</cat><percent>24.4</percent></prevalence><prevalence><age>69</age><sex>1</sex><cat>1</cat><percent>27.1</percent></prevalence><prevalence><age>69</age><sex>1</sex><cat>2</cat><percent>44.8</percent></prevalence><prevalence><age>69</age><sex>1</sex><cat>3</cat><percent>28.1</percent></prevalence><prevalence><age>70</age><sex>0</sex><cat>1</cat><percent>31.7</percent></prevalence><prevalence><age>70</age><sex>0</sex><cat>2</cat><percent>43.8</percent></prevalence><prevalence><age>70</age><sex>0</sex><cat>3</cat><percent>24.5</percent></prevalence><prevalence><age>70</age><sex>1</sex><cat>1</cat><percent>27.1</percent></prevalence><prevalence><age>70</age><sex>1</sex><cat>2</cat><percent>45.1</percent></prevalence><prevalence><age>70</age><sex>1</sex><cat>3</cat><percent>27.8</percent></prevalence><prevalence><age>71</age><sex>0</sex><cat>1</cat><percent>31.9</percent></prevalence><prevalence><age>71</age><sex>0</sex><cat>2</cat><percent>43.4</percent></prevalence><prevalence><age>71</age><sex>0</sex><cat>3</cat><percent>24.7</percent></prevalence><prevalence><age>71</age><sex>1</sex><cat>1</cat><percent>27.0</percent></prevalence><prevalence><age>71</age><sex>1</sex><cat>2</cat><percent>45.4</percent></prevalence><prevalence><age>71</age><sex>1</sex><cat>3</cat><percent>27.6</percent></prevalence><prevalence><age>72</age><sex>0</sex><cat>1</cat><percent>31.9</percent></prevalence><prevalence><age>72</age><sex>0</sex><cat>2</cat><percent>43.2</percent></prevalence><prevalence><age>72</age><sex>0</sex><cat>3</cat><percent>24.9</percent></prevalence><prevalence><age>72</age><sex>1</sex><cat>1</cat><percent>26.9</percent></prevalence><prevalence><age>72</age><sex>1</sex><cat>2</cat><percent>45.7</percent></prevalence><prevalence><age>72</age><sex>1</sex><cat>3</cat><percent>27.4</percent></prevalence><prevalence><age>73</age><sex>0</sex><cat>1</cat><percent>32.0</percent></prevalence><prevalence><age>73</age><sex>0</sex><cat>2</cat><percent>43.0</percent></prevalence><prevalence><age>73</age><sex>0</sex><cat>3</cat><percent>25.0</percent></prevalence><prevalence><age>73</age><sex>1</sex><cat>1</cat><percent>26.8</percent></prevalence><prevalence><age>73</age><sex>1</sex><cat>2</cat><percent>46.0</percent></prevalence><prevalence><age>73</age><sex>1</sex><cat>3</cat><percent>27.2</percent></prevalence><prevalence><age>74</age><sex>0</sex><cat>1</cat><percent>31.9</percent></prevalence><prevalence><age>74</age><sex>0</sex><cat>2</cat><percent>42.8</percent></prevalence><prevalence><age>74</age><sex>0</sex><cat>3</cat><percent>25.3</percent></prevalence><prevalence><age>74</age><sex>1</sex><cat>1</cat><percent>26.9</percent></prevalence><prevalence><age>74</age><sex>1</sex><cat>2</cat><percent>46.1</percent></prevalence><prevalence><age>74</age><sex>1</sex><cat>3</cat><percent>27.0</percent></prevalence><prevalence><age>75</age><sex>0</sex><cat>1</cat><percent>33.3</percent></prevalence><prevalence><age>75</age><sex>0</sex><cat>2</cat><percent>41.0</percent></prevalence><prevalence><age>75</age><sex>0</sex><cat>3</cat><percent>25.7</percent></prevalence><prevalence><age>75</age><sex>1</sex><cat>1</cat><percent>28.6</percent></prevalence><prevalence><age>75</age><sex>1</sex><cat>2</cat><percent>46.3</percent></prevalence><prevalence><age>75</age><sex>1</sex><cat>3</cat><percent>25.1</percent></prevalence><prevalence><age>76</age><sex>0</sex><cat>1</cat><percent>34.7</percent></prevalence><prevalence><age>76</age><sex>0</sex><cat>2</cat><percent>39.1</percent></prevalence><prevalence><age>76</age><sex>0</sex><cat>3</cat><percent>26.2</percent></prevalence><prevalence><age>76</age><sex>1</sex><cat>1</cat><percent>30.8</percent></prevalence><prevalence><age>76</age><sex>1</sex><cat>2</cat><percent>46.7</percent></prevalence><prevalence><age>76</age><sex>1</sex><cat>3</cat><percent>22.5</percent></prevalence><prevalence><age>77</age><sex>0</sex><cat>1</cat><percent>35.7</percent></prevalence><prevalence><age>77</age><sex>0</sex><cat>2</cat><percent>37.5</percent></prevalence><prevalence><age>77</age><sex>0</sex><cat>3</cat><percent>26.8</percent></prevalence><prevalence><age>77</age><sex>1</sex><cat>1</cat><percent>31.8</percent></prevalence><prevalence><age>77</age><sex>1</sex><cat>2</cat><percent>46.9</percent></prevalence><prevalence><age>77</age><sex>1</sex><cat>3</cat><percent>21.3</percent></prevalence><prevalence><age>78</age><sex>0</sex><cat>1</cat><percent>36.6</percent></prevalence><prevalence><age>78</age><sex>0</sex><cat>2</cat><percent>36.1</percent></prevalence><prevalence><age>78</age><sex>0</sex><cat>3</cat><percent>27.3</percent></prevalence><prevalence><age>78</age><sex>1</sex><cat>1</cat><percent>33.6</percent></prevalence><prevalence><age>78</age><sex>1</sex><cat>2</cat><percent>46.8</percent></prevalence><prevalence><age>78</age><sex>1</sex><cat>3</cat><percent>19.6</percent></prevalence><prevalence><age>79</age><sex>0</sex><cat>1</cat><percent>37.4</percent></prevalence><prevalence><age>79</age><sex>0</sex><cat>2</cat><percent>34.2</percent></prevalence><prevalence><age>79</age><sex>0</sex><cat>3</cat><percent>28.4</percent></prevalence><prevalence><age>79</age><sex>1</sex><cat>1</cat><percent>35.3</percent></prevalence><prevalence><age>79</age><sex>1</sex><cat>2</cat><percent>46.3</percent></prevalence><prevalence><age>79</age><sex>1</sex><cat>3</cat><percent>18.4</percent></prevalence><prevalence><age>80</age><sex>0</sex><cat>1</cat><percent>37.1</percent></prevalence><prevalence><age>80</age><sex>0</sex><cat>2</cat><percent>33.6</percent></prevalence><prevalence><age>80</age><sex>0</sex><cat>3</cat><percent>29.3</percent></prevalence><prevalence><age>80</age><sex>1</sex><cat>1</cat><percent>37.0</percent></prevalence><prevalence><age>80</age><sex>1</sex><cat>2</cat><percent>45.1</percent></prevalence><prevalence><age>80</age><sex>1</sex><cat>3</cat><percent>17.9</percent></prevalence><prevalence><age>81</age><sex>0</sex><cat>1</cat><percent>38.5</percent></prevalence><prevalence><age>81</age><sex>0</sex><cat>2</cat><percent>31.7</percent></prevalence><prevalence><age>81</age><sex>0</sex><cat>3</cat><percent>29.8</percent></prevalence><prevalence><age>81</age><sex>1</sex><cat>1</cat><percent>39.6</percent></prevalence><prevalence><age>81</age><sex>1</sex><cat>2</cat><percent>44.3</percent></prevalence><prevalence><age>81</age><sex>1</sex><cat>3</cat><percent>16.1</percent></prevalence><prevalence><age>82</age><sex>0</sex><cat>1</cat><percent>39.4</percent></prevalence><prevalence><age>82</age><sex>0</sex><cat>2</cat><percent>30.5</percent></prevalence><prevalence><age>82</age><sex>0</sex><cat>3</cat><percent>30.1</percent></prevalence><prevalence><age>82</age><sex>1</sex><cat>1</cat><percent>42.2</percent></prevalence><prevalence><age>82</age><sex>1</sex><cat>2</cat><percent>43.6</percent></prevalence><prevalence><age>82</age><sex>1</sex><cat>3</cat><percent>14.2</percent></prevalence><prevalence><age>83</age><sex>0</sex><cat>1</cat><percent>38.7</percent></prevalence><prevalence><age>83</age><sex>0</sex><cat>2</cat><percent>30.1</percent></prevalence><prevalence><age>83</age><sex>0</sex><cat>3</cat><percent>31.2</percent></prevalence><prevalence><age>83</age><sex>1</sex><cat>1</cat><percent>44.5</percent></prevalence><prevalence><age>83</age><sex>1</sex><cat>2</cat><percent>42.7</percent></prevalence><prevalence><age>83</age><sex>1</sex><cat>3</cat><percent>12.8</percent></prevalence><prevalence><age>84</age><sex>0</sex><cat>1</cat><percent>36.8</percent></prevalence><prevalence><age>84</age><sex>0</sex><cat>2</cat><percent>29.7</percent></prevalence><prevalence><age>84</age><sex>0</sex><cat>3</cat><percent>33.5</percent></prevalence><prevalence><age>84</age><sex>1</sex><cat>1</cat><percent>47.4</percent></prevalence><prevalence><age>84</age><sex>1</sex><cat>2</cat><percent>41.9</percent></prevalence><prevalence><age>84</age><sex>1</sex><cat>3</cat><percent>10.7</percent></prevalence><prevalence><age>85</age><sex>0</sex><cat>1</cat><percent>40.1</percent></prevalence><prevalence><age>85</age><sex>0</sex><cat>2</cat><percent>30.5</percent></prevalence><prevalence><age>85</age><sex>0</sex><cat>3</cat><percent>29.4</percent></prevalence><prevalence><age>85</age><sex>1</sex><cat>1</cat><percent>49.7</percent></prevalence><prevalence><age>85</age><sex>1</sex><cat>2</cat><percent>40.2</percent></prevalence><prevalence><age>85</age><sex>1</sex><cat>3</cat><percent>10.1</percent></prevalence><prevalence><age>86</age><sex>0</sex><cat>1</cat><percent>47.2</percent></prevalence><prevalence><age>86</age><sex>0</sex><cat>2</cat><percent>31.5</percent></prevalence><prevalence><age>86</age><sex>0</sex><cat>3</cat><percent>21.3</percent></prevalence><prevalence><age>86</age><sex>1</sex><cat>1</cat><percent>52.4</percent></prevalence><prevalence><age>86</age><sex>1</sex><cat>2</cat><percent>38.3</percent></prevalence><prevalence><age>86</age><sex>1</sex><cat>3</cat><percent>9.3</percent></prevalence><prevalence><age>87</age><sex>0</sex><cat>1</cat><percent>51.7</percent></prevalence><prevalence><age>87</age><sex>0</sex><cat>2</cat><percent>32.7</percent></prevalence><prevalence><age>87</age><sex>0</sex><cat>3</cat><percent>15.6</percent></prevalence><prevalence><age>87</age><sex>1</sex><cat>1</cat><percent>55.3</percent></prevalence><prevalence><age>87</age><sex>1</sex><cat>2</cat><percent>36.5</percent></prevalence><prevalence><age>87</age><sex>1</sex><cat>3</cat><percent>8.2</percent></prevalence><prevalence><age>88</age><sex>0</sex><cat>1</cat><percent>54.8</percent></prevalence><prevalence><age>88</age><sex>0</sex><cat>2</cat><percent>33.1</percent></prevalence><prevalence><age>88</age><sex>0</sex><cat>3</cat><percent>12.1</percent></prevalence><prevalence><age>88</age><sex>1</sex><cat>1</cat><percent>59.3</percent></prevalence><prevalence><age>88</age><sex>1</sex><cat>2</cat><percent>33.2</percent></prevalence><prevalence><age>88</age><sex>1</sex><cat>3</cat><percent>7.5</percent></prevalence><prevalence><age>89</age><sex>0</sex><cat>1</cat><percent>57.8</percent></prevalence><prevalence><age>89</age><sex>0</sex><cat>2</cat><percent>34.0</percent></prevalence><prevalence><age>89</age><sex>0</sex><cat>3</cat><percent>8.2</percent></prevalence><prevalence><age>89</age><sex>1</sex><cat>1</cat><percent>61.6</percent></prevalence><prevalence><age>89</age><sex>1</sex><cat>2</cat><percent>31.4</percent></prevalence><prevalence><age>89</age><sex>1</sex><cat>3</cat><percent>7.0</percent></prevalence><prevalence><age>90</age><sex>0</sex><cat>1</cat><percent>58.3</percent></prevalence><prevalence><age>90</age><sex>0</sex><cat>2</cat><percent>34.2</percent></prevalence><prevalence><age>90</age><sex>0</sex><cat>3</cat><percent>7.5</percent></prevalence><prevalence><age>90</age><sex>1</sex><cat>1</cat><percent>63.5</percent></prevalence><prevalence><age>90</age><sex>1</sex><cat>2</cat><percent>30.0</percent></prevalence><prevalence><age>90</age><sex>1</sex><cat>3</cat><percent>6.5</percent></prevalence><prevalence><age>91</age><sex>0</sex><cat>1</cat><percent>60.1</percent></prevalence><prevalence><age>91</age><sex>0</sex><cat>2</cat><percent>34.7</percent></prevalence><prevalence><age>91</age><sex>0</sex><cat>3</cat><percent>5.2</percent></prevalence><prevalence><age>91</age><sex>1</sex><cat>1</cat><percent>67.2</percent></prevalence><prevalence><age>91</age><sex>1</sex><cat>2</cat><percent>27.3</percent></prevalence><prevalence><age>91</age><sex>1</sex><cat>3</cat><percent>5.5</percent></prevalence><prevalence><age>92</age><sex>0</sex><cat>1</cat><percent>60.5</percent></prevalence><prevalence><age>92</age><sex>0</sex><cat>2</cat><percent>35.4</percent></prevalence><prevalence><age>92</age><sex>0</sex><cat>3</cat><percent>4.1</percent></prevalence><prevalence><age>92</age><sex>1</sex><cat>1</cat><percent>69.7</percent></prevalence><prevalence><age>92</age><sex>1</sex><cat>2</cat><percent>25.4</percent></prevalence><prevalence><age>92</age><sex>1</sex><cat>3</cat><percent>4.9</percent></prevalence><prevalence><age>93</age><sex>0</sex><cat>1</cat><percent>60.6</percent></prevalence><prevalence><age>93</age><sex>0</sex><cat>2</cat><percent>35.9</percent></prevalence><prevalence><age>93</age><sex>0</sex><cat>3</cat><percent>3.5</percent></prevalence><prevalence><age>93</age><sex>1</sex><cat>1</cat><percent>72.8</percent></prevalence><prevalence><age>93</age><sex>1</sex><cat>2</cat><percent>23.1</percent></prevalence><prevalence><age>93</age><sex>1</sex><cat>3</cat><percent>4.1</percent></prevalence><prevalence><age>94</age><sex>0</sex><cat>1</cat><percent>60.9</percent></prevalence><prevalence><age>94</age><sex>0</sex><cat>2</cat><percent>36.0</percent></prevalence><prevalence><age>94</age><sex>0</sex><cat>3</cat><percent>3.1</percent></prevalence><prevalence><age>94</age><sex>1</sex><cat>1</cat><percent>75.4</percent></prevalence><prevalence><age>94</age><sex>1</sex><cat>2</cat><percent>21.5</percent></prevalence><prevalence><age>94</age><sex>1</sex><cat>3</cat><percent>3.1</percent></prevalence><prevalence><age>95</age><sex>0</sex><cat>1</cat><percent>64.9</percent></prevalence><prevalence><age>95</age><sex>0</sex><cat>2</cat><percent>32.1</percent></prevalence><prevalence><age>95</age><sex>0</sex><cat>3</cat><percent>3.0</percent></prevalence><prevalence><age>95</age><sex>1</sex><cat>1</cat><percent>77.1</percent></prevalence><prevalence><age>95</age><sex>1</sex><cat>2</cat><percent>20.4</percent></prevalence><prevalence><age>95</age><sex>1</sex><cat>3</cat><percent>2.5</percent></prevalence></riskfactorprevalences_categorical>