<?xml version="1.0"?><diseaseincidences><incidence><age>0</age><sex>0</sex><value>0.0</value></incidence><incidence><age>0</age><sex>1</sex><value>0.0</value></incidence><incidence><age>1</age><sex>0</sex><value>0.0</value></incidence><incidence><age>1</age><sex>1</sex><value>0.0</value></incidence><incidence><age>2</age><sex>0</sex><value>0.0</value></incidence><incidence><age>2</age><sex>1</sex><value>0.0</value></incidence><incidence><age>3</age><sex>0</sex><value>0.0</value></incidence><incidence><age>3</age><sex>1</sex><value>0.0</value></incidence><incidence><age>4</age><sex>0</sex><value>0.0</value></incidence><incidence><age>4</age><sex>1</sex><value>0.0</value></incidence><incidence><age>5</age><sex>0</sex><value>0.0</value></incidence><incidence><age>5</age><sex>1</sex><value>0.0</value></incidence><incidence><age>6</age><sex>0</sex><value>0.0</value></incidence><incidence><age>6</age><sex>1</sex><value>0.0</value></incidence><incidence><age>7</age><sex>0</sex><value>0.0</value></incidence><incidence><age>7</age><sex>1</sex><value>0.0</value></incidence><incidence><age>8</age><sex>0</sex><value>0.0</value></incidence><incidence><age>8</age><sex>1</sex><value>0.0</value></incidence><incidence><age>9</age><sex>0</sex><value>0.0</value></incidence><incidence><age>9</age><sex>1</sex><value>0.0</value></incidence><incidence><age>10</age><sex>0</sex><value>0.0</value></incidence><incidence><age>10</age><sex>1</sex><value>0.0</value></incidence><incidence><age>11</age><sex>0</sex><value>0.0</value></incidence><incidence><age>11</age><sex>1</sex><value>0.0</value></incidence><incidence><age>12</age><sex>0</sex><value>0.0</value></incidence><incidence><age>12</age><sex>1</sex><value>0.0</value></incidence><incidence><age>13</age><sex>0</sex><value>0.0</value></incidence><incidence><age>13</age><sex>1</sex><value>0.0</value></incidence><incidence><age>14</age><sex>0</sex><value>0.0</value></incidence><incidence><age>14</age><sex>1</sex><value>0.0</value></incidence><incidence><age>15</age><sex>0</sex><value>2.8E-6</value></incidence><incidence><age>15</age><sex>1</sex><value>7.6E-6</value></incidence><incidence><age>16</age><sex>0</sex><value>3.3E-6</value></incidence><incidence><age>16</age><sex>1</sex><value>8.2E-6</value></incidence><incidence><age>17</age><sex>0</sex><value>3.6E-6</value></incidence><incidence><age>17</age><sex>1</sex><value>8.7E-6</value></incidence><incidence><age>18</age><sex>0</sex><value>3.8E-6</value></incidence><incidence><age>18</age><sex>1</sex><value>9.2E-6</value></incidence><incidence><age>19</age><sex>0</sex><value>3.9E-6</value></incidence><incidence><age>19</age><sex>1</sex><value>9.7E-6</value></incidence><incidence><age>20</age><sex>0</sex><value>4.0E-6</value></incidence><incidence><age>20</age><sex>1</sex><value>1.01E-5</value></incidence><incidence><age>21</age><sex>0</sex><value>4.4E-6</value></incidence><incidence><age>21</age><sex>1</sex><value>1.04E-5</value></incidence><incidence><age>22</age><sex>0</sex><value>5.1E-6</value></incidence><incidence><age>22</age><sex>1</sex><value>1.05E-5</value></incidence><incidence><age>23</age><sex>0</sex><value>6.2E-6</value></incidence><incidence><age>23</age><sex>1</sex><value>1.04E-5</value></incidence><incidence><age>24</age><sex>0</sex><value>7.8E-6</value></incidence><incidence><age>24</age><sex>1</sex><value>1.03E-5</value></incidence><incidence><age>25</age><sex>0</sex><value>9.7E-6</value></incidence><incidence><age>25</age><sex>1</sex><value>1.03E-5</value></incidence><incidence><age>26</age><sex>0</sex><value>1.2E-5</value></incidence><incidence><age>26</age><sex>1</sex><value>1.07E-5</value></incidence><incidence><age>27</age><sex>0</sex><value>1.45E-5</value></incidence><incidence><age>27</age><sex>1</sex><value>1.17E-5</value></incidence><incidence><age>28</age><sex>0</sex><value>1.74E-5</value></incidence><incidence><age>28</age><sex>1</sex><value>1.33E-5</value></incidence><incidence><age>29</age><sex>0</sex><value>2.06E-5</value></incidence><incidence><age>29</age><sex>1</sex><value>1.56E-5</value></incidence><incidence><age>30</age><sex>0</sex><value>2.43E-5</value></incidence><incidence><age>30</age><sex>1</sex><value>1.83E-5</value></incidence><incidence><age>31</age><sex>0</sex><value>2.87E-5</value></incidence><incidence><age>31</age><sex>1</sex><value>2.14E-5</value></incidence><incidence><age>32</age><sex>0</sex><value>3.38E-5</value></incidence><incidence><age>32</age><sex>1</sex><value>2.48E-5</value></incidence><incidence><age>33</age><sex>0</sex><value>3.97E-5</value></incidence><incidence><age>33</age><sex>1</sex><value>2.85E-5</value></incidence><incidence><age>34</age><sex>0</sex><value>4.62E-5</value></incidence><incidence><age>34</age><sex>1</sex><value>3.27E-5</value></incidence><incidence><age>35</age><sex>0</sex><value>5.31E-5</value></incidence><incidence><age>35</age><sex>1</sex><value>3.8E-5</value></incidence><incidence><age>36</age><sex>0</sex><value>6.03E-5</value></incidence><incidence><age>36</age><sex>1</sex><value>4.47E-5</value></incidence><incidence><age>37</age><sex>0</sex><value>6.74E-5</value></incidence><incidence><age>37</age><sex>1</sex><value>5.33E-5</value></incidence><incidence><age>38</age><sex>0</sex><value>7.45E-5</value></incidence><incidence><age>38</age><sex>1</sex><value>6.41E-5</value></incidence><incidence><age>39</age><sex>0</sex><value>8.22E-5</value></incidence><incidence><age>39</age><sex>1</sex><value>7.71E-5</value></incidence><incidence><age>40</age><sex>0</sex><value>9.16E-5</value></incidence><incidence><age>40</age><sex>1</sex><value>9.21E-5</value></incidence><incidence><age>41</age><sex>0</sex><value>1.04E-4</value></incidence><incidence><age>41</age><sex>1</sex><value>1.09E-4</value></incidence><incidence><age>42</age><sex>0</sex><value>1.19E-4</value></incidence><incidence><age>42</age><sex>1</sex><value>1.27E-4</value></incidence><incidence><age>43</age><sex>0</sex><value>1.39E-4</value></incidence><incidence><age>43</age><sex>1</sex><value>1.47E-4</value></incidence><incidence><age>44</age><sex>0</sex><value>1.63E-4</value></incidence><incidence><age>44</age><sex>1</sex><value>1.68E-4</value></incidence><incidence><age>45</age><sex>0</sex><value>1.92E-4</value></incidence><incidence><age>45</age><sex>1</sex><value>1.91E-4</value></incidence><incidence><age>46</age><sex>0</sex><value>2.24E-4</value></incidence><incidence><age>46</age><sex>1</sex><value>2.15E-4</value></incidence><incidence><age>47</age><sex>0</sex><value>2.61E-4</value></incidence><incidence><age>47</age><sex>1</sex><value>2.41E-4</value></incidence><incidence><age>48</age><sex>0</sex><value>3.02E-4</value></incidence><incidence><age>48</age><sex>1</sex><value>2.68E-4</value></incidence><incidence><age>49</age><sex>0</sex><value>3.48E-4</value></incidence><incidence><age>49</age><sex>1</sex><value>2.97E-4</value></incidence><incidence><age>50</age><sex>0</sex><value>4.01E-4</value></incidence><incidence><age>50</age><sex>1</sex><value>3.3E-4</value></incidence><incidence><age>51</age><sex>0</sex><value>4.63E-4</value></incidence><incidence><age>51</age><sex>1</sex><value>3.66E-4</value></incidence><incidence><age>52</age><sex>0</sex><value>5.35E-4</value></incidence><incidence><age>52</age><sex>1</sex><value>4.07E-4</value></incidence><incidence><age>53</age><sex>0</sex><value>6.19E-4</value></incidence><incidence><age>53</age><sex>1</sex><value>4.53E-4</value></incidence><incidence><age>54</age><sex>0</sex><value>7.1E-4</value></incidence><incidence><age>54</age><sex>1</sex><value>5.04E-4</value></incidence><incidence><age>55</age><sex>0</sex><value>8.07E-4</value></incidence><incidence><age>55</age><sex>1</sex><value>5.57E-4</value></incidence><incidence><age>56</age><sex>0</sex><value>9.04E-4</value></incidence><incidence><age>56</age><sex>1</sex><value>6.14E-4</value></incidence><incidence><age>57</age><sex>0</sex><value>0.0010</value></incidence><incidence><age>57</age><sex>1</sex><value>6.72E-4</value></incidence><incidence><age>58</age><sex>0</sex><value>0.001092</value></incidence><incidence><age>58</age><sex>1</sex><value>7.3E-4</value></incidence><incidence><age>59</age><sex>0</sex><value>0.001184</value></incidence><incidence><age>59</age><sex>1</sex><value>7.89E-4</value></incidence><incidence><age>60</age><sex>0</sex><value>0.001283</value></incidence><incidence><age>60</age><sex>1</sex><value>8.51E-4</value></incidence><incidence><age>61</age><sex>0</sex><value>0.001395</value></incidence><incidence><age>61</age><sex>1</sex><value>9.15E-4</value></incidence><incidence><age>62</age><sex>0</sex><value>0.001525</value></incidence><incidence><age>62</age><sex>1</sex><value>9.82E-4</value></incidence><incidence><age>63</age><sex>0</sex><value>0.001679</value></incidence><incidence><age>63</age><sex>1</sex><value>0.001053</value></incidence><incidence><age>64</age><sex>0</sex><value>0.001852</value></incidence><incidence><age>64</age><sex>1</sex><value>0.001128</value></incidence><incidence><age>65</age><sex>0</sex><value>0.002038</value></incidence><incidence><age>65</age><sex>1</sex><value>0.001207</value></incidence><incidence><age>66</age><sex>0</sex><value>0.002232</value></incidence><incidence><age>66</age><sex>1</sex><value>0.001291</value></incidence><incidence><age>67</age><sex>0</sex><value>0.002428</value></incidence><incidence><age>67</age><sex>1</sex><value>0.001378</value></incidence><incidence><age>68</age><sex>0</sex><value>0.002621</value></incidence><incidence><age>68</age><sex>1</sex><value>0.001469</value></incidence><incidence><age>69</age><sex>0</sex><value>0.002809</value></incidence><incidence><age>69</age><sex>1</sex><value>0.001566</value></incidence><incidence><age>70</age><sex>0</sex><value>0.002992</value></incidence><incidence><age>70</age><sex>1</sex><value>0.001669</value></incidence><incidence><age>71</age><sex>0</sex><value>0.00317</value></incidence><incidence><age>71</age><sex>1</sex><value>0.001781</value></incidence><incidence><age>72</age><sex>0</sex><value>0.003341</value></incidence><incidence><age>72</age><sex>1</sex><value>0.001902</value></incidence><incidence><age>73</age><sex>0</sex><value>0.003506</value></incidence><incidence><age>73</age><sex>1</sex><value>0.002034</value></incidence><incidence><age>74</age><sex>0</sex><value>0.003671</value></incidence><incidence><age>74</age><sex>1</sex><value>0.002176</value></incidence><incidence><age>75</age><sex>0</sex><value>0.003843</value></incidence><incidence><age>75</age><sex>1</sex><value>0.002326</value></incidence><incidence><age>76</age><sex>0</sex><value>0.004028</value></incidence><incidence><age>76</age><sex>1</sex><value>0.002484</value></incidence><incidence><age>77</age><sex>0</sex><value>0.004233</value></incidence><incidence><age>77</age><sex>1</sex><value>0.002647</value></incidence><incidence><age>78</age><sex>0</sex><value>0.004461</value></incidence><incidence><age>78</age><sex>1</sex><value>0.002813</value></incidence><incidence><age>79</age><sex>0</sex><value>0.004698</value></incidence><incidence><age>79</age><sex>1</sex><value>0.002975</value></incidence><incidence><age>80</age><sex>0</sex><value>0.004927</value></incidence><incidence><age>80</age><sex>1</sex><value>0.003126</value></incidence><incidence><age>81</age><sex>0</sex><value>0.005131</value></incidence><incidence><age>81</age><sex>1</sex><value>0.003257</value></incidence><incidence><age>82</age><sex>0</sex><value>0.005292</value></incidence><incidence><age>82</age><sex>1</sex><value>0.003359</value></incidence><incidence><age>83</age><sex>0</sex><value>0.005398</value></incidence><incidence><age>83</age><sex>1</sex><value>0.003427</value></incidence><incidence><age>84</age><sex>0</sex><value>0.005458</value></incidence><incidence><age>84</age><sex>1</sex><value>0.003466</value></incidence><incidence><age>85</age><sex>0</sex><value>0.005483</value></incidence><incidence><age>85</age><sex>1</sex><value>0.003484</value></incidence><incidence><age>86</age><sex>0</sex><value>0.005486</value></incidence><incidence><age>86</age><sex>1</sex><value>0.003489</value></incidence><incidence><age>87</age><sex>0</sex><value>0.005481</value></incidence><incidence><age>87</age><sex>1</sex><value>0.003488</value></incidence><incidence><age>88</age><sex>0</sex><value>0.005478</value></incidence><incidence><age>88</age><sex>1</sex><value>0.003487</value></incidence><incidence><age>89</age><sex>0</sex><value>0.005478</value></incidence><incidence><age>89</age><sex>1</sex><value>0.003488</value></incidence><incidence><age>90</age><sex>0</sex><value>0.005481</value></incidence><incidence><age>90</age><sex>1</sex><value>0.003489</value></incidence><incidence><age>91</age><sex>0</sex><value>0.005484</value></incidence><incidence><age>91</age><sex>1</sex><value>0.003491</value></incidence><incidence><age>92</age><sex>0</sex><value>0.005488</value></incidence><incidence><age>92</age><sex>1</sex><value>0.003493</value></incidence><incidence><age>93</age><sex>0</sex><value>0.005491</value></incidence><incidence><age>93</age><sex>1</sex><value>0.003494</value></incidence><incidence><age>94</age><sex>0</sex><value>0.005493</value></incidence><incidence><age>94</age><sex>1</sex><value>0.003494</value></incidence><incidence><age>95</age><sex>0</sex><value>0.005495</value></incidence><incidence><age>95</age><sex>1</sex><value>0.003493</value></incidence></diseaseincidences>