<?xml version="1.0"?><diseaseincidences><incidence><age>0</age><sex>0</sex><value>0.0</value></incidence><incidence><age>0</age><sex>1</sex><value>0.0</value></incidence><incidence><age>1</age><sex>0</sex><value>0.0</value></incidence><incidence><age>1</age><sex>1</sex><value>0.0</value></incidence><incidence><age>2</age><sex>0</sex><value>0.0</value></incidence><incidence><age>2</age><sex>1</sex><value>0.0</value></incidence><incidence><age>3</age><sex>0</sex><value>0.0</value></incidence><incidence><age>3</age><sex>1</sex><value>0.0</value></incidence><incidence><age>4</age><sex>0</sex><value>0.0</value></incidence><incidence><age>4</age><sex>1</sex><value>0.0</value></incidence><incidence><age>5</age><sex>0</sex><value>0.0</value></incidence><incidence><age>5</age><sex>1</sex><value>0.0</value></incidence><incidence><age>6</age><sex>0</sex><value>0.0</value></incidence><incidence><age>6</age><sex>1</sex><value>0.0</value></incidence><incidence><age>7</age><sex>0</sex><value>0.0</value></incidence><incidence><age>7</age><sex>1</sex><value>0.0</value></incidence><incidence><age>8</age><sex>0</sex><value>0.0</value></incidence><incidence><age>8</age><sex>1</sex><value>0.0</value></incidence><incidence><age>9</age><sex>0</sex><value>0.0</value></incidence><incidence><age>9</age><sex>1</sex><value>0.0</value></incidence><incidence><age>10</age><sex>0</sex><value>0.0</value></incidence><incidence><age>10</age><sex>1</sex><value>0.0</value></incidence><incidence><age>11</age><sex>0</sex><value>0.0</value></incidence><incidence><age>11</age><sex>1</sex><value>0.0</value></incidence><incidence><age>12</age><sex>0</sex><value>0.0</value></incidence><incidence><age>12</age><sex>1</sex><value>0.0</value></incidence><incidence><age>13</age><sex>0</sex><value>0.0</value></incidence><incidence><age>13</age><sex>1</sex><value>0.0</value></incidence><incidence><age>14</age><sex>0</sex><value>0.0</value></incidence><incidence><age>14</age><sex>1</sex><value>0.0</value></incidence><incidence><age>15</age><sex>0</sex><value>1.1E-6</value></incidence><incidence><age>15</age><sex>1</sex><value>6.0E-7</value></incidence><incidence><age>16</age><sex>0</sex><value>1.1E-6</value></incidence><incidence><age>16</age><sex>1</sex><value>8.0E-7</value></incidence><incidence><age>17</age><sex>0</sex><value>1.1E-6</value></incidence><incidence><age>17</age><sex>1</sex><value>9.0E-7</value></incidence><incidence><age>18</age><sex>0</sex><value>1.2E-6</value></incidence><incidence><age>18</age><sex>1</sex><value>1.0E-6</value></incidence><incidence><age>19</age><sex>0</sex><value>1.4E-6</value></incidence><incidence><age>19</age><sex>1</sex><value>1.0E-6</value></incidence><incidence><age>20</age><sex>0</sex><value>1.6E-6</value></incidence><incidence><age>20</age><sex>1</sex><value>1.0E-6</value></incidence><incidence><age>21</age><sex>0</sex><value>1.8E-6</value></incidence><incidence><age>21</age><sex>1</sex><value>1.1E-6</value></incidence><incidence><age>22</age><sex>0</sex><value>2.0E-6</value></incidence><incidence><age>22</age><sex>1</sex><value>1.2E-6</value></incidence><incidence><age>23</age><sex>0</sex><value>2.3E-6</value></incidence><incidence><age>23</age><sex>1</sex><value>1.4E-6</value></incidence><incidence><age>24</age><sex>0</sex><value>2.6E-6</value></incidence><incidence><age>24</age><sex>1</sex><value>1.8E-6</value></incidence><incidence><age>25</age><sex>0</sex><value>2.9E-6</value></incidence><incidence><age>25</age><sex>1</sex><value>2.2E-6</value></incidence><incidence><age>26</age><sex>0</sex><value>3.3E-6</value></incidence><incidence><age>26</age><sex>1</sex><value>3.0E-6</value></incidence><incidence><age>27</age><sex>0</sex><value>3.9E-6</value></incidence><incidence><age>27</age><sex>1</sex><value>3.9E-6</value></incidence><incidence><age>28</age><sex>0</sex><value>4.7E-6</value></incidence><incidence><age>28</age><sex>1</sex><value>5.3E-6</value></incidence><incidence><age>29</age><sex>0</sex><value>5.6E-6</value></incidence><incidence><age>29</age><sex>1</sex><value>7.1E-6</value></incidence><incidence><age>30</age><sex>0</sex><value>7.0E-6</value></incidence><incidence><age>30</age><sex>1</sex><value>9.6E-6</value></incidence><incidence><age>31</age><sex>0</sex><value>8.8E-6</value></incidence><incidence><age>31</age><sex>1</sex><value>1.29E-5</value></incidence><incidence><age>32</age><sex>0</sex><value>1.11E-5</value></incidence><incidence><age>32</age><sex>1</sex><value>1.73E-5</value></incidence><incidence><age>33</age><sex>0</sex><value>1.4E-5</value></incidence><incidence><age>33</age><sex>1</sex><value>2.3E-5</value></incidence><incidence><age>34</age><sex>0</sex><value>1.78E-5</value></incidence><incidence><age>34</age><sex>1</sex><value>3.0E-5</value></incidence><incidence><age>35</age><sex>0</sex><value>2.26E-5</value></incidence><incidence><age>35</age><sex>1</sex><value>3.87E-5</value></incidence><incidence><age>36</age><sex>0</sex><value>2.87E-5</value></incidence><incidence><age>36</age><sex>1</sex><value>4.91E-5</value></incidence><incidence><age>37</age><sex>0</sex><value>3.63E-5</value></incidence><incidence><age>37</age><sex>1</sex><value>6.15E-5</value></incidence><incidence><age>38</age><sex>0</sex><value>4.55E-5</value></incidence><incidence><age>38</age><sex>1</sex><value>7.61E-5</value></incidence><incidence><age>39</age><sex>0</sex><value>5.68E-5</value></incidence><incidence><age>39</age><sex>1</sex><value>9.3E-5</value></incidence><incidence><age>40</age><sex>0</sex><value>7.05E-5</value></incidence><incidence><age>40</age><sex>1</sex><value>1.13E-4</value></incidence><incidence><age>41</age><sex>0</sex><value>8.69E-5</value></incidence><incidence><age>41</age><sex>1</sex><value>1.35E-4</value></incidence><incidence><age>42</age><sex>0</sex><value>1.06E-4</value></incidence><incidence><age>42</age><sex>1</sex><value>1.6E-4</value></incidence><incidence><age>43</age><sex>0</sex><value>1.29E-4</value></incidence><incidence><age>43</age><sex>1</sex><value>1.89E-4</value></incidence><incidence><age>44</age><sex>0</sex><value>1.56E-4</value></incidence><incidence><age>44</age><sex>1</sex><value>2.19E-4</value></incidence><incidence><age>45</age><sex>0</sex><value>1.87E-4</value></incidence><incidence><age>45</age><sex>1</sex><value>2.51E-4</value></incidence><incidence><age>46</age><sex>0</sex><value>2.23E-4</value></incidence><incidence><age>46</age><sex>1</sex><value>2.82E-4</value></incidence><incidence><age>47</age><sex>0</sex><value>2.64E-4</value></incidence><incidence><age>47</age><sex>1</sex><value>3.12E-4</value></incidence><incidence><age>48</age><sex>0</sex><value>3.11E-4</value></incidence><incidence><age>48</age><sex>1</sex><value>3.41E-4</value></incidence><incidence><age>49</age><sex>0</sex><value>3.65E-4</value></incidence><incidence><age>49</age><sex>1</sex><value>3.69E-4</value></incidence><incidence><age>50</age><sex>0</sex><value>4.28E-4</value></incidence><incidence><age>50</age><sex>1</sex><value>3.97E-4</value></incidence><incidence><age>51</age><sex>0</sex><value>5.02E-4</value></incidence><incidence><age>51</age><sex>1</sex><value>4.28E-4</value></incidence><incidence><age>52</age><sex>0</sex><value>5.88E-4</value></incidence><incidence><age>52</age><sex>1</sex><value>4.61E-4</value></incidence><incidence><age>53</age><sex>0</sex><value>6.88E-4</value></incidence><incidence><age>53</age><sex>1</sex><value>5.0E-4</value></incidence><incidence><age>54</age><sex>0</sex><value>7.99E-4</value></incidence><incidence><age>54</age><sex>1</sex><value>5.41E-4</value></incidence><incidence><age>55</age><sex>0</sex><value>9.19E-4</value></incidence><incidence><age>55</age><sex>1</sex><value>5.84E-4</value></incidence><incidence><age>56</age><sex>0</sex><value>0.001047</value></incidence><incidence><age>56</age><sex>1</sex><value>6.26E-4</value></incidence><incidence><age>57</age><sex>0</sex><value>0.001178</value></incidence><incidence><age>57</age><sex>1</sex><value>6.67E-4</value></incidence><incidence><age>58</age><sex>0</sex><value>0.001313</value></incidence><incidence><age>58</age><sex>1</sex><value>7.04E-4</value></incidence><incidence><age>59</age><sex>0</sex><value>0.001458</value></incidence><incidence><age>59</age><sex>1</sex><value>7.41E-4</value></incidence><incidence><age>60</age><sex>0</sex><value>0.001624</value></incidence><incidence><age>60</age><sex>1</sex><value>7.79E-4</value></incidence><incidence><age>61</age><sex>0</sex><value>0.001818</value></incidence><incidence><age>61</age><sex>1</sex><value>8.22E-4</value></incidence><incidence><age>62</age><sex>0</sex><value>0.002051</value></incidence><incidence><age>62</age><sex>1</sex><value>8.7E-4</value></incidence><incidence><age>63</age><sex>0</sex><value>0.002327</value></incidence><incidence><age>63</age><sex>1</sex><value>9.27E-4</value></incidence><incidence><age>64</age><sex>0</sex><value>0.002641</value></incidence><incidence><age>64</age><sex>1</sex><value>9.88E-4</value></incidence><incidence><age>65</age><sex>0</sex><value>0.002981</value></incidence><incidence><age>65</age><sex>1</sex><value>0.001049</value></incidence><incidence><age>66</age><sex>0</sex><value>0.003337</value></incidence><incidence><age>66</age><sex>1</sex><value>0.001106</value></incidence><incidence><age>67</age><sex>0</sex><value>0.003699</value></incidence><incidence><age>67</age><sex>1</sex><value>0.001155</value></incidence><incidence><age>68</age><sex>0</sex><value>0.004057</value></incidence><incidence><age>68</age><sex>1</sex><value>0.001192</value></incidence><incidence><age>69</age><sex>0</sex><value>0.004408</value></incidence><incidence><age>69</age><sex>1</sex><value>0.001216</value></incidence><incidence><age>70</age><sex>0</sex><value>0.004748</value></incidence><incidence><age>70</age><sex>1</sex><value>0.001229</value></incidence><incidence><age>71</age><sex>0</sex><value>0.005073</value></incidence><incidence><age>71</age><sex>1</sex><value>0.001229</value></incidence><incidence><age>72</age><sex>0</sex><value>0.00538</value></incidence><incidence><age>72</age><sex>1</sex><value>0.001218</value></incidence><incidence><age>73</age><sex>0</sex><value>0.005666</value></incidence><incidence><age>73</age><sex>1</sex><value>0.001195</value></incidence><incidence><age>74</age><sex>0</sex><value>0.005931</value></incidence><incidence><age>74</age><sex>1</sex><value>0.001163</value></incidence><incidence><age>75</age><sex>0</sex><value>0.006176</value></incidence><incidence><age>75</age><sex>1</sex><value>0.001122</value></incidence><incidence><age>76</age><sex>0</sex><value>0.006399</value></incidence><incidence><age>76</age><sex>1</sex><value>0.001073</value></incidence><incidence><age>77</age><sex>0</sex><value>0.006601</value></incidence><incidence><age>77</age><sex>1</sex><value>0.001019</value></incidence><incidence><age>78</age><sex>0</sex><value>0.006779</value></incidence><incidence><age>78</age><sex>1</sex><value>9.6E-4</value></incidence><incidence><age>79</age><sex>0</sex><value>0.006916</value></incidence><incidence><age>79</age><sex>1</sex><value>8.97E-4</value></incidence><incidence><age>80</age><sex>0</sex><value>0.00699</value></incidence><incidence><age>80</age><sex>1</sex><value>8.31E-4</value></incidence><incidence><age>81</age><sex>0</sex><value>0.00698</value></incidence><incidence><age>81</age><sex>1</sex><value>7.62E-4</value></incidence><incidence><age>82</age><sex>0</sex><value>0.006866</value></incidence><incidence><age>82</age><sex>1</sex><value>6.91E-4</value></incidence><incidence><age>83</age><sex>0</sex><value>0.006639</value></incidence><incidence><age>83</age><sex>1</sex><value>6.19E-4</value></incidence><incidence><age>84</age><sex>0</sex><value>0.006335</value></incidence><incidence><age>84</age><sex>1</sex><value>5.5E-4</value></incidence><incidence><age>85</age><sex>0</sex><value>0.006006</value></incidence><incidence><age>85</age><sex>1</sex><value>4.87E-4</value></incidence><incidence><age>86</age><sex>0</sex><value>0.0057</value></incidence><incidence><age>86</age><sex>1</sex><value>4.34E-4</value></incidence><incidence><age>87</age><sex>0</sex><value>0.005467</value></incidence><incidence><age>87</age><sex>1</sex><value>3.94E-4</value></incidence><incidence><age>88</age><sex>0</sex><value>0.005343</value></incidence><incidence><age>88</age><sex>1</sex><value>3.7E-4</value></incidence><incidence><age>89</age><sex>0</sex><value>0.005304</value></incidence><incidence><age>89</age><sex>1</sex><value>3.59E-4</value></incidence><incidence><age>90</age><sex>0</sex><value>0.005314</value></incidence><incidence><age>90</age><sex>1</sex><value>3.58E-4</value></incidence><incidence><age>91</age><sex>0</sex><value>0.005336</value></incidence><incidence><age>91</age><sex>1</sex><value>3.62E-4</value></incidence><incidence><age>92</age><sex>0</sex><value>0.005332</value></incidence><incidence><age>92</age><sex>1</sex><value>3.67E-4</value></incidence><incidence><age>93</age><sex>0</sex><value>0.005274</value></incidence><incidence><age>93</age><sex>1</sex><value>3.71E-4</value></incidence><incidence><age>94</age><sex>0</sex><value>0.005165</value></incidence><incidence><age>94</age><sex>1</sex><value>3.72E-4</value></incidence><incidence><age>95</age><sex>0</sex><value>0.004702</value></incidence><incidence><age>95</age><sex>1</sex><value>3.65E-4</value></incidence></diseaseincidences>