<?xml version="1.0"?><diseaseincidences><incidence><age>0</age><sex>0</sex><value>0.0</value></incidence><incidence><age>0</age><sex>1</sex><value>0.0</value></incidence><incidence><age>1</age><sex>0</sex><value>0.0</value></incidence><incidence><age>1</age><sex>1</sex><value>0.0</value></incidence><incidence><age>2</age><sex>0</sex><value>0.0</value></incidence><incidence><age>2</age><sex>1</sex><value>0.0</value></incidence><incidence><age>3</age><sex>0</sex><value>0.0</value></incidence><incidence><age>3</age><sex>1</sex><value>0.0</value></incidence><incidence><age>4</age><sex>0</sex><value>0.0</value></incidence><incidence><age>4</age><sex>1</sex><value>0.0</value></incidence><incidence><age>5</age><sex>0</sex><value>0.0</value></incidence><incidence><age>5</age><sex>1</sex><value>0.0</value></incidence><incidence><age>6</age><sex>0</sex><value>0.0</value></incidence><incidence><age>6</age><sex>1</sex><value>0.0</value></incidence><incidence><age>7</age><sex>0</sex><value>0.0</value></incidence><incidence><age>7</age><sex>1</sex><value>0.0</value></incidence><incidence><age>8</age><sex>0</sex><value>0.0</value></incidence><incidence><age>8</age><sex>1</sex><value>0.0</value></incidence><incidence><age>9</age><sex>0</sex><value>0.0</value></incidence><incidence><age>9</age><sex>1</sex><value>0.0</value></incidence><incidence><age>10</age><sex>0</sex><value>0.0</value></incidence><incidence><age>10</age><sex>1</sex><value>0.0</value></incidence><incidence><age>11</age><sex>0</sex><value>0.0</value></incidence><incidence><age>11</age><sex>1</sex><value>0.0</value></incidence><incidence><age>12</age><sex>0</sex><value>0.0</value></incidence><incidence><age>12</age><sex>1</sex><value>0.0</value></incidence><incidence><age>13</age><sex>0</sex><value>0.0</value></incidence><incidence><age>13</age><sex>1</sex><value>0.0</value></incidence><incidence><age>14</age><sex>0</sex><value>0.0</value></incidence><incidence><age>14</age><sex>1</sex><value>0.0</value></incidence><incidence><age>15</age><sex>0</sex><value>1.8E-6</value></incidence><incidence><age>15</age><sex>1</sex><value>1.1E-6</value></incidence><incidence><age>16</age><sex>0</sex><value>2.0E-6</value></incidence><incidence><age>16</age><sex>1</sex><value>1.1E-6</value></incidence><incidence><age>17</age><sex>0</sex><value>2.2E-6</value></incidence><incidence><age>17</age><sex>1</sex><value>1.1E-6</value></incidence><incidence><age>18</age><sex>0</sex><value>2.5E-6</value></incidence><incidence><age>18</age><sex>1</sex><value>1.2E-6</value></incidence><incidence><age>19</age><sex>0</sex><value>2.8E-6</value></incidence><incidence><age>19</age><sex>1</sex><value>1.3E-6</value></incidence><incidence><age>20</age><sex>0</sex><value>3.1E-6</value></incidence><incidence><age>20</age><sex>1</sex><value>1.5E-6</value></incidence><incidence><age>21</age><sex>0</sex><value>3.5E-6</value></incidence><incidence><age>21</age><sex>1</sex><value>1.8E-6</value></incidence><incidence><age>22</age><sex>0</sex><value>4.0E-6</value></incidence><incidence><age>22</age><sex>1</sex><value>2.3E-6</value></incidence><incidence><age>23</age><sex>0</sex><value>4.5E-6</value></incidence><incidence><age>23</age><sex>1</sex><value>2.9E-6</value></incidence><incidence><age>24</age><sex>0</sex><value>5.2E-6</value></incidence><incidence><age>24</age><sex>1</sex><value>3.6E-6</value></incidence><incidence><age>25</age><sex>0</sex><value>6.1E-6</value></incidence><incidence><age>25</age><sex>1</sex><value>4.2E-6</value></incidence><incidence><age>26</age><sex>0</sex><value>7.3E-6</value></incidence><incidence><age>26</age><sex>1</sex><value>4.9E-6</value></incidence><incidence><age>27</age><sex>0</sex><value>8.9E-6</value></incidence><incidence><age>27</age><sex>1</sex><value>5.4E-6</value></incidence><incidence><age>28</age><sex>0</sex><value>1.08E-5</value></incidence><incidence><age>28</age><sex>1</sex><value>5.8E-6</value></incidence><incidence><age>29</age><sex>0</sex><value>1.35E-5</value></incidence><incidence><age>29</age><sex>1</sex><value>6.2E-6</value></incidence><incidence><age>30</age><sex>0</sex><value>1.71E-5</value></incidence><incidence><age>30</age><sex>1</sex><value>7.1E-6</value></incidence><incidence><age>31</age><sex>0</sex><value>2.2E-5</value></incidence><incidence><age>31</age><sex>1</sex><value>8.7E-6</value></incidence><incidence><age>32</age><sex>0</sex><value>2.85E-5</value></incidence><incidence><age>32</age><sex>1</sex><value>1.14E-5</value></incidence><incidence><age>33</age><sex>0</sex><value>3.69E-5</value></incidence><incidence><age>33</age><sex>1</sex><value>1.52E-5</value></incidence><incidence><age>34</age><sex>0</sex><value>4.8E-5</value></incidence><incidence><age>34</age><sex>1</sex><value>1.99E-5</value></incidence><incidence><age>35</age><sex>0</sex><value>6.25E-5</value></incidence><incidence><age>35</age><sex>1</sex><value>2.49E-5</value></incidence><incidence><age>36</age><sex>0</sex><value>8.12E-5</value></incidence><incidence><age>36</age><sex>1</sex><value>2.98E-5</value></incidence><incidence><age>37</age><sex>0</sex><value>1.05E-4</value></incidence><incidence><age>37</age><sex>1</sex><value>3.41E-5</value></incidence><incidence><age>38</age><sex>0</sex><value>1.34E-4</value></incidence><incidence><age>38</age><sex>1</sex><value>3.75E-5</value></incidence><incidence><age>39</age><sex>0</sex><value>1.69E-4</value></incidence><incidence><age>39</age><sex>1</sex><value>4.06E-5</value></incidence><incidence><age>40</age><sex>0</sex><value>2.1E-4</value></incidence><incidence><age>40</age><sex>1</sex><value>4.41E-5</value></incidence><incidence><age>41</age><sex>0</sex><value>2.56E-4</value></incidence><incidence><age>41</age><sex>1</sex><value>4.86E-5</value></incidence><incidence><age>42</age><sex>0</sex><value>3.08E-4</value></incidence><incidence><age>42</age><sex>1</sex><value>5.51E-5</value></incidence><incidence><age>43</age><sex>0</sex><value>3.66E-4</value></incidence><incidence><age>43</age><sex>1</sex><value>6.4E-5</value></incidence><incidence><age>44</age><sex>0</sex><value>4.31E-4</value></incidence><incidence><age>44</age><sex>1</sex><value>7.48E-5</value></incidence><incidence><age>45</age><sex>0</sex><value>5.04E-4</value></incidence><incidence><age>45</age><sex>1</sex><value>8.67E-5</value></incidence><incidence><age>46</age><sex>0</sex><value>5.87E-4</value></incidence><incidence><age>46</age><sex>1</sex><value>9.91E-5</value></incidence><incidence><age>47</age><sex>0</sex><value>6.8E-4</value></incidence><incidence><age>47</age><sex>1</sex><value>1.11E-4</value></incidence><incidence><age>48</age><sex>0</sex><value>7.85E-4</value></incidence><incidence><age>48</age><sex>1</sex><value>1.22E-4</value></incidence><incidence><age>49</age><sex>0</sex><value>9.0E-4</value></incidence><incidence><age>49</age><sex>1</sex><value>1.33E-4</value></incidence><incidence><age>50</age><sex>0</sex><value>0.00102</value></incidence><incidence><age>50</age><sex>1</sex><value>1.43E-4</value></incidence><incidence><age>51</age><sex>0</sex><value>0.001145</value></incidence><incidence><age>51</age><sex>1</sex><value>1.52E-4</value></incidence><incidence><age>52</age><sex>0</sex><value>0.00127</value></incidence><incidence><age>52</age><sex>1</sex><value>1.61E-4</value></incidence><incidence><age>53</age><sex>0</sex><value>0.001394</value></incidence><incidence><age>53</age><sex>1</sex><value>1.7E-4</value></incidence><incidence><age>54</age><sex>0</sex><value>0.001516</value></incidence><incidence><age>54</age><sex>1</sex><value>1.79E-4</value></incidence><incidence><age>55</age><sex>0</sex><value>0.001639</value></incidence><incidence><age>55</age><sex>1</sex><value>1.88E-4</value></incidence><incidence><age>56</age><sex>0</sex><value>0.001762</value></incidence><incidence><age>56</age><sex>1</sex><value>1.98E-4</value></incidence><incidence><age>57</age><sex>0</sex><value>0.001887</value></incidence><incidence><age>57</age><sex>1</sex><value>2.09E-4</value></incidence><incidence><age>58</age><sex>0</sex><value>0.002013</value></incidence><incidence><age>58</age><sex>1</sex><value>2.21E-4</value></incidence><incidence><age>59</age><sex>0</sex><value>0.002139</value></incidence><incidence><age>59</age><sex>1</sex><value>2.34E-4</value></incidence><incidence><age>60</age><sex>0</sex><value>0.002258</value></incidence><incidence><age>60</age><sex>1</sex><value>2.48E-4</value></incidence><incidence><age>61</age><sex>0</sex><value>0.002366</value></incidence><incidence><age>61</age><sex>1</sex><value>2.62E-4</value></incidence><incidence><age>62</age><sex>0</sex><value>0.00246</value></incidence><incidence><age>62</age><sex>1</sex><value>2.78E-4</value></incidence><incidence><age>63</age><sex>0</sex><value>0.002535</value></incidence><incidence><age>63</age><sex>1</sex><value>2.94E-4</value></incidence><incidence><age>64</age><sex>0</sex><value>0.002592</value></incidence><incidence><age>64</age><sex>1</sex><value>3.11E-4</value></incidence><incidence><age>65</age><sex>0</sex><value>0.002633</value></incidence><incidence><age>65</age><sex>1</sex><value>3.28E-4</value></incidence><incidence><age>66</age><sex>0</sex><value>0.002659</value></incidence><incidence><age>66</age><sex>1</sex><value>3.45E-4</value></incidence><incidence><age>67</age><sex>0</sex><value>0.002672</value></incidence><incidence><age>67</age><sex>1</sex><value>3.61E-4</value></incidence><incidence><age>68</age><sex>0</sex><value>0.002673</value></incidence><incidence><age>68</age><sex>1</sex><value>3.77E-4</value></incidence><incidence><age>69</age><sex>0</sex><value>0.002662</value></incidence><incidence><age>69</age><sex>1</sex><value>3.92E-4</value></incidence><incidence><age>70</age><sex>0</sex><value>0.002641</value></incidence><incidence><age>70</age><sex>1</sex><value>4.06E-4</value></incidence><incidence><age>71</age><sex>0</sex><value>0.002611</value></incidence><incidence><age>71</age><sex>1</sex><value>4.2E-4</value></incidence><incidence><age>72</age><sex>0</sex><value>0.002571</value></incidence><incidence><age>72</age><sex>1</sex><value>4.31E-4</value></incidence><incidence><age>73</age><sex>0</sex><value>0.002522</value></incidence><incidence><age>73</age><sex>1</sex><value>4.42E-4</value></incidence><incidence><age>74</age><sex>0</sex><value>0.002464</value></incidence><incidence><age>74</age><sex>1</sex><value>4.51E-4</value></incidence><incidence><age>75</age><sex>0</sex><value>0.002395</value></incidence><incidence><age>75</age><sex>1</sex><value>4.6E-4</value></incidence><incidence><age>76</age><sex>0</sex><value>0.002312</value></incidence><incidence><age>76</age><sex>1</sex><value>4.68E-4</value></incidence><incidence><age>77</age><sex>0</sex><value>0.002216</value></incidence><incidence><age>77</age><sex>1</sex><value>4.78E-4</value></incidence><incidence><age>78</age><sex>0</sex><value>0.002106</value></incidence><incidence><age>78</age><sex>1</sex><value>4.88E-4</value></incidence><incidence><age>79</age><sex>0</sex><value>0.001987</value></incidence><incidence><age>79</age><sex>1</sex><value>4.97E-4</value></incidence><incidence><age>80</age><sex>0</sex><value>0.001864</value></incidence><incidence><age>80</age><sex>1</sex><value>5.03E-4</value></incidence><incidence><age>81</age><sex>0</sex><value>0.001743</value></incidence><incidence><age>81</age><sex>1</sex><value>5.03E-4</value></incidence><incidence><age>82</age><sex>0</sex><value>0.001631</value></incidence><incidence><age>82</age><sex>1</sex><value>4.95E-4</value></incidence><incidence><age>83</age><sex>0</sex><value>0.001532</value></incidence><incidence><age>83</age><sex>1</sex><value>4.78E-4</value></incidence><incidence><age>84</age><sex>0</sex><value>0.001448</value></incidence><incidence><age>84</age><sex>1</sex><value>4.55E-4</value></incidence><incidence><age>85</age><sex>0</sex><value>0.001378</value></incidence><incidence><age>85</age><sex>1</sex><value>4.29E-4</value></incidence><incidence><age>86</age><sex>0</sex><value>0.001322</value></incidence><incidence><age>86</age><sex>1</sex><value>4.04E-4</value></incidence><incidence><age>87</age><sex>0</sex><value>0.001282</value></incidence><incidence><age>87</age><sex>1</sex><value>3.83E-4</value></incidence><incidence><age>88</age><sex>0</sex><value>0.001256</value></incidence><incidence><age>88</age><sex>1</sex><value>3.7E-4</value></incidence><incidence><age>89</age><sex>0</sex><value>0.001242</value></incidence><incidence><age>89</age><sex>1</sex><value>3.64E-4</value></incidence><incidence><age>90</age><sex>0</sex><value>0.001237</value></incidence><incidence><age>90</age><sex>1</sex><value>3.62E-4</value></incidence><incidence><age>91</age><sex>0</sex><value>0.001237</value></incidence><incidence><age>91</age><sex>1</sex><value>3.63E-4</value></incidence><incidence><age>92</age><sex>0</sex><value>0.001239</value></incidence><incidence><age>92</age><sex>1</sex><value>3.65E-4</value></incidence><incidence><age>93</age><sex>0</sex><value>0.001242</value></incidence><incidence><age>93</age><sex>1</sex><value>3.67E-4</value></incidence><incidence><age>94</age><sex>0</sex><value>0.001243</value></incidence><incidence><age>94</age><sex>1</sex><value>3.68E-4</value></incidence><incidence><age>95</age><sex>0</sex><value>0.001244</value></incidence><incidence><age>95</age><sex>1</sex><value>3.68E-4</value></incidence></diseaseincidences>