<?xml version="1.0" encoding="UTF-8" standalone="no"?><attributableMortalities><attributableMortality><age>0</age><sex>0</sex><value>0.0</value></attributableMortality><attributableMortality><age>0</age><sex>1</sex><value>0.0</value></attributableMortality><attributableMortality><age>1</age><sex>0</sex><value>0.0</value></attributableMortality><attributableMortality><age>1</age><sex>1</sex><value>0.0</value></attributableMortality><attributableMortality><age>2</age><sex>0</sex><value>0.0</value></attributableMortality><attributableMortality><age>2</age><sex>1</sex><value>0.0</value></attributableMortality><attributableMortality><age>3</age><sex>0</sex><value>0.0</value></attributableMortality><attributableMortality><age>3</age><sex>1</sex><value>0.0</value></attributableMortality><attributableMortality><age>4</age><sex>0</sex><value>0.0</value></attributableMortality><attributableMortality><age>4</age><sex>1</sex><value>0.0</value></attributableMortality><attributableMortality><age>5</age><sex>0</sex><value>0.0</value></attributableMortality><attributableMortality><age>5</age><sex>1</sex><value>0.0</value></attributableMortality><attributableMortality><age>6</age><sex>0</sex><value>0.0</value></attributableMortality><attributableMortality><age>6</age><sex>1</sex><value>0.0</value></attributableMortality><attributableMortality><age>7</age><sex>0</sex><value>0.0</value></attributableMortality><attributableMortality><age>7</age><sex>1</sex><value>0.0</value></attributableMortality><attributableMortality><age>8</age><sex>0</sex><value>0.0</value></attributableMortality><attributableMortality><age>8</age><sex>1</sex><value>0.0</value></attributableMortality><attributableMortality><age>9</age><sex>0</sex><value>0.0</value></attributableMortality><attributableMortality><age>9</age><sex>1</sex><value>0.0</value></attributableMortality><attributableMortality><age>10</age><sex>0</sex><value>0.0</value></attributableMortality><attributableMortality><age>10</age><sex>1</sex><value>0.0</value></attributableMortality><attributableMortality><age>11</age><sex>0</sex><value>0.0</value></attributableMortality><attributableMortality><age>11</age><sex>1</sex><value>0.0</value></attributableMortality><attributableMortality><age>12</age><sex>0</sex><value>0.0</value></attributableMortality><attributableMortality><age>12</age><sex>1</sex><value>0.0</value></attributableMortality><attributableMortality><age>13</age><sex>0</sex><value>0.0</value></attributableMortality><attributableMortality><age>13</age><sex>1</sex><value>0.0</value></attributableMortality><attributableMortality><age>14</age><sex>0</sex><value>0.0</value></attributableMortality><attributableMortality><age>14</age><sex>1</sex><value>0.0</value></attributableMortality><attributableMortality><age>15</age><sex>0</sex><value>8.93E-5</value></attributableMortality><attributableMortality><age>15</age><sex>1</sex><value>0.0</value></attributableMortality><attributableMortality><age>16</age><sex>0</sex><value>7.612999E-4</value></attributableMortality><attributableMortality><age>16</age><sex>1</sex><value>0.0010750002</value></attributableMortality><attributableMortality><age>17</age><sex>0</sex><value>0.0020388</value></attributableMortality><attributableMortality><age>17</age><sex>1</sex><value>0.003385</value></attributableMortality><attributableMortality><age>18</age><sex>0</sex><value>0.0040438995</value></attributableMortality><attributableMortality><age>18</age><sex>1</sex><value>0.007031</value></attributableMortality><attributableMortality><age>19</age><sex>0</sex><value>0.0067048</value></attributableMortality><attributableMortality><age>19</age><sex>1</sex><value>0.011615</value></attributableMortality><attributableMortality><age>20</age><sex>0</sex><value>0.009901201</value></attributableMortality><attributableMortality><age>20</age><sex>1</sex><value>0.016593</value></attributableMortality><attributableMortality><age>21</age><sex>0</sex><value>0.013512599</value></attributableMortality><attributableMortality><age>21</age><sex>1</sex><value>0.021421</value></attributableMortality><attributableMortality><age>22</age><sex>0</sex><value>0.0174187</value></attributableMortality><attributableMortality><age>22</age><sex>1</sex><value>0.025557</value></attributableMortality><attributableMortality><age>23</age><sex>0</sex><value>0.021483703</value></attributableMortality><attributableMortality><age>23</age><sex>1</sex><value>0.028597001</value></attributableMortality><attributableMortality><age>24</age><sex>0</sex><value>0.025509898</value></attributableMortality><attributableMortality><age>24</age><sex>1</sex><value>0.030706</value></attributableMortality><attributableMortality><age>25</age><sex>0</sex><value>0.029284097</value></attributableMortality><attributableMortality><age>25</age><sex>1</sex><value>0.032185</value></attributableMortality><attributableMortality><age>26</age><sex>0</sex><value>0.0325932</value></attributableMortality><attributableMortality><age>26</age><sex>1</sex><value>0.03334</value></attributableMortality><attributableMortality><age>27</age><sex>0</sex><value>0.0352241</value></attributableMortality><attributableMortality><age>27</age><sex>1</sex><value>0.034473997</value></attributableMortality><attributableMortality><age>28</age><sex>0</sex><value>0.037020203</value></attributableMortality><attributableMortality><age>28</age><sex>1</sex><value>0.035813</value></attributableMortality><attributableMortality><age>29</age><sex>0</sex><value>0.038052198</value></attributableMortality><attributableMortality><age>29</age><sex>1</sex><value>0.037277</value></attributableMortality><attributableMortality><age>30</age><sex>0</sex><value>0.038447395</value></attributableMortality><attributableMortality><age>30</age><sex>1</sex><value>0.038705</value></attributableMortality><attributableMortality><age>31</age><sex>0</sex><value>0.038333304</value></attributableMortality><attributableMortality><age>31</age><sex>1</sex><value>0.039938003</value></attributableMortality><attributableMortality><age>32</age><sex>0</sex><value>0.037837196</value></attributableMortality><attributableMortality><age>32</age><sex>1</sex><value>0.040819</value></attributableMortality><attributableMortality><age>33</age><sex>0</sex><value>0.0370847</value></attributableMortality><attributableMortality><age>33</age><sex>1</sex><value>0.041246995</value></attributableMortality><attributableMortality><age>34</age><sex>0</sex><value>0.0361953</value></attributableMortality><attributableMortality><age>34</age><sex>1</sex><value>0.041366</value></attributableMortality><attributableMortality><age>35</age><sex>0</sex><value>0.035286605</value></attributableMortality><attributableMortality><age>35</age><sex>1</sex><value>0.041378</value></attributableMortality><attributableMortality><age>36</age><sex>0</sex><value>0.0344764</value></attributableMortality><attributableMortality><age>36</age><sex>1</sex><value>0.041486</value></attributableMortality><attributableMortality><age>37</age><sex>0</sex><value>0.033882394</value></attributableMortality><attributableMortality><age>37</age><sex>1</sex><value>0.041893</value></attributableMortality><attributableMortality><age>38</age><sex>0</sex><value>0.0336395</value></attributableMortality><attributableMortality><age>38</age><sex>1</sex><value>0.042745</value></attributableMortality><attributableMortality><age>39</age><sex>0</sex><value>0.0339517</value></attributableMortality><attributableMortality><age>39</age><sex>1</sex><value>0.043967</value></attributableMortality><attributableMortality><age>40</age><sex>0</sex><value>0.035040002</value></attributableMortality><attributableMortality><age>40</age><sex>1</sex><value>0.045429</value></attributableMortality><attributableMortality><age>41</age><sex>0</sex><value>0.0371257</value></attributableMortality><attributableMortality><age>41</age><sex>1</sex><value>0.046998</value></attributableMortality><attributableMortality><age>42</age><sex>0</sex><value>0.0404299</value></attributableMortality><attributableMortality><age>42</age><sex>1</sex><value>0.048545003</value></attributableMortality><attributableMortality><age>43</age><sex>0</sex><value>0.0450321</value></attributableMortality><attributableMortality><age>43</age><sex>1</sex><value>0.049966</value></attributableMortality><attributableMortality><age>44</age><sex>0</sex><value>0.050445296</value></attributableMortality><attributableMortality><age>44</age><sex>1</sex><value>0.051273998</value></attributableMortality><attributableMortality><age>45</age><sex>0</sex><value>0.0560408</value></attributableMortality><attributableMortality><age>45</age><sex>1</sex><value>0.052512</value></attributableMortality><attributableMortality><age>46</age><sex>0</sex><value>0.061189897</value></attributableMortality><attributableMortality><age>46</age><sex>1</sex><value>0.05372</value></attributableMortality><attributableMortality><age>47</age><sex>0</sex><value>0.065264</value></attributableMortality><attributableMortality><age>47</age><sex>1</sex><value>0.054939996</value></attributableMortality><attributableMortality><age>48</age><sex>0</sex><value>0.067799896</value></attributableMortality><attributableMortality><age>48</age><sex>1</sex><value>0.056187995</value></attributableMortality><attributableMortality><age>49</age><sex>0</sex><value>0.0689966</value></attributableMortality><attributableMortality><age>49</age><sex>1</sex><value>0.057372</value></attributableMortality><attributableMortality><age>50</age><sex>0</sex><value>0.0692188</value></attributableMortality><attributableMortality><age>50</age><sex>1</sex><value>0.058372</value></attributableMortality><attributableMortality><age>51</age><sex>0</sex><value>0.06883091</value></attributableMortality><attributableMortality><age>51</age><sex>1</sex><value>0.059071995</value></attributableMortality><attributableMortality><age>52</age><sex>0</sex><value>0.0681976</value></attributableMortality><attributableMortality><age>52</age><sex>1</sex><value>0.059351996</value></attributableMortality><attributableMortality><age>53</age><sex>0</sex><value>0.0676198</value></attributableMortality><attributableMortality><age>53</age><sex>1</sex><value>0.059134</value></attributableMortality><attributableMortality><age>54</age><sex>0</sex><value>0.0671446</value></attributableMortality><attributableMortality><age>54</age><sex>1</sex><value>0.058493</value></attributableMortality><attributableMortality><age>55</age><sex>0</sex><value>0.066755295</value></attributableMortality><attributableMortality><age>55</age><sex>1</sex><value>0.057546</value></attributableMortality><attributableMortality><age>56</age><sex>0</sex><value>0.0664353</value></attributableMortality><attributableMortality><age>56</age><sex>1</sex><value>0.056408</value></attributableMortality><attributableMortality><age>57</age><sex>0</sex><value>0.0661681</value></attributableMortality><attributableMortality><age>57</age><sex>1</sex><value>0.055193998</value></attributableMortality><attributableMortality><age>58</age><sex>0</sex><value>0.0659357</value></attributableMortality><attributableMortality><age>58</age><sex>1</sex><value>0.054002</value></attributableMortality><attributableMortality><age>59</age><sex>0</sex><value>0.065714</value></attributableMortality><attributableMortality><age>59</age><sex>1</sex><value>0.052861005</value></attributableMortality><attributableMortality><age>60</age><sex>0</sex><value>0.0654776</value></attributableMortality><attributableMortality><age>60</age><sex>1</sex><value>0.051780995</value></attributableMortality><attributableMortality><age>61</age><sex>0</sex><value>0.0652012</value></attributableMortality><attributableMortality><age>61</age><sex>1</sex><value>0.050773</value></attributableMortality><attributableMortality><age>62</age><sex>0</sex><value>0.064859405</value></attributableMortality><attributableMortality><age>62</age><sex>1</sex><value>0.049847003</value></attributableMortality><attributableMortality><age>63</age><sex>0</sex><value>0.064432405</value></attributableMortality><attributableMortality><age>63</age><sex>1</sex><value>0.049021</value></attributableMortality><attributableMortality><age>64</age><sex>0</sex><value>0.0639238</value></attributableMortality><attributableMortality><age>64</age><sex>1</sex><value>0.048338</value></attributableMortality><attributableMortality><age>65</age><sex>0</sex><value>0.06334289</value></attributableMortality><attributableMortality><age>65</age><sex>1</sex><value>0.047848996</value></attributableMortality><attributableMortality><age>66</age><sex>0</sex><value>0.062699</value></attributableMortality><attributableMortality><age>66</age><sex>1</sex><value>0.047602</value></attributableMortality><attributableMortality><age>67</age><sex>0</sex><value>0.062001195</value></attributableMortality><attributableMortality><age>67</age><sex>1</sex><value>0.047648</value></attributableMortality><attributableMortality><age>68</age><sex>0</sex><value>0.061267003</value></attributableMortality><attributableMortality><age>68</age><sex>1</sex><value>0.048008</value></attributableMortality><attributableMortality><age>69</age><sex>0</sex><value>0.060546003</value></attributableMortality><attributableMortality><age>69</age><sex>1</sex><value>0.048597</value></attributableMortality><attributableMortality><age>70</age><sex>0</sex><value>0.0598962</value></attributableMortality><attributableMortality><age>70</age><sex>1</sex><value>0.049297</value></attributableMortality><attributableMortality><age>71</age><sex>0</sex><value>0.059375398</value></attributableMortality><attributableMortality><age>71</age><sex>1</sex><value>0.049995</value></attributableMortality><attributableMortality><age>72</age><sex>0</sex><value>0.059041396</value></attributableMortality><attributableMortality><age>72</age><sex>1</sex><value>0.050575</value></attributableMortality><attributableMortality><age>73</age><sex>0</sex><value>0.058946</value></attributableMortality><attributableMortality><age>73</age><sex>1</sex><value>0.050961997</value></attributableMortality><attributableMortality><age>74</age><sex>0</sex><value>0.059116997</value></attributableMortality><attributableMortality><age>74</age><sex>1</sex><value>0.051241</value></attributableMortality><attributableMortality><age>75</age><sex>0</sex><value>0.059575897</value></attributableMortality><attributableMortality><age>75</age><sex>1</sex><value>0.051533997</value></attributableMortality><attributableMortality><age>76</age><sex>0</sex><value>0.060344595</value></attributableMortality><attributableMortality><age>76</age><sex>1</sex><value>0.051967</value></attributableMortality><attributableMortality><age>77</age><sex>0</sex><value>0.0614446</value></attributableMortality><attributableMortality><age>77</age><sex>1</sex><value>0.052663</value></attributableMortality><attributableMortality><age>78</age><sex>0</sex><value>0.06288249</value></attributableMortality><attributableMortality><age>78</age><sex>1</sex><value>0.053741995</value></attributableMortality><attributableMortality><age>79</age><sex>0</sex><value>0.06460479</value></attributableMortality><attributableMortality><age>79</age><sex>1</sex><value>0.055305995</value></attributableMortality><attributableMortality><age>80</age><sex>0</sex><value>0.066542596</value></attributableMortality><attributableMortality><age>80</age><sex>1</sex><value>0.05745099</value></attributableMortality><attributableMortality><age>81</age><sex>0</sex><value>0.06862719</value></attributableMortality><attributableMortality><age>81</age><sex>1</sex><value>0.060276</value></attributableMortality><attributableMortality><age>82</age><sex>0</sex><value>0.0707899</value></attributableMortality><attributableMortality><age>82</age><sex>1</sex><value>0.063877</value></attributableMortality><attributableMortality><age>83</age><sex>0</sex><value>0.072951004</value></attributableMortality><attributableMortality><age>83</age><sex>1</sex><value>0.068265</value></attributableMortality><attributableMortality><age>84</age><sex>0</sex><value>0.07498791</value></attributableMortality><attributableMortality><age>84</age><sex>1</sex><value>0.073098</value></attributableMortality><attributableMortality><age>85</age><sex>0</sex><value>0.0767671</value></attributableMortality><attributableMortality><age>85</age><sex>1</sex><value>0.07794699</value></attributableMortality><attributableMortality><age>86</age><sex>0</sex><value>0.07815499</value></attributableMortality><attributableMortality><age>86</age><sex>1</sex><value>0.082384005</value></attributableMortality><attributableMortality><age>87</age><sex>0</sex><value>0.07901819</value></attributableMortality><attributableMortality><age>87</age><sex>1</sex><value>0.08597999</value></attributableMortality><attributableMortality><age>88</age><sex>0</sex><value>0.07926667</value></attributableMortality><attributableMortality><age>88</age><sex>1</sex><value>0.088424005</value></attributableMortality><attributableMortality><age>89</age><sex>0</sex><value>0.07898509</value></attributableMortality><attributableMortality><age>89</age><sex>1</sex><value>0.08988101</value></attributableMortality><attributableMortality><age>90</age><sex>0</sex><value>0.07830179</value></attributableMortality><attributableMortality><age>90</age><sex>1</sex><value>0.090634994</value></attributableMortality><attributableMortality><age>91</age><sex>0</sex><value>0.077344805</value></attributableMortality><attributableMortality><age>91</age><sex>1</sex><value>0.090967014</value></attributableMortality><attributableMortality><age>92</age><sex>0</sex><value>0.0762424</value></attributableMortality><attributableMortality><age>92</age><sex>1</sex><value>0.091162</value></attributableMortality><attributableMortality><age>93</age><sex>0</sex><value>0.07510786</value></attributableMortality><attributableMortality><age>93</age><sex>1</sex><value>0.09145098</value></attributableMortality><attributableMortality><age>94</age><sex>0</sex><value>0.07399443</value></attributableMortality><attributableMortality><age>94</age><sex>1</sex><value>0.09185297</value></attributableMortality><attributableMortality><age>95</age><sex>0</sex><value>0.071653</value></attributableMortality><attributableMortality><age>95</age><sex>1</sex><value>0.093298025</value></attributableMortality></attributableMortalities>