<?xml version="1.0" encoding="UTF-8" standalone="no"?><attributableMortalities><attributableMortality><age>0</age><sex>0</sex><value>0.0</value></attributableMortality><attributableMortality><age>0</age><sex>1</sex><value>0.0</value></attributableMortality><attributableMortality><age>1</age><sex>0</sex><value>0.0</value></attributableMortality><attributableMortality><age>1</age><sex>1</sex><value>0.0</value></attributableMortality><attributableMortality><age>2</age><sex>0</sex><value>0.0</value></attributableMortality><attributableMortality><age>2</age><sex>1</sex><value>0.0</value></attributableMortality><attributableMortality><age>3</age><sex>0</sex><value>0.0</value></attributableMortality><attributableMortality><age>3</age><sex>1</sex><value>0.0</value></attributableMortality><attributableMortality><age>4</age><sex>0</sex><value>0.0</value></attributableMortality><attributableMortality><age>4</age><sex>1</sex><value>0.0</value></attributableMortality><attributableMortality><age>5</age><sex>0</sex><value>0.0</value></attributableMortality><attributableMortality><age>5</age><sex>1</sex><value>0.0</value></attributableMortality><attributableMortality><age>6</age><sex>0</sex><value>0.0</value></attributableMortality><attributableMortality><age>6</age><sex>1</sex><value>0.0</value></attributableMortality><attributableMortality><age>7</age><sex>0</sex><value>0.0</value></attributableMortality><attributableMortality><age>7</age><sex>1</sex><value>0.0</value></attributableMortality><attributableMortality><age>8</age><sex>0</sex><value>0.0</value></attributableMortality><attributableMortality><age>8</age><sex>1</sex><value>0.0</value></attributableMortality><attributableMortality><age>9</age><sex>0</sex><value>0.0</value></attributableMortality><attributableMortality><age>9</age><sex>1</sex><value>0.0</value></attributableMortality><attributableMortality><age>10</age><sex>0</sex><value>0.0</value></attributableMortality><attributableMortality><age>10</age><sex>1</sex><value>0.0</value></attributableMortality><attributableMortality><age>11</age><sex>0</sex><value>0.0</value></attributableMortality><attributableMortality><age>11</age><sex>1</sex><value>0.0</value></attributableMortality><attributableMortality><age>12</age><sex>0</sex><value>0.0</value></attributableMortality><attributableMortality><age>12</age><sex>1</sex><value>0.0</value></attributableMortality><attributableMortality><age>13</age><sex>0</sex><value>0.0</value></attributableMortality><attributableMortality><age>13</age><sex>1</sex><value>0.0</value></attributableMortality><attributableMortality><age>14</age><sex>0</sex><value>0.0</value></attributableMortality><attributableMortality><age>14</age><sex>1</sex><value>0.0</value></attributableMortality><attributableMortality><age>15</age><sex>0</sex><value>0.0</value></attributableMortality><attributableMortality><age>15</age><sex>1</sex><value>0.0</value></attributableMortality><attributableMortality><age>16</age><sex>0</sex><value>0.0</value></attributableMortality><attributableMortality><age>16</age><sex>1</sex><value>0.001624</value></attributableMortality><attributableMortality><age>17</age><sex>0</sex><value>0.0</value></attributableMortality><attributableMortality><age>17</age><sex>1</sex><value>0.005879</value></attributableMortality><attributableMortality><age>18</age><sex>0</sex><value>0.0</value></attributableMortality><attributableMortality><age>18</age><sex>1</sex><value>0.012615</value></attributableMortality><attributableMortality><age>19</age><sex>0</sex><value>0.0</value></attributableMortality><attributableMortality><age>19</age><sex>1</sex><value>0.020786</value></attributableMortality><attributableMortality><age>20</age><sex>0</sex><value>0.0</value></attributableMortality><attributableMortality><age>20</age><sex>1</sex><value>0.029007</value></attributableMortality><attributableMortality><age>21</age><sex>0</sex><value>0.0</value></attributableMortality><attributableMortality><age>21</age><sex>1</sex><value>0.035897</value></attributableMortality><attributableMortality><age>22</age><sex>0</sex><value>0.0</value></attributableMortality><attributableMortality><age>22</age><sex>1</sex><value>0.040071003</value></attributableMortality><attributableMortality><age>23</age><sex>0</sex><value>0.0</value></attributableMortality><attributableMortality><age>23</age><sex>1</sex><value>0.040603</value></attributableMortality><attributableMortality><age>24</age><sex>0</sex><value>0.0</value></attributableMortality><attributableMortality><age>24</age><sex>1</sex><value>0.038387</value></attributableMortality><attributableMortality><age>25</age><sex>0</sex><value>0.0</value></attributableMortality><attributableMortality><age>25</age><sex>1</sex><value>0.034775</value></attributableMortality><attributableMortality><age>26</age><sex>0</sex><value>0.0</value></attributableMortality><attributableMortality><age>26</age><sex>1</sex><value>0.031117998</value></attributableMortality><attributableMortality><age>27</age><sex>0</sex><value>0.0</value></attributableMortality><attributableMortality><age>27</age><sex>1</sex><value>0.028768</value></attributableMortality><attributableMortality><age>28</age><sex>0</sex><value>0.0</value></attributableMortality><attributableMortality><age>28</age><sex>1</sex><value>0.028707998</value></attributableMortality><attributableMortality><age>29</age><sex>0</sex><value>0.0</value></attributableMortality><attributableMortality><age>29</age><sex>1</sex><value>0.030444</value></attributableMortality><attributableMortality><age>30</age><sex>0</sex><value>0.0</value></attributableMortality><attributableMortality><age>30</age><sex>1</sex><value>0.033116</value></attributableMortality><attributableMortality><age>31</age><sex>0</sex><value>0.0</value></attributableMortality><attributableMortality><age>31</age><sex>1</sex><value>0.035861</value></attributableMortality><attributableMortality><age>32</age><sex>0</sex><value>0.0</value></attributableMortality><attributableMortality><age>32</age><sex>1</sex><value>0.037818</value></attributableMortality><attributableMortality><age>33</age><sex>0</sex><value>0.0</value></attributableMortality><attributableMortality><age>33</age><sex>1</sex><value>0.038341995</value></attributableMortality><attributableMortality><age>34</age><sex>0</sex><value>0.0</value></attributableMortality><attributableMortality><age>34</age><sex>1</sex><value>0.037645</value></attributableMortality><attributableMortality><age>35</age><sex>0</sex><value>0.0</value></attributableMortality><attributableMortality><age>35</age><sex>1</sex><value>0.03616</value></attributableMortality><attributableMortality><age>36</age><sex>0</sex><value>0.0</value></attributableMortality><attributableMortality><age>36</age><sex>1</sex><value>0.034315</value></attributableMortality><attributableMortality><age>37</age><sex>0</sex><value>0.0</value></attributableMortality><attributableMortality><age>37</age><sex>1</sex><value>0.032541</value></attributableMortality><attributableMortality><age>38</age><sex>0</sex><value>0.0</value></attributableMortality><attributableMortality><age>38</age><sex>1</sex><value>0.031178001</value></attributableMortality><attributableMortality><age>39</age><sex>0</sex><value>0.0</value></attributableMortality><attributableMortality><age>39</age><sex>1</sex><value>0.030212</value></attributableMortality><attributableMortality><age>40</age><sex>0</sex><value>0.0</value></attributableMortality><attributableMortality><age>40</age><sex>1</sex><value>0.029536001</value></attributableMortality><attributableMortality><age>41</age><sex>0</sex><value>0.0</value></attributableMortality><attributableMortality><age>41</age><sex>1</sex><value>0.029048</value></attributableMortality><attributableMortality><age>42</age><sex>0</sex><value>0.0</value></attributableMortality><attributableMortality><age>42</age><sex>1</sex><value>0.028641999</value></attributableMortality><attributableMortality><age>43</age><sex>0</sex><value>0.0</value></attributableMortality><attributableMortality><age>43</age><sex>1</sex><value>0.028229</value></attributableMortality><attributableMortality><age>44</age><sex>0</sex><value>0.0</value></attributableMortality><attributableMortality><age>44</age><sex>1</sex><value>0.027783</value></attributableMortality><attributableMortality><age>45</age><sex>0</sex><value>0.0</value></attributableMortality><attributableMortality><age>45</age><sex>1</sex><value>0.027291</value></attributableMortality><attributableMortality><age>46</age><sex>0</sex><value>0.0</value></attributableMortality><attributableMortality><age>46</age><sex>1</sex><value>0.026743</value></attributableMortality><attributableMortality><age>47</age><sex>0</sex><value>0.0</value></attributableMortality><attributableMortality><age>47</age><sex>1</sex><value>0.026127</value></attributableMortality><attributableMortality><age>48</age><sex>0</sex><value>0.0</value></attributableMortality><attributableMortality><age>48</age><sex>1</sex><value>0.025442002</value></attributableMortality><attributableMortality><age>49</age><sex>0</sex><value>0.0</value></attributableMortality><attributableMortality><age>49</age><sex>1</sex><value>0.024726</value></attributableMortality><attributableMortality><age>50</age><sex>0</sex><value>0.0</value></attributableMortality><attributableMortality><age>50</age><sex>1</sex><value>0.024028</value></attributableMortality><attributableMortality><age>51</age><sex>0</sex><value>0.0</value></attributableMortality><attributableMortality><age>51</age><sex>1</sex><value>0.023394</value></attributableMortality><attributableMortality><age>52</age><sex>0</sex><value>0.0</value></attributableMortality><attributableMortality><age>52</age><sex>1</sex><value>0.022874</value></attributableMortality><attributableMortality><age>53</age><sex>0</sex><value>0.0</value></attributableMortality><attributableMortality><age>53</age><sex>1</sex><value>0.022497002</value></attributableMortality><attributableMortality><age>54</age><sex>0</sex><value>0.0</value></attributableMortality><attributableMortality><age>54</age><sex>1</sex><value>0.022217</value></attributableMortality><attributableMortality><age>55</age><sex>0</sex><value>0.0</value></attributableMortality><attributableMortality><age>55</age><sex>1</sex><value>0.02197</value></attributableMortality><attributableMortality><age>56</age><sex>0</sex><value>0.0</value></attributableMortality><attributableMortality><age>56</age><sex>1</sex><value>0.021691998</value></attributableMortality><attributableMortality><age>57</age><sex>0</sex><value>0.0</value></attributableMortality><attributableMortality><age>57</age><sex>1</sex><value>0.021319002</value></attributableMortality><attributableMortality><age>58</age><sex>0</sex><value>0.0</value></attributableMortality><attributableMortality><age>58</age><sex>1</sex><value>0.020808</value></attributableMortality><attributableMortality><age>59</age><sex>0</sex><value>0.0</value></attributableMortality><attributableMortality><age>59</age><sex>1</sex><value>0.0202</value></attributableMortality><attributableMortality><age>60</age><sex>0</sex><value>0.0</value></attributableMortality><attributableMortality><age>60</age><sex>1</sex><value>0.019558</value></attributableMortality><attributableMortality><age>61</age><sex>0</sex><value>0.0</value></attributableMortality><attributableMortality><age>61</age><sex>1</sex><value>0.018942</value></attributableMortality><attributableMortality><age>62</age><sex>0</sex><value>0.0</value></attributableMortality><attributableMortality><age>62</age><sex>1</sex><value>0.018417</value></attributableMortality><attributableMortality><age>63</age><sex>0</sex><value>0.0</value></attributableMortality><attributableMortality><age>63</age><sex>1</sex><value>0.018025998</value></attributableMortality><attributableMortality><age>64</age><sex>0</sex><value>0.0</value></attributableMortality><attributableMortality><age>64</age><sex>1</sex><value>0.017751</value></attributableMortality><attributableMortality><age>65</age><sex>0</sex><value>0.0</value></attributableMortality><attributableMortality><age>65</age><sex>1</sex><value>0.017552</value></attributableMortality><attributableMortality><age>66</age><sex>0</sex><value>0.0</value></attributableMortality><attributableMortality><age>66</age><sex>1</sex><value>0.017393</value></attributableMortality><attributableMortality><age>67</age><sex>0</sex><value>0.0</value></attributableMortality><attributableMortality><age>67</age><sex>1</sex><value>0.017236002</value></attributableMortality><attributableMortality><age>68</age><sex>0</sex><value>0.0</value></attributableMortality><attributableMortality><age>68</age><sex>1</sex><value>0.017059</value></attributableMortality><attributableMortality><age>69</age><sex>0</sex><value>0.0</value></attributableMortality><attributableMortality><age>69</age><sex>1</sex><value>0.0169</value></attributableMortality><attributableMortality><age>70</age><sex>0</sex><value>0.0</value></attributableMortality><attributableMortality><age>70</age><sex>1</sex><value>0.016810002</value></attributableMortality><attributableMortality><age>71</age><sex>0</sex><value>0.0</value></attributableMortality><attributableMortality><age>71</age><sex>1</sex><value>0.016844</value></attributableMortality><attributableMortality><age>72</age><sex>0</sex><value>0.0</value></attributableMortality><attributableMortality><age>72</age><sex>1</sex><value>0.017053</value></attributableMortality><attributableMortality><age>73</age><sex>0</sex><value>0.0</value></attributableMortality><attributableMortality><age>73</age><sex>1</sex><value>0.017471</value></attributableMortality><attributableMortality><age>74</age><sex>0</sex><value>0.0</value></attributableMortality><attributableMortality><age>74</age><sex>1</sex><value>0.018053003</value></attributableMortality><attributableMortality><age>75</age><sex>0</sex><value>0.0</value></attributableMortality><attributableMortality><age>75</age><sex>1</sex><value>0.018735003</value></attributableMortality><attributableMortality><age>76</age><sex>0</sex><value>0.0</value></attributableMortality><attributableMortality><age>76</age><sex>1</sex><value>0.019451998</value></attributableMortality><attributableMortality><age>77</age><sex>0</sex><value>0.0</value></attributableMortality><attributableMortality><age>77</age><sex>1</sex><value>0.020139996</value></attributableMortality><attributableMortality><age>78</age><sex>0</sex><value>0.0</value></attributableMortality><attributableMortality><age>78</age><sex>1</sex><value>0.020761998</value></attributableMortality><attributableMortality><age>79</age><sex>0</sex><value>0.0</value></attributableMortality><attributableMortality><age>79</age><sex>1</sex><value>0.021389</value></attributableMortality><attributableMortality><age>80</age><sex>0</sex><value>0.0</value></attributableMortality><attributableMortality><age>80</age><sex>1</sex><value>0.022118999</value></attributableMortality><attributableMortality><age>81</age><sex>0</sex><value>0.0</value></attributableMortality><attributableMortality><age>81</age><sex>1</sex><value>0.02305</value></attributableMortality><attributableMortality><age>82</age><sex>0</sex><value>0.0</value></attributableMortality><attributableMortality><age>82</age><sex>1</sex><value>0.02428</value></attributableMortality><attributableMortality><age>83</age><sex>0</sex><value>0.0</value></attributableMortality><attributableMortality><age>83</age><sex>1</sex><value>0.025858995</value></attributableMortality><attributableMortality><age>84</age><sex>0</sex><value>0.0</value></attributableMortality><attributableMortality><age>84</age><sex>1</sex><value>0.027645998</value></attributableMortality><attributableMortality><age>85</age><sex>0</sex><value>0.0</value></attributableMortality><attributableMortality><age>85</age><sex>1</sex><value>0.02945199</value></attributableMortality><attributableMortality><age>86</age><sex>0</sex><value>0.0</value></attributableMortality><attributableMortality><age>86</age><sex>1</sex><value>0.031088004</value></attributableMortality><attributableMortality><age>87</age><sex>0</sex><value>0.0</value></attributableMortality><attributableMortality><age>87</age><sex>1</sex><value>0.032363992</value></attributableMortality><attributableMortality><age>88</age><sex>0</sex><value>0.0</value></attributableMortality><attributableMortality><age>88</age><sex>1</sex><value>0.033143006</value></attributableMortality><attributableMortality><age>89</age><sex>0</sex><value>0.0</value></attributableMortality><attributableMortality><age>89</age><sex>1</sex><value>0.033490006</value></attributableMortality><attributableMortality><age>90</age><sex>0</sex><value>0.0</value></attributableMortality><attributableMortality><age>90</age><sex>1</sex><value>0.03351898</value></attributableMortality><attributableMortality><age>91</age><sex>0</sex><value>0.0</value></attributableMortality><attributableMortality><age>91</age><sex>1</sex><value>0.033346992</value></attributableMortality><attributableMortality><age>92</age><sex>0</sex><value>0.0</value></attributableMortality><attributableMortality><age>92</age><sex>1</sex><value>0.033088997</value></attributableMortality><attributableMortality><age>93</age><sex>0</sex><value>0.0</value></attributableMortality><attributableMortality><age>93</age><sex>1</sex><value>0.032840975</value></attributableMortality><attributableMortality><age>94</age><sex>0</sex><value>0.0</value></attributableMortality><attributableMortality><age>94</age><sex>1</sex><value>0.032626975</value></attributableMortality><attributableMortality><age>95</age><sex>0</sex><value>0.0</value></attributableMortality><attributableMortality><age>95</age><sex>1</sex><value>0.032301012</value></attributableMortality></attributableMortalities>