<?xml version="1.0" encoding="UTF-8" standalone="no"?><attributableMortalities><attributableMortality><age>0</age><sex>0</sex><value>0.0</value></attributableMortality><attributableMortality><age>0</age><sex>1</sex><value>0.0</value></attributableMortality><attributableMortality><age>1</age><sex>0</sex><value>0.0</value></attributableMortality><attributableMortality><age>1</age><sex>1</sex><value>0.0</value></attributableMortality><attributableMortality><age>2</age><sex>0</sex><value>0.0</value></attributableMortality><attributableMortality><age>2</age><sex>1</sex><value>0.0</value></attributableMortality><attributableMortality><age>3</age><sex>0</sex><value>0.0</value></attributableMortality><attributableMortality><age>3</age><sex>1</sex><value>0.0</value></attributableMortality><attributableMortality><age>4</age><sex>0</sex><value>0.0</value></attributableMortality><attributableMortality><age>4</age><sex>1</sex><value>0.0</value></attributableMortality><attributableMortality><age>5</age><sex>0</sex><value>0.0</value></attributableMortality><attributableMortality><age>5</age><sex>1</sex><value>0.0</value></attributableMortality><attributableMortality><age>6</age><sex>0</sex><value>0.0</value></attributableMortality><attributableMortality><age>6</age><sex>1</sex><value>0.0</value></attributableMortality><attributableMortality><age>7</age><sex>0</sex><value>0.0</value></attributableMortality><attributableMortality><age>7</age><sex>1</sex><value>0.0</value></attributableMortality><attributableMortality><age>8</age><sex>0</sex><value>0.0</value></attributableMortality><attributableMortality><age>8</age><sex>1</sex><value>0.0</value></attributableMortality><attributableMortality><age>9</age><sex>0</sex><value>0.0</value></attributableMortality><attributableMortality><age>9</age><sex>1</sex><value>0.0</value></attributableMortality><attributableMortality><age>10</age><sex>0</sex><value>0.0</value></attributableMortality><attributableMortality><age>10</age><sex>1</sex><value>0.0</value></attributableMortality><attributableMortality><age>11</age><sex>0</sex><value>0.0</value></attributableMortality><attributableMortality><age>11</age><sex>1</sex><value>0.0</value></attributableMortality><attributableMortality><age>12</age><sex>0</sex><value>0.0</value></attributableMortality><attributableMortality><age>12</age><sex>1</sex><value>0.0</value></attributableMortality><attributableMortality><age>13</age><sex>0</sex><value>0.0</value></attributableMortality><attributableMortality><age>13</age><sex>1</sex><value>0.0</value></attributableMortality><attributableMortality><age>14</age><sex>0</sex><value>0.0</value></attributableMortality><attributableMortality><age>14</age><sex>1</sex><value>0.0</value></attributableMortality><attributableMortality><age>15</age><sex>0</sex><value>0.0</value></attributableMortality><attributableMortality><age>15</age><sex>1</sex><value>0.0</value></attributableMortality><attributableMortality><age>16</age><sex>0</sex><value>0.0</value></attributableMortality><attributableMortality><age>16</age><sex>1</sex><value>0.0</value></attributableMortality><attributableMortality><age>17</age><sex>0</sex><value>0.0</value></attributableMortality><attributableMortality><age>17</age><sex>1</sex><value>0.0</value></attributableMortality><attributableMortality><age>18</age><sex>0</sex><value>0.0</value></attributableMortality><attributableMortality><age>18</age><sex>1</sex><value>0.0</value></attributableMortality><attributableMortality><age>19</age><sex>0</sex><value>0.0</value></attributableMortality><attributableMortality><age>19</age><sex>1</sex><value>0.0</value></attributableMortality><attributableMortality><age>20</age><sex>0</sex><value>0.0</value></attributableMortality><attributableMortality><age>20</age><sex>1</sex><value>0.0</value></attributableMortality><attributableMortality><age>21</age><sex>0</sex><value>0.0</value></attributableMortality><attributableMortality><age>21</age><sex>1</sex><value>0.0</value></attributableMortality><attributableMortality><age>22</age><sex>0</sex><value>0.0</value></attributableMortality><attributableMortality><age>22</age><sex>1</sex><value>0.0</value></attributableMortality><attributableMortality><age>23</age><sex>0</sex><value>0.0</value></attributableMortality><attributableMortality><age>23</age><sex>1</sex><value>0.0</value></attributableMortality><attributableMortality><age>24</age><sex>0</sex><value>0.0</value></attributableMortality><attributableMortality><age>24</age><sex>1</sex><value>0.0</value></attributableMortality><attributableMortality><age>25</age><sex>0</sex><value>0.0</value></attributableMortality><attributableMortality><age>25</age><sex>1</sex><value>0.0</value></attributableMortality><attributableMortality><age>26</age><sex>0</sex><value>0.0</value></attributableMortality><attributableMortality><age>26</age><sex>1</sex><value>0.0</value></attributableMortality><attributableMortality><age>27</age><sex>0</sex><value>0.0</value></attributableMortality><attributableMortality><age>27</age><sex>1</sex><value>0.0</value></attributableMortality><attributableMortality><age>28</age><sex>0</sex><value>0.0</value></attributableMortality><attributableMortality><age>28</age><sex>1</sex><value>0.0</value></attributableMortality><attributableMortality><age>29</age><sex>0</sex><value>0.0</value></attributableMortality><attributableMortality><age>29</age><sex>1</sex><value>0.0</value></attributableMortality><attributableMortality><age>30</age><sex>0</sex><value>0.0</value></attributableMortality><attributableMortality><age>30</age><sex>1</sex><value>0.0</value></attributableMortality><attributableMortality><age>31</age><sex>0</sex><value>0.0</value></attributableMortality><attributableMortality><age>31</age><sex>1</sex><value>0.0</value></attributableMortality><attributableMortality><age>32</age><sex>0</sex><value>0.0</value></attributableMortality><attributableMortality><age>32</age><sex>1</sex><value>0.0</value></attributableMortality><attributableMortality><age>33</age><sex>0</sex><value>0.0</value></attributableMortality><attributableMortality><age>33</age><sex>1</sex><value>0.0</value></attributableMortality><attributableMortality><age>34</age><sex>0</sex><value>0.0</value></attributableMortality><attributableMortality><age>34</age><sex>1</sex><value>0.0</value></attributableMortality><attributableMortality><age>35</age><sex>0</sex><value>0.015399715</value></attributableMortality><attributableMortality><age>35</age><sex>1</sex><value>0.005481</value></attributableMortality><attributableMortality><age>36</age><sex>0</sex><value>0.015101918</value></attributableMortality><attributableMortality><age>36</age><sex>1</sex><value>0.0054844413</value></attributableMortality><attributableMortality><age>37</age><sex>0</sex><value>0.014960918</value></attributableMortality><attributableMortality><age>37</age><sex>1</sex><value>0.005497165</value></attributableMortality><attributableMortality><age>38</age><sex>0</sex><value>0.014854504</value></attributableMortality><attributableMortality><age>38</age><sex>1</sex><value>0.005522044</value></attributableMortality><attributableMortality><age>39</age><sex>0</sex><value>0.014751987</value></attributableMortality><attributableMortality><age>39</age><sex>1</sex><value>0.0055600847</value></attributableMortality><attributableMortality><age>40</age><sex>0</sex><value>0.014662975</value></attributableMortality><attributableMortality><age>40</age><sex>1</sex><value>0.0055728955</value></attributableMortality><attributableMortality><age>41</age><sex>0</sex><value>0.014619962</value></attributableMortality><attributableMortality><age>41</age><sex>1</sex><value>0.0056315917</value></attributableMortality><attributableMortality><age>42</age><sex>0</sex><value>0.014581599</value></attributableMortality><attributableMortality><age>42</age><sex>1</sex><value>0.005706649</value></attributableMortality><attributableMortality><age>43</age><sex>0</sex><value>0.014562138</value></attributableMortality><attributableMortality><age>43</age><sex>1</sex><value>0.0057913302</value></attributableMortality><attributableMortality><age>44</age><sex>0</sex><value>0.0146492245</value></attributableMortality><attributableMortality><age>44</age><sex>1</sex><value>0.005881836</value></attributableMortality><attributableMortality><age>45</age><sex>0</sex><value>0.014656321</value></attributableMortality><attributableMortality><age>45</age><sex>1</sex><value>0.0058058295</value></attributableMortality><attributableMortality><age>46</age><sex>0</sex><value>0.014746902</value></attributableMortality><attributableMortality><age>46</age><sex>1</sex><value>0.005859543</value></attributableMortality><attributableMortality><age>47</age><sex>0</sex><value>0.014785486</value></attributableMortality><attributableMortality><age>47</age><sex>1</sex><value>0.0059894253</value></attributableMortality><attributableMortality><age>48</age><sex>0</sex><value>0.014858519</value></attributableMortality><attributableMortality><age>48</age><sex>1</sex><value>0.0061165076</value></attributableMortality><attributableMortality><age>49</age><sex>0</sex><value>0.014993876</value></attributableMortality><attributableMortality><age>49</age><sex>1</sex><value>0.0062500522</value></attributableMortality><attributableMortality><age>50</age><sex>0</sex><value>0.0152340215</value></attributableMortality><attributableMortality><age>50</age><sex>1</sex><value>0.0065256534</value></attributableMortality><attributableMortality><age>51</age><sex>0</sex><value>0.015386739</value></attributableMortality><attributableMortality><age>51</age><sex>1</sex><value>0.006722882</value></attributableMortality><attributableMortality><age>52</age><sex>0</sex><value>0.015602238</value></attributableMortality><attributableMortality><age>52</age><sex>1</sex><value>0.006883878</value></attributableMortality><attributableMortality><age>53</age><sex>0</sex><value>0.015813293</value></attributableMortality><attributableMortality><age>53</age><sex>1</sex><value>0.007159366</value></attributableMortality><attributableMortality><age>54</age><sex>0</sex><value>0.01601859</value></attributableMortality><attributableMortality><age>54</age><sex>1</sex><value>0.007378654</value></attributableMortality><attributableMortality><age>55</age><sex>0</sex><value>0.016365815</value></attributableMortality><attributableMortality><age>55</age><sex>1</sex><value>0.0076910765</value></attributableMortality><attributableMortality><age>56</age><sex>0</sex><value>0.016655542</value></attributableMortality><attributableMortality><age>56</age><sex>1</sex><value>0.008013153</value></attributableMortality><attributableMortality><age>57</age><sex>0</sex><value>0.016976465</value></attributableMortality><attributableMortality><age>57</age><sex>1</sex><value>0.0082926825</value></attributableMortality><attributableMortality><age>58</age><sex>0</sex><value>0.017290149</value></attributableMortality><attributableMortality><age>58</age><sex>1</sex><value>0.008652467</value></attributableMortality><attributableMortality><age>59</age><sex>0</sex><value>0.01765633</value></attributableMortality><attributableMortality><age>59</age><sex>1</sex><value>0.009057568</value></attributableMortality><attributableMortality><age>60</age><sex>0</sex><value>0.01808276</value></attributableMortality><attributableMortality><age>60</age><sex>1</sex><value>0.009498927</value></attributableMortality><attributableMortality><age>61</age><sex>0</sex><value>0.018459119</value></attributableMortality><attributableMortality><age>61</age><sex>1</sex><value>0.009913096</value></attributableMortality><attributableMortality><age>62</age><sex>0</sex><value>0.018918676</value></attributableMortality><attributableMortality><age>62</age><sex>1</sex><value>0.010445554</value></attributableMortality><attributableMortality><age>63</age><sex>0</sex><value>0.019470958</value></attributableMortality><attributableMortality><age>63</age><sex>1</sex><value>0.010925833</value></attributableMortality><attributableMortality><age>64</age><sex>0</sex><value>0.019985558</value></attributableMortality><attributableMortality><age>64</age><sex>1</sex><value>0.011453377</value></attributableMortality><attributableMortality><age>65</age><sex>0</sex><value>0.020697577</value></attributableMortality><attributableMortality><age>65</age><sex>1</sex><value>0.012108602</value></attributableMortality><attributableMortality><age>66</age><sex>0</sex><value>0.021340346</value></attributableMortality><attributableMortality><age>66</age><sex>1</sex><value>0.012743727</value></attributableMortality><attributableMortality><age>67</age><sex>0</sex><value>0.021984288</value></attributableMortality><attributableMortality><age>67</age><sex>1</sex><value>0.013394367</value></attributableMortality><attributableMortality><age>68</age><sex>0</sex><value>0.022685567</value></attributableMortality><attributableMortality><age>68</age><sex>1</sex><value>0.014130013</value></attributableMortality><attributableMortality><age>69</age><sex>0</sex><value>0.023417125</value></attributableMortality><attributableMortality><age>69</age><sex>1</sex><value>0.014923854</value></attributableMortality><attributableMortality><age>70</age><sex>0</sex><value>0.024203107</value></attributableMortality><attributableMortality><age>70</age><sex>1</sex><value>0.015764786</value></attributableMortality><attributableMortality><age>71</age><sex>0</sex><value>0.025001166</value></attributableMortality><attributableMortality><age>71</age><sex>1</sex><value>0.016607374</value></attributableMortality><attributableMortality><age>72</age><sex>0</sex><value>0.025861055</value></attributableMortality><attributableMortality><age>72</age><sex>1</sex><value>0.017593186</value></attributableMortality><attributableMortality><age>73</age><sex>0</sex><value>0.0267743</value></attributableMortality><attributableMortality><age>73</age><sex>1</sex><value>0.01866401</value></attributableMortality><attributableMortality><age>74</age><sex>0</sex><value>0.027711011</value></attributableMortality><attributableMortality><age>74</age><sex>1</sex><value>0.019679435</value></attributableMortality><attributableMortality><age>75</age><sex>0</sex><value>0.028735869</value></attributableMortality><attributableMortality><age>75</age><sex>1</sex><value>0.02097476</value></attributableMortality><attributableMortality><age>76</age><sex>0</sex><value>0.029729065</value></attributableMortality><attributableMortality><age>76</age><sex>1</sex><value>0.022253573</value></attributableMortality><attributableMortality><age>77</age><sex>0</sex><value>0.030790422</value></attributableMortality><attributableMortality><age>77</age><sex>1</sex><value>0.023641566</value></attributableMortality><attributableMortality><age>78</age><sex>0</sex><value>0.031913023</value></attributableMortality><attributableMortality><age>78</age><sex>1</sex><value>0.02511557</value></attributableMortality><attributableMortality><age>79</age><sex>0</sex><value>0.033169787</value></attributableMortality><attributableMortality><age>79</age><sex>1</sex><value>0.026798783</value></attributableMortality><attributableMortality><age>80</age><sex>0</sex><value>0.0343551</value></attributableMortality><attributableMortality><age>80</age><sex>1</sex><value>0.028475072</value></attributableMortality><attributableMortality><age>81</age><sex>0</sex><value>0.03565574</value></attributableMortality><attributableMortality><age>81</age><sex>1</sex><value>0.030222151</value></attributableMortality><attributableMortality><age>82</age><sex>0</sex><value>0.03711538</value></attributableMortality><attributableMortality><age>82</age><sex>1</sex><value>0.031927112</value></attributableMortality><attributableMortality><age>83</age><sex>0</sex><value>0.038404007</value></attributableMortality><attributableMortality><age>83</age><sex>1</sex><value>0.033839867</value></attributableMortality><attributableMortality><age>84</age><sex>0</sex><value>0.040096506</value></attributableMortality><attributableMortality><age>84</age><sex>1</sex><value>0.035659492</value></attributableMortality><attributableMortality><age>85</age><sex>0</sex><value>0.041547053</value></attributableMortality><attributableMortality><age>85</age><sex>1</sex><value>0.037499163</value></attributableMortality><attributableMortality><age>86</age><sex>0</sex><value>0.042799618</value></attributableMortality><attributableMortality><age>86</age><sex>1</sex><value>0.039425604</value></attributableMortality><attributableMortality><age>87</age><sex>0</sex><value>0.04468149</value></attributableMortality><attributableMortality><age>87</age><sex>1</sex><value>0.04135562</value></attributableMortality><attributableMortality><age>88</age><sex>0</sex><value>0.046213716</value></attributableMortality><attributableMortality><age>88</age><sex>1</sex><value>0.04309528</value></attributableMortality><attributableMortality><age>89</age><sex>0</sex><value>0.047676336</value></attributableMortality><attributableMortality><age>89</age><sex>1</sex><value>0.044525415</value></attributableMortality><attributableMortality><age>90</age><sex>0</sex><value>0.049415853</value></attributableMortality><attributableMortality><age>90</age><sex>1</sex><value>0.045799598</value></attributableMortality><attributableMortality><age>91</age><sex>0</sex><value>0.05067879</value></attributableMortality><attributableMortality><age>91</age><sex>1</sex><value>0.04663903</value></attributableMortality><attributableMortality><age>92</age><sex>0</sex><value>0.052321322</value></attributableMortality><attributableMortality><age>92</age><sex>1</sex><value>0.047054082</value></attributableMortality><attributableMortality><age>93</age><sex>0</sex><value>0.053119916</value></attributableMortality><attributableMortality><age>93</age><sex>1</sex><value>0.04640019</value></attributableMortality><attributableMortality><age>94</age><sex>0</sex><value>0.054580063</value></attributableMortality><attributableMortality><age>94</age><sex>1</sex><value>0.044766705</value></attributableMortality><attributableMortality><age>95</age><sex>0</sex><value>0.055869292</value></attributableMortality><attributableMortality><age>95</age><sex>1</sex><value>0.041751795</value></attributableMortality></attributableMortalities>