<?xml version="1.0" encoding="UTF-8" standalone="no"?><attributableMortalities><attributableMortality><age>0</age><sex>0</sex><value>0.0</value></attributableMortality><attributableMortality><age>0</age><sex>1</sex><value>0.0</value></attributableMortality><attributableMortality><age>1</age><sex>0</sex><value>0.0</value></attributableMortality><attributableMortality><age>1</age><sex>1</sex><value>0.0</value></attributableMortality><attributableMortality><age>2</age><sex>0</sex><value>0.0</value></attributableMortality><attributableMortality><age>2</age><sex>1</sex><value>0.0</value></attributableMortality><attributableMortality><age>3</age><sex>0</sex><value>0.0</value></attributableMortality><attributableMortality><age>3</age><sex>1</sex><value>0.0</value></attributableMortality><attributableMortality><age>4</age><sex>0</sex><value>0.0</value></attributableMortality><attributableMortality><age>4</age><sex>1</sex><value>0.0</value></attributableMortality><attributableMortality><age>5</age><sex>0</sex><value>0.0</value></attributableMortality><attributableMortality><age>5</age><sex>1</sex><value>0.0</value></attributableMortality><attributableMortality><age>6</age><sex>0</sex><value>0.0</value></attributableMortality><attributableMortality><age>6</age><sex>1</sex><value>0.0</value></attributableMortality><attributableMortality><age>7</age><sex>0</sex><value>0.0</value></attributableMortality><attributableMortality><age>7</age><sex>1</sex><value>0.0</value></attributableMortality><attributableMortality><age>8</age><sex>0</sex><value>0.0</value></attributableMortality><attributableMortality><age>8</age><sex>1</sex><value>0.0</value></attributableMortality><attributableMortality><age>9</age><sex>0</sex><value>0.0</value></attributableMortality><attributableMortality><age>9</age><sex>1</sex><value>0.0</value></attributableMortality><attributableMortality><age>10</age><sex>0</sex><value>0.0</value></attributableMortality><attributableMortality><age>10</age><sex>1</sex><value>0.0</value></attributableMortality><attributableMortality><age>11</age><sex>0</sex><value>0.0</value></attributableMortality><attributableMortality><age>11</age><sex>1</sex><value>0.0</value></attributableMortality><attributableMortality><age>12</age><sex>0</sex><value>0.0</value></attributableMortality><attributableMortality><age>12</age><sex>1</sex><value>0.0</value></attributableMortality><attributableMortality><age>13</age><sex>0</sex><value>0.0</value></attributableMortality><attributableMortality><age>13</age><sex>1</sex><value>0.0</value></attributableMortality><attributableMortality><age>14</age><sex>0</sex><value>0.0</value></attributableMortality><attributableMortality><age>14</age><sex>1</sex><value>0.0</value></attributableMortality><attributableMortality><age>15</age><sex>0</sex><value>0.0</value></attributableMortality><attributableMortality><age>15</age><sex>1</sex><value>0.0</value></attributableMortality><attributableMortality><age>16</age><sex>0</sex><value>0.0</value></attributableMortality><attributableMortality><age>16</age><sex>1</sex><value>0.0</value></attributableMortality><attributableMortality><age>17</age><sex>0</sex><value>0.0</value></attributableMortality><attributableMortality><age>17</age><sex>1</sex><value>0.0</value></attributableMortality><attributableMortality><age>18</age><sex>0</sex><value>0.0</value></attributableMortality><attributableMortality><age>18</age><sex>1</sex><value>0.0</value></attributableMortality><attributableMortality><age>19</age><sex>0</sex><value>0.0</value></attributableMortality><attributableMortality><age>19</age><sex>1</sex><value>0.0</value></attributableMortality><attributableMortality><age>20</age><sex>0</sex><value>0.0</value></attributableMortality><attributableMortality><age>20</age><sex>1</sex><value>0.0</value></attributableMortality><attributableMortality><age>21</age><sex>0</sex><value>0.0</value></attributableMortality><attributableMortality><age>21</age><sex>1</sex><value>0.0</value></attributableMortality><attributableMortality><age>22</age><sex>0</sex><value>0.0</value></attributableMortality><attributableMortality><age>22</age><sex>1</sex><value>0.0</value></attributableMortality><attributableMortality><age>23</age><sex>0</sex><value>0.0</value></attributableMortality><attributableMortality><age>23</age><sex>1</sex><value>0.0</value></attributableMortality><attributableMortality><age>24</age><sex>0</sex><value>0.0</value></attributableMortality><attributableMortality><age>24</age><sex>1</sex><value>0.0</value></attributableMortality><attributableMortality><age>25</age><sex>0</sex><value>0.0</value></attributableMortality><attributableMortality><age>25</age><sex>1</sex><value>0.0</value></attributableMortality><attributableMortality><age>26</age><sex>0</sex><value>0.0</value></attributableMortality><attributableMortality><age>26</age><sex>1</sex><value>0.0</value></attributableMortality><attributableMortality><age>27</age><sex>0</sex><value>0.0</value></attributableMortality><attributableMortality><age>27</age><sex>1</sex><value>0.0</value></attributableMortality><attributableMortality><age>28</age><sex>0</sex><value>0.0</value></attributableMortality><attributableMortality><age>28</age><sex>1</sex><value>0.0</value></attributableMortality><attributableMortality><age>29</age><sex>0</sex><value>0.0</value></attributableMortality><attributableMortality><age>29</age><sex>1</sex><value>0.0</value></attributableMortality><attributableMortality><age>30</age><sex>0</sex><value>0.0</value></attributableMortality><attributableMortality><age>30</age><sex>1</sex><value>0.0</value></attributableMortality><attributableMortality><age>31</age><sex>0</sex><value>0.0</value></attributableMortality><attributableMortality><age>31</age><sex>1</sex><value>0.0</value></attributableMortality><attributableMortality><age>32</age><sex>0</sex><value>0.0</value></attributableMortality><attributableMortality><age>32</age><sex>1</sex><value>0.0</value></attributableMortality><attributableMortality><age>33</age><sex>0</sex><value>0.0</value></attributableMortality><attributableMortality><age>33</age><sex>1</sex><value>0.0</value></attributableMortality><attributableMortality><age>34</age><sex>0</sex><value>0.0</value></attributableMortality><attributableMortality><age>34</age><sex>1</sex><value>0.0</value></attributableMortality><attributableMortality><age>35</age><sex>0</sex><value>0.0</value></attributableMortality><attributableMortality><age>35</age><sex>1</sex><value>0.0</value></attributableMortality><attributableMortality><age>36</age><sex>0</sex><value>0.0</value></attributableMortality><attributableMortality><age>36</age><sex>1</sex><value>0.0</value></attributableMortality><attributableMortality><age>37</age><sex>0</sex><value>0.0</value></attributableMortality><attributableMortality><age>37</age><sex>1</sex><value>0.0</value></attributableMortality><attributableMortality><age>38</age><sex>0</sex><value>0.0</value></attributableMortality><attributableMortality><age>38</age><sex>1</sex><value>0.0</value></attributableMortality><attributableMortality><age>39</age><sex>0</sex><value>0.0</value></attributableMortality><attributableMortality><age>39</age><sex>1</sex><value>0.0</value></attributableMortality><attributableMortality><age>40</age><sex>0</sex><value>0.0160916</value></attributableMortality><attributableMortality><age>40</age><sex>1</sex><value>0.0116165</value></attributableMortality><attributableMortality><age>41</age><sex>0</sex><value>0.0168494</value></attributableMortality><attributableMortality><age>41</age><sex>1</sex><value>0.012217</value></attributableMortality><attributableMortality><age>42</age><sex>0</sex><value>0.017635003</value></attributableMortality><attributableMortality><age>42</age><sex>1</sex><value>0.012845901</value></attributableMortality><attributableMortality><age>43</age><sex>0</sex><value>0.0184487</value></attributableMortality><attributableMortality><age>43</age><sex>1</sex><value>0.0135045</value></attributableMortality><attributableMortality><age>44</age><sex>0</sex><value>0.0192916</value></attributableMortality><attributableMortality><age>44</age><sex>1</sex><value>0.0141948</value></attributableMortality><attributableMortality><age>45</age><sex>0</sex><value>0.020167101</value></attributableMortality><attributableMortality><age>45</age><sex>1</sex><value>0.014921102</value></attributableMortality><attributableMortality><age>46</age><sex>0</sex><value>0.0210791</value></attributableMortality><attributableMortality><age>46</age><sex>1</sex><value>0.0156861</value></attributableMortality><attributableMortality><age>47</age><sex>0</sex><value>0.0220321</value></attributableMortality><attributableMortality><age>47</age><sex>1</sex><value>0.0164918</value></attributableMortality><attributableMortality><age>48</age><sex>0</sex><value>0.023031402</value></attributableMortality><attributableMortality><age>48</age><sex>1</sex><value>0.0173407</value></attributableMortality><attributableMortality><age>49</age><sex>0</sex><value>0.024082802</value></attributableMortality><attributableMortality><age>49</age><sex>1</sex><value>0.018235102</value></attributableMortality><attributableMortality><age>50</age><sex>0</sex><value>0.024721354</value></attributableMortality><attributableMortality><age>50</age><sex>1</sex><value>0.018909743</value></attributableMortality><attributableMortality><age>51</age><sex>0</sex><value>0.02584593</value></attributableMortality><attributableMortality><age>51</age><sex>1</sex><value>0.019900184</value></attributableMortality><attributableMortality><age>52</age><sex>0</sex><value>0.027105656</value></attributableMortality><attributableMortality><age>52</age><sex>1</sex><value>0.020885859</value></attributableMortality><attributableMortality><age>53</age><sex>0</sex><value>0.028411942</value></attributableMortality><attributableMortality><age>53</age><sex>1</sex><value>0.022035258</value></attributableMortality><attributableMortality><age>54</age><sex>0</sex><value>0.029773166</value></attributableMortality><attributableMortality><age>54</age><sex>1</sex><value>0.023160357</value></attributableMortality><attributableMortality><age>55</age><sex>0</sex><value>0.031576365</value></attributableMortality><attributableMortality><age>55</age><sex>1</sex><value>0.024360545</value></attributableMortality><attributableMortality><age>56</age><sex>0</sex><value>0.033233527</value></attributableMortality><attributableMortality><age>56</age><sex>1</sex><value>0.025679134</value></attributableMortality><attributableMortality><age>57</age><sex>0</sex><value>0.03504378</value></attributableMortality><attributableMortality><age>57</age><sex>1</sex><value>0.027005406</value></attributableMortality><attributableMortality><age>58</age><sex>0</sex><value>0.036990765</value></attributableMortality><attributableMortality><age>58</age><sex>1</sex><value>0.028525444</value></attributableMortality><attributableMortality><age>59</age><sex>0</sex><value>0.039147485</value></attributableMortality><attributableMortality><age>59</age><sex>1</sex><value>0.030205775</value></attributableMortality><attributableMortality><age>60</age><sex>0</sex><value>0.041570373</value></attributableMortality><attributableMortality><age>60</age><sex>1</sex><value>0.0319423</value></attributableMortality><attributableMortality><age>61</age><sex>0</sex><value>0.044107843</value></attributableMortality><attributableMortality><age>61</age><sex>1</sex><value>0.033857718</value></attributableMortality><attributableMortality><age>62</age><sex>0</sex><value>0.046932593</value></attributableMortality><attributableMortality><age>62</age><sex>1</sex><value>0.03610511</value></attributableMortality><attributableMortality><age>63</age><sex>0</sex><value>0.05006768</value></attributableMortality><attributableMortality><age>63</age><sex>1</sex><value>0.038403008</value></attributableMortality><attributableMortality><age>64</age><sex>0</sex><value>0.053414706</value></attributableMortality><attributableMortality><age>64</age><sex>1</sex><value>0.040944446</value></attributableMortality><attributableMortality><age>65</age><sex>0</sex><value>0.05653679</value></attributableMortality><attributableMortality><age>65</age><sex>1</sex><value>0.04393843</value></attributableMortality><attributableMortality><age>66</age><sex>0</sex><value>0.06055124</value></attributableMortality><attributableMortality><age>66</age><sex>1</sex><value>0.047092613</value></attributableMortality><attributableMortality><age>67</age><sex>0</sex><value>0.0648397</value></attributableMortality><attributableMortality><age>67</age><sex>1</sex><value>0.050517213</value></attributableMortality><attributableMortality><age>68</age><sex>0</sex><value>0.06954884</value></attributableMortality><attributableMortality><age>68</age><sex>1</sex><value>0.054398883</value></attributableMortality><attributableMortality><age>69</age><sex>0</sex><value>0.074638315</value></attributableMortality><attributableMortality><age>69</age><sex>1</sex><value>0.058685675</value></attributableMortality><attributableMortality><age>70</age><sex>0</sex><value>0.08015436</value></attributableMortality><attributableMortality><age>70</age><sex>1</sex><value>0.06331558</value></attributableMortality><attributableMortality><age>71</age><sex>0</sex><value>0.08604271</value></attributableMortality><attributableMortality><age>71</age><sex>1</sex><value>0.0681199</value></attributableMortality><attributableMortality><age>72</age><sex>0</sex><value>0.09238918</value></attributableMortality><attributableMortality><age>72</age><sex>1</sex><value>0.07341885</value></attributableMortality><attributableMortality><age>73</age><sex>0</sex><value>0.09919192</value></attributableMortality><attributableMortality><age>73</age><sex>1</sex><value>0.07908681</value></attributableMortality><attributableMortality><age>74</age><sex>0</sex><value>0.106401145</value></attributableMortality><attributableMortality><age>74</age><sex>1</sex><value>0.08474966</value></attributableMortality><attributableMortality><age>75</age><sex>0</sex><value>0.11415925</value></attributableMortality><attributableMortality><age>75</age><sex>1</sex><value>0.09127773</value></attributableMortality><attributableMortality><age>76</age><sex>0</sex><value>0.12221884</value></attributableMortality><attributableMortality><age>76</age><sex>1</sex><value>0.09786852</value></attributableMortality><attributableMortality><age>77</age><sex>0</sex><value>0.1307868</value></attributableMortality><attributableMortality><age>77</age><sex>1</sex><value>0.1048478</value></attributableMortality><attributableMortality><age>78</age><sex>0</sex><value>0.13984169</value></attributableMortality><attributableMortality><age>78</age><sex>1</sex><value>0.11212687</value></attributableMortality><attributableMortality><age>79</age><sex>0</sex><value>0.14952798</value></attributableMortality><attributableMortality><age>79</age><sex>1</sex><value>0.12010639</value></attributableMortality><attributableMortality><age>80</age><sex>0</sex><value>0.15937741</value></attributableMortality><attributableMortality><age>80</age><sex>1</sex><value>0.12806469</value></attributableMortality><attributableMortality><age>81</age><sex>0</sex><value>0.16976345</value></attributableMortality><attributableMortality><age>81</age><sex>1</sex><value>0.13647257</value></attributableMortality><attributableMortality><age>82</age><sex>0</sex><value>0.18083958</value></attributableMortality><attributableMortality><age>82</age><sex>1</sex><value>0.14492121</value></attributableMortality><attributableMortality><age>83</age><sex>0</sex><value>0.19192272</value></attributableMortality><attributableMortality><age>83</age><sex>1</sex><value>0.1545546</value></attributableMortality><attributableMortality><age>84</age><sex>0</sex><value>0.2043805</value></attributableMortality><attributableMortality><age>84</age><sex>1</sex><value>0.16451395</value></attributableMortality><attributableMortality><age>85</age><sex>0</sex><value>0.21680234</value></attributableMortality><attributableMortality><age>85</age><sex>1</sex><value>0.17546779</value></attributableMortality><attributableMortality><age>86</age><sex>0</sex><value>0.22932446</value></attributableMortality><attributableMortality><age>86</age><sex>1</sex><value>0.18794599</value></attributableMortality><attributableMortality><age>87</age><sex>0</sex><value>0.24394579</value></attributableMortality><attributableMortality><age>87</age><sex>1</sex><value>0.20194937</value></attributableMortality><attributableMortality><age>88</age><sex>0</sex><value>0.25844678</value></attributableMortality><attributableMortality><age>88</age><sex>1</sex><value>0.21704367</value></attributableMortality><attributableMortality><age>89</age><sex>0</sex><value>0.27355903</value></attributableMortality><attributableMortality><age>89</age><sex>1</sex><value>0.23318422</value></attributableMortality><attributableMortality><age>90</age><sex>0</sex><value>0.29021823</value></attributableMortality><attributableMortality><age>90</age><sex>1</sex><value>0.2517112</value></attributableMortality><attributableMortality><age>91</age><sex>0</sex><value>0.30670184</value></attributableMortality><attributableMortality><age>91</age><sex>1</sex><value>0.27217615</value></attributableMortality><attributableMortality><age>92</age><sex>0</sex><value>0.3252278</value></attributableMortality><attributableMortality><age>92</age><sex>1</sex><value>0.29568544</value></attributableMortality><attributableMortality><age>93</age><sex>0</sex><value>0.34285107</value></attributableMortality><attributableMortality><age>93</age><sex>1</sex><value>0.320349</value></attributableMortality><attributableMortality><age>94</age><sex>0</sex><value>0.36344236</value></attributableMortality><attributableMortality><age>94</age><sex>1</sex><value>0.34817037</value></attributableMortality><attributableMortality><age>95</age><sex>0</sex><value>0.38503772</value></attributableMortality><attributableMortality><age>95</age><sex>1</sex><value>0.37908202</value></attributableMortality></attributableMortalities>