<?xml version="1.0" encoding="UTF-8" standalone="no"?><attributableMortalities><attributableMortality><age>0</age><sex>0</sex><value>0.0</value></attributableMortality><attributableMortality><age>0</age><sex>1</sex><value>0.0</value></attributableMortality><attributableMortality><age>1</age><sex>0</sex><value>0.0</value></attributableMortality><attributableMortality><age>1</age><sex>1</sex><value>0.0</value></attributableMortality><attributableMortality><age>2</age><sex>0</sex><value>0.0</value></attributableMortality><attributableMortality><age>2</age><sex>1</sex><value>0.0</value></attributableMortality><attributableMortality><age>3</age><sex>0</sex><value>0.0</value></attributableMortality><attributableMortality><age>3</age><sex>1</sex><value>0.0</value></attributableMortality><attributableMortality><age>4</age><sex>0</sex><value>0.0</value></attributableMortality><attributableMortality><age>4</age><sex>1</sex><value>0.0</value></attributableMortality><attributableMortality><age>5</age><sex>0</sex><value>0.0</value></attributableMortality><attributableMortality><age>5</age><sex>1</sex><value>0.0</value></attributableMortality><attributableMortality><age>6</age><sex>0</sex><value>0.0</value></attributableMortality><attributableMortality><age>6</age><sex>1</sex><value>0.0</value></attributableMortality><attributableMortality><age>7</age><sex>0</sex><value>0.0</value></attributableMortality><attributableMortality><age>7</age><sex>1</sex><value>0.0</value></attributableMortality><attributableMortality><age>8</age><sex>0</sex><value>0.0</value></attributableMortality><attributableMortality><age>8</age><sex>1</sex><value>0.0</value></attributableMortality><attributableMortality><age>9</age><sex>0</sex><value>0.0</value></attributableMortality><attributableMortality><age>9</age><sex>1</sex><value>0.0</value></attributableMortality><attributableMortality><age>10</age><sex>0</sex><value>0.0</value></attributableMortality><attributableMortality><age>10</age><sex>1</sex><value>0.0</value></attributableMortality><attributableMortality><age>11</age><sex>0</sex><value>0.0</value></attributableMortality><attributableMortality><age>11</age><sex>1</sex><value>0.0</value></attributableMortality><attributableMortality><age>12</age><sex>0</sex><value>0.0</value></attributableMortality><attributableMortality><age>12</age><sex>1</sex><value>0.0</value></attributableMortality><attributableMortality><age>13</age><sex>0</sex><value>0.0</value></attributableMortality><attributableMortality><age>13</age><sex>1</sex><value>0.0</value></attributableMortality><attributableMortality><age>14</age><sex>0</sex><value>0.0</value></attributableMortality><attributableMortality><age>14</age><sex>1</sex><value>0.0</value></attributableMortality><attributableMortality><age>15</age><sex>0</sex><value>0.0</value></attributableMortality><attributableMortality><age>15</age><sex>1</sex><value>0.0</value></attributableMortality><attributableMortality><age>16</age><sex>0</sex><value>0.0</value></attributableMortality><attributableMortality><age>16</age><sex>1</sex><value>0.0</value></attributableMortality><attributableMortality><age>17</age><sex>0</sex><value>0.0</value></attributableMortality><attributableMortality><age>17</age><sex>1</sex><value>0.0</value></attributableMortality><attributableMortality><age>18</age><sex>0</sex><value>0.0</value></attributableMortality><attributableMortality><age>18</age><sex>1</sex><value>0.0</value></attributableMortality><attributableMortality><age>19</age><sex>0</sex><value>0.0</value></attributableMortality><attributableMortality><age>19</age><sex>1</sex><value>0.0</value></attributableMortality><attributableMortality><age>20</age><sex>0</sex><value>0.0</value></attributableMortality><attributableMortality><age>20</age><sex>1</sex><value>0.0</value></attributableMortality><attributableMortality><age>21</age><sex>0</sex><value>0.0</value></attributableMortality><attributableMortality><age>21</age><sex>1</sex><value>0.0</value></attributableMortality><attributableMortality><age>22</age><sex>0</sex><value>0.0</value></attributableMortality><attributableMortality><age>22</age><sex>1</sex><value>0.0</value></attributableMortality><attributableMortality><age>23</age><sex>0</sex><value>0.0</value></attributableMortality><attributableMortality><age>23</age><sex>1</sex><value>0.0</value></attributableMortality><attributableMortality><age>24</age><sex>0</sex><value>0.0</value></attributableMortality><attributableMortality><age>24</age><sex>1</sex><value>0.0</value></attributableMortality><attributableMortality><age>25</age><sex>0</sex><value>0.0</value></attributableMortality><attributableMortality><age>25</age><sex>1</sex><value>0.0</value></attributableMortality><attributableMortality><age>26</age><sex>0</sex><value>0.0</value></attributableMortality><attributableMortality><age>26</age><sex>1</sex><value>0.0</value></attributableMortality><attributableMortality><age>27</age><sex>0</sex><value>0.0</value></attributableMortality><attributableMortality><age>27</age><sex>1</sex><value>0.0</value></attributableMortality><attributableMortality><age>28</age><sex>0</sex><value>0.0</value></attributableMortality><attributableMortality><age>28</age><sex>1</sex><value>0.0</value></attributableMortality><attributableMortality><age>29</age><sex>0</sex><value>0.0</value></attributableMortality><attributableMortality><age>29</age><sex>1</sex><value>0.0</value></attributableMortality><attributableMortality><age>30</age><sex>0</sex><value>0.0048996</value></attributableMortality><attributableMortality><age>30</age><sex>1</sex><value>0.0026936</value></attributableMortality><attributableMortality><age>31</age><sex>0</sex><value>0.0050933</value></attributableMortality><attributableMortality><age>31</age><sex>1</sex><value>0.0027766</value></attributableMortality><attributableMortality><age>32</age><sex>0</sex><value>0.0052956995</value></attributableMortality><attributableMortality><age>32</age><sex>1</sex><value>0.0028665</value></attributableMortality><attributableMortality><age>33</age><sex>0</sex><value>0.0055071</value></attributableMortality><attributableMortality><age>33</age><sex>1</sex><value>0.0029636</value></attributableMortality><attributableMortality><age>34</age><sex>0</sex><value>0.0057281004</value></attributableMortality><attributableMortality><age>34</age><sex>1</sex><value>0.0030684</value></attributableMortality><attributableMortality><age>35</age><sex>0</sex><value>0.005959</value></attributableMortality><attributableMortality><age>35</age><sex>1</sex><value>0.0031814</value></attributableMortality><attributableMortality><age>36</age><sex>0</sex><value>0.0062003</value></attributableMortality><attributableMortality><age>36</age><sex>1</sex><value>0.0033032</value></attributableMortality><attributableMortality><age>37</age><sex>0</sex><value>0.0064525995</value></attributableMortality><attributableMortality><age>37</age><sex>1</sex><value>0.0034342003</value></attributableMortality><attributableMortality><age>38</age><sex>0</sex><value>0.0067165997</value></attributableMortality><attributableMortality><age>38</age><sex>1</sex><value>0.0035751997</value></attributableMortality><attributableMortality><age>39</age><sex>0</sex><value>0.0069926996</value></attributableMortality><attributableMortality><age>39</age><sex>1</sex><value>0.0037268</value></attributableMortality><attributableMortality><age>40</age><sex>0</sex><value>0.0072818</value></attributableMortality><attributableMortality><age>40</age><sex>1</sex><value>0.0038897002</value></attributableMortality><attributableMortality><age>41</age><sex>0</sex><value>0.0075847</value></attributableMortality><attributableMortality><age>41</age><sex>1</sex><value>0.0040648</value></attributableMortality><attributableMortality><age>42</age><sex>0</sex><value>0.007902099</value></attributableMortality><attributableMortality><age>42</age><sex>1</sex><value>0.0042527993</value></attributableMortality><attributableMortality><age>43</age><sex>0</sex><value>0.0082351</value></attributableMortality><attributableMortality><age>43</age><sex>1</sex><value>0.0044548</value></attributableMortality><attributableMortality><age>44</age><sex>0</sex><value>0.0085847</value></attributableMortality><attributableMortality><age>44</age><sex>1</sex><value>0.0046717</value></attributableMortality><attributableMortality><age>45</age><sex>0</sex><value>0.0089521</value></attributableMortality><attributableMortality><age>45</age><sex>1</sex><value>0.0049046</value></attributableMortality><attributableMortality><age>46</age><sex>0</sex><value>0.0093385</value></attributableMortality><attributableMortality><age>46</age><sex>1</sex><value>0.0051545994</value></attributableMortality><attributableMortality><age>47</age><sex>0</sex><value>0.009745501</value></attributableMortality><attributableMortality><age>47</age><sex>1</sex><value>0.0054232</value></attributableMortality><attributableMortality><age>48</age><sex>0</sex><value>0.0101746</value></attributableMortality><attributableMortality><age>48</age><sex>1</sex><value>0.0057117</value></attributableMortality><attributableMortality><age>49</age><sex>0</sex><value>0.010627599</value></attributableMortality><attributableMortality><age>49</age><sex>1</sex><value>0.0060215998</value></attributableMortality><attributableMortality><age>50</age><sex>0</sex><value>0.0111064</value></attributableMortality><attributableMortality><age>50</age><sex>1</sex><value>0.0063547</value></attributableMortality><attributableMortality><age>51</age><sex>0</sex><value>0.011613201</value></attributableMortality><attributableMortality><age>51</age><sex>1</sex><value>0.0067126993</value></attributableMortality><attributableMortality><age>52</age><sex>0</sex><value>0.0121505</value></attributableMortality><attributableMortality><age>52</age><sex>1</sex><value>0.0070978</value></attributableMortality><attributableMortality><age>53</age><sex>0</sex><value>0.012720799</value></attributableMortality><attributableMortality><age>53</age><sex>1</sex><value>0.0075121</value></attributableMortality><attributableMortality><age>54</age><sex>0</sex><value>0.013327</value></attributableMortality><attributableMortality><age>54</age><sex>1</sex><value>0.0079583</value></attributableMortality><attributableMortality><age>55</age><sex>0</sex><value>0.0139723</value></attributableMortality><attributableMortality><age>55</age><sex>1</sex><value>0.008438999</value></attributableMortality><attributableMortality><age>56</age><sex>0</sex><value>0.0146602</value></attributableMortality><attributableMortality><age>56</age><sex>1</sex><value>0.008957299</value></attributableMortality><attributableMortality><age>57</age><sex>0</sex><value>0.015394601</value></attributableMortality><attributableMortality><age>57</age><sex>1</sex><value>0.0095167</value></attributableMortality><attributableMortality><age>58</age><sex>0</sex><value>0.0161798</value></attributableMortality><attributableMortality><age>58</age><sex>1</sex><value>0.010121</value></attributableMortality><attributableMortality><age>59</age><sex>0</sex><value>0.017020201</value></attributableMortality><attributableMortality><age>59</age><sex>1</sex><value>0.0107746</value></attributableMortality><attributableMortality><age>60</age><sex>0</sex><value>0.0179211</value></attributableMortality><attributableMortality><age>60</age><sex>1</sex><value>0.011481999</value></attributableMortality><attributableMortality><age>61</age><sex>0</sex><value>0.018888</value></attributableMortality><attributableMortality><age>61</age><sex>1</sex><value>0.012248902</value></attributableMortality><attributableMortality><age>62</age><sex>0</sex><value>0.019926999</value></attributableMortality><attributableMortality><age>62</age><sex>1</sex><value>0.013080998</value></attributableMortality><attributableMortality><age>63</age><sex>0</sex><value>0.021044798</value></attributableMortality><attributableMortality><age>63</age><sex>1</sex><value>0.0139853</value></attributableMortality><attributableMortality><age>64</age><sex>0</sex><value>0.0222489</value></attributableMortality><attributableMortality><age>64</age><sex>1</sex><value>0.0149691</value></attributableMortality><attributableMortality><age>65</age><sex>0</sex><value>0.023547398</value></attributableMortality><attributableMortality><age>65</age><sex>1</sex><value>0.016041</value></attributableMortality><attributableMortality><age>66</age><sex>0</sex><value>0.024949199</value></attributableMortality><attributableMortality><age>66</age><sex>1</sex><value>0.0172105</value></attributableMortality><attributableMortality><age>67</age><sex>0</sex><value>0.0264641</value></attributableMortality><attributableMortality><age>67</age><sex>1</sex><value>0.018488</value></attributableMortality><attributableMortality><age>68</age><sex>0</sex><value>0.028103102</value></attributableMortality><attributableMortality><age>68</age><sex>1</sex><value>0.0198856</value></attributableMortality><attributableMortality><age>69</age><sex>0</sex><value>0.0298781</value></attributableMortality><attributableMortality><age>69</age><sex>1</sex><value>0.0214163</value></attributableMortality><attributableMortality><age>70</age><sex>0</sex><value>0.0318024</value></attributableMortality><attributableMortality><age>70</age><sex>1</sex><value>0.023095101</value></attributableMortality><attributableMortality><age>71</age><sex>0</sex><value>0.033890598</value></attributableMortality><attributableMortality><age>71</age><sex>1</sex><value>0.0249384</value></attributableMortality><attributableMortality><age>72</age><sex>0</sex><value>0.036159195</value></attributableMortality><attributableMortality><age>72</age><sex>1</sex><value>0.0269645</value></attributableMortality><attributableMortality><age>73</age><sex>0</sex><value>0.038626205</value></attributableMortality><attributableMortality><age>73</age><sex>1</sex><value>0.029193798</value></attributableMortality><attributableMortality><age>74</age><sex>0</sex><value>0.041311797</value></attributableMortality><attributableMortality><age>74</age><sex>1</sex><value>0.0316491</value></attributableMortality><attributableMortality><age>75</age><sex>0</sex><value>0.044238593</value></attributableMortality><attributableMortality><age>75</age><sex>1</sex><value>0.0343553</value></attributableMortality><attributableMortality><age>76</age><sex>0</sex><value>0.047431793</value></attributableMortality><attributableMortality><age>76</age><sex>1</sex><value>0.037340105</value></attributableMortality><attributableMortality><age>77</age><sex>0</sex><value>0.0509196</value></attributableMortality><attributableMortality><age>77</age><sex>1</sex><value>0.040633995</value></attributableMortality><attributableMortality><age>78</age><sex>0</sex><value>0.054733604</value></attributableMortality><attributableMortality><age>78</age><sex>1</sex><value>0.044270195</value></attributableMortality><attributableMortality><age>79</age><sex>0</sex><value>0.05890959</value></attributableMortality><attributableMortality><age>79</age><sex>1</sex><value>0.0482853</value></attributableMortality><attributableMortality><age>80</age><sex>0</sex><value>0.06348758</value></attributableMortality><attributableMortality><age>80</age><sex>1</sex><value>0.052718803</value></attributableMortality><attributableMortality><age>81</age><sex>0</sex><value>0.06851311</value></attributableMortality><attributableMortality><age>81</age><sex>1</sex><value>0.0576131</value></attributableMortality><attributableMortality><age>82</age><sex>0</sex><value>0.074037395</value></attributableMortality><attributableMortality><age>82</age><sex>1</sex><value>0.0630141</value></attributableMortality><attributableMortality><age>83</age><sex>0</sex><value>0.0801187</value></attributableMortality><attributableMortality><age>83</age><sex>1</sex><value>0.0689699</value></attributableMortality><attributableMortality><age>84</age><sex>0</sex><value>0.0868233</value></attributableMortality><attributableMortality><age>84</age><sex>1</sex><value>0.075531</value></attributableMortality><attributableMortality><age>85</age><sex>0</sex><value>0.0942267</value></attributableMortality><attributableMortality><age>85</age><sex>1</sex><value>0.0827494</value></attributableMortality><attributableMortality><age>86</age><sex>0</sex><value>0.1024149</value></attributableMortality><attributableMortality><age>86</age><sex>1</sex><value>0.0906777</value></attributableMortality><attributableMortality><age>87</age><sex>0</sex><value>0.11148648</value></attributableMortality><attributableMortality><age>87</age><sex>1</sex><value>0.099367194</value></attributableMortality><attributableMortality><age>88</age><sex>0</sex><value>0.12155447</value></attributableMortality><attributableMortality><age>88</age><sex>1</sex><value>0.1088664</value></attributableMortality><attributableMortality><age>89</age><sex>0</sex><value>0.1327486</value></attributableMortality><attributableMortality><age>89</age><sex>1</sex><value>0.11921811</value></attributableMortality><attributableMortality><age>90</age><sex>0</sex><value>0.14521807</value></attributableMortality><attributableMortality><age>90</age><sex>1</sex><value>0.13045608</value></attributableMortality><attributableMortality><age>91</age><sex>0</sex><value>0.1591353</value></attributableMortality><attributableMortality><age>91</age><sex>1</sex><value>0.14260077</value></attributableMortality><attributableMortality><age>92</age><sex>0</sex><value>0.17469896</value></attributableMortality><attributableMortality><age>92</age><sex>1</sex><value>0.15565391</value></attributableMortality><attributableMortality><age>93</age><sex>0</sex><value>0.1921395</value></attributableMortality><attributableMortality><age>93</age><sex>1</sex><value>0.16959159</value></attributableMortality><attributableMortality><age>94</age><sex>0</sex><value>0.21172382</value></attributableMortality><attributableMortality><age>94</age><sex>1</sex><value>0.1843564</value></attributableMortality><attributableMortality><age>95</age><sex>0</sex><value>0.2337622</value></attributableMortality><attributableMortality><age>95</age><sex>1</sex><value>0.19984683</value></attributableMortality></attributableMortalities>