<?xml version="1.0" encoding="UTF-8" standalone="no"?><attributableMortalities><attributableMortality><age>0</age><sex>0</sex><value>0.0</value></attributableMortality><attributableMortality><age>0</age><sex>1</sex><value>0.0</value></attributableMortality><attributableMortality><age>1</age><sex>0</sex><value>0.0</value></attributableMortality><attributableMortality><age>1</age><sex>1</sex><value>0.0</value></attributableMortality><attributableMortality><age>2</age><sex>0</sex><value>0.0</value></attributableMortality><attributableMortality><age>2</age><sex>1</sex><value>0.0</value></attributableMortality><attributableMortality><age>3</age><sex>0</sex><value>0.0</value></attributableMortality><attributableMortality><age>3</age><sex>1</sex><value>0.0</value></attributableMortality><attributableMortality><age>4</age><sex>0</sex><value>0.0</value></attributableMortality><attributableMortality><age>4</age><sex>1</sex><value>0.0</value></attributableMortality><attributableMortality><age>5</age><sex>0</sex><value>0.0</value></attributableMortality><attributableMortality><age>5</age><sex>1</sex><value>0.0</value></attributableMortality><attributableMortality><age>6</age><sex>0</sex><value>0.0</value></attributableMortality><attributableMortality><age>6</age><sex>1</sex><value>0.0</value></attributableMortality><attributableMortality><age>7</age><sex>0</sex><value>0.0</value></attributableMortality><attributableMortality><age>7</age><sex>1</sex><value>0.0</value></attributableMortality><attributableMortality><age>8</age><sex>0</sex><value>0.0</value></attributableMortality><attributableMortality><age>8</age><sex>1</sex><value>0.0</value></attributableMortality><attributableMortality><age>9</age><sex>0</sex><value>0.0</value></attributableMortality><attributableMortality><age>9</age><sex>1</sex><value>0.0</value></attributableMortality><attributableMortality><age>10</age><sex>0</sex><value>0.0</value></attributableMortality><attributableMortality><age>10</age><sex>1</sex><value>0.0</value></attributableMortality><attributableMortality><age>11</age><sex>0</sex><value>0.0</value></attributableMortality><attributableMortality><age>11</age><sex>1</sex><value>0.0</value></attributableMortality><attributableMortality><age>12</age><sex>0</sex><value>0.0</value></attributableMortality><attributableMortality><age>12</age><sex>1</sex><value>0.0</value></attributableMortality><attributableMortality><age>13</age><sex>0</sex><value>0.0</value></attributableMortality><attributableMortality><age>13</age><sex>1</sex><value>0.0</value></attributableMortality><attributableMortality><age>14</age><sex>0</sex><value>0.0</value></attributableMortality><attributableMortality><age>14</age><sex>1</sex><value>0.0</value></attributableMortality><attributableMortality><age>15</age><sex>0</sex><value>0.0102211</value></attributableMortality><attributableMortality><age>15</age><sex>1</sex><value>0.0</value></attributableMortality><attributableMortality><age>16</age><sex>0</sex><value>0.0082265</value></attributableMortality><attributableMortality><age>16</age><sex>1</sex><value>0.040581</value></attributableMortality><attributableMortality><age>17</age><sex>0</sex><value>0.0</value></attributableMortality><attributableMortality><age>17</age><sex>1</sex><value>0.165375</value></attributableMortality><attributableMortality><age>18</age><sex>0</sex><value>0.0</value></attributableMortality><attributableMortality><age>18</age><sex>1</sex><value>0.36345997</value></attributableMortality><attributableMortality><age>19</age><sex>0</sex><value>0.0</value></attributableMortality><attributableMortality><age>19</age><sex>1</sex><value>0.598348</value></attributableMortality><attributableMortality><age>20</age><sex>0</sex><value>0.0</value></attributableMortality><attributableMortality><age>20</age><sex>1</sex><value>0.822392</value></attributableMortality><attributableMortality><age>21</age><sex>0</sex><value>0.0455531</value></attributableMortality><attributableMortality><age>21</age><sex>1</sex><value>0.98794997</value></attributableMortality><attributableMortality><age>22</age><sex>0</sex><value>0.1489534</value></attributableMortality><attributableMortality><age>22</age><sex>1</sex><value>1.047377</value></attributableMortality><attributableMortality><age>23</age><sex>0</sex><value>0.3121018</value></attributableMortality><attributableMortality><age>23</age><sex>1</sex><value>0.97055</value></attributableMortality><attributableMortality><age>24</age><sex>0</sex><value>0.514248</value></attributableMortality><attributableMortality><age>24</age><sex>1</sex><value>0.797437</value></attributableMortality><attributableMortality><age>25</age><sex>0</sex><value>0.7274817</value></attributableMortality><attributableMortality><age>25</age><sex>1</sex><value>0.585529</value></attributableMortality><attributableMortality><age>26</age><sex>0</sex><value>0.9238922</value></attributableMortality><attributableMortality><age>26</age><sex>1</sex><value>0.392317</value></attributableMortality><attributableMortality><age>27</age><sex>0</sex><value>1.0755692</value></attributableMortality><attributableMortality><age>27</age><sex>1</sex><value>0.27529</value></attributableMortality><attributableMortality><age>28</age><sex>0</sex><value>1.1619304</value></attributableMortality><attributableMortality><age>28</age><sex>1</sex><value>0.275284</value></attributableMortality><attributableMortality><age>29</age><sex>0</sex><value>1.1917071</value></attributableMortality><attributableMortality><age>29</age><sex>1</sex><value>0.366513</value></attributableMortality><attributableMortality><age>30</age><sex>0</sex><value>1.1809587</value></attributableMortality><attributableMortality><age>30</age><sex>1</sex><value>0.5065379</value></attributableMortality><attributableMortality><age>31</age><sex>0</sex><value>1.1457452</value></attributableMortality><attributableMortality><age>31</age><sex>1</sex><value>0.652917</value></attributableMortality><attributableMortality><age>32</age><sex>0</sex><value>1.1021255</value></attributableMortality><attributableMortality><age>32</age><sex>1</sex><value>0.76321</value></attributableMortality><attributableMortality><age>33</age><sex>0</sex><value>1.0635498</value></attributableMortality><attributableMortality><age>33</age><sex>1</sex><value>0.805443</value></attributableMortality><attributableMortality><age>34</age><sex>0</sex><value>1.0330255</value></attributableMortality><attributableMortality><age>34</age><sex>1</sex><value>0.78950393</value></attributableMortality><attributableMortality><age>35</age><sex>0</sex><value>1.0108156</value></attributableMortality><attributableMortality><age>35</age><sex>1</sex><value>0.73564506</value></attributableMortality><attributableMortality><age>36</age><sex>0</sex><value>0.99758434</value></attributableMortality><attributableMortality><age>36</age><sex>1</sex><value>0.6644231</value></attributableMortality><attributableMortality><age>37</age><sex>0</sex><value>0.9935976</value></attributableMortality><attributableMortality><age>37</age><sex>1</sex><value>0.59609556</value></attributableMortality><attributableMortality><age>38</age><sex>0</sex><value>0.99856204</value></attributableMortality><attributableMortality><age>38</age><sex>1</sex><value>0.5473416</value></attributableMortality><attributableMortality><age>39</age><sex>0</sex><value>1.0093523</value></attributableMortality><attributableMortality><age>39</age><sex>1</sex><value>0.5201527</value></attributableMortality><attributableMortality><age>40</age><sex>0</sex><value>1.0222261</value></attributableMortality><attributableMortality><age>40</age><sex>1</sex><value>0.51282126</value></attributableMortality><attributableMortality><age>41</age><sex>0</sex><value>1.033344</value></attributableMortality><attributableMortality><age>41</age><sex>1</sex><value>0.5236994</value></attributableMortality><attributableMortality><age>42</age><sex>0</sex><value>1.0389138</value></attributableMortality><attributableMortality><age>42</age><sex>1</sex><value>0.5511071</value></attributableMortality><attributableMortality><age>43</age><sex>0</sex><value>1.036098</value></attributableMortality><attributableMortality><age>43</age><sex>1</sex><value>0.5920798</value></attributableMortality><attributableMortality><age>44</age><sex>0</sex><value>1.0258917</value></attributableMortality><attributableMortality><age>44</age><sex>1</sex><value>0.6386608</value></attributableMortality><attributableMortality><age>45</age><sex>0</sex><value>1.0100341</value></attributableMortality><attributableMortality><age>45</age><sex>1</sex><value>0.681799</value></attributableMortality><attributableMortality><age>46</age><sex>0</sex><value>0.9905324</value></attributableMortality><attributableMortality><age>46</age><sex>1</sex><value>0.71213484</value></attributableMortality><attributableMortality><age>47</age><sex>0</sex><value>0.969162</value></attributableMortality><attributableMortality><age>47</age><sex>1</sex><value>0.7206391</value></attributableMortality><attributableMortality><age>48</age><sex>0</sex><value>0.9477111</value></attributableMortality><attributableMortality><age>48</age><sex>1</sex><value>0.70120096</value></attributableMortality><attributableMortality><age>49</age><sex>0</sex><value>0.92731273</value></attributableMortality><attributableMortality><age>49</age><sex>1</sex><value>0.66035163</value></attributableMortality><attributableMortality><age>50</age><sex>0</sex><value>0.90888107</value></attributableMortality><attributableMortality><age>50</age><sex>1</sex><value>0.6077656</value></attributableMortality><attributableMortality><age>51</age><sex>0</sex><value>0.8933834</value></attributableMortality><attributableMortality><age>51</age><sex>1</sex><value>0.5531302</value></attributableMortality><attributableMortality><age>52</age><sex>0</sex><value>0.88183147</value></attributableMortality><attributableMortality><age>52</age><sex>1</sex><value>0.5060216</value></attributableMortality><attributableMortality><age>53</age><sex>0</sex><value>0.8747259</value></attributableMortality><attributableMortality><age>53</age><sex>1</sex><value>0.47402433</value></attributableMortality><attributableMortality><age>54</age><sex>0</sex><value>0.8710467</value></attributableMortality><attributableMortality><age>54</age><sex>1</sex><value>0.45525342</value></attributableMortality><attributableMortality><age>55</age><sex>0</sex><value>0.8694331</value></attributableMortality><attributableMortality><age>55</age><sex>1</sex><value>0.44587174</value></attributableMortality><attributableMortality><age>56</age><sex>0</sex><value>0.8684488</value></attributableMortality><attributableMortality><age>56</age><sex>1</sex><value>0.44200575</value></attributableMortality><attributableMortality><age>57</age><sex>0</sex><value>0.86668175</value></attributableMortality><attributableMortality><age>57</age><sex>1</sex><value>0.43955</value></attributableMortality><attributableMortality><age>58</age><sex>0</sex><value>0.8629435</value></attributableMortality><attributableMortality><age>58</age><sex>1</sex><value>0.43546012</value></attributableMortality><attributableMortality><age>59</age><sex>0</sex><value>0.8572561</value></attributableMortality><attributableMortality><age>59</age><sex>1</sex><value>0.42927995</value></attributableMortality><attributableMortality><age>60</age><sex>0</sex><value>0.849759</value></attributableMortality><attributableMortality><age>60</age><sex>1</sex><value>0.4211714</value></attributableMortality><attributableMortality><age>61</age><sex>0</sex><value>0.84072256</value></attributableMortality><attributableMortality><age>61</age><sex>1</sex><value>0.4115806</value></attributableMortality><attributableMortality><age>62</age><sex>0</sex><value>0.83045506</value></attributableMortality><attributableMortality><age>62</age><sex>1</sex><value>0.40095392</value></attributableMortality><attributableMortality><age>63</age><sex>0</sex><value>0.81930214</value></attributableMortality><attributableMortality><age>63</age><sex>1</sex><value>0.3895623</value></attributableMortality><attributableMortality><age>64</age><sex>0</sex><value>0.8078687</value></attributableMortality><attributableMortality><age>64</age><sex>1</sex><value>0.37940463</value></attributableMortality><attributableMortality><age>65</age><sex>0</sex><value>0.797128</value></attributableMortality><attributableMortality><age>65</age><sex>1</sex><value>0.37270075</value></attributableMortality><attributableMortality><age>66</age><sex>0</sex><value>0.7880888</value></attributableMortality><attributableMortality><age>66</age><sex>1</sex><value>0.37136272</value></attributableMortality><attributableMortality><age>67</age><sex>0</sex><value>0.7814863</value></attributableMortality><attributableMortality><age>67</age><sex>1</sex><value>0.37750748</value></attributableMortality><attributableMortality><age>68</age><sex>0</sex><value>0.7779918</value></attributableMortality><attributableMortality><age>68</age><sex>1</sex><value>0.39251643</value></attributableMortality><attributableMortality><age>69</age><sex>0</sex><value>0.77684295</value></attributableMortality><attributableMortality><age>69</age><sex>1</sex><value>0.41402364</value></attributableMortality><attributableMortality><age>70</age><sex>0</sex><value>0.77704495</value></attributableMortality><attributableMortality><age>70</age><sex>1</sex><value>0.43882272</value></attributableMortality><attributableMortality><age>71</age><sex>0</sex><value>0.777452</value></attributableMortality><attributableMortality><age>71</age><sex>1</sex><value>0.4636008</value></attributableMortality><attributableMortality><age>72</age><sex>0</sex><value>0.7771409</value></attributableMortality><attributableMortality><age>72</age><sex>1</sex><value>0.48551476</value></attributableMortality><attributableMortality><age>73</age><sex>0</sex><value>0.7753399</value></attributableMortality><attributableMortality><age>73</age><sex>1</sex><value>0.5020873</value></attributableMortality><attributableMortality><age>74</age><sex>0</sex><value>0.7723602</value></attributableMortality><attributableMortality><age>74</age><sex>1</sex><value>0.5139693</value></attributableMortality><attributableMortality><age>75</age><sex>0</sex><value>0.76895756</value></attributableMortality><attributableMortality><age>75</age><sex>1</sex><value>0.52386403</value></attributableMortality><attributableMortality><age>76</age><sex>0</sex><value>0.7655652</value></attributableMortality><attributableMortality><age>76</age><sex>1</sex><value>0.5328577</value></attributableMortality><attributableMortality><age>77</age><sex>0</sex><value>0.7630012</value></attributableMortality><attributableMortality><age>77</age><sex>1</sex><value>0.5431252</value></attributableMortality><attributableMortality><age>78</age><sex>0</sex><value>0.7617752</value></attributableMortality><attributableMortality><age>78</age><sex>1</sex><value>0.5563611</value></attributableMortality><attributableMortality><age>79</age><sex>0</sex><value>0.76205254</value></attributableMortality><attributableMortality><age>79</age><sex>1</sex><value>0.5743347</value></attributableMortality><attributableMortality><age>80</age><sex>0</sex><value>0.7633779</value></attributableMortality><attributableMortality><age>80</age><sex>1</sex><value>0.5977201</value></attributableMortality><attributableMortality><age>81</age><sex>0</sex><value>0.7659967</value></attributableMortality><attributableMortality><age>81</age><sex>1</sex><value>0.6281635</value></attributableMortality><attributableMortality><age>82</age><sex>0</sex><value>0.76990765</value></attributableMortality><attributableMortality><age>82</age><sex>1</sex><value>0.66655546</value></attributableMortality><attributableMortality><age>83</age><sex>0</sex><value>0.7743509</value></attributableMortality><attributableMortality><age>83</age><sex>1</sex><value>0.714031</value></attributableMortality><attributableMortality><age>84</age><sex>0</sex><value>0.7799351</value></attributableMortality><attributableMortality><age>84</age><sex>1</sex><value>0.76597655</value></attributableMortality><attributableMortality><age>85</age><sex>0</sex><value>0.7849519</value></attributableMortality><attributableMortality><age>85</age><sex>1</sex><value>0.8181352</value></attributableMortality><attributableMortality><age>86</age><sex>0</sex><value>0.78895867</value></attributableMortality><attributableMortality><age>86</age><sex>1</sex><value>0.8661538</value></attributableMortality><attributableMortality><age>87</age><sex>0</sex><value>0.79300004</value></attributableMortality><attributableMortality><age>87</age><sex>1</sex><value>0.9052252</value></attributableMortality><attributableMortality><age>88</age><sex>0</sex><value>0.7950724</value></attributableMortality><attributableMortality><age>88</age><sex>1</sex><value>0.9320932</value></attributableMortality><attributableMortality><age>89</age><sex>0</sex><value>0.796905</value></attributableMortality><attributableMortality><age>89</age><sex>1</sex><value>0.95142406</value></attributableMortality><attributableMortality><age>90</age><sex>0</sex><value>0.8007193</value></attributableMortality><attributableMortality><age>90</age><sex>1</sex><value>0.97086245</value></attributableMortality><attributableMortality><age>91</age><sex>0</sex><value>0.8066284</value></attributableMortality><attributableMortality><age>91</age><sex>1</sex><value>0.9966231</value></attributableMortality><attributableMortality><age>92</age><sex>0</sex><value>0.8178679</value></attributableMortality><attributableMortality><age>92</age><sex>1</sex><value>1.0361339</value></attributableMortality><attributableMortality><age>93</age><sex>0</sex><value>0.8331338</value></attributableMortality><attributableMortality><age>93</age><sex>1</sex><value>1.0925946</value></attributableMortality><attributableMortality><age>94</age><sex>0</sex><value>0.8544817</value></attributableMortality><attributableMortality><age>94</age><sex>1</sex><value>1.1644273</value></attributableMortality><attributableMortality><age>95</age><sex>0</sex><value>0.91967005</value></attributableMortality><attributableMortality><age>95</age><sex>1</sex><value>1.3841434</value></attributableMortality></attributableMortalities>