<?xml version="1.0" encoding="UTF-8" standalone="no"?><attributableMortalities><attributableMortality><age>0</age><sex>0</sex><value>0.0</value></attributableMortality><attributableMortality><age>0</age><sex>1</sex><value>0.0</value></attributableMortality><attributableMortality><age>1</age><sex>0</sex><value>0.0</value></attributableMortality><attributableMortality><age>1</age><sex>1</sex><value>0.0</value></attributableMortality><attributableMortality><age>2</age><sex>0</sex><value>0.0</value></attributableMortality><attributableMortality><age>2</age><sex>1</sex><value>0.0</value></attributableMortality><attributableMortality><age>3</age><sex>0</sex><value>0.0</value></attributableMortality><attributableMortality><age>3</age><sex>1</sex><value>0.0</value></attributableMortality><attributableMortality><age>4</age><sex>0</sex><value>0.0</value></attributableMortality><attributableMortality><age>4</age><sex>1</sex><value>0.0</value></attributableMortality><attributableMortality><age>5</age><sex>0</sex><value>0.0</value></attributableMortality><attributableMortality><age>5</age><sex>1</sex><value>0.0</value></attributableMortality><attributableMortality><age>6</age><sex>0</sex><value>0.0</value></attributableMortality><attributableMortality><age>6</age><sex>1</sex><value>0.0</value></attributableMortality><attributableMortality><age>7</age><sex>0</sex><value>0.0</value></attributableMortality><attributableMortality><age>7</age><sex>1</sex><value>0.0</value></attributableMortality><attributableMortality><age>8</age><sex>0</sex><value>0.0</value></attributableMortality><attributableMortality><age>8</age><sex>1</sex><value>0.0</value></attributableMortality><attributableMortality><age>9</age><sex>0</sex><value>0.0</value></attributableMortality><attributableMortality><age>9</age><sex>1</sex><value>0.0</value></attributableMortality><attributableMortality><age>10</age><sex>0</sex><value>0.0</value></attributableMortality><attributableMortality><age>10</age><sex>1</sex><value>0.0</value></attributableMortality><attributableMortality><age>11</age><sex>0</sex><value>0.0</value></attributableMortality><attributableMortality><age>11</age><sex>1</sex><value>0.0</value></attributableMortality><attributableMortality><age>12</age><sex>0</sex><value>0.0</value></attributableMortality><attributableMortality><age>12</age><sex>1</sex><value>0.0</value></attributableMortality><attributableMortality><age>13</age><sex>0</sex><value>0.0</value></attributableMortality><attributableMortality><age>13</age><sex>1</sex><value>0.0</value></attributableMortality><attributableMortality><age>14</age><sex>0</sex><value>0.0</value></attributableMortality><attributableMortality><age>14</age><sex>1</sex><value>0.0</value></attributableMortality><attributableMortality><age>15</age><sex>0</sex><value>0.0</value></attributableMortality><attributableMortality><age>15</age><sex>1</sex><value>0.0</value></attributableMortality><attributableMortality><age>16</age><sex>0</sex><value>0.0</value></attributableMortality><attributableMortality><age>16</age><sex>1</sex><value>0.0</value></attributableMortality><attributableMortality><age>17</age><sex>0</sex><value>0.0</value></attributableMortality><attributableMortality><age>17</age><sex>1</sex><value>0.0</value></attributableMortality><attributableMortality><age>18</age><sex>0</sex><value>0.0</value></attributableMortality><attributableMortality><age>18</age><sex>1</sex><value>0.0</value></attributableMortality><attributableMortality><age>19</age><sex>0</sex><value>0.0</value></attributableMortality><attributableMortality><age>19</age><sex>1</sex><value>0.0</value></attributableMortality><attributableMortality><age>20</age><sex>0</sex><value>0.0</value></attributableMortality><attributableMortality><age>20</age><sex>1</sex><value>0.0</value></attributableMortality><attributableMortality><age>21</age><sex>0</sex><value>0.0</value></attributableMortality><attributableMortality><age>21</age><sex>1</sex><value>0.0</value></attributableMortality><attributableMortality><age>22</age><sex>0</sex><value>0.0</value></attributableMortality><attributableMortality><age>22</age><sex>1</sex><value>0.0</value></attributableMortality><attributableMortality><age>23</age><sex>0</sex><value>0.0</value></attributableMortality><attributableMortality><age>23</age><sex>1</sex><value>0.0</value></attributableMortality><attributableMortality><age>24</age><sex>0</sex><value>0.0</value></attributableMortality><attributableMortality><age>24</age><sex>1</sex><value>0.0</value></attributableMortality><attributableMortality><age>25</age><sex>0</sex><value>0.0</value></attributableMortality><attributableMortality><age>25</age><sex>1</sex><value>0.0</value></attributableMortality><attributableMortality><age>26</age><sex>0</sex><value>0.0</value></attributableMortality><attributableMortality><age>26</age><sex>1</sex><value>0.0</value></attributableMortality><attributableMortality><age>27</age><sex>0</sex><value>0.0</value></attributableMortality><attributableMortality><age>27</age><sex>1</sex><value>0.0</value></attributableMortality><attributableMortality><age>28</age><sex>0</sex><value>0.0</value></attributableMortality><attributableMortality><age>28</age><sex>1</sex><value>0.0</value></attributableMortality><attributableMortality><age>29</age><sex>0</sex><value>0.0</value></attributableMortality><attributableMortality><age>29</age><sex>1</sex><value>0.0</value></attributableMortality><attributableMortality><age>30</age><sex>0</sex><value>0.0</value></attributableMortality><attributableMortality><age>30</age><sex>1</sex><value>0.0</value></attributableMortality><attributableMortality><age>31</age><sex>0</sex><value>0.0</value></attributableMortality><attributableMortality><age>31</age><sex>1</sex><value>0.0</value></attributableMortality><attributableMortality><age>32</age><sex>0</sex><value>0.0</value></attributableMortality><attributableMortality><age>32</age><sex>1</sex><value>0.0</value></attributableMortality><attributableMortality><age>33</age><sex>0</sex><value>0.0</value></attributableMortality><attributableMortality><age>33</age><sex>1</sex><value>0.0</value></attributableMortality><attributableMortality><age>34</age><sex>0</sex><value>0.0</value></attributableMortality><attributableMortality><age>34</age><sex>1</sex><value>0.0</value></attributableMortality><attributableMortality><age>35</age><sex>0</sex><value>0.0224601</value></attributableMortality><attributableMortality><age>35</age><sex>1</sex><value>0.0129463</value></attributableMortality><attributableMortality><age>36</age><sex>0</sex><value>0.0225244</value></attributableMortality><attributableMortality><age>36</age><sex>1</sex><value>0.012629722</value></attributableMortality><attributableMortality><age>37</age><sex>0</sex><value>0.022618702</value></attributableMortality><attributableMortality><age>37</age><sex>1</sex><value>0.012410693</value></attributableMortality><attributableMortality><age>38</age><sex>0</sex><value>0.022742702</value></attributableMortality><attributableMortality><age>38</age><sex>1</sex><value>0.012239037</value></attributableMortality><attributableMortality><age>39</age><sex>0</sex><value>0.022896102</value></attributableMortality><attributableMortality><age>39</age><sex>1</sex><value>0.012111837</value></attributableMortality><attributableMortality><age>40</age><sex>0</sex><value>0.023071224</value></attributableMortality><attributableMortality><age>40</age><sex>1</sex><value>0.011954316</value></attributableMortality><attributableMortality><age>41</age><sex>0</sex><value>0.023282368</value></attributableMortality><attributableMortality><age>41</age><sex>1</sex><value>0.011898299</value></attributableMortality><attributableMortality><age>42</age><sex>0</sex><value>0.023522144</value></attributableMortality><attributableMortality><age>42</age><sex>1</sex><value>0.01189651</value></attributableMortality><attributableMortality><age>43</age><sex>0</sex><value>0.023791058</value></attributableMortality><attributableMortality><age>43</age><sex>1</sex><value>0.011917645</value></attributableMortality><attributableMortality><age>44</age><sex>0</sex><value>0.024092538</value></attributableMortality><attributableMortality><age>44</age><sex>1</sex><value>0.011939203</value></attributableMortality><attributableMortality><age>45</age><sex>0</sex><value>0.024126252</value></attributableMortality><attributableMortality><age>45</age><sex>1</sex><value>0.011995483</value></attributableMortality><attributableMortality><age>46</age><sex>0</sex><value>0.024485976</value></attributableMortality><attributableMortality><age>46</age><sex>1</sex><value>0.012055028</value></attributableMortality><attributableMortality><age>47</age><sex>0</sex><value>0.024804642</value></attributableMortality><attributableMortality><age>47</age><sex>1</sex><value>0.012225451</value></attributableMortality><attributableMortality><age>48</age><sex>0</sex><value>0.02516594</value></attributableMortality><attributableMortality><age>48</age><sex>1</sex><value>0.012412186</value></attributableMortality><attributableMortality><age>49</age><sex>0</sex><value>0.02559807</value></attributableMortality><attributableMortality><age>49</age><sex>1</sex><value>0.012625975</value></attributableMortality><attributableMortality><age>50</age><sex>0</sex><value>0.026039585</value></attributableMortality><attributableMortality><age>50</age><sex>1</sex><value>0.013022758</value></attributableMortality><attributableMortality><age>51</age><sex>0</sex><value>0.026501335</value></attributableMortality><attributableMortality><age>51</age><sex>1</sex><value>0.013357354</value></attributableMortality><attributableMortality><age>52</age><sex>0</sex><value>0.027053872</value></attributableMortality><attributableMortality><age>52</age><sex>1</sex><value>0.013673016</value></attributableMortality><attributableMortality><age>53</age><sex>0</sex><value>0.027603358</value></attributableMortality><attributableMortality><age>53</age><sex>1</sex><value>0.014145592</value></attributableMortality><attributableMortality><age>54</age><sex>0</sex><value>0.028147835</value></attributableMortality><attributableMortality><age>54</age><sex>1</sex><value>0.014577618</value></attributableMortality><attributableMortality><age>55</age><sex>0</sex><value>0.02876229</value></attributableMortality><attributableMortality><age>55</age><sex>1</sex><value>0.014966794</value></attributableMortality><attributableMortality><age>56</age><sex>0</sex><value>0.029426062</value></attributableMortality><attributableMortality><age>56</age><sex>1</sex><value>0.015570846</value></attributableMortality><attributableMortality><age>57</age><sex>0</sex><value>0.030140424</value></attributableMortality><attributableMortality><age>57</age><sex>1</sex><value>0.016120642</value></attributableMortality><attributableMortality><age>58</age><sex>0</sex><value>0.030832011</value></attributableMortality><attributableMortality><age>58</age><sex>1</sex><value>0.016822616</value></attributableMortality><attributableMortality><age>59</age><sex>0</sex><value>0.031613823</value></attributableMortality><attributableMortality><age>59</age><sex>1</sex><value>0.017619262</value></attributableMortality><attributableMortality><age>60</age><sex>0</sex><value>0.032644883</value></attributableMortality><attributableMortality><age>60</age><sex>1</sex><value>0.018732335</value></attributableMortality><attributableMortality><age>61</age><sex>0</sex><value>0.03343718</value></attributableMortality><attributableMortality><age>61</age><sex>1</sex><value>0.019611167</value></attributableMortality><attributableMortality><age>62</age><sex>0</sex><value>0.034360405</value></attributableMortality><attributableMortality><age>62</age><sex>1</sex><value>0.020657882</value></attributableMortality><attributableMortality><age>63</age><sex>0</sex><value>0.035434734</value></attributableMortality><attributableMortality><age>63</age><sex>1</sex><value>0.02169818</value></attributableMortality><attributableMortality><age>64</age><sex>0</sex><value>0.03644</value></attributableMortality><attributableMortality><age>64</age><sex>1</sex><value>0.022838492</value></attributableMortality><attributableMortality><age>65</age><sex>0</sex><value>0.03760956</value></attributableMortality><attributableMortality><age>65</age><sex>1</sex><value>0.024176495</value></attributableMortality><attributableMortality><age>66</age><sex>0</sex><value>0.03882248</value></attributableMortality><attributableMortality><age>66</age><sex>1</sex><value>0.025549954</value></attributableMortality><attributableMortality><age>67</age><sex>0</sex><value>0.040015366</value></attributableMortality><attributableMortality><age>67</age><sex>1</sex><value>0.027003566</value></attributableMortality><attributableMortality><age>68</age><sex>0</sex><value>0.04130337</value></attributableMortality><attributableMortality><age>68</age><sex>1</sex><value>0.028619042</value></attributableMortality><attributableMortality><age>69</age><sex>0</sex><value>0.042628407</value></attributableMortality><attributableMortality><age>69</age><sex>1</sex><value>0.03037117</value></attributableMortality><attributableMortality><age>70</age><sex>0</sex><value>0.044041242</value></attributableMortality><attributableMortality><age>70</age><sex>1</sex><value>0.03225634</value></attributableMortality><attributableMortality><age>71</age><sex>0</sex><value>0.0454889</value></attributableMortality><attributableMortality><age>71</age><sex>1</sex><value>0.034230486</value></attributableMortality><attributableMortality><age>72</age><sex>0</sex><value>0.047050435</value></attributableMortality><attributableMortality><age>72</age><sex>1</sex><value>0.036454506</value></attributableMortality><attributableMortality><age>73</age><sex>0</sex><value>0.048709605</value></attributableMortality><attributableMortality><age>73</age><sex>1</sex><value>0.03887561</value></attributableMortality><attributableMortality><age>74</age><sex>0</sex><value>0.050405025</value></attributableMortality><attributableMortality><age>74</age><sex>1</sex><value>0.041349746</value></attributableMortality><attributableMortality><age>75</age><sex>0</sex><value>0.05228077</value></attributableMortality><attributableMortality><age>75</age><sex>1</sex><value>0.04425435</value></attributableMortality><attributableMortality><age>76</age><sex>0</sex><value>0.054084774</value></attributableMortality><attributableMortality><age>76</age><sex>1</sex><value>0.047276624</value></attributableMortality><attributableMortality><age>77</age><sex>0</sex><value>0.056039635</value></attributableMortality><attributableMortality><age>77</age><sex>1</sex><value>0.050568987</value></attributableMortality><attributableMortality><age>78</age><sex>0</sex><value>0.058139198</value></attributableMortality><attributableMortality><age>78</age><sex>1</sex><value>0.054120407</value></attributableMortality><attributableMortality><age>79</age><sex>0</sex><value>0.06054891</value></attributableMortality><attributableMortality><age>79</age><sex>1</sex><value>0.058086473</value></attributableMortality><attributableMortality><age>80</age><sex>0</sex><value>0.06284696</value></attributableMortality><attributableMortality><age>80</age><sex>1</sex><value>0.062247764</value></attributableMortality><attributableMortality><age>81</age><sex>0</sex><value>0.065438725</value></attributableMortality><attributableMortality><age>81</age><sex>1</sex><value>0.06671935</value></attributableMortality><attributableMortality><age>82</age><sex>0</sex><value>0.06844026</value></attributableMortality><attributableMortality><age>82</age><sex>1</sex><value>0.07139978</value></attributableMortality><attributableMortality><age>83</age><sex>0</sex><value>0.07118745</value></attributableMortality><attributableMortality><age>83</age><sex>1</sex><value>0.076589234</value></attributableMortality><attributableMortality><age>84</age><sex>0</sex><value>0.07490561</value></attributableMortality><attributableMortality><age>84</age><sex>1</sex><value>0.08198917</value></attributableMortality><attributableMortality><age>85</age><sex>0</sex><value>0.078291155</value></attributableMortality><attributableMortality><age>85</age><sex>1</sex><value>0.08775695</value></attributableMortality><attributableMortality><age>86</age><sex>0</sex><value>0.081486195</value></attributableMortality><attributableMortality><age>86</age><sex>1</sex><value>0.09399802</value></attributableMortality><attributableMortality><age>87</age><sex>0</sex><value>0.08623395</value></attributableMortality><attributableMortality><age>87</age><sex>1</sex><value>0.10065557</value></attributableMortality><attributableMortality><age>88</age><sex>0</sex><value>0.09059455</value></attributableMortality><attributableMortality><age>88</age><sex>1</sex><value>0.10754708</value></attributableMortality><attributableMortality><age>89</age><sex>0</sex><value>0.0952174</value></attributableMortality><attributableMortality><age>89</age><sex>1</sex><value>0.11456931</value></attributableMortality><attributableMortality><age>90</age><sex>0</sex><value>0.10088679</value></attributableMortality><attributableMortality><age>90</age><sex>1</sex><value>0.12190894</value></attributableMortality><attributableMortality><age>91</age><sex>0</sex><value>0.10619644</value></attributableMortality><attributableMortality><age>91</age><sex>1</sex><value>0.12926781</value></attributableMortality><attributableMortality><age>92</age><sex>0</sex><value>0.112982005</value></attributableMortality><attributableMortality><age>92</age><sex>1</sex><value>0.13664943</value></attributableMortality><attributableMortality><age>93</age><sex>0</sex><value>0.11896335</value></attributableMortality><attributableMortality><age>93</age><sex>1</sex><value>0.14331543</value></attributableMortality><attributableMortality><age>94</age><sex>0</sex><value>0.12729599</value></attributableMortality><attributableMortality><age>94</age><sex>1</sex><value>0.14931232</value></attributableMortality><attributableMortality><age>95</age><sex>0</sex><value>0.13654016</value></attributableMortality><attributableMortality><age>95</age><sex>1</sex><value>0.15411645</value></attributableMortality></attributableMortalities>