<?xml version="1.0" encoding="UTF-8" standalone="no"?><attributableMortalities><attributableMortality><age>0</age><sex>0</sex><value>0.0</value></attributableMortality><attributableMortality><age>0</age><sex>1</sex><value>0.0</value></attributableMortality><attributableMortality><age>1</age><sex>0</sex><value>0.0</value></attributableMortality><attributableMortality><age>1</age><sex>1</sex><value>0.0</value></attributableMortality><attributableMortality><age>2</age><sex>0</sex><value>0.0</value></attributableMortality><attributableMortality><age>2</age><sex>1</sex><value>0.0</value></attributableMortality><attributableMortality><age>3</age><sex>0</sex><value>0.0</value></attributableMortality><attributableMortality><age>3</age><sex>1</sex><value>0.0</value></attributableMortality><attributableMortality><age>4</age><sex>0</sex><value>0.0</value></attributableMortality><attributableMortality><age>4</age><sex>1</sex><value>0.0</value></attributableMortality><attributableMortality><age>5</age><sex>0</sex><value>0.0</value></attributableMortality><attributableMortality><age>5</age><sex>1</sex><value>0.0</value></attributableMortality><attributableMortality><age>6</age><sex>0</sex><value>0.0</value></attributableMortality><attributableMortality><age>6</age><sex>1</sex><value>0.0</value></attributableMortality><attributableMortality><age>7</age><sex>0</sex><value>0.0</value></attributableMortality><attributableMortality><age>7</age><sex>1</sex><value>0.0</value></attributableMortality><attributableMortality><age>8</age><sex>0</sex><value>0.0</value></attributableMortality><attributableMortality><age>8</age><sex>1</sex><value>0.0</value></attributableMortality><attributableMortality><age>9</age><sex>0</sex><value>0.0</value></attributableMortality><attributableMortality><age>9</age><sex>1</sex><value>0.0</value></attributableMortality><attributableMortality><age>10</age><sex>0</sex><value>0.0</value></attributableMortality><attributableMortality><age>10</age><sex>1</sex><value>0.0</value></attributableMortality><attributableMortality><age>11</age><sex>0</sex><value>0.0</value></attributableMortality><attributableMortality><age>11</age><sex>1</sex><value>0.0</value></attributableMortality><attributableMortality><age>12</age><sex>0</sex><value>0.0</value></attributableMortality><attributableMortality><age>12</age><sex>1</sex><value>0.0</value></attributableMortality><attributableMortality><age>13</age><sex>0</sex><value>0.0</value></attributableMortality><attributableMortality><age>13</age><sex>1</sex><value>0.0</value></attributableMortality><attributableMortality><age>14</age><sex>0</sex><value>0.0</value></attributableMortality><attributableMortality><age>14</age><sex>1</sex><value>0.0</value></attributableMortality><attributableMortality><age>15</age><sex>0</sex><value>0.5335644</value></attributableMortality><attributableMortality><age>15</age><sex>1</sex><value>0.0</value></attributableMortality><attributableMortality><age>16</age><sex>0</sex><value>0.32474732</value></attributableMortality><attributableMortality><age>16</age><sex>1</sex><value>0.007518</value></attributableMortality><attributableMortality><age>17</age><sex>0</sex><value>0.1489454</value></attributableMortality><attributableMortality><age>17</age><sex>1</sex><value>0.023598</value></attributableMortality><attributableMortality><age>18</age><sex>0</sex><value>0.037944596</value></attributableMortality><attributableMortality><age>18</age><sex>1</sex><value>0.048986</value></attributableMortality><attributableMortality><age>19</age><sex>0</sex><value>0.0</value></attributableMortality><attributableMortality><age>19</age><sex>1</sex><value>0.081045</value></attributableMortality><attributableMortality><age>20</age><sex>0</sex><value>0.0</value></attributableMortality><attributableMortality><age>20</age><sex>1</sex><value>0.116148</value></attributableMortality><attributableMortality><age>21</age><sex>0</sex><value>0.0</value></attributableMortality><attributableMortality><age>21</age><sex>1</sex><value>0.15066798</value></attributableMortality><attributableMortality><age>22</age><sex>0</sex><value>0.0053198</value></attributableMortality><attributableMortality><age>22</age><sex>1</sex><value>0.18098</value></attributableMortality><attributableMortality><age>23</age><sex>0</sex><value>0.0200194</value></attributableMortality><attributableMortality><age>23</age><sex>1</sex><value>0.20444399</value></attributableMortality><attributableMortality><age>24</age><sex>0</sex><value>0.0295495</value></attributableMortality><attributableMortality><age>24</age><sex>1</sex><value>0.22237799</value></attributableMortality><attributableMortality><age>25</age><sex>0</sex><value>0.0376367</value></attributableMortality><attributableMortality><age>25</age><sex>1</sex><value>0.237088</value></attributableMortality><attributableMortality><age>26</age><sex>0</sex><value>0.0480075</value></attributableMortality><attributableMortality><age>26</age><sex>1</sex><value>0.25088</value></attributableMortality><attributableMortality><age>27</age><sex>0</sex><value>0.0643885</value></attributableMortality><attributableMortality><age>27</age><sex>1</sex><value>0.26605898</value></attributableMortality><attributableMortality><age>28</age><sex>0</sex><value>0.0897711</value></attributableMortality><attributableMortality><age>28</age><sex>1</sex><value>0.284044</value></attributableMortality><attributableMortality><age>29</age><sex>0</sex><value>0.12420671</value></attributableMortality><attributableMortality><age>29</age><sex>1</sex><value>0.302708</value></attributableMortality><attributableMortality><age>30</age><sex>0</sex><value>0.1670115</value></attributableMortality><attributableMortality><age>30</age><sex>1</sex><value>0.319036</value></attributableMortality><attributableMortality><age>31</age><sex>0</sex><value>0.21750191</value></attributableMortality><attributableMortality><age>31</age><sex>1</sex><value>0.33001497</value></attributableMortality><attributableMortality><age>32</age><sex>0</sex><value>0.27499416</value></attributableMortality><attributableMortality><age>32</age><sex>1</sex><value>0.332631</value></attributableMortality><attributableMortality><age>33</age><sex>0</sex><value>0.338597</value></attributableMortality><attributableMortality><age>33</age><sex>1</sex><value>0.325195</value></attributableMortality><attributableMortality><age>34</age><sex>0</sex><value>0.40658823</value></attributableMortality><attributableMortality><age>34</age><sex>1</sex><value>0.311331</value></attributableMortality><attributableMortality><age>35</age><sex>0</sex><value>0.47700807</value></attributableMortality><attributableMortality><age>35</age><sex>1</sex><value>0.29594347</value></attributableMortality><attributableMortality><age>36</age><sex>0</sex><value>0.54798543</value></attributableMortality><attributableMortality><age>36</age><sex>1</sex><value>0.28406426</value></attributableMortality><attributableMortality><age>37</age><sex>0</sex><value>0.6175617</value></attributableMortality><attributableMortality><age>37</age><sex>1</sex><value>0.28060383</value></attributableMortality><attributableMortality><age>38</age><sex>0</sex><value>0.6839379</value></attributableMortality><attributableMortality><age>38</age><sex>1</sex><value>0.28911808</value></attributableMortality><attributableMortality><age>39</age><sex>0</sex><value>0.745823</value></attributableMortality><attributableMortality><age>39</age><sex>1</sex><value>0.3075991</value></attributableMortality><attributableMortality><age>40</age><sex>0</sex><value>0.80211437</value></attributableMortality><attributableMortality><age>40</age><sex>1</sex><value>0.332698</value></attributableMortality><attributableMortality><age>41</age><sex>0</sex><value>0.8515702</value></attributableMortality><attributableMortality><age>41</age><sex>1</sex><value>0.360914</value></attributableMortality><attributableMortality><age>42</age><sex>0</sex><value>0.8930759</value></attributableMortality><attributableMortality><age>42</age><sex>1</sex><value>0.388898</value></attributableMortality><attributableMortality><age>43</age><sex>0</sex><value>0.92583406</value></attributableMortality><attributableMortality><age>43</age><sex>1</sex><value>0.413754</value></attributableMortality><attributableMortality><age>44</age><sex>0</sex><value>0.9504793</value></attributableMortality><attributableMortality><age>44</age><sex>1</sex><value>0.43460298</value></attributableMortality><attributableMortality><age>45</age><sex>0</sex><value>0.96773815</value></attributableMortality><attributableMortality><age>45</age><sex>1</sex><value>0.45094857</value></attributableMortality><attributableMortality><age>46</age><sex>0</sex><value>0.9791396</value></attributableMortality><attributableMortality><age>46</age><sex>1</sex><value>0.46260545</value></attributableMortality><attributableMortality><age>47</age><sex>0</sex><value>0.9853358</value></attributableMortality><attributableMortality><age>47</age><sex>1</sex><value>0.46919066</value></attributableMortality><attributableMortality><age>48</age><sex>0</sex><value>0.987434</value></attributableMortality><attributableMortality><age>48</age><sex>1</sex><value>0.47060618</value></attributableMortality><attributableMortality><age>49</age><sex>0</sex><value>0.9866294</value></attributableMortality><attributableMortality><age>49</age><sex>1</sex><value>0.4682517</value></attributableMortality><attributableMortality><age>50</age><sex>0</sex><value>0.9840314</value></attributableMortality><attributableMortality><age>50</age><sex>1</sex><value>0.46387494</value></attributableMortality><attributableMortality><age>51</age><sex>0</sex><value>0.9809267</value></attributableMortality><attributableMortality><age>51</age><sex>1</sex><value>0.45926592</value></attributableMortality><attributableMortality><age>52</age><sex>0</sex><value>0.9785608</value></attributableMortality><attributableMortality><age>52</age><sex>1</sex><value>0.45605466</value></attributableMortality><attributableMortality><age>53</age><sex>0</sex><value>0.9775797</value></attributableMortality><attributableMortality><age>53</age><sex>1</sex><value>0.45570302</value></attributableMortality><attributableMortality><age>54</age><sex>0</sex><value>0.9768874</value></attributableMortality><attributableMortality><age>54</age><sex>1</sex><value>0.45718598</value></attributableMortality><attributableMortality><age>55</age><sex>0</sex><value>0.9749779</value></attributableMortality><attributableMortality><age>55</age><sex>1</sex><value>0.45934048</value></attributableMortality><attributableMortality><age>56</age><sex>0</sex><value>0.97033757</value></attributableMortality><attributableMortality><age>56</age><sex>1</sex><value>0.4609672</value></attributableMortality><attributableMortality><age>57</age><sex>0</sex><value>0.9613782</value></attributableMortality><attributableMortality><age>57</age><sex>1</sex><value>0.46057785</value></attributableMortality><attributableMortality><age>58</age><sex>0</sex><value>0.9471999</value></attributableMortality><attributableMortality><age>58</age><sex>1</sex><value>0.4575593</value></attributableMortality><attributableMortality><age>59</age><sex>0</sex><value>0.9300881</value></attributableMortality><attributableMortality><age>59</age><sex>1</sex><value>0.4527498</value></attributableMortality><attributableMortality><age>60</age><sex>0</sex><value>0.91279477</value></attributableMortality><attributableMortality><age>60</age><sex>1</sex><value>0.44730073</value></attributableMortality><attributableMortality><age>61</age><sex>0</sex><value>0.8982625</value></attributableMortality><attributableMortality><age>61</age><sex>1</sex><value>0.44275478</value></attributableMortality><attributableMortality><age>62</age><sex>0</sex><value>0.88956785</value></attributableMortality><attributableMortality><age>62</age><sex>1</sex><value>0.44059616</value></attributableMortality><attributableMortality><age>63</age><sex>0</sex><value>0.8886767</value></attributableMortality><attributableMortality><age>63</age><sex>1</sex><value>0.44138077</value></attributableMortality><attributableMortality><age>64</age><sex>0</sex><value>0.8933747</value></attributableMortality><attributableMortality><age>64</age><sex>1</sex><value>0.4446118</value></attributableMortality><attributableMortality><age>65</age><sex>0</sex><value>0.9009524</value></attributableMortality><attributableMortality><age>65</age><sex>1</sex><value>0.44929928</value></attributableMortality><attributableMortality><age>66</age><sex>0</sex><value>0.90880424</value></attributableMortality><attributableMortality><age>66</age><sex>1</sex><value>0.45408544</value></attributableMortality><attributableMortality><age>67</age><sex>0</sex><value>0.9137523</value></attributableMortality><attributableMortality><age>67</age><sex>1</sex><value>0.45785087</value></attributableMortality><attributableMortality><age>68</age><sex>0</sex><value>0.91377467</value></attributableMortality><attributableMortality><age>68</age><sex>1</sex><value>0.45986688</value></attributableMortality><attributableMortality><age>69</age><sex>0</sex><value>0.9090395</value></attributableMortality><attributableMortality><age>69</age><sex>1</sex><value>0.45995316</value></attributableMortality><attributableMortality><age>70</age><sex>0</sex><value>0.90052986</value></attributableMortality><attributableMortality><age>70</age><sex>1</sex><value>0.45818964</value></attributableMortality><attributableMortality><age>71</age><sex>0</sex><value>0.8890662</value></attributableMortality><attributableMortality><age>71</age><sex>1</sex><value>0.45451322</value></attributableMortality><attributableMortality><age>72</age><sex>0</sex><value>0.8756569</value></attributableMortality><attributableMortality><age>72</age><sex>1</sex><value>0.44946483</value></attributableMortality><attributableMortality><age>73</age><sex>0</sex><value>0.8611859</value></attributableMortality><attributableMortality><age>73</age><sex>1</sex><value>0.44310042</value></attributableMortality><attributableMortality><age>74</age><sex>0</sex><value>0.84654933</value></attributableMortality><attributableMortality><age>74</age><sex>1</sex><value>0.43565762</value></attributableMortality><attributableMortality><age>75</age><sex>0</sex><value>0.83303356</value></attributableMortality><attributableMortality><age>75</age><sex>1</sex><value>0.42907134</value></attributableMortality><attributableMortality><age>76</age><sex>0</sex><value>0.82120997</value></attributableMortality><attributableMortality><age>76</age><sex>1</sex><value>0.42316514</value></attributableMortality><attributableMortality><age>77</age><sex>0</sex><value>0.8125022</value></attributableMortality><attributableMortality><age>77</age><sex>1</sex><value>0.41918832</value></attributableMortality><attributableMortality><age>78</age><sex>0</sex><value>0.80752206</value></attributableMortality><attributableMortality><age>78</age><sex>1</sex><value>0.41778135</value></attributableMortality><attributableMortality><age>79</age><sex>0</sex><value>0.8055957</value></attributableMortality><attributableMortality><age>79</age><sex>1</sex><value>0.41983187</value></attributableMortality><attributableMortality><age>80</age><sex>0</sex><value>0.80455726</value></attributableMortality><attributableMortality><age>80</age><sex>1</sex><value>0.42475787</value></attributableMortality><attributableMortality><age>81</age><sex>0</sex><value>0.80374557</value></attributableMortality><attributableMortality><age>81</age><sex>1</sex><value>0.43339965</value></attributableMortality><attributableMortality><age>82</age><sex>0</sex><value>0.8020107</value></attributableMortality><attributableMortality><age>82</age><sex>1</sex><value>0.4453959</value></attributableMortality><attributableMortality><age>83</age><sex>0</sex><value>0.7971363</value></attributableMortality><attributableMortality><age>83</age><sex>1</sex><value>0.46206328</value></attributableMortality><attributableMortality><age>84</age><sex>0</sex><value>0.79231185</value></attributableMortality><attributableMortality><age>84</age><sex>1</sex><value>0.48175535</value></attributableMortality><attributableMortality><age>85</age><sex>0</sex><value>0.7863048</value></attributableMortality><attributableMortality><age>85</age><sex>1</sex><value>0.5046056</value></attributableMortality><attributableMortality><age>86</age><sex>0</sex><value>0.7806413</value></attributableMortality><attributableMortality><age>86</age><sex>1</sex><value>0.53061765</value></attributableMortality><attributableMortality><age>87</age><sex>0</sex><value>0.7800591</value></attributableMortality><attributableMortality><age>87</age><sex>1</sex><value>0.55916107</value></attributableMortality><attributableMortality><age>88</age><sex>0</sex><value>0.78218186</value></attributableMortality><attributableMortality><age>88</age><sex>1</sex><value>0.5907108</value></attributableMortality><attributableMortality><age>89</age><sex>0</sex><value>0.7906023</value></attributableMortality><attributableMortality><age>89</age><sex>1</sex><value>0.63266695</value></attributableMortality><attributableMortality><age>90</age><sex>0</sex><value>0.80942917</value></attributableMortality><attributableMortality><age>90</age><sex>1</sex><value>0.6956224</value></attributableMortality><attributableMortality><age>91</age><sex>0</sex><value>0.8382367</value></attributableMortality><attributableMortality><age>91</age><sex>1</sex><value>0.7880811</value></attributableMortality><attributableMortality><age>92</age><sex>0</sex><value>0.8832876</value></attributableMortality><attributableMortality><age>92</age><sex>1</sex><value>0.9203252</value></attributableMortality><attributableMortality><age>93</age><sex>0</sex><value>0.94100994</value></attributableMortality><attributableMortality><age>93</age><sex>1</sex><value>1.0955102</value></attributableMortality><attributableMortality><age>94</age><sex>0</sex><value>1.0144684</value></attributableMortality><attributableMortality><age>94</age><sex>1</sex><value>1.3063881</value></attributableMortality><attributableMortality><age>95</age><sex>0</sex><value>1.2093471</value></attributableMortality><attributableMortality><age>95</age><sex>1</sex><value>1.8682384</value></attributableMortality></attributableMortalities>