<?xml version="1.0" encoding="UTF-8" standalone="no"?><attributableMortalities><attributableMortality><age>0</age><sex>0</sex><value>0.0</value></attributableMortality><attributableMortality><age>0</age><sex>1</sex><value>0.0</value></attributableMortality><attributableMortality><age>1</age><sex>0</sex><value>0.0</value></attributableMortality><attributableMortality><age>1</age><sex>1</sex><value>0.0</value></attributableMortality><attributableMortality><age>2</age><sex>0</sex><value>0.0</value></attributableMortality><attributableMortality><age>2</age><sex>1</sex><value>0.0</value></attributableMortality><attributableMortality><age>3</age><sex>0</sex><value>0.0</value></attributableMortality><attributableMortality><age>3</age><sex>1</sex><value>0.0</value></attributableMortality><attributableMortality><age>4</age><sex>0</sex><value>0.0</value></attributableMortality><attributableMortality><age>4</age><sex>1</sex><value>0.0</value></attributableMortality><attributableMortality><age>5</age><sex>0</sex><value>0.0</value></attributableMortality><attributableMortality><age>5</age><sex>1</sex><value>0.0</value></attributableMortality><attributableMortality><age>6</age><sex>0</sex><value>0.0</value></attributableMortality><attributableMortality><age>6</age><sex>1</sex><value>0.0</value></attributableMortality><attributableMortality><age>7</age><sex>0</sex><value>0.0</value></attributableMortality><attributableMortality><age>7</age><sex>1</sex><value>0.0</value></attributableMortality><attributableMortality><age>8</age><sex>0</sex><value>0.0</value></attributableMortality><attributableMortality><age>8</age><sex>1</sex><value>0.0</value></attributableMortality><attributableMortality><age>9</age><sex>0</sex><value>0.0</value></attributableMortality><attributableMortality><age>9</age><sex>1</sex><value>0.0</value></attributableMortality><attributableMortality><age>10</age><sex>0</sex><value>0.0</value></attributableMortality><attributableMortality><age>10</age><sex>1</sex><value>0.0</value></attributableMortality><attributableMortality><age>11</age><sex>0</sex><value>0.0</value></attributableMortality><attributableMortality><age>11</age><sex>1</sex><value>0.0</value></attributableMortality><attributableMortality><age>12</age><sex>0</sex><value>0.0</value></attributableMortality><attributableMortality><age>12</age><sex>1</sex><value>0.0</value></attributableMortality><attributableMortality><age>13</age><sex>0</sex><value>0.0</value></attributableMortality><attributableMortality><age>13</age><sex>1</sex><value>0.0</value></attributableMortality><attributableMortality><age>14</age><sex>0</sex><value>0.0</value></attributableMortality><attributableMortality><age>14</age><sex>1</sex><value>0.0</value></attributableMortality><attributableMortality><age>15</age><sex>0</sex><value>2.7399994E-5</value></attributableMortality><attributableMortality><age>15</age><sex>1</sex><value>0.031918</value></attributableMortality><attributableMortality><age>16</age><sex>0</sex><value>9.677E-4</value></attributableMortality><attributableMortality><age>16</age><sex>1</sex><value>0.042128</value></attributableMortality><attributableMortality><age>17</age><sex>0</sex><value>0.0027966998</value></attributableMortality><attributableMortality><age>17</age><sex>1</sex><value>0.050047</value></attributableMortality><attributableMortality><age>18</age><sex>0</sex><value>0.0056669996</value></attributableMortality><attributableMortality><age>18</age><sex>1</sex><value>0.052443</value></attributableMortality><attributableMortality><age>19</age><sex>0</sex><value>0.009327</value></attributableMortality><attributableMortality><age>19</age><sex>1</sex><value>0.049893003</value></attributableMortality><attributableMortality><age>20</age><sex>0</sex><value>0.013423799</value></attributableMortality><attributableMortality><age>20</age><sex>1</sex><value>0.043928</value></attributableMortality><attributableMortality><age>21</age><sex>0</sex><value>0.017604802</value></attributableMortality><attributableMortality><age>21</age><sex>1</sex><value>0.036081005</value></attributableMortality><attributableMortality><age>22</age><sex>0</sex><value>0.021517202</value></attributableMortality><attributableMortality><age>22</age><sex>1</sex><value>0.027881</value></attributableMortality><attributableMortality><age>23</age><sex>0</sex><value>0.024835102</value></attributableMortality><attributableMortality><age>23</age><sex>1</sex><value>0.020613</value></attributableMortality><attributableMortality><age>24</age><sex>0</sex><value>0.027341098</value></attributableMortality><attributableMortality><age>24</age><sex>1</sex><value>0.014573</value></attributableMortality><attributableMortality><age>25</age><sex>0</sex><value>0.0288442</value></attributableMortality><attributableMortality><age>25</age><sex>1</sex><value>0.009811</value></attributableMortality><attributableMortality><age>26</age><sex>0</sex><value>0.0291538</value></attributableMortality><attributableMortality><age>26</age><sex>1</sex><value>0.0063770004</value></attributableMortality><attributableMortality><age>27</age><sex>0</sex><value>0.0280792</value></attributableMortality><attributableMortality><age>27</age><sex>1</sex><value>0.0043210005</value></attributableMortality><attributableMortality><age>28</age><sex>0</sex><value>0.0255852</value></attributableMortality><attributableMortality><age>28</age><sex>1</sex><value>0.0036330002</value></attributableMortality><attributableMortality><age>29</age><sex>0</sex><value>0.0222583</value></attributableMortality><attributableMortality><age>29</age><sex>1</sex><value>0.00407</value></attributableMortality><attributableMortality><age>30</age><sex>0</sex><value>0.0188407</value></attributableMortality><attributableMortality><age>30</age><sex>1</sex><value>0.00533</value></attributableMortality><attributableMortality><age>31</age><sex>0</sex><value>0.0160742</value></attributableMortality><attributableMortality><age>31</age><sex>1</sex><value>0.007112</value></attributableMortality><attributableMortality><age>32</age><sex>0</sex><value>0.0147012</value></attributableMortality><attributableMortality><age>32</age><sex>1</sex><value>0.009114</value></attributableMortality><attributableMortality><age>33</age><sex>0</sex><value>0.015242899</value></attributableMortality><attributableMortality><age>33</age><sex>1</sex><value>0.011087</value></attributableMortality><attributableMortality><age>34</age><sex>0</sex><value>0.017338801</value></attributableMortality><attributableMortality><age>34</age><sex>1</sex><value>0.012998</value></attributableMortality><attributableMortality><age>35</age><sex>0</sex><value>0.020218967</value></attributableMortality><attributableMortality><age>35</age><sex>1</sex><value>0.014782359</value></attributableMortality><attributableMortality><age>36</age><sex>0</sex><value>0.023671312</value></attributableMortality><attributableMortality><age>36</age><sex>1</sex><value>0.016625334</value></attributableMortality><attributableMortality><age>37</age><sex>0</sex><value>0.026931964</value></attributableMortality><attributableMortality><age>37</age><sex>1</sex><value>0.018469464</value></attributableMortality><attributableMortality><age>38</age><sex>0</sex><value>0.029583812</value></attributableMortality><attributableMortality><age>38</age><sex>1</sex><value>0.020315401</value></attributableMortality><attributableMortality><age>39</age><sex>0</sex><value>0.03177077</value></attributableMortality><attributableMortality><age>39</age><sex>1</sex><value>0.022110518</value></attributableMortality><attributableMortality><age>40</age><sex>0</sex><value>0.03390831</value></attributableMortality><attributableMortality><age>40</age><sex>1</sex><value>0.023771098</value></attributableMortality><attributableMortality><age>41</age><sex>0</sex><value>0.036270626</value></attributableMortality><attributableMortality><age>41</age><sex>1</sex><value>0.025254348</value></attributableMortality><attributableMortality><age>42</age><sex>0</sex><value>0.039201442</value></attributableMortality><attributableMortality><age>42</age><sex>1</sex><value>0.026499221</value></attributableMortality><attributableMortality><age>43</age><sex>0</sex><value>0.042920277</value></attributableMortality><attributableMortality><age>43</age><sex>1</sex><value>0.02743003</value></attributableMortality><attributableMortality><age>44</age><sex>0</sex><value>0.047175206</value></attributableMortality><attributableMortality><age>44</age><sex>1</sex><value>0.028071674</value></attributableMortality><attributableMortality><age>45</age><sex>0</sex><value>0.051267117</value></attributableMortality><attributableMortality><age>45</age><sex>1</sex><value>0.028592143</value></attributableMortality><attributableMortality><age>46</age><sex>0</sex><value>0.05490907</value></attributableMortality><attributableMortality><age>46</age><sex>1</sex><value>0.02891261</value></attributableMortality><attributableMortality><age>47</age><sex>0</sex><value>0.057453576</value></attributableMortality><attributableMortality><age>47</age><sex>1</sex><value>0.029219478</value></attributableMortality><attributableMortality><age>48</age><sex>0</sex><value>0.058643047</value></attributableMortality><attributableMortality><age>48</age><sex>1</sex><value>0.029506264</value></attributableMortality><attributableMortality><age>49</age><sex>0</sex><value>0.05867081</value></attributableMortality><attributableMortality><age>49</age><sex>1</sex><value>0.029769005</value></attributableMortality><attributableMortality><age>50</age><sex>0</sex><value>0.057751555</value></attributableMortality><attributableMortality><age>50</age><sex>1</sex><value>0.029992605</value></attributableMortality><attributableMortality><age>51</age><sex>0</sex><value>0.056191035</value></attributableMortality><attributableMortality><age>51</age><sex>1</sex><value>0.030173639</value></attributableMortality><attributableMortality><age>52</age><sex>0</sex><value>0.054362815</value></attributableMortality><attributableMortality><age>52</age><sex>1</sex><value>0.030215042</value></attributableMortality><attributableMortality><age>53</age><sex>0</sex><value>0.052404825</value></attributableMortality><attributableMortality><age>53</age><sex>1</sex><value>0.030248953</value></attributableMortality><attributableMortality><age>54</age><sex>0</sex><value>0.050392594</value></attributableMortality><attributableMortality><age>54</age><sex>1</sex><value>0.030092414</value></attributableMortality><attributableMortality><age>55</age><sex>0</sex><value>0.04845581</value></attributableMortality><attributableMortality><age>55</age><sex>1</sex><value>0.029822068</value></attributableMortality><attributableMortality><age>56</age><sex>0</sex><value>0.0465934</value></attributableMortality><attributableMortality><age>56</age><sex>1</sex><value>0.029483022</value></attributableMortality><attributableMortality><age>57</age><sex>0</sex><value>0.044846486</value></attributableMortality><attributableMortality><age>57</age><sex>1</sex><value>0.028934853</value></attributableMortality><attributableMortality><age>58</age><sex>0</sex><value>0.043151174</value></attributableMortality><attributableMortality><age>58</age><sex>1</sex><value>0.028332163</value></attributableMortality><attributableMortality><age>59</age><sex>0</sex><value>0.041595984</value></attributableMortality><attributableMortality><age>59</age><sex>1</sex><value>0.027672969</value></attributableMortality><attributableMortality><age>60</age><sex>0</sex><value>0.03997121</value></attributableMortality><attributableMortality><age>60</age><sex>1</sex><value>0.026897332</value></attributableMortality><attributableMortality><age>61</age><sex>0</sex><value>0.038285512</value></attributableMortality><attributableMortality><age>61</age><sex>1</sex><value>0.02616746</value></attributableMortality><attributableMortality><age>62</age><sex>0</sex><value>0.036657516</value></attributableMortality><attributableMortality><age>62</age><sex>1</sex><value>0.025651224</value></attributableMortality><attributableMortality><age>63</age><sex>0</sex><value>0.035080843</value></attributableMortality><attributableMortality><age>63</age><sex>1</sex><value>0.025109764</value></attributableMortality><attributableMortality><age>64</age><sex>0</sex><value>0.0332585</value></attributableMortality><attributableMortality><age>64</age><sex>1</sex><value>0.02462837</value></attributableMortality><attributableMortality><age>65</age><sex>0</sex><value>0.031409357</value></attributableMortality><attributableMortality><age>65</age><sex>1</sex><value>0.024202088</value></attributableMortality><attributableMortality><age>66</age><sex>0</sex><value>0.02984035</value></attributableMortality><attributableMortality><age>66</age><sex>1</sex><value>0.023585763</value></attributableMortality><attributableMortality><age>67</age><sex>0</sex><value>0.02829187</value></attributableMortality><attributableMortality><age>67</age><sex>1</sex><value>0.022692408</value></attributableMortality><attributableMortality><age>68</age><sex>0</sex><value>0.027016966</value></attributableMortality><attributableMortality><age>68</age><sex>1</sex><value>0.021591594</value></attributableMortality><attributableMortality><age>69</age><sex>0</sex><value>0.02586855</value></attributableMortality><attributableMortality><age>69</age><sex>1</sex><value>0.02033451</value></attributableMortality><attributableMortality><age>70</age><sex>0</sex><value>0.024872953</value></attributableMortality><attributableMortality><age>70</age><sex>1</sex><value>0.019044973</value></attributableMortality><attributableMortality><age>71</age><sex>0</sex><value>0.0238416</value></attributableMortality><attributableMortality><age>71</age><sex>1</sex><value>0.01776694</value></attributableMortality><attributableMortality><age>72</age><sex>0</sex><value>0.022869643</value></attributableMortality><attributableMortality><age>72</age><sex>1</sex><value>0.016905626</value></attributableMortality><attributableMortality><age>73</age><sex>0</sex><value>0.021868225</value></attributableMortality><attributableMortality><age>73</age><sex>1</sex><value>0.016453054</value></attributableMortality><attributableMortality><age>74</age><sex>0</sex><value>0.020707231</value></attributableMortality><attributableMortality><age>74</age><sex>1</sex><value>0.016053386</value></attributableMortality><attributableMortality><age>75</age><sex>0</sex><value>0.01964477</value></attributableMortality><attributableMortality><age>75</age><sex>1</sex><value>0.016240856</value></attributableMortality><attributableMortality><age>76</age><sex>0</sex><value>0.018202068</value></attributableMortality><attributableMortality><age>76</age><sex>1</sex><value>0.016302785</value></attributableMortality><attributableMortality><age>77</age><sex>0</sex><value>0.0167788</value></attributableMortality><attributableMortality><age>77</age><sex>1</sex><value>0.016366707</value></attributableMortality><attributableMortality><age>78</age><sex>0</sex><value>0.015344285</value></attributableMortality><attributableMortality><age>78</age><sex>1</sex><value>0.016292436</value></attributableMortality><attributableMortality><age>79</age><sex>0</sex><value>0.014171895</value></attributableMortality><attributableMortality><age>79</age><sex>1</sex><value>0.016408348</value></attributableMortality><attributableMortality><age>80</age><sex>0</sex><value>0.012411011</value></attributableMortality><attributableMortality><age>80</age><sex>1</sex><value>0.016316904</value></attributableMortality><attributableMortality><age>81</age><sex>0</sex><value>0.0107606435</value></attributableMortality><attributableMortality><age>81</age><sex>1</sex><value>0.016339498</value></attributableMortality><attributableMortality><age>82</age><sex>0</sex><value>0.009407098</value></attributableMortality><attributableMortality><age>82</age><sex>1</sex><value>0.016260456</value></attributableMortality><attributableMortality><age>83</age><sex>0</sex><value>0.0069962544</value></attributableMortality><attributableMortality><age>83</age><sex>1</sex><value>0.016736606</value></attributableMortality><attributableMortality><age>84</age><sex>0</sex><value>0.005876188</value></attributableMortality><attributableMortality><age>84</age><sex>1</sex><value>0.01693346</value></attributableMortality><attributableMortality><age>85</age><sex>0</sex><value>0.0034183413</value></attributableMortality><attributableMortality><age>85</age><sex>1</sex><value>0.016986396</value></attributableMortality><attributableMortality><age>86</age><sex>0</sex><value>0.0</value></attributableMortality><attributableMortality><age>86</age><sex>1</sex><value>0.016952299</value></attributableMortality><attributableMortality><age>87</age><sex>0</sex><value>0.0</value></attributableMortality><attributableMortality><age>87</age><sex>1</sex><value>0.016554397</value></attributableMortality><attributableMortality><age>88</age><sex>0</sex><value>0.0</value></attributableMortality><attributableMortality><age>88</age><sex>1</sex><value>0.015303767</value></attributableMortality><attributableMortality><age>89</age><sex>0</sex><value>0.0</value></attributableMortality><attributableMortality><age>89</age><sex>1</sex><value>0.013146148</value></attributableMortality><attributableMortality><age>90</age><sex>0</sex><value>0.0</value></attributableMortality><attributableMortality><age>90</age><sex>1</sex><value>0.0108710285</value></attributableMortality><attributableMortality><age>91</age><sex>0</sex><value>0.0</value></attributableMortality><attributableMortality><age>91</age><sex>1</sex><value>0.008215907</value></attributableMortality><attributableMortality><age>92</age><sex>0</sex><value>0.0</value></attributableMortality><attributableMortality><age>92</age><sex>1</sex><value>0.0058045145</value></attributableMortality><attributableMortality><age>93</age><sex>0</sex><value>0.0</value></attributableMortality><attributableMortality><age>93</age><sex>1</sex><value>0.0025796893</value></attributableMortality><attributableMortality><age>94</age><sex>0</sex><value>0.0</value></attributableMortality><attributableMortality><age>94</age><sex>1</sex><value>0.0</value></attributableMortality><attributableMortality><age>95</age><sex>0</sex><value>0.0</value></attributableMortality><attributableMortality><age>95</age><sex>1</sex><value>0.0</value></attributableMortality></attributableMortalities>