<?xml version="1.0" encoding="UTF-8" standalone="no"?><baselineIncidences><baselineIncidence><age>0</age><sex>0</sex><value>0.0</value></baselineIncidence><baselineIncidence><age>0</age><sex>1</sex><value>0.0</value></baselineIncidence><baselineIncidence><age>1</age><sex>0</sex><value>0.0</value></baselineIncidence><baselineIncidence><age>1</age><sex>1</sex><value>0.0</value></baselineIncidence><baselineIncidence><age>2</age><sex>0</sex><value>0.0</value></baselineIncidence><baselineIncidence><age>2</age><sex>1</sex><value>0.0</value></baselineIncidence><baselineIncidence><age>3</age><sex>0</sex><value>0.0</value></baselineIncidence><baselineIncidence><age>3</age><sex>1</sex><value>0.0</value></baselineIncidence><baselineIncidence><age>4</age><sex>0</sex><value>0.0</value></baselineIncidence><baselineIncidence><age>4</age><sex>1</sex><value>0.0</value></baselineIncidence><baselineIncidence><age>5</age><sex>0</sex><value>0.0</value></baselineIncidence><baselineIncidence><age>5</age><sex>1</sex><value>0.0</value></baselineIncidence><baselineIncidence><age>6</age><sex>0</sex><value>0.0</value></baselineIncidence><baselineIncidence><age>6</age><sex>1</sex><value>0.0</value></baselineIncidence><baselineIncidence><age>7</age><sex>0</sex><value>0.0</value></baselineIncidence><baselineIncidence><age>7</age><sex>1</sex><value>0.0</value></baselineIncidence><baselineIncidence><age>8</age><sex>0</sex><value>0.0</value></baselineIncidence><baselineIncidence><age>8</age><sex>1</sex><value>0.0</value></baselineIncidence><baselineIncidence><age>9</age><sex>0</sex><value>0.0</value></baselineIncidence><baselineIncidence><age>9</age><sex>1</sex><value>0.0</value></baselineIncidence><baselineIncidence><age>10</age><sex>0</sex><value>0.0</value></baselineIncidence><baselineIncidence><age>10</age><sex>1</sex><value>0.0</value></baselineIncidence><baselineIncidence><age>11</age><sex>0</sex><value>0.0</value></baselineIncidence><baselineIncidence><age>11</age><sex>1</sex><value>0.0</value></baselineIncidence><baselineIncidence><age>12</age><sex>0</sex><value>0.0</value></baselineIncidence><baselineIncidence><age>12</age><sex>1</sex><value>0.0</value></baselineIncidence><baselineIncidence><age>13</age><sex>0</sex><value>0.0</value></baselineIncidence><baselineIncidence><age>13</age><sex>1</sex><value>0.0</value></baselineIncidence><baselineIncidence><age>14</age><sex>0</sex><value>0.0</value></baselineIncidence><baselineIncidence><age>14</age><sex>1</sex><value>0.0</value></baselineIncidence><baselineIncidence><age>15</age><sex>0</sex><value>0.0</value></baselineIncidence><baselineIncidence><age>15</age><sex>1</sex><value>0.0</value></baselineIncidence><baselineIncidence><age>16</age><sex>0</sex><value>0.0</value></baselineIncidence><baselineIncidence><age>16</age><sex>1</sex><value>0.0</value></baselineIncidence><baselineIncidence><age>17</age><sex>0</sex><value>0.0</value></baselineIncidence><baselineIncidence><age>17</age><sex>1</sex><value>0.0</value></baselineIncidence><baselineIncidence><age>18</age><sex>0</sex><value>0.0</value></baselineIncidence><baselineIncidence><age>18</age><sex>1</sex><value>0.0</value></baselineIncidence><baselineIncidence><age>19</age><sex>0</sex><value>0.0</value></baselineIncidence><baselineIncidence><age>19</age><sex>1</sex><value>0.0</value></baselineIncidence><baselineIncidence><age>20</age><sex>0</sex><value>0.0</value></baselineIncidence><baselineIncidence><age>20</age><sex>1</sex><value>0.0</value></baselineIncidence><baselineIncidence><age>21</age><sex>0</sex><value>0.0</value></baselineIncidence><baselineIncidence><age>21</age><sex>1</sex><value>0.0</value></baselineIncidence><baselineIncidence><age>22</age><sex>0</sex><value>0.0</value></baselineIncidence><baselineIncidence><age>22</age><sex>1</sex><value>0.0</value></baselineIncidence><baselineIncidence><age>23</age><sex>0</sex><value>0.0</value></baselineIncidence><baselineIncidence><age>23</age><sex>1</sex><value>0.0</value></baselineIncidence><baselineIncidence><age>24</age><sex>0</sex><value>0.0</value></baselineIncidence><baselineIncidence><age>24</age><sex>1</sex><value>0.0</value></baselineIncidence><baselineIncidence><age>25</age><sex>0</sex><value>0.0</value></baselineIncidence><baselineIncidence><age>25</age><sex>1</sex><value>0.0</value></baselineIncidence><baselineIncidence><age>26</age><sex>0</sex><value>0.0</value></baselineIncidence><baselineIncidence><age>26</age><sex>1</sex><value>0.0</value></baselineIncidence><baselineIncidence><age>27</age><sex>0</sex><value>0.0</value></baselineIncidence><baselineIncidence><age>27</age><sex>1</sex><value>0.0</value></baselineIncidence><baselineIncidence><age>28</age><sex>0</sex><value>0.0</value></baselineIncidence><baselineIncidence><age>28</age><sex>1</sex><value>0.0</value></baselineIncidence><baselineIncidence><age>29</age><sex>0</sex><value>0.0</value></baselineIncidence><baselineIncidence><age>29</age><sex>1</sex><value>0.0</value></baselineIncidence><baselineIncidence><age>30</age><sex>0</sex><value>6.3100003E-4</value></baselineIncidence><baselineIncidence><age>30</age><sex>1</sex><value>4.396E-4</value></baselineIncidence><baselineIncidence><age>31</age><sex>0</sex><value>7.186E-4</value></baselineIncidence><baselineIncidence><age>31</age><sex>1</sex><value>4.8990006E-4</value></baselineIncidence><baselineIncidence><age>32</age><sex>0</sex><value>8.158E-4</value></baselineIncidence><baselineIncidence><age>32</age><sex>1</sex><value>5.458001E-4</value></baselineIncidence><baselineIncidence><age>33</age><sex>0</sex><value>9.232E-4</value></baselineIncidence><baselineIncidence><age>33</age><sex>1</sex><value>6.077001E-4</value></baselineIncidence><baselineIncidence><age>34</age><sex>0</sex><value>0.0010415</value></baselineIncidence><baselineIncidence><age>34</age><sex>1</sex><value>6.763E-4</value></baselineIncidence><baselineIncidence><age>35</age><sex>0</sex><value>0.0011712001</value></baselineIncidence><baselineIncidence><age>35</age><sex>1</sex><value>7.523001E-4</value></baselineIncidence><baselineIncidence><age>36</age><sex>0</sex><value>0.0013127001</value></baselineIncidence><baselineIncidence><age>36</age><sex>1</sex><value>8.361001E-4</value></baselineIncidence><baselineIncidence><age>37</age><sex>0</sex><value>0.0014663999</value></baselineIncidence><baselineIncidence><age>37</age><sex>1</sex><value>9.285E-4</value></baselineIncidence><baselineIncidence><age>38</age><sex>0</sex><value>0.0016326001</value></baselineIncidence><baselineIncidence><age>38</age><sex>1</sex><value>0.0010302</value></baselineIncidence><baselineIncidence><age>39</age><sex>0</sex><value>0.0018114999</value></baselineIncidence><baselineIncidence><age>39</age><sex>1</sex><value>0.0011418001</value></baselineIncidence><baselineIncidence><age>40</age><sex>0</sex><value>0.002003</value></baselineIncidence><baselineIncidence><age>40</age><sex>1</sex><value>0.001264</value></baselineIncidence><baselineIncidence><age>41</age><sex>0</sex><value>0.0022070003</value></baselineIncidence><baselineIncidence><age>41</age><sex>1</sex><value>0.0013976</value></baselineIncidence><baselineIncidence><age>42</age><sex>0</sex><value>0.0024231</value></baselineIncidence><baselineIncidence><age>42</age><sex>1</sex><value>0.0015431001</value></baselineIncidence><baselineIncidence><age>43</age><sex>0</sex><value>0.0026509</value></baselineIncidence><baselineIncidence><age>43</age><sex>1</sex><value>0.0017012</value></baselineIncidence><baselineIncidence><age>44</age><sex>0</sex><value>0.0028895</value></baselineIncidence><baselineIncidence><age>44</age><sex>1</sex><value>0.0018724002</value></baselineIncidence><baselineIncidence><age>45</age><sex>0</sex><value>0.003138</value></baselineIncidence><baselineIncidence><age>45</age><sex>1</sex><value>0.0020571002</value></baselineIncidence><baselineIncidence><age>46</age><sex>0</sex><value>0.0033952</value></baselineIncidence><baselineIncidence><age>46</age><sex>1</sex><value>0.0022558</value></baselineIncidence><baselineIncidence><age>47</age><sex>0</sex><value>0.0036597003</value></baselineIncidence><baselineIncidence><age>47</age><sex>1</sex><value>0.0024687003</value></baselineIncidence><baselineIncidence><age>48</age><sex>0</sex><value>0.00393</value></baselineIncidence><baselineIncidence><age>48</age><sex>1</sex><value>0.0026957</value></baselineIncidence><baselineIncidence><age>49</age><sex>0</sex><value>0.0042042</value></baselineIncidence><baselineIncidence><age>49</age><sex>1</sex><value>0.002937</value></baselineIncidence><baselineIncidence><age>50</age><sex>0</sex><value>0.0044804</value></baselineIncidence><baselineIncidence><age>50</age><sex>1</sex><value>0.003192</value></baselineIncidence><baselineIncidence><age>51</age><sex>0</sex><value>0.0047566</value></baselineIncidence><baselineIncidence><age>51</age><sex>1</sex><value>0.0034602</value></baselineIncidence><baselineIncidence><age>52</age><sex>0</sex><value>0.0050305</value></baselineIncidence><baselineIncidence><age>52</age><sex>1</sex><value>0.0037410003</value></baselineIncidence><baselineIncidence><age>53</age><sex>0</sex><value>0.0052999</value></baselineIncidence><baselineIncidence><age>53</age><sex>1</sex><value>0.0040331</value></baselineIncidence><baselineIncidence><age>54</age><sex>0</sex><value>0.0055627</value></baselineIncidence><baselineIncidence><age>54</age><sex>1</sex><value>0.0043352</value></baselineIncidence><baselineIncidence><age>55</age><sex>0</sex><value>0.0058166</value></baselineIncidence><baselineIncidence><age>55</age><sex>1</sex><value>0.0046457006</value></baselineIncidence><baselineIncidence><age>56</age><sex>0</sex><value>0.0060595</value></baselineIncidence><baselineIncidence><age>56</age><sex>1</sex><value>0.0049626003</value></baselineIncidence><baselineIncidence><age>57</age><sex>0</sex><value>0.0062897</value></baselineIncidence><baselineIncidence><age>57</age><sex>1</sex><value>0.0052838</value></baselineIncidence><baselineIncidence><age>58</age><sex>0</sex><value>0.0065052006</value></baselineIncidence><baselineIncidence><age>58</age><sex>1</sex><value>0.0056068</value></baselineIncidence><baselineIncidence><age>59</age><sex>0</sex><value>0.0067047006</value></baselineIncidence><baselineIncidence><age>59</age><sex>1</sex><value>0.005929</value></baselineIncidence><baselineIncidence><age>60</age><sex>0</sex><value>0.0068871006</value></baselineIncidence><baselineIncidence><age>60</age><sex>1</sex><value>0.0062476005</value></baselineIncidence><baselineIncidence><age>61</age><sex>0</sex><value>0.0070513994</value></baselineIncidence><baselineIncidence><age>61</age><sex>1</sex><value>0.0065598</value></baselineIncidence><baselineIncidence><age>62</age><sex>0</sex><value>0.0071973</value></baselineIncidence><baselineIncidence><age>62</age><sex>1</sex><value>0.0068628006</value></baselineIncidence><baselineIncidence><age>63</age><sex>0</sex><value>0.0073247</value></baselineIncidence><baselineIncidence><age>63</age><sex>1</sex><value>0.0071536005</value></baselineIncidence><baselineIncidence><age>64</age><sex>0</sex><value>0.0074339</value></baselineIncidence><baselineIncidence><age>64</age><sex>1</sex><value>0.0074298</value></baselineIncidence><baselineIncidence><age>65</age><sex>0</sex><value>0.0075258</value></baselineIncidence><baselineIncidence><age>65</age><sex>1</sex><value>0.0076890006</value></baselineIncidence><baselineIncidence><age>66</age><sex>0</sex><value>0.0076015005</value></baselineIncidence><baselineIncidence><age>66</age><sex>1</sex><value>0.0079291</value></baselineIncidence><baselineIncidence><age>67</age><sex>0</sex><value>0.0076626</value></baselineIncidence><baselineIncidence><age>67</age><sex>1</sex><value>0.0081487</value></baselineIncidence><baselineIncidence><age>68</age><sex>0</sex><value>0.0077113</value></baselineIncidence><baselineIncidence><age>68</age><sex>1</sex><value>0.0083467</value></baselineIncidence><baselineIncidence><age>69</age><sex>0</sex><value>0.0077498006</value></baselineIncidence><baselineIncidence><age>69</age><sex>1</sex><value>0.0085228</value></baselineIncidence><baselineIncidence><age>70</age><sex>0</sex><value>0.0077808998</value></baselineIncidence><baselineIncidence><age>70</age><sex>1</sex><value>0.0086773</value></baselineIncidence><baselineIncidence><age>71</age><sex>0</sex><value>0.0078079</value></baselineIncidence><baselineIncidence><age>71</age><sex>1</sex><value>0.0088111</value></baselineIncidence><baselineIncidence><age>72</age><sex>0</sex><value>0.0078341</value></baselineIncidence><baselineIncidence><age>72</age><sex>1</sex><value>0.0089262</value></baselineIncidence><baselineIncidence><age>73</age><sex>0</sex><value>0.0078633</value></baselineIncidence><baselineIncidence><age>73</age><sex>1</sex><value>0.0090251</value></baselineIncidence><baselineIncidence><age>74</age><sex>0</sex><value>0.0078996</value></baselineIncidence><baselineIncidence><age>74</age><sex>1</sex><value>0.009111201</value></baselineIncidence><baselineIncidence><age>75</age><sex>0</sex><value>0.0079471</value></baselineIncidence><baselineIncidence><age>75</age><sex>1</sex><value>0.0091887</value></baselineIncidence><baselineIncidence><age>76</age><sex>0</sex><value>0.0080104</value></baselineIncidence><baselineIncidence><age>76</age><sex>1</sex><value>0.0092623</value></baselineIncidence><baselineIncidence><age>77</age><sex>0</sex><value>0.008094199</value></baselineIncidence><baselineIncidence><age>77</age><sex>1</sex><value>0.0093377</value></baselineIncidence><baselineIncidence><age>78</age><sex>0</sex><value>0.0082034</value></baselineIncidence><baselineIncidence><age>78</age><sex>1</sex><value>0.0094208</value></baselineIncidence><baselineIncidence><age>79</age><sex>0</sex><value>0.008342901</value></baselineIncidence><baselineIncidence><age>79</age><sex>1</sex><value>0.0095181</value></baselineIncidence><baselineIncidence><age>80</age><sex>0</sex><value>0.0085178</value></baselineIncidence><baselineIncidence><age>80</age><sex>1</sex><value>0.0096365</value></baselineIncidence><baselineIncidence><age>81</age><sex>0</sex><value>0.0087335</value></baselineIncidence><baselineIncidence><age>81</age><sex>1</sex><value>0.009782901</value></baselineIncidence><baselineIncidence><age>82</age><sex>0</sex><value>0.008995101</value></baselineIncidence><baselineIncidence><age>82</age><sex>1</sex><value>0.009963901</value></baselineIncidence><baselineIncidence><age>83</age><sex>0</sex><value>0.0093079</value></baselineIncidence><baselineIncidence><age>83</age><sex>1</sex><value>0.010186101</value></baselineIncidence><baselineIncidence><age>84</age><sex>0</sex><value>0.009677201</value></baselineIncidence><baselineIncidence><age>84</age><sex>1</sex><value>0.0104552</value></baselineIncidence><baselineIncidence><age>85</age><sex>0</sex><value>0.0101083</value></baselineIncidence><baselineIncidence><age>85</age><sex>1</sex><value>0.010775801</value></baselineIncidence><baselineIncidence><age>86</age><sex>0</sex><value>0.0106061</value></baselineIncidence><baselineIncidence><age>86</age><sex>1</sex><value>0.0111511</value></baselineIncidence><baselineIncidence><age>87</age><sex>0</sex><value>0.011175601</value></baselineIncidence><baselineIncidence><age>87</age><sex>1</sex><value>0.011582301</value></baselineIncidence><baselineIncidence><age>88</age><sex>0</sex><value>0.011821301</value></baselineIncidence><baselineIncidence><age>88</age><sex>1</sex><value>0.012068199</value></baselineIncidence><baselineIncidence><age>89</age><sex>0</sex><value>0.012547601</value></baselineIncidence><baselineIncidence><age>89</age><sex>1</sex><value>0.0126044</value></baselineIncidence><baselineIncidence><age>90</age><sex>0</sex><value>0.0133584</value></baselineIncidence><baselineIncidence><age>90</age><sex>1</sex><value>0.013183101</value></baselineIncidence><baselineIncidence><age>91</age><sex>0</sex><value>0.014257001</value></baselineIncidence><baselineIncidence><age>91</age><sex>1</sex><value>0.013792399</value></baselineIncidence><baselineIncidence><age>92</age><sex>0</sex><value>0.015246201</value></baselineIncidence><baselineIncidence><age>92</age><sex>1</sex><value>0.014415801</value></baselineIncidence><baselineIncidence><age>93</age><sex>0</sex><value>0.016328102</value></baselineIncidence><baselineIncidence><age>93</age><sex>1</sex><value>0.015032001</value></baselineIncidence><baselineIncidence><age>94</age><sex>0</sex><value>0.0175039</value></baselineIncidence><baselineIncidence><age>94</age><sex>1</sex><value>0.015615102</value></baselineIncidence><baselineIncidence><age>95</age><sex>0</sex><value>0.0187742</value></baselineIncidence><baselineIncidence><age>95</age><sex>1</sex><value>0.0161343</value></baselineIncidence></baselineIncidences>