<?xml version="1.0" encoding="UTF-8" standalone="no"?><baselineIncidences><baselineIncidence><age>0</age><sex>0</sex><value>0.0</value></baselineIncidence><baselineIncidence><age>0</age><sex>1</sex><value>0.0</value></baselineIncidence><baselineIncidence><age>1</age><sex>0</sex><value>0.0</value></baselineIncidence><baselineIncidence><age>1</age><sex>1</sex><value>0.0</value></baselineIncidence><baselineIncidence><age>2</age><sex>0</sex><value>0.0</value></baselineIncidence><baselineIncidence><age>2</age><sex>1</sex><value>0.0</value></baselineIncidence><baselineIncidence><age>3</age><sex>0</sex><value>0.0</value></baselineIncidence><baselineIncidence><age>3</age><sex>1</sex><value>0.0</value></baselineIncidence><baselineIncidence><age>4</age><sex>0</sex><value>0.0</value></baselineIncidence><baselineIncidence><age>4</age><sex>1</sex><value>0.0</value></baselineIncidence><baselineIncidence><age>5</age><sex>0</sex><value>0.0</value></baselineIncidence><baselineIncidence><age>5</age><sex>1</sex><value>0.0</value></baselineIncidence><baselineIncidence><age>6</age><sex>0</sex><value>0.0</value></baselineIncidence><baselineIncidence><age>6</age><sex>1</sex><value>0.0</value></baselineIncidence><baselineIncidence><age>7</age><sex>0</sex><value>0.0</value></baselineIncidence><baselineIncidence><age>7</age><sex>1</sex><value>0.0</value></baselineIncidence><baselineIncidence><age>8</age><sex>0</sex><value>0.0</value></baselineIncidence><baselineIncidence><age>8</age><sex>1</sex><value>0.0</value></baselineIncidence><baselineIncidence><age>9</age><sex>0</sex><value>0.0</value></baselineIncidence><baselineIncidence><age>9</age><sex>1</sex><value>0.0</value></baselineIncidence><baselineIncidence><age>10</age><sex>0</sex><value>0.0</value></baselineIncidence><baselineIncidence><age>10</age><sex>1</sex><value>0.0</value></baselineIncidence><baselineIncidence><age>11</age><sex>0</sex><value>0.0</value></baselineIncidence><baselineIncidence><age>11</age><sex>1</sex><value>0.0</value></baselineIncidence><baselineIncidence><age>12</age><sex>0</sex><value>0.0</value></baselineIncidence><baselineIncidence><age>12</age><sex>1</sex><value>0.0</value></baselineIncidence><baselineIncidence><age>13</age><sex>0</sex><value>0.0</value></baselineIncidence><baselineIncidence><age>13</age><sex>1</sex><value>0.0</value></baselineIncidence><baselineIncidence><age>14</age><sex>0</sex><value>0.0</value></baselineIncidence><baselineIncidence><age>14</age><sex>1</sex><value>0.0</value></baselineIncidence><baselineIncidence><age>15</age><sex>0</sex><value>0.0</value></baselineIncidence><baselineIncidence><age>15</age><sex>1</sex><value>0.0</value></baselineIncidence><baselineIncidence><age>16</age><sex>0</sex><value>0.0</value></baselineIncidence><baselineIncidence><age>16</age><sex>1</sex><value>0.0</value></baselineIncidence><baselineIncidence><age>17</age><sex>0</sex><value>0.0</value></baselineIncidence><baselineIncidence><age>17</age><sex>1</sex><value>0.0</value></baselineIncidence><baselineIncidence><age>18</age><sex>0</sex><value>0.0</value></baselineIncidence><baselineIncidence><age>18</age><sex>1</sex><value>0.0</value></baselineIncidence><baselineIncidence><age>19</age><sex>0</sex><value>0.0</value></baselineIncidence><baselineIncidence><age>19</age><sex>1</sex><value>0.0</value></baselineIncidence><baselineIncidence><age>20</age><sex>0</sex><value>0.0</value></baselineIncidence><baselineIncidence><age>20</age><sex>1</sex><value>0.0</value></baselineIncidence><baselineIncidence><age>21</age><sex>0</sex><value>0.0</value></baselineIncidence><baselineIncidence><age>21</age><sex>1</sex><value>0.0</value></baselineIncidence><baselineIncidence><age>22</age><sex>0</sex><value>0.0</value></baselineIncidence><baselineIncidence><age>22</age><sex>1</sex><value>0.0</value></baselineIncidence><baselineIncidence><age>23</age><sex>0</sex><value>0.0</value></baselineIncidence><baselineIncidence><age>23</age><sex>1</sex><value>0.0</value></baselineIncidence><baselineIncidence><age>24</age><sex>0</sex><value>0.0</value></baselineIncidence><baselineIncidence><age>24</age><sex>1</sex><value>0.0</value></baselineIncidence><baselineIncidence><age>25</age><sex>0</sex><value>0.0</value></baselineIncidence><baselineIncidence><age>25</age><sex>1</sex><value>0.0</value></baselineIncidence><baselineIncidence><age>26</age><sex>0</sex><value>0.0</value></baselineIncidence><baselineIncidence><age>26</age><sex>1</sex><value>0.0</value></baselineIncidence><baselineIncidence><age>27</age><sex>0</sex><value>0.0</value></baselineIncidence><baselineIncidence><age>27</age><sex>1</sex><value>0.0</value></baselineIncidence><baselineIncidence><age>28</age><sex>0</sex><value>0.0</value></baselineIncidence><baselineIncidence><age>28</age><sex>1</sex><value>0.0</value></baselineIncidence><baselineIncidence><age>29</age><sex>0</sex><value>0.0</value></baselineIncidence><baselineIncidence><age>29</age><sex>1</sex><value>0.0</value></baselineIncidence><baselineIncidence><age>30</age><sex>0</sex><value>0.0</value></baselineIncidence><baselineIncidence><age>30</age><sex>1</sex><value>0.0</value></baselineIncidence><baselineIncidence><age>31</age><sex>0</sex><value>0.0</value></baselineIncidence><baselineIncidence><age>31</age><sex>1</sex><value>0.0</value></baselineIncidence><baselineIncidence><age>32</age><sex>0</sex><value>0.0</value></baselineIncidence><baselineIncidence><age>32</age><sex>1</sex><value>0.0</value></baselineIncidence><baselineIncidence><age>33</age><sex>0</sex><value>0.0</value></baselineIncidence><baselineIncidence><age>33</age><sex>1</sex><value>0.0</value></baselineIncidence><baselineIncidence><age>34</age><sex>0</sex><value>0.0</value></baselineIncidence><baselineIncidence><age>34</age><sex>1</sex><value>0.0</value></baselineIncidence><baselineIncidence><age>35</age><sex>0</sex><value>2.3224212E-4</value></baselineIncidence><baselineIncidence><age>35</age><sex>1</sex><value>1.8875182E-4</value></baselineIncidence><baselineIncidence><age>36</age><sex>0</sex><value>2.739103E-4</value></baselineIncidence><baselineIncidence><age>36</age><sex>1</sex><value>2.1671114E-4</value></baselineIncidence><baselineIncidence><age>37</age><sex>0</sex><value>3.2137302E-4</value></baselineIncidence><baselineIncidence><age>37</age><sex>1</sex><value>2.487551E-4</value></baselineIncidence><baselineIncidence><age>38</age><sex>0</sex><value>3.7558062E-4</value></baselineIncidence><baselineIncidence><age>38</age><sex>1</sex><value>2.8483357E-4</value></baselineIncidence><baselineIncidence><age>39</age><sex>0</sex><value>4.365005E-4</value></baselineIncidence><baselineIncidence><age>39</age><sex>1</sex><value>3.257498E-4</value></baselineIncidence><baselineIncidence><age>40</age><sex>0</sex><value>3.911407E-4</value></baselineIncidence><baselineIncidence><age>40</age><sex>1</sex><value>2.46967E-4</value></baselineIncidence><baselineIncidence><age>41</age><sex>0</sex><value>4.558299E-4</value></baselineIncidence><baselineIncidence><age>41</age><sex>1</sex><value>2.824224E-4</value></baselineIncidence><baselineIncidence><age>42</age><sex>0</sex><value>5.2898243E-4</value></baselineIncidence><baselineIncidence><age>42</age><sex>1</sex><value>3.2288407E-4</value></baselineIncidence><baselineIncidence><age>43</age><sex>0</sex><value>6.1121414E-4</value></baselineIncidence><baselineIncidence><age>43</age><sex>1</sex><value>3.6833365E-4</value></baselineIncidence><baselineIncidence><age>44</age><sex>0</sex><value>7.0316566E-4</value></baselineIncidence><baselineIncidence><age>44</age><sex>1</sex><value>4.1875095E-4</value></baselineIncidence><baselineIncidence><age>45</age><sex>0</sex><value>6.16706E-4</value></baselineIncidence><baselineIncidence><age>45</age><sex>1</sex><value>2.3992918E-4</value></baselineIncidence><baselineIncidence><age>46</age><sex>0</sex><value>7.01509E-4</value></baselineIncidence><baselineIncidence><age>46</age><sex>1</sex><value>2.7484656E-4</value></baselineIncidence><baselineIncidence><age>47</age><sex>0</sex><value>7.951239E-4</value></baselineIncidence><baselineIncidence><age>47</age><sex>1</sex><value>3.1447047E-4</value></baselineIncidence><baselineIncidence><age>48</age><sex>0</sex><value>8.9738035E-4</value></baselineIncidence><baselineIncidence><age>48</age><sex>1</sex><value>3.5893853E-4</value></baselineIncidence><baselineIncidence><age>49</age><sex>0</sex><value>0.0010093413</value></baselineIncidence><baselineIncidence><age>49</age><sex>1</sex><value>4.0869025E-4</value></baselineIncidence><baselineIncidence><age>50</age><sex>0</sex><value>0.0015100357</value></baselineIncidence><baselineIncidence><age>50</age><sex>1</sex><value>4.944651E-4</value></baselineIncidence><baselineIncidence><age>51</age><sex>0</sex><value>0.0016821139</value></baselineIncidence><baselineIncidence><age>51</age><sex>1</sex><value>5.635798E-4</value></baselineIncidence><baselineIncidence><age>52</age><sex>0</sex><value>0.0018668631</value></baselineIncidence><baselineIncidence><age>52</age><sex>1</sex><value>6.408964E-4</value></baselineIncidence><baselineIncidence><age>53</age><sex>0</sex><value>0.0020643736</value></baselineIncidence><baselineIncidence><age>53</age><sex>1</sex><value>7.271129E-4</value></baselineIncidence><baselineIncidence><age>54</age><sex>0</sex><value>0.002274729</value></baselineIncidence><baselineIncidence><age>54</age><sex>1</sex><value>8.233071E-4</value></baselineIncidence><baselineIncidence><age>55</age><sex>0</sex><value>0.0031024506</value></baselineIncidence><baselineIncidence><age>55</age><sex>1</sex><value>0.0017177198</value></baselineIncidence><baselineIncidence><age>56</age><sex>0</sex><value>0.0033898852</value></baselineIncidence><baselineIncidence><age>56</age><sex>1</sex><value>0.0019281646</value></baselineIncidence><baselineIncidence><age>57</age><sex>0</sex><value>0.003691636</value></baselineIncidence><baselineIncidence><age>57</age><sex>1</sex><value>0.0021587836</value></baselineIncidence><baselineIncidence><age>58</age><sex>0</sex><value>0.0040055583</value></baselineIncidence><baselineIncidence><age>58</age><sex>1</sex><value>0.0024108794</value></baselineIncidence><baselineIncidence><age>59</age><sex>0</sex><value>0.0043310514</value></baselineIncidence><baselineIncidence><age>59</age><sex>1</sex><value>0.0026851378</value></baselineIncidence><baselineIncidence><age>60</age><sex>0</sex><value>0.0050017354</value></baselineIncidence><baselineIncidence><age>60</age><sex>1</sex><value>0.0032900698</value></baselineIncidence><baselineIncidence><age>61</age><sex>0</sex><value>0.00536093</value></baselineIncidence><baselineIncidence><age>61</age><sex>1</sex><value>0.0036144042</value></baselineIncidence><baselineIncidence><age>62</age><sex>0</sex><value>0.005725854</value></baselineIncidence><baselineIncidence><age>62</age><sex>1</sex><value>0.003959999</value></baselineIncidence><baselineIncidence><age>63</age><sex>0</sex><value>0.006094481</value></baselineIncidence><baselineIncidence><age>63</age><sex>1</sex><value>0.004323935</value></baselineIncidence><baselineIncidence><age>64</age><sex>0</sex><value>0.006465314</value></baselineIncidence><baselineIncidence><age>64</age><sex>1</sex><value>0.0047069397</value></baselineIncidence><baselineIncidence><age>65</age><sex>0</sex><value>0.0078938035</value></baselineIncidence><baselineIncidence><age>65</age><sex>1</sex><value>0.0049611516</value></baselineIncidence><baselineIncidence><age>66</age><sex>0</sex><value>0.008314017</value></baselineIncidence><baselineIncidence><age>66</age><sex>1</sex><value>0.005364998</value></baselineIncidence><baselineIncidence><age>67</age><sex>0</sex><value>0.008726496</value></baselineIncidence><baselineIncidence><age>67</age><sex>1</sex><value>0.005781185</value></baselineIncidence><baselineIncidence><age>68</age><sex>0</sex><value>0.009130026</value></baselineIncidence><baselineIncidence><age>68</age><sex>1</sex><value>0.0062071686</value></baselineIncidence><baselineIncidence><age>69</age><sex>0</sex><value>0.0095201405</value></baselineIncidence><baselineIncidence><age>69</age><sex>1</sex><value>0.006640282</value></baselineIncidence><baselineIncidence><age>70</age><sex>0</sex><value>0.009894282</value></baselineIncidence><baselineIncidence><age>70</age><sex>1</sex><value>0.007076257</value></baselineIncidence><baselineIncidence><age>71</age><sex>0</sex><value>0.010267116</value></baselineIncidence><baselineIncidence><age>71</age><sex>1</sex><value>0.0075492137</value></baselineIncidence><baselineIncidence><age>72</age><sex>0</sex><value>0.010619219</value></baselineIncidence><baselineIncidence><age>72</age><sex>1</sex><value>0.008022236</value></baselineIncidence><baselineIncidence><age>73</age><sex>0</sex><value>0.010947917</value></baselineIncidence><baselineIncidence><age>73</age><sex>1</sex><value>0.008488205</value></baselineIncidence><baselineIncidence><age>74</age><sex>0</sex><value>0.011249247</value></baselineIncidence><baselineIncidence><age>74</age><sex>1</sex><value>0.008943479</value></baselineIncidence><baselineIncidence><age>75</age><sex>0</sex><value>0.011521137</value></baselineIncidence><baselineIncidence><age>75</age><sex>1</sex><value>0.009380414</value></baselineIncidence><baselineIncidence><age>76</age><sex>0</sex><value>0.011760873</value></baselineIncidence><baselineIncidence><age>76</age><sex>1</sex><value>0.009794179</value></baselineIncidence><baselineIncidence><age>77</age><sex>0</sex><value>0.011965127</value></baselineIncidence><baselineIncidence><age>77</age><sex>1</sex><value>0.010176724</value></baselineIncidence><baselineIncidence><age>78</age><sex>0</sex><value>0.012131858</value></baselineIncidence><baselineIncidence><age>78</age><sex>1</sex><value>0.010522932</value></baselineIncidence><baselineIncidence><age>79</age><sex>0</sex><value>0.012259669</value></baselineIncidence><baselineIncidence><age>79</age><sex>1</sex><value>0.010825356</value></baselineIncidence><baselineIncidence><age>80</age><sex>0</sex><value>0.012345374</value></baselineIncidence><baselineIncidence><age>80</age><sex>1</sex><value>0.011078886</value></baselineIncidence><baselineIncidence><age>81</age><sex>0</sex><value>0.012396801</value></baselineIncidence><baselineIncidence><age>81</age><sex>1</sex><value>0.011206424</value></baselineIncidence><baselineIncidence><age>82</age><sex>0</sex><value>0.012404259</value></baselineIncidence><baselineIncidence><age>82</age><sex>1</sex><value>0.011273118</value></baselineIncidence><baselineIncidence><age>83</age><sex>0</sex><value>0.01236661</value></baselineIncidence><baselineIncidence><age>83</age><sex>1</sex><value>0.011275792</value></baselineIncidence><baselineIncidence><age>84</age><sex>0</sex><value>0.012282864</value></baselineIncidence><baselineIncidence><age>84</age><sex>1</sex><value>0.011213254</value></baselineIncidence><baselineIncidence><age>85</age><sex>0</sex><value>0.012153955</value></baselineIncidence><baselineIncidence><age>85</age><sex>1</sex><value>0.011084101</value></baselineIncidence><baselineIncidence><age>86</age><sex>0</sex><value>0.011979231</value></baselineIncidence><baselineIncidence><age>86</age><sex>1</sex><value>0.010889001</value></baselineIncidence><baselineIncidence><age>87</age><sex>0</sex><value>0.011759412</value></baselineIncidence><baselineIncidence><age>87</age><sex>1</sex><value>0.010630679</value></baselineIncidence><baselineIncidence><age>88</age><sex>0</sex><value>0.011495438</value></baselineIncidence><baselineIncidence><age>88</age><sex>1</sex><value>0.010311738</value></baselineIncidence><baselineIncidence><age>89</age><sex>0</sex><value>0.011189028</value></baselineIncidence><baselineIncidence><age>89</age><sex>1</sex><value>0.00993681</value></baselineIncidence><baselineIncidence><age>90</age><sex>0</sex><value>0.010841614</value></baselineIncidence><baselineIncidence><age>90</age><sex>1</sex><value>0.009511072</value></baselineIncidence><baselineIncidence><age>91</age><sex>0</sex><value>0.010455427</value></baselineIncidence><baselineIncidence><age>91</age><sex>1</sex><value>0.009042197</value></baselineIncidence><baselineIncidence><age>92</age><sex>0</sex><value>0.010032972</value></baselineIncidence><baselineIncidence><age>92</age><sex>1</sex><value>0.0085374825</value></baselineIncidence><baselineIncidence><age>93</age><sex>0</sex><value>0.0095775295</value></baselineIncidence><baselineIncidence><age>93</age><sex>1</sex><value>0.008005089</value></baselineIncidence><baselineIncidence><age>94</age><sex>0</sex><value>0.009092591</value></baselineIncidence><baselineIncidence><age>94</age><sex>1</sex><value>0.007455049</value></baselineIncidence><baselineIncidence><age>95</age><sex>0</sex><value>0.008580996</value></baselineIncidence><baselineIncidence><age>95</age><sex>1</sex><value>0.006894709</value></baselineIncidence></baselineIncidences>