<?xml version="1.0" encoding="UTF-8" standalone="no"?><baselineIncidences><baselineIncidence><age>0</age><sex>0</sex><value>0.0</value></baselineIncidence><baselineIncidence><age>0</age><sex>1</sex><value>0.0</value></baselineIncidence><baselineIncidence><age>1</age><sex>0</sex><value>0.0</value></baselineIncidence><baselineIncidence><age>1</age><sex>1</sex><value>0.0</value></baselineIncidence><baselineIncidence><age>2</age><sex>0</sex><value>0.0</value></baselineIncidence><baselineIncidence><age>2</age><sex>1</sex><value>0.0</value></baselineIncidence><baselineIncidence><age>3</age><sex>0</sex><value>0.0</value></baselineIncidence><baselineIncidence><age>3</age><sex>1</sex><value>0.0</value></baselineIncidence><baselineIncidence><age>4</age><sex>0</sex><value>0.0</value></baselineIncidence><baselineIncidence><age>4</age><sex>1</sex><value>0.0</value></baselineIncidence><baselineIncidence><age>5</age><sex>0</sex><value>0.0</value></baselineIncidence><baselineIncidence><age>5</age><sex>1</sex><value>0.0</value></baselineIncidence><baselineIncidence><age>6</age><sex>0</sex><value>0.0</value></baselineIncidence><baselineIncidence><age>6</age><sex>1</sex><value>0.0</value></baselineIncidence><baselineIncidence><age>7</age><sex>0</sex><value>0.0</value></baselineIncidence><baselineIncidence><age>7</age><sex>1</sex><value>0.0</value></baselineIncidence><baselineIncidence><age>8</age><sex>0</sex><value>0.0</value></baselineIncidence><baselineIncidence><age>8</age><sex>1</sex><value>0.0</value></baselineIncidence><baselineIncidence><age>9</age><sex>0</sex><value>0.0</value></baselineIncidence><baselineIncidence><age>9</age><sex>1</sex><value>0.0</value></baselineIncidence><baselineIncidence><age>10</age><sex>0</sex><value>0.0</value></baselineIncidence><baselineIncidence><age>10</age><sex>1</sex><value>0.0</value></baselineIncidence><baselineIncidence><age>11</age><sex>0</sex><value>0.0</value></baselineIncidence><baselineIncidence><age>11</age><sex>1</sex><value>0.0</value></baselineIncidence><baselineIncidence><age>12</age><sex>0</sex><value>0.0</value></baselineIncidence><baselineIncidence><age>12</age><sex>1</sex><value>0.0</value></baselineIncidence><baselineIncidence><age>13</age><sex>0</sex><value>0.0</value></baselineIncidence><baselineIncidence><age>13</age><sex>1</sex><value>0.0</value></baselineIncidence><baselineIncidence><age>14</age><sex>0</sex><value>0.0</value></baselineIncidence><baselineIncidence><age>14</age><sex>1</sex><value>0.0</value></baselineIncidence><baselineIncidence><age>15</age><sex>0</sex><value>0.0</value></baselineIncidence><baselineIncidence><age>15</age><sex>1</sex><value>0.0</value></baselineIncidence><baselineIncidence><age>16</age><sex>0</sex><value>0.0</value></baselineIncidence><baselineIncidence><age>16</age><sex>1</sex><value>0.0</value></baselineIncidence><baselineIncidence><age>17</age><sex>0</sex><value>0.0</value></baselineIncidence><baselineIncidence><age>17</age><sex>1</sex><value>0.0</value></baselineIncidence><baselineIncidence><age>18</age><sex>0</sex><value>0.0</value></baselineIncidence><baselineIncidence><age>18</age><sex>1</sex><value>0.0</value></baselineIncidence><baselineIncidence><age>19</age><sex>0</sex><value>0.0</value></baselineIncidence><baselineIncidence><age>19</age><sex>1</sex><value>0.0</value></baselineIncidence><baselineIncidence><age>20</age><sex>0</sex><value>0.0</value></baselineIncidence><baselineIncidence><age>20</age><sex>1</sex><value>0.0</value></baselineIncidence><baselineIncidence><age>21</age><sex>0</sex><value>0.0</value></baselineIncidence><baselineIncidence><age>21</age><sex>1</sex><value>0.0</value></baselineIncidence><baselineIncidence><age>22</age><sex>0</sex><value>0.0</value></baselineIncidence><baselineIncidence><age>22</age><sex>1</sex><value>0.0</value></baselineIncidence><baselineIncidence><age>23</age><sex>0</sex><value>0.0</value></baselineIncidence><baselineIncidence><age>23</age><sex>1</sex><value>0.0</value></baselineIncidence><baselineIncidence><age>24</age><sex>0</sex><value>0.0</value></baselineIncidence><baselineIncidence><age>24</age><sex>1</sex><value>0.0</value></baselineIncidence><baselineIncidence><age>25</age><sex>0</sex><value>0.0</value></baselineIncidence><baselineIncidence><age>25</age><sex>1</sex><value>0.0</value></baselineIncidence><baselineIncidence><age>26</age><sex>0</sex><value>0.0</value></baselineIncidence><baselineIncidence><age>26</age><sex>1</sex><value>0.0</value></baselineIncidence><baselineIncidence><age>27</age><sex>0</sex><value>0.0</value></baselineIncidence><baselineIncidence><age>27</age><sex>1</sex><value>0.0</value></baselineIncidence><baselineIncidence><age>28</age><sex>0</sex><value>0.0</value></baselineIncidence><baselineIncidence><age>28</age><sex>1</sex><value>0.0</value></baselineIncidence><baselineIncidence><age>29</age><sex>0</sex><value>0.0</value></baselineIncidence><baselineIncidence><age>29</age><sex>1</sex><value>0.0</value></baselineIncidence><baselineIncidence><age>30</age><sex>0</sex><value>0.0</value></baselineIncidence><baselineIncidence><age>30</age><sex>1</sex><value>0.0</value></baselineIncidence><baselineIncidence><age>31</age><sex>0</sex><value>0.0</value></baselineIncidence><baselineIncidence><age>31</age><sex>1</sex><value>0.0</value></baselineIncidence><baselineIncidence><age>32</age><sex>0</sex><value>0.0</value></baselineIncidence><baselineIncidence><age>32</age><sex>1</sex><value>0.0</value></baselineIncidence><baselineIncidence><age>33</age><sex>0</sex><value>0.0</value></baselineIncidence><baselineIncidence><age>33</age><sex>1</sex><value>0.0</value></baselineIncidence><baselineIncidence><age>34</age><sex>0</sex><value>0.0</value></baselineIncidence><baselineIncidence><age>34</age><sex>1</sex><value>0.0</value></baselineIncidence><baselineIncidence><age>35</age><sex>0</sex><value>1.5443929E-4</value></baselineIncidence><baselineIncidence><age>35</age><sex>1</sex><value>1.3492226E-4</value></baselineIncidence><baselineIncidence><age>36</age><sex>0</sex><value>1.7356573E-4</value></baselineIncidence><baselineIncidence><age>36</age><sex>1</sex><value>1.4338188E-4</value></baselineIncidence><baselineIncidence><age>37</age><sex>0</sex><value>1.9530451E-4</value></baselineIncidence><baselineIncidence><age>37</age><sex>1</sex><value>1.5309521E-4</value></baselineIncidence><baselineIncidence><age>38</age><sex>0</sex><value>2.1995073E-4</value></baselineIncidence><baselineIncidence><age>38</age><sex>1</sex><value>1.641308E-4</value></baselineIncidence><baselineIncidence><age>39</age><sex>0</sex><value>2.4798934E-4</value></baselineIncidence><baselineIncidence><age>39</age><sex>1</sex><value>1.7655555E-4</value></baselineIncidence><baselineIncidence><age>40</age><sex>0</sex><value>2.7408323E-4</value></baselineIncidence><baselineIncidence><age>40</age><sex>1</sex><value>8.458559E-5</value></baselineIncidence><baselineIncidence><age>41</age><sex>0</sex><value>3.0944447E-4</value></baselineIncidence><baselineIncidence><age>41</age><sex>1</sex><value>9.242194E-5</value></baselineIncidence><baselineIncidence><age>42</age><sex>0</sex><value>3.4948942E-4</value></baselineIncidence><baselineIncidence><age>42</age><sex>1</sex><value>1.0132913E-4</value></baselineIncidence><baselineIncidence><age>43</age><sex>0</sex><value>3.9498124E-4</value></baselineIncidence><baselineIncidence><age>43</age><sex>1</sex><value>1.11458714E-4</value></baselineIncidence><baselineIncidence><age>44</age><sex>0</sex><value>4.464021E-4</value></baselineIncidence><baselineIncidence><age>44</age><sex>1</sex><value>1.2293301E-4</value></baselineIncidence><baselineIncidence><age>45</age><sex>0</sex><value>2.5126294E-4</value></baselineIncidence><baselineIncidence><age>45</age><sex>1</sex><value>1.2043265E-4</value></baselineIncidence><baselineIncidence><age>46</age><sex>0</sex><value>2.8629164E-4</value></baselineIncidence><baselineIncidence><age>46</age><sex>1</sex><value>1.3424797E-4</value></baselineIncidence><baselineIncidence><age>47</age><sex>0</sex><value>3.2623706E-4</value></baselineIncidence><baselineIncidence><age>47</age><sex>1</sex><value>1.500199E-4</value></baselineIncidence><baselineIncidence><age>48</age><sex>0</sex><value>3.7170833E-4</value></baselineIncidence><baselineIncidence><age>48</age><sex>1</sex><value>1.6803372E-4</value></baselineIncidence><baselineIncidence><age>49</age><sex>0</sex><value>4.2338387E-4</value></baselineIncidence><baselineIncidence><age>49</age><sex>1</sex><value>1.8858905E-4</value></baselineIncidence><baselineIncidence><age>50</age><sex>0</sex><value>2.8452364E-4</value></baselineIncidence><baselineIncidence><age>50</age><sex>1</sex><value>3.0414082E-4</value></baselineIncidence><baselineIncidence><age>51</age><sex>0</sex><value>3.227449E-4</value></baselineIncidence><baselineIncidence><age>51</age><sex>1</sex><value>3.431385E-4</value></baselineIncidence><baselineIncidence><age>52</age><sex>0</sex><value>3.6586754E-4</value></baselineIncidence><baselineIncidence><age>52</age><sex>1</sex><value>3.876418E-4</value></baselineIncidence><baselineIncidence><age>53</age><sex>0</sex><value>4.143812E-4</value></baselineIncidence><baselineIncidence><age>53</age><sex>1</sex><value>4.3849964E-4</value></baselineIncidence><baselineIncidence><age>54</age><sex>0</sex><value>4.6893433E-4</value></baselineIncidence><baselineIncidence><age>54</age><sex>1</sex><value>4.9651606E-4</value></baselineIncidence><baselineIncidence><age>55</age><sex>0</sex><value>8.4871956E-4</value></baselineIncidence><baselineIncidence><age>55</age><sex>1</sex><value>5.078899E-4</value></baselineIncidence><baselineIncidence><age>56</age><sex>0</sex><value>9.6030644E-4</value></baselineIncidence><baselineIncidence><age>56</age><sex>1</sex><value>5.778164E-4</value></baselineIncidence><baselineIncidence><age>57</age><sex>0</sex><value>0.0010851318</value></baselineIncidence><baselineIncidence><age>57</age><sex>1</sex><value>6.577435E-4</value></baselineIncidence><baselineIncidence><age>58</age><sex>0</sex><value>0.0012244774</value></baselineIncidence><baselineIncidence><age>58</age><sex>1</sex><value>7.4903463E-4</value></baselineIncidence><baselineIncidence><age>59</age><sex>0</sex><value>0.0013795655</value></baselineIncidence><baselineIncidence><age>59</age><sex>1</sex><value>8.532077E-4</value></baselineIncidence><baselineIncidence><age>60</age><sex>0</sex><value>0.0020605098</value></baselineIncidence><baselineIncidence><age>60</age><sex>1</sex><value>0.0013433648</value></baselineIncidence><baselineIncidence><age>61</age><sex>0</sex><value>0.0023126863</value></baselineIncidence><baselineIncidence><age>61</age><sex>1</sex><value>0.0015058873</value></baselineIncidence><baselineIncidence><age>62</age><sex>0</sex><value>0.0025905103</value></baselineIncidence><baselineIncidence><age>62</age><sex>1</sex><value>0.0016866691</value></baselineIncidence><baselineIncidence><age>63</age><sex>0</sex><value>0.0028954542</value></baselineIncidence><baselineIncidence><age>63</age><sex>1</sex><value>0.0018871707</value></baselineIncidence><baselineIncidence><age>64</age><sex>0</sex><value>0.003228881</value></baselineIncidence><baselineIncidence><age>64</age><sex>1</sex><value>0.0021087958</value></baselineIncidence><baselineIncidence><age>65</age><sex>0</sex><value>0.0031274639</value></baselineIncidence><baselineIncidence><age>65</age><sex>1</sex><value>0.002498258</value></baselineIncidence><baselineIncidence><age>66</age><sex>0</sex><value>0.0034577155</value></baselineIncidence><baselineIncidence><age>66</age><sex>1</sex><value>0.002780604</value></baselineIncidence><baselineIncidence><age>67</age><sex>0</sex><value>0.0038121378</value></baselineIncidence><baselineIncidence><age>67</age><sex>1</sex><value>0.0030887416</value></baselineIncidence><baselineIncidence><age>68</age><sex>0</sex><value>0.004190458</value></baselineIncidence><baselineIncidence><age>68</age><sex>1</sex><value>0.0034236999</value></baselineIncidence><baselineIncidence><age>69</age><sex>0</sex><value>0.00459193</value></baselineIncidence><baselineIncidence><age>69</age><sex>1</sex><value>0.0037858917</value></baselineIncidence><baselineIncidence><age>70</age><sex>0</sex><value>0.0050153714</value></baselineIncidence><baselineIncidence><age>70</age><sex>1</sex><value>0.0041754656</value></baselineIncidence><baselineIncidence><age>71</age><sex>0</sex><value>0.005449055</value></baselineIncidence><baselineIncidence><age>71</age><sex>1</sex><value>0.004618814</value></baselineIncidence><baselineIncidence><age>72</age><sex>0</sex><value>0.0058990233</value></baselineIncidence><baselineIncidence><age>72</age><sex>1</sex><value>0.0050938264</value></baselineIncidence><baselineIncidence><age>73</age><sex>0</sex><value>0.006362319</value></baselineIncidence><baselineIncidence><age>73</age><sex>1</sex><value>0.005599315</value></baselineIncidence><baselineIncidence><age>74</age><sex>0</sex><value>0.0068352143</value></baselineIncidence><baselineIncidence><age>74</age><sex>1</sex><value>0.0061333976</value></baselineIncidence><baselineIncidence><age>75</age><sex>0</sex><value>0.0073133307</value></baselineIncidence><baselineIncidence><age>75</age><sex>1</sex><value>0.006693085</value></baselineIncidence><baselineIncidence><age>76</age><sex>0</sex><value>0.0077916845</value></baselineIncidence><baselineIncidence><age>76</age><sex>1</sex><value>0.0072745974</value></baselineIncidence><baselineIncidence><age>77</age><sex>0</sex><value>0.008264508</value></baselineIncidence><baselineIncidence><age>77</age><sex>1</sex><value>0.007872798</value></baselineIncidence><baselineIncidence><age>78</age><sex>0</sex><value>0.008725614</value></baselineIncidence><baselineIncidence><age>78</age><sex>1</sex><value>0.008481524</value></baselineIncidence><baselineIncidence><age>79</age><sex>0</sex><value>0.009168218</value></baselineIncidence><baselineIncidence><age>79</age><sex>1</sex><value>0.009093328</value></baselineIncidence><baselineIncidence><age>80</age><sex>0</sex><value>0.009585139</value></baselineIncidence><baselineIncidence><age>80</age><sex>1</sex><value>0.009699711</value></baselineIncidence><baselineIncidence><age>81</age><sex>0</sex><value>0.0099879615</value></baselineIncidence><baselineIncidence><age>81</age><sex>1</sex><value>0.010214622</value></baselineIncidence><baselineIncidence><age>82</age><sex>0</sex><value>0.010351346</value></baselineIncidence><baselineIncidence><age>82</age><sex>1</sex><value>0.010696211</value></baselineIncidence><baselineIncidence><age>83</age><sex>0</sex><value>0.010667427</value></baselineIncidence><baselineIncidence><age>83</age><sex>1</sex><value>0.011134217</value></baselineIncidence><baselineIncidence><age>84</age><sex>0</sex><value>0.010928711</value></baselineIncidence><baselineIncidence><age>84</age><sex>1</sex><value>0.011518071</value></baselineIncidence><baselineIncidence><age>85</age><sex>0</sex><value>0.011128018</value></baselineIncidence><baselineIncidence><age>85</age><sex>1</sex><value>0.011837539</value></baselineIncidence><baselineIncidence><age>86</age><sex>0</sex><value>0.011258915</value></baselineIncidence><baselineIncidence><age>86</age><sex>1</sex><value>0.012082813</value></baselineIncidence><baselineIncidence><age>87</age><sex>0</sex><value>0.011315857</value></baselineIncidence><baselineIncidence><age>87</age><sex>1</sex><value>0.012245084</value></baselineIncidence><baselineIncidence><age>88</age><sex>0</sex><value>0.011294689</value></baselineIncidence><baselineIncidence><age>88</age><sex>1</sex><value>0.012316796</value></baselineIncidence><baselineIncidence><age>89</age><sex>0</sex><value>0.011192304</value></baselineIncidence><baselineIncidence><age>89</age><sex>1</sex><value>0.012292054</value></baselineIncidence><baselineIncidence><age>90</age><sex>0</sex><value>0.011007486</value></baselineIncidence><baselineIncidence><age>90</age><sex>1</sex><value>0.012166941</value></baselineIncidence><baselineIncidence><age>91</age><sex>0</sex><value>0.0107405465</value></baselineIncidence><baselineIncidence><age>91</age><sex>1</sex><value>0.011940087</value></baselineIncidence><baselineIncidence><age>92</age><sex>0</sex><value>0.010393676</value></baselineIncidence><baselineIncidence><age>92</age><sex>1</sex><value>0.011612426</value></baselineIncidence><baselineIncidence><age>93</age><sex>0</sex><value>0.009970881</value></baselineIncidence><baselineIncidence><age>93</age><sex>1</sex><value>0.011187744</value></baselineIncidence><baselineIncidence><age>94</age><sex>0</sex><value>0.009477978</value></baselineIncidence><baselineIncidence><age>94</age><sex>1</sex><value>0.010672359</value></baselineIncidence><baselineIncidence><age>95</age><sex>0</sex><value>0.0089224465</value></baselineIncidence><baselineIncidence><age>95</age><sex>1</sex><value>0.010075272</value></baselineIncidence></baselineIncidences>