<?xml version="1.0" encoding="UTF-8" standalone="no"?><baselineIncidences><baselineIncidence><age>0</age><sex>0</sex><value>0.0</value></baselineIncidence><baselineIncidence><age>0</age><sex>1</sex><value>0.0</value></baselineIncidence><baselineIncidence><age>1</age><sex>0</sex><value>0.0</value></baselineIncidence><baselineIncidence><age>1</age><sex>1</sex><value>0.0</value></baselineIncidence><baselineIncidence><age>2</age><sex>0</sex><value>0.0</value></baselineIncidence><baselineIncidence><age>2</age><sex>1</sex><value>0.0</value></baselineIncidence><baselineIncidence><age>3</age><sex>0</sex><value>0.0</value></baselineIncidence><baselineIncidence><age>3</age><sex>1</sex><value>0.0</value></baselineIncidence><baselineIncidence><age>4</age><sex>0</sex><value>0.0</value></baselineIncidence><baselineIncidence><age>4</age><sex>1</sex><value>0.0</value></baselineIncidence><baselineIncidence><age>5</age><sex>0</sex><value>0.0</value></baselineIncidence><baselineIncidence><age>5</age><sex>1</sex><value>0.0</value></baselineIncidence><baselineIncidence><age>6</age><sex>0</sex><value>0.0</value></baselineIncidence><baselineIncidence><age>6</age><sex>1</sex><value>0.0</value></baselineIncidence><baselineIncidence><age>7</age><sex>0</sex><value>0.0</value></baselineIncidence><baselineIncidence><age>7</age><sex>1</sex><value>0.0</value></baselineIncidence><baselineIncidence><age>8</age><sex>0</sex><value>0.0</value></baselineIncidence><baselineIncidence><age>8</age><sex>1</sex><value>0.0</value></baselineIncidence><baselineIncidence><age>9</age><sex>0</sex><value>0.0</value></baselineIncidence><baselineIncidence><age>9</age><sex>1</sex><value>0.0</value></baselineIncidence><baselineIncidence><age>10</age><sex>0</sex><value>0.0</value></baselineIncidence><baselineIncidence><age>10</age><sex>1</sex><value>0.0</value></baselineIncidence><baselineIncidence><age>11</age><sex>0</sex><value>0.0</value></baselineIncidence><baselineIncidence><age>11</age><sex>1</sex><value>0.0</value></baselineIncidence><baselineIncidence><age>12</age><sex>0</sex><value>0.0</value></baselineIncidence><baselineIncidence><age>12</age><sex>1</sex><value>0.0</value></baselineIncidence><baselineIncidence><age>13</age><sex>0</sex><value>0.0</value></baselineIncidence><baselineIncidence><age>13</age><sex>1</sex><value>0.0</value></baselineIncidence><baselineIncidence><age>14</age><sex>0</sex><value>0.0</value></baselineIncidence><baselineIncidence><age>14</age><sex>1</sex><value>0.0</value></baselineIncidence><baselineIncidence><age>15</age><sex>0</sex><value>0.0</value></baselineIncidence><baselineIncidence><age>15</age><sex>1</sex><value>0.0</value></baselineIncidence><baselineIncidence><age>16</age><sex>0</sex><value>0.0</value></baselineIncidence><baselineIncidence><age>16</age><sex>1</sex><value>0.0</value></baselineIncidence><baselineIncidence><age>17</age><sex>0</sex><value>0.0</value></baselineIncidence><baselineIncidence><age>17</age><sex>1</sex><value>1.0E-7</value></baselineIncidence><baselineIncidence><age>18</age><sex>0</sex><value>0.0</value></baselineIncidence><baselineIncidence><age>18</age><sex>1</sex><value>3.0E-7</value></baselineIncidence><baselineIncidence><age>19</age><sex>0</sex><value>0.0</value></baselineIncidence><baselineIncidence><age>19</age><sex>1</sex><value>4.9999994E-7</value></baselineIncidence><baselineIncidence><age>20</age><sex>0</sex><value>0.0</value></baselineIncidence><baselineIncidence><age>20</age><sex>1</sex><value>6.000001E-7</value></baselineIncidence><baselineIncidence><age>21</age><sex>0</sex><value>0.0</value></baselineIncidence><baselineIncidence><age>21</age><sex>1</sex><value>8.0E-7</value></baselineIncidence><baselineIncidence><age>22</age><sex>0</sex><value>1.0E-7</value></baselineIncidence><baselineIncidence><age>22</age><sex>1</sex><value>8.0E-7</value></baselineIncidence><baselineIncidence><age>23</age><sex>0</sex><value>3.0000004E-7</value></baselineIncidence><baselineIncidence><age>23</age><sex>1</sex><value>7.0E-7</value></baselineIncidence><baselineIncidence><age>24</age><sex>0</sex><value>5.0E-7</value></baselineIncidence><baselineIncidence><age>24</age><sex>1</sex><value>6.000001E-7</value></baselineIncidence><baselineIncidence><age>25</age><sex>0</sex><value>7.0E-7</value></baselineIncidence><baselineIncidence><age>25</age><sex>1</sex><value>5.0E-7</value></baselineIncidence><baselineIncidence><age>26</age><sex>0</sex><value>9.0000003E-7</value></baselineIncidence><baselineIncidence><age>26</age><sex>1</sex><value>3.0E-7</value></baselineIncidence><baselineIncidence><age>27</age><sex>0</sex><value>1.1E-6</value></baselineIncidence><baselineIncidence><age>27</age><sex>1</sex><value>2.0E-7</value></baselineIncidence><baselineIncidence><age>28</age><sex>0</sex><value>1.2999999E-6</value></baselineIncidence><baselineIncidence><age>28</age><sex>1</sex><value>3.0000004E-7</value></baselineIncidence><baselineIncidence><age>29</age><sex>0</sex><value>1.5000002E-6</value></baselineIncidence><baselineIncidence><age>29</age><sex>1</sex><value>4.0E-7</value></baselineIncidence><baselineIncidence><age>30</age><sex>0</sex><value>1.8000001E-6</value></baselineIncidence><baselineIncidence><age>30</age><sex>1</sex><value>6.0E-7</value></baselineIncidence><baselineIncidence><age>31</age><sex>0</sex><value>2.1E-6</value></baselineIncidence><baselineIncidence><age>31</age><sex>1</sex><value>8.0000007E-7</value></baselineIncidence><baselineIncidence><age>32</age><sex>0</sex><value>2.6E-6</value></baselineIncidence><baselineIncidence><age>32</age><sex>1</sex><value>1.1E-6</value></baselineIncidence><baselineIncidence><age>33</age><sex>0</sex><value>3.2E-6</value></baselineIncidence><baselineIncidence><age>33</age><sex>1</sex><value>1.4000001E-6</value></baselineIncidence><baselineIncidence><age>34</age><sex>0</sex><value>4.1E-6</value></baselineIncidence><baselineIncidence><age>34</age><sex>1</sex><value>1.7E-6</value></baselineIncidence><baselineIncidence><age>35</age><sex>0</sex><value>1.2356772E-6</value></baselineIncidence><baselineIncidence><age>35</age><sex>1</sex><value>5.6868845E-7</value></baselineIncidence><baselineIncidence><age>36</age><sex>0</sex><value>1.5794784E-6</value></baselineIncidence><baselineIncidence><age>36</age><sex>1</sex><value>6.9616294E-7</value></baselineIncidence><baselineIncidence><age>37</age><sex>0</sex><value>2.011416E-6</value></baselineIncidence><baselineIncidence><age>37</age><sex>1</sex><value>8.472765E-7</value></baselineIncidence><baselineIncidence><age>38</age><sex>0</sex><value>2.5526292E-6</value></baselineIncidence><baselineIncidence><age>38</age><sex>1</sex><value>1.0212482E-6</value></baselineIncidence><baselineIncidence><age>39</age><sex>0</sex><value>3.2236005E-6</value></baselineIncidence><baselineIncidence><age>39</age><sex>1</sex><value>1.2691324E-6</value></baselineIncidence><baselineIncidence><age>40</age><sex>0</sex><value>4.0441832E-6</value></baselineIncidence><baselineIncidence><age>40</age><sex>1</sex><value>1.5372974E-6</value></baselineIncidence><baselineIncidence><age>41</age><sex>0</sex><value>5.0523886E-6</value></baselineIncidence><baselineIncidence><age>41</age><sex>1</sex><value>1.9088934E-6</value></baselineIncidence><baselineIncidence><age>42</age><sex>0</sex><value>6.2793774E-6</value></baselineIncidence><baselineIncidence><age>42</age><sex>1</sex><value>2.363496E-6</value></baselineIncidence><baselineIncidence><age>43</age><sex>0</sex><value>7.700004E-6</value></baselineIncidence><baselineIncidence><age>43</age><sex>1</sex><value>2.8766694E-6</value></baselineIncidence><baselineIncidence><age>44</age><sex>0</sex><value>9.356995E-6</value></baselineIncidence><baselineIncidence><age>44</age><sex>1</sex><value>3.5023004E-6</value></baselineIncidence><baselineIncidence><age>45</age><sex>0</sex><value>1.1202791E-5</value></baselineIncidence><baselineIncidence><age>45</age><sex>1</sex><value>4.21623E-6</value></baselineIncidence><baselineIncidence><age>46</age><sex>0</sex><value>1.3235208E-5</value></baselineIncidence><baselineIncidence><age>46</age><sex>1</sex><value>5.0737312E-6</value></baselineIncidence><baselineIncidence><age>47</age><sex>0</sex><value>1.5452088E-5</value></baselineIncidence><baselineIncidence><age>47</age><sex>1</sex><value>6.050968E-6</value></baselineIncidence><baselineIncidence><age>48</age><sex>0</sex><value>1.782917E-5</value></baselineIncidence><baselineIncidence><age>48</age><sex>1</sex><value>7.150504E-6</value></baselineIncidence><baselineIncidence><age>49</age><sex>0</sex><value>2.040874E-5</value></baselineIncidence><baselineIncidence><age>49</age><sex>1</sex><value>8.374986E-6</value></baselineIncidence><baselineIncidence><age>50</age><sex>0</sex><value>2.3298393E-5</value></baselineIncidence><baselineIncidence><age>50</age><sex>1</sex><value>9.672174E-6</value></baselineIncidence><baselineIncidence><age>51</age><sex>0</sex><value>2.6386895E-5</value></baselineIncidence><baselineIncidence><age>51</age><sex>1</sex><value>1.1090902E-5</value></baselineIncidence><baselineIncidence><age>52</age><sex>0</sex><value>2.9698056E-5</value></baselineIncidence><baselineIncidence><age>52</age><sex>1</sex><value>1.2557845E-5</value></baselineIncidence><baselineIncidence><age>53</age><sex>0</sex><value>3.3452234E-5</value></baselineIncidence><baselineIncidence><age>53</age><sex>1</sex><value>1.40177E-5</value></baselineIncidence><baselineIncidence><age>54</age><sex>0</sex><value>3.7650017E-5</value></baselineIncidence><baselineIncidence><age>54</age><sex>1</sex><value>1.54995E-5</value></baselineIncidence><baselineIncidence><age>55</age><sex>0</sex><value>4.185142E-5</value></baselineIncidence><baselineIncidence><age>55</age><sex>1</sex><value>1.7094231E-5</value></baselineIncidence><baselineIncidence><age>56</age><sex>0</sex><value>4.6056466E-5</value></baselineIncidence><baselineIncidence><age>56</age><sex>1</sex><value>1.8808065E-5</value></baselineIncidence><baselineIncidence><age>57</age><sex>0</sex><value>5.0485603E-5</value></baselineIncidence><baselineIncidence><age>57</age><sex>1</sex><value>2.0709736E-5</value></baselineIncidence><baselineIncidence><age>58</age><sex>0</sex><value>5.491858E-5</value></baselineIncidence><baselineIncidence><age>58</age><sex>1</sex><value>2.2841547E-5</value></baselineIncidence><baselineIncidence><age>59</age><sex>0</sex><value>5.9355385E-5</value></baselineIncidence><baselineIncidence><age>59</age><sex>1</sex><value>2.5152329E-5</value></baselineIncidence><baselineIncidence><age>60</age><sex>0</sex><value>6.357528E-5</value></baselineIncidence><baselineIncidence><age>60</age><sex>1</sex><value>2.7554002E-5</value></baselineIncidence><baselineIncidence><age>61</age><sex>0</sex><value>6.776817E-5</value></baselineIncidence><baselineIncidence><age>61</age><sex>1</sex><value>2.9619236E-5</value></baselineIncidence><baselineIncidence><age>62</age><sex>0</sex><value>7.171443E-5</value></baselineIncidence><baselineIncidence><age>62</age><sex>1</sex><value>3.1528794E-5</value></baselineIncidence><baselineIncidence><age>63</age><sex>0</sex><value>7.5635064E-5</value></baselineIncidence><baselineIncidence><age>63</age><sex>1</sex><value>3.320942E-5</value></baselineIncidence><baselineIncidence><age>64</age><sex>0</sex><value>7.953031E-5</value></baselineIncidence><baselineIncidence><age>64</age><sex>1</sex><value>3.4722045E-5</value></baselineIncidence><baselineIncidence><age>65</age><sex>0</sex><value>8.361759E-5</value></baselineIncidence><baselineIncidence><age>65</age><sex>1</sex><value>3.6512934E-5</value></baselineIncidence><baselineIncidence><age>66</age><sex>0</sex><value>8.7895074E-5</value></baselineIncidence><baselineIncidence><age>66</age><sex>1</sex><value>3.8697348E-5</value></baselineIncidence><baselineIncidence><age>67</age><sex>0</sex><value>9.257671E-5</value></baselineIncidence><baselineIncidence><age>67</age><sex>1</sex><value>4.164513E-5</value></baselineIncidence><baselineIncidence><age>68</age><sex>0</sex><value>9.76586E-5</value></baselineIncidence><baselineIncidence><age>68</age><sex>1</sex><value>4.502341E-5</value></baselineIncidence><baselineIncidence><age>69</age><sex>0</sex><value>1.0313695E-4</value></baselineIncidence><baselineIncidence><age>69</age><sex>1</sex><value>4.957684E-5</value></baselineIncidence><baselineIncidence><age>70</age><sex>0</sex><value>1.0879418E-4</value></baselineIncidence><baselineIncidence><age>70</age><sex>1</sex><value>5.4241493E-5</value></baselineIncidence><baselineIncidence><age>71</age><sex>0</sex><value>1.151311E-4</value></baselineIncidence><baselineIncidence><age>71</age><sex>1</sex><value>5.969255E-5</value></baselineIncidence><baselineIncidence><age>72</age><sex>0</sex><value>1.2107689E-4</value></baselineIncidence><baselineIncidence><age>72</age><sex>1</sex><value>6.541021E-5</value></baselineIncidence><baselineIncidence><age>73</age><sex>0</sex><value>1.2662794E-4</value></baselineIncidence><baselineIncidence><age>73</age><sex>1</sex><value>7.062103E-5</value></baselineIncidence><baselineIncidence><age>74</age><sex>0</sex><value>1.3199699E-4</value></baselineIncidence><baselineIncidence><age>74</age><sex>1</sex><value>7.569285E-5</value></baselineIncidence><baselineIncidence><age>75</age><sex>0</sex><value>1.3696527E-4</value></baselineIncidence><baselineIncidence><age>75</age><sex>1</sex><value>8.145003E-5</value></baselineIncidence><baselineIncidence><age>76</age><sex>0</sex><value>1.4152902E-4</value></baselineIncidence><baselineIncidence><age>76</age><sex>1</sex><value>8.709031E-5</value></baselineIncidence><baselineIncidence><age>77</age><sex>0</sex><value>1.4590286E-4</value></baselineIncidence><baselineIncidence><age>77</age><sex>1</sex><value>9.3485796E-5</value></baselineIncidence><baselineIncidence><age>78</age><sex>0</sex><value>1.498659E-4</value></baselineIncidence><baselineIncidence><age>78</age><sex>1</sex><value>1.0070142E-4</value></baselineIncidence><baselineIncidence><age>79</age><sex>0</sex><value>1.534142E-4</value></baselineIncidence><baselineIncidence><age>79</age><sex>1</sex><value>1.0880963E-4</value></baselineIncidence><baselineIncidence><age>80</age><sex>0</sex><value>1.5654387E-4</value></baselineIncidence><baselineIncidence><age>80</age><sex>1</sex><value>1.17891694E-4</value></baselineIncidence><baselineIncidence><age>81</age><sex>0</sex><value>1.5916892E-4</value></baselineIncidence><baselineIncidence><age>81</age><sex>1</sex><value>1.2475313E-4</value></baselineIncidence><baselineIncidence><age>82</age><sex>0</sex><value>1.609261E-4</value></baselineIncidence><baselineIncidence><age>82</age><sex>1</sex><value>1.3179105E-4</value></baselineIncidence><baselineIncidence><age>83</age><sex>0</sex><value>1.6202792E-4</value></baselineIncidence><baselineIncidence><age>83</age><sex>1</sex><value>1.3801207E-4</value></baselineIncidence><baselineIncidence><age>84</age><sex>0</sex><value>1.6246639E-4</value></baselineIncidence><baselineIncidence><age>84</age><sex>1</sex><value>1.4389034E-4</value></baselineIncidence><baselineIncidence><age>85</age><sex>0</sex><value>1.6245835E-4</value></baselineIncidence><baselineIncidence><age>85</age><sex>1</sex><value>1.4941233E-4</value></baselineIncidence><baselineIncidence><age>86</age><sex>0</sex><value>1.6245019E-4</value></baselineIncidence><baselineIncidence><age>86</age><sex>1</sex><value>1.5404333E-4</value></baselineIncidence><baselineIncidence><age>87</age><sex>0</sex><value>1.6266882E-4</value></baselineIncidence><baselineIncidence><age>87</age><sex>1</sex><value>1.5880202E-4</value></baselineIncidence><baselineIncidence><age>88</age><sex>0</sex><value>1.6334491E-4</value></baselineIncidence><baselineIncidence><age>88</age><sex>1</sex><value>1.6262408E-4</value></baselineIncidence><baselineIncidence><age>89</age><sex>0</sex><value>1.6402669E-4</value></baselineIncidence><baselineIncidence><age>89</age><sex>1</sex><value>1.665548E-4</value></baselineIncidence><baselineIncidence><age>90</age><sex>0</sex><value>1.6494394E-4</value></baselineIncidence><baselineIncidence><age>90</age><sex>1</sex><value>1.6949797E-4</value></baselineIncidence><baselineIncidence><age>91</age><sex>0</sex><value>1.656382E-4</value></baselineIncidence><baselineIncidence><age>91</age><sex>1</sex><value>1.7196854E-4</value></baselineIncidence><baselineIncidence><age>92</age><sex>0</sex><value>1.6587488E-4</value></baselineIncidence><baselineIncidence><age>92</age><sex>1</sex><value>1.7394518E-4</value></baselineIncidence><baselineIncidence><age>93</age><sex>0</sex><value>1.6564815E-4</value></baselineIncidence><baselineIncidence><age>93</age><sex>1</sex><value>1.754055E-4</value></baselineIncidence><baselineIncidence><age>94</age><sex>0</sex><value>1.6495204E-4</value></baselineIncidence><baselineIncidence><age>94</age><sex>1</sex><value>1.7690979E-4</value></baselineIncidence><baselineIncidence><age>95</age><sex>0</sex><value>1.6002526E-4</value></baselineIncidence><baselineIncidence><age>95</age><sex>1</sex><value>1.7371259E-4</value></baselineIncidence></baselineIncidences>