<?xml version="1.0" encoding="UTF-8" standalone="no"?><baselineOtherMortalities><baselineOtherMortality><age>0</age><sex>0</sex><value>0.00505</value></baselineOtherMortality><baselineOtherMortality><age>0</age><sex>1</sex><value>0.004216</value></baselineOtherMortality><baselineOtherMortality><age>1</age><sex>0</sex><value>3.58E-4</value></baselineOtherMortality><baselineOtherMortality><age>1</age><sex>1</sex><value>4.17E-4</value></baselineOtherMortality><baselineOtherMortality><age>2</age><sex>0</sex><value>2.74E-4</value></baselineOtherMortality><baselineOtherMortality><age>2</age><sex>1</sex><value>1.64E-4</value></baselineOtherMortality><baselineOtherMortality><age>3</age><sex>0</sex><value>2.08E-4</value></baselineOtherMortality><baselineOtherMortality><age>3</age><sex>1</sex><value>1.32E-4</value></baselineOtherMortality><baselineOtherMortality><age>4</age><sex>0</sex><value>1.34E-4</value></baselineOtherMortality><baselineOtherMortality><age>4</age><sex>1</sex><value>1.45E-4</value></baselineOtherMortality><baselineOtherMortality><age>5</age><sex>0</sex><value>1.43E-4</value></baselineOtherMortality><baselineOtherMortality><age>5</age><sex>1</sex><value>1.0E-4</value></baselineOtherMortality><baselineOtherMortality><age>6</age><sex>0</sex><value>1.11E-4</value></baselineOtherMortality><baselineOtherMortality><age>6</age><sex>1</sex><value>8.1E-5</value></baselineOtherMortality><baselineOtherMortality><age>7</age><sex>0</sex><value>1.13E-4</value></baselineOtherMortality><baselineOtherMortality><age>7</age><sex>1</sex><value>8.7E-5</value></baselineOtherMortality><baselineOtherMortality><age>8</age><sex>0</sex><value>1.35E-4</value></baselineOtherMortality><baselineOtherMortality><age>8</age><sex>1</sex><value>6.8E-5</value></baselineOtherMortality><baselineOtherMortality><age>9</age><sex>0</sex><value>7.0E-5</value></baselineOtherMortality><baselineOtherMortality><age>9</age><sex>1</sex><value>6.3E-5</value></baselineOtherMortality><baselineOtherMortality><age>10</age><sex>0</sex><value>9.5E-5</value></baselineOtherMortality><baselineOtherMortality><age>10</age><sex>1</sex><value>1.26E-4</value></baselineOtherMortality><baselineOtherMortality><age>11</age><sex>0</sex><value>9.4E-5</value></baselineOtherMortality><baselineOtherMortality><age>11</age><sex>1</sex><value>1.09E-4</value></baselineOtherMortality><baselineOtherMortality><age>12</age><sex>0</sex><value>1.13E-4</value></baselineOtherMortality><baselineOtherMortality><age>12</age><sex>1</sex><value>8.2E-5</value></baselineOtherMortality><baselineOtherMortality><age>13</age><sex>0</sex><value>1.75E-4</value></baselineOtherMortality><baselineOtherMortality><age>13</age><sex>1</sex><value>1.32E-4</value></baselineOtherMortality><baselineOtherMortality><age>14</age><sex>0</sex><value>1.54E-4</value></baselineOtherMortality><baselineOtherMortality><age>14</age><sex>1</sex><value>1.36E-4</value></baselineOtherMortality><baselineOtherMortality><age>15</age><sex>0</sex><value>1.6325053E-4</value></baselineOtherMortality><baselineOtherMortality><age>15</age><sex>1</sex><value>1.3060102E-4</value></baselineOtherMortality><baselineOtherMortality><age>16</age><sex>0</sex><value>3.493746E-4</value></baselineOtherMortality><baselineOtherMortality><age>16</age><sex>1</sex><value>1.7433637E-4</value></baselineOtherMortality><baselineOtherMortality><age>17</age><sex>0</sex><value>3.28495E-4</value></baselineOtherMortality><baselineOtherMortality><age>17</age><sex>1</sex><value>1.4490445E-4</value></baselineOtherMortality><baselineOtherMortality><age>18</age><sex>0</sex><value>3.9756528E-4</value></baselineOtherMortality><baselineOtherMortality><age>18</age><sex>1</sex><value>1.5919728E-4</value></baselineOtherMortality><baselineOtherMortality><age>19</age><sex>0</sex><value>3.744287E-4</value></baselineOtherMortality><baselineOtherMortality><age>19</age><sex>1</sex><value>1.8921803E-4</value></baselineOtherMortality><baselineOtherMortality><age>20</age><sex>0</sex><value>5.060649E-4</value></baselineOtherMortality><baselineOtherMortality><age>20</age><sex>1</sex><value>1.788685E-4</value></baselineOtherMortality><baselineOtherMortality><age>21</age><sex>0</sex><value>4.8160565E-4</value></baselineOtherMortality><baselineOtherMortality><age>21</age><sex>1</sex><value>2.533643E-4</value></baselineOtherMortality><baselineOtherMortality><age>22</age><sex>0</sex><value>4.499888E-4</value></baselineOtherMortality><baselineOtherMortality><age>22</age><sex>1</sex><value>2.5886224E-4</value></baselineOtherMortality><baselineOtherMortality><age>23</age><sex>0</sex><value>5.4809346E-4</value></baselineOtherMortality><baselineOtherMortality><age>23</age><sex>1</sex><value>2.4230171E-4</value></baselineOtherMortality><baselineOtherMortality><age>24</age><sex>0</sex><value>4.5005165E-4</value></baselineOtherMortality><baselineOtherMortality><age>24</age><sex>1</sex><value>1.3189648E-4</value></baselineOtherMortality><baselineOtherMortality><age>25</age><sex>0</sex><value>4.8984983E-4</value></baselineOtherMortality><baselineOtherMortality><age>25</age><sex>1</sex><value>2.04393E-4</value></baselineOtherMortality><baselineOtherMortality><age>26</age><sex>0</sex><value>4.8757088E-4</value></baselineOtherMortality><baselineOtherMortality><age>26</age><sex>1</sex><value>2.1959137E-4</value></baselineOtherMortality><baselineOtherMortality><age>27</age><sex>0</sex><value>4.931419E-4</value></baselineOtherMortality><baselineOtherMortality><age>27</age><sex>1</sex><value>2.169789E-4</value></baselineOtherMortality><baselineOtherMortality><age>28</age><sex>0</sex><value>4.69545E-4</value></baselineOtherMortality><baselineOtherMortality><age>28</age><sex>1</sex><value>3.096637E-4</value></baselineOtherMortality><baselineOtherMortality><age>29</age><sex>0</sex><value>5.3873577E-4</value></baselineOtherMortality><baselineOtherMortality><age>29</age><sex>1</sex><value>2.600159E-4</value></baselineOtherMortality><baselineOtherMortality><age>30</age><sex>0</sex><value>5.906752E-4</value></baselineOtherMortality><baselineOtherMortality><age>30</age><sex>1</sex><value>3.415588E-4</value></baselineOtherMortality><baselineOtherMortality><age>31</age><sex>0</sex><value>5.091021E-4</value></baselineOtherMortality><baselineOtherMortality><age>31</age><sex>1</sex><value>3.268019E-4</value></baselineOtherMortality><baselineOtherMortality><age>32</age><sex>0</sex><value>5.76278E-4</value></baselineOtherMortality><baselineOtherMortality><age>32</age><sex>1</sex><value>2.7646706E-4</value></baselineOtherMortality><baselineOtherMortality><age>33</age><sex>0</sex><value>6.076866E-4</value></baselineOtherMortality><baselineOtherMortality><age>33</age><sex>1</sex><value>4.0149206E-4</value></baselineOtherMortality><baselineOtherMortality><age>34</age><sex>0</sex><value>6.550898E-4</value></baselineOtherMortality><baselineOtherMortality><age>34</age><sex>1</sex><value>4.011913E-4</value></baselineOtherMortality><baselineOtherMortality><age>35</age><sex>0</sex><value>4.1698507E-4</value></baselineOtherMortality><baselineOtherMortality><age>35</age><sex>1</sex><value>2.8825356E-4</value></baselineOtherMortality><baselineOtherMortality><age>36</age><sex>0</sex><value>4.2390267E-4</value></baselineOtherMortality><baselineOtherMortality><age>36</age><sex>1</sex><value>2.9285453E-4</value></baselineOtherMortality><baselineOtherMortality><age>37</age><sex>0</sex><value>4.3379827E-4</value></baselineOtherMortality><baselineOtherMortality><age>37</age><sex>1</sex><value>2.8894516E-4</value></baselineOtherMortality><baselineOtherMortality><age>38</age><sex>0</sex><value>4.1653778E-4</value></baselineOtherMortality><baselineOtherMortality><age>38</age><sex>1</sex><value>2.8646374E-4</value></baselineOtherMortality><baselineOtherMortality><age>39</age><sex>0</sex><value>4.911146E-4</value></baselineOtherMortality><baselineOtherMortality><age>39</age><sex>1</sex><value>2.825632E-4</value></baselineOtherMortality><baselineOtherMortality><age>40</age><sex>0</sex><value>4.0019353E-4</value></baselineOtherMortality><baselineOtherMortality><age>40</age><sex>1</sex><value>3.0818398E-4</value></baselineOtherMortality><baselineOtherMortality><age>41</age><sex>0</sex><value>4.0873434E-4</value></baselineOtherMortality><baselineOtherMortality><age>41</age><sex>1</sex><value>3.234376E-4</value></baselineOtherMortality><baselineOtherMortality><age>42</age><sex>0</sex><value>4.720949E-4</value></baselineOtherMortality><baselineOtherMortality><age>42</age><sex>1</sex><value>2.5470133E-4</value></baselineOtherMortality><baselineOtherMortality><age>43</age><sex>0</sex><value>5.4098445E-4</value></baselineOtherMortality><baselineOtherMortality><age>43</age><sex>1</sex><value>2.557946E-4</value></baselineOtherMortality><baselineOtherMortality><age>44</age><sex>0</sex><value>3.2542064E-4</value></baselineOtherMortality><baselineOtherMortality><age>44</age><sex>1</sex><value>4.4012317E-4</value></baselineOtherMortality><baselineOtherMortality><age>45</age><sex>0</sex><value>6.35456E-4</value></baselineOtherMortality><baselineOtherMortality><age>45</age><sex>1</sex><value>4.2139468E-4</value></baselineOtherMortality><baselineOtherMortality><age>46</age><sex>0</sex><value>5.5966986E-4</value></baselineOtherMortality><baselineOtherMortality><age>46</age><sex>1</sex><value>6.67563E-4</value></baselineOtherMortality><baselineOtherMortality><age>47</age><sex>0</sex><value>7.390216E-4</value></baselineOtherMortality><baselineOtherMortality><age>47</age><sex>1</sex><value>6.5238617E-4</value></baselineOtherMortality><baselineOtherMortality><age>48</age><sex>0</sex><value>8.6913747E-4</value></baselineOtherMortality><baselineOtherMortality><age>48</age><sex>1</sex><value>7.112564E-4</value></baselineOtherMortality><baselineOtherMortality><age>49</age><sex>0</sex><value>8.4491057E-4</value></baselineOtherMortality><baselineOtherMortality><age>49</age><sex>1</sex><value>8.100325E-4</value></baselineOtherMortality><baselineOtherMortality><age>50</age><sex>0</sex><value>0.0012160522</value></baselineOtherMortality><baselineOtherMortality><age>50</age><sex>1</sex><value>0.0010880593</value></baselineOtherMortality><baselineOtherMortality><age>51</age><sex>0</sex><value>0.0013587123</value></baselineOtherMortality><baselineOtherMortality><age>51</age><sex>1</sex><value>0.0010760692</value></baselineOtherMortality><baselineOtherMortality><age>52</age><sex>0</sex><value>0.0012754163</value></baselineOtherMortality><baselineOtherMortality><age>52</age><sex>1</sex><value>0.00137838</value></baselineOtherMortality><baselineOtherMortality><age>53</age><sex>0</sex><value>0.0013334915</value></baselineOtherMortality><baselineOtherMortality><age>53</age><sex>1</sex><value>0.0011223071</value></baselineOtherMortality><baselineOtherMortality><age>54</age><sex>0</sex><value>0.0015477007</value></baselineOtherMortality><baselineOtherMortality><age>54</age><sex>1</sex><value>0.0013138875</value></baselineOtherMortality><baselineOtherMortality><age>55</age><sex>0</sex><value>0.0015242582</value></baselineOtherMortality><baselineOtherMortality><age>55</age><sex>1</sex><value>0.001462452</value></baselineOtherMortality><baselineOtherMortality><age>56</age><sex>0</sex><value>0.0015414645</value></baselineOtherMortality><baselineOtherMortality><age>56</age><sex>1</sex><value>0.0013371999</value></baselineOtherMortality><baselineOtherMortality><age>57</age><sex>0</sex><value>0.0015103805</value></baselineOtherMortality><baselineOtherMortality><age>57</age><sex>1</sex><value>0.0016900499</value></baselineOtherMortality><baselineOtherMortality><age>58</age><sex>0</sex><value>0.0017264988</value></baselineOtherMortality><baselineOtherMortality><age>58</age><sex>1</sex><value>0.0016760831</value></baselineOtherMortality><baselineOtherMortality><age>59</age><sex>0</sex><value>0.0017516487</value></baselineOtherMortality><baselineOtherMortality><age>59</age><sex>1</sex><value>0.0015445481</value></baselineOtherMortality><baselineOtherMortality><age>60</age><sex>0</sex><value>0.0019988045</value></baselineOtherMortality><baselineOtherMortality><age>60</age><sex>1</sex><value>0.00188233</value></baselineOtherMortality><baselineOtherMortality><age>61</age><sex>0</sex><value>0.0025899552</value></baselineOtherMortality><baselineOtherMortality><age>61</age><sex>1</sex><value>0.0021627464</value></baselineOtherMortality><baselineOtherMortality><age>62</age><sex>0</sex><value>0.0027299363</value></baselineOtherMortality><baselineOtherMortality><age>62</age><sex>1</sex><value>0.001687479</value></baselineOtherMortality><baselineOtherMortality><age>63</age><sex>0</sex><value>0.0022959705</value></baselineOtherMortality><baselineOtherMortality><age>63</age><sex>1</sex><value>0.0020225686</value></baselineOtherMortality><baselineOtherMortality><age>64</age><sex>0</sex><value>0.0026026696</value></baselineOtherMortality><baselineOtherMortality><age>64</age><sex>1</sex><value>0.0022740709</value></baselineOtherMortality><baselineOtherMortality><age>65</age><sex>0</sex><value>0.003011153</value></baselineOtherMortality><baselineOtherMortality><age>65</age><sex>1</sex><value>0.001784216</value></baselineOtherMortality><baselineOtherMortality><age>66</age><sex>0</sex><value>0.0012827647</value></baselineOtherMortality><baselineOtherMortality><age>66</age><sex>1</sex><value>0.0016873024</value></baselineOtherMortality><baselineOtherMortality><age>67</age><sex>0</sex><value>0.0021810585</value></baselineOtherMortality><baselineOtherMortality><age>67</age><sex>1</sex><value>0.0021384622</value></baselineOtherMortality><baselineOtherMortality><age>68</age><sex>0</sex><value>0.0020905107</value></baselineOtherMortality><baselineOtherMortality><age>68</age><sex>1</sex><value>0.0020052525</value></baselineOtherMortality><baselineOtherMortality><age>69</age><sex>0</sex><value>0.0039721387</value></baselineOtherMortality><baselineOtherMortality><age>69</age><sex>1</sex><value>0.0017706101</value></baselineOtherMortality><baselineOtherMortality><age>70</age><sex>0</sex><value>0.005394797</value></baselineOtherMortality><baselineOtherMortality><age>70</age><sex>1</sex><value>0.0016992829</value></baselineOtherMortality><baselineOtherMortality><age>71</age><sex>0</sex><value>0.006285529</value></baselineOtherMortality><baselineOtherMortality><age>71</age><sex>1</sex><value>0.0032631182</value></baselineOtherMortality><baselineOtherMortality><age>72</age><sex>0</sex><value>0.007027111</value></baselineOtherMortality><baselineOtherMortality><age>72</age><sex>1</sex><value>0.0035067745</value></baselineOtherMortality><baselineOtherMortality><age>73</age><sex>0</sex><value>0.007817021</value></baselineOtherMortality><baselineOtherMortality><age>73</age><sex>1</sex><value>0.0036621727</value></baselineOtherMortality><baselineOtherMortality><age>74</age><sex>0</sex><value>0.009241459</value></baselineOtherMortality><baselineOtherMortality><age>74</age><sex>1</sex><value>0.0062225596</value></baselineOtherMortality><baselineOtherMortality><age>75</age><sex>0</sex><value>0.010182735</value></baselineOtherMortality><baselineOtherMortality><age>75</age><sex>1</sex><value>0.005708714</value></baselineOtherMortality><baselineOtherMortality><age>76</age><sex>0</sex><value>0.012855661</value></baselineOtherMortality><baselineOtherMortality><age>76</age><sex>1</sex><value>0.0072028534</value></baselineOtherMortality><baselineOtherMortality><age>77</age><sex>0</sex><value>0.015505563</value></baselineOtherMortality><baselineOtherMortality><age>77</age><sex>1</sex><value>0.008739636</value></baselineOtherMortality><baselineOtherMortality><age>78</age><sex>0</sex><value>0.018302314</value></baselineOtherMortality><baselineOtherMortality><age>78</age><sex>1</sex><value>0.010669645</value></baselineOtherMortality><baselineOtherMortality><age>79</age><sex>0</sex><value>0.019957224</value></baselineOtherMortality><baselineOtherMortality><age>79</age><sex>1</sex><value>0.011395779</value></baselineOtherMortality><baselineOtherMortality><age>80</age><sex>0</sex><value>0.024273198</value></baselineOtherMortality><baselineOtherMortality><age>80</age><sex>1</sex><value>0.014384536</value></baselineOtherMortality><baselineOtherMortality><age>81</age><sex>0</sex><value>0.028327951</value></baselineOtherMortality><baselineOtherMortality><age>81</age><sex>1</sex><value>0.016558344</value></baselineOtherMortality><baselineOtherMortality><age>82</age><sex>0</sex><value>0.030969393</value></baselineOtherMortality><baselineOtherMortality><age>82</age><sex>1</sex><value>0.021342514</value></baselineOtherMortality><baselineOtherMortality><age>83</age><sex>0</sex><value>0.03843754</value></baselineOtherMortality><baselineOtherMortality><age>83</age><sex>1</sex><value>0.024389092</value></baselineOtherMortality><baselineOtherMortality><age>84</age><sex>0</sex><value>0.039832037</value></baselineOtherMortality><baselineOtherMortality><age>84</age><sex>1</sex><value>0.030864041</value></baselineOtherMortality><baselineOtherMortality><age>85</age><sex>0</sex><value>0.04748869</value></baselineOtherMortality><baselineOtherMortality><age>85</age><sex>1</sex><value>0.038581185</value></baselineOtherMortality><baselineOtherMortality><age>86</age><sex>0</sex><value>0.060718723</value></baselineOtherMortality><baselineOtherMortality><age>86</age><sex>1</sex><value>0.04586663</value></baselineOtherMortality><baselineOtherMortality><age>87</age><sex>0</sex><value>0.06304022</value></baselineOtherMortality><baselineOtherMortality><age>87</age><sex>1</sex><value>0.053539272</value></baselineOtherMortality><baselineOtherMortality><age>88</age><sex>0</sex><value>0.07373643</value></baselineOtherMortality><baselineOtherMortality><age>88</age><sex>1</sex><value>0.06444576</value></baselineOtherMortality><baselineOtherMortality><age>89</age><sex>0</sex><value>0.087144576</value></baselineOtherMortality><baselineOtherMortality><age>89</age><sex>1</sex><value>0.07969635</value></baselineOtherMortality><baselineOtherMortality><age>90</age><sex>0</sex><value>0.095792726</value></baselineOtherMortality><baselineOtherMortality><age>90</age><sex>1</sex><value>0.09419779</value></baselineOtherMortality><baselineOtherMortality><age>91</age><sex>0</sex><value>0.11505388</value></baselineOtherMortality><baselineOtherMortality><age>91</age><sex>1</sex><value>0.11104107</value></baselineOtherMortality><baselineOtherMortality><age>92</age><sex>0</sex><value>0.12635635</value></baselineOtherMortality><baselineOtherMortality><age>92</age><sex>1</sex><value>0.12629415</value></baselineOtherMortality><baselineOtherMortality><age>93</age><sex>0</sex><value>0.15546012</value></baselineOtherMortality><baselineOtherMortality><age>93</age><sex>1</sex><value>0.14958683</value></baselineOtherMortality><baselineOtherMortality><age>94</age><sex>0</sex><value>0.1687066</value></baselineOtherMortality><baselineOtherMortality><age>94</age><sex>1</sex><value>0.17280445</value></baselineOtherMortality><baselineOtherMortality><age>95</age><sex>0</sex><value>0.183041</value></baselineOtherMortality><baselineOtherMortality><age>95</age><sex>1</sex><value>0.19713174</value></baselineOtherMortality></baselineOtherMortalities>