<?xml version="1.0" encoding="UTF-8" standalone="no"?><baselineIncidences><baselineIncidence><age>0</age><sex>0</sex><value>0.0</value></baselineIncidence><baselineIncidence><age>0</age><sex>1</sex><value>0.0</value></baselineIncidence><baselineIncidence><age>1</age><sex>0</sex><value>0.0</value></baselineIncidence><baselineIncidence><age>1</age><sex>1</sex><value>0.0</value></baselineIncidence><baselineIncidence><age>2</age><sex>0</sex><value>0.0</value></baselineIncidence><baselineIncidence><age>2</age><sex>1</sex><value>0.0</value></baselineIncidence><baselineIncidence><age>3</age><sex>0</sex><value>0.0</value></baselineIncidence><baselineIncidence><age>3</age><sex>1</sex><value>0.0</value></baselineIncidence><baselineIncidence><age>4</age><sex>0</sex><value>0.0</value></baselineIncidence><baselineIncidence><age>4</age><sex>1</sex><value>0.0</value></baselineIncidence><baselineIncidence><age>5</age><sex>0</sex><value>0.0</value></baselineIncidence><baselineIncidence><age>5</age><sex>1</sex><value>0.0</value></baselineIncidence><baselineIncidence><age>6</age><sex>0</sex><value>0.0</value></baselineIncidence><baselineIncidence><age>6</age><sex>1</sex><value>0.0</value></baselineIncidence><baselineIncidence><age>7</age><sex>0</sex><value>0.0</value></baselineIncidence><baselineIncidence><age>7</age><sex>1</sex><value>0.0</value></baselineIncidence><baselineIncidence><age>8</age><sex>0</sex><value>0.0</value></baselineIncidence><baselineIncidence><age>8</age><sex>1</sex><value>0.0</value></baselineIncidence><baselineIncidence><age>9</age><sex>0</sex><value>0.0</value></baselineIncidence><baselineIncidence><age>9</age><sex>1</sex><value>0.0</value></baselineIncidence><baselineIncidence><age>10</age><sex>0</sex><value>0.0</value></baselineIncidence><baselineIncidence><age>10</age><sex>1</sex><value>0.0</value></baselineIncidence><baselineIncidence><age>11</age><sex>0</sex><value>0.0</value></baselineIncidence><baselineIncidence><age>11</age><sex>1</sex><value>0.0</value></baselineIncidence><baselineIncidence><age>12</age><sex>0</sex><value>0.0</value></baselineIncidence><baselineIncidence><age>12</age><sex>1</sex><value>0.0</value></baselineIncidence><baselineIncidence><age>13</age><sex>0</sex><value>0.0</value></baselineIncidence><baselineIncidence><age>13</age><sex>1</sex><value>0.0</value></baselineIncidence><baselineIncidence><age>14</age><sex>0</sex><value>0.0</value></baselineIncidence><baselineIncidence><age>14</age><sex>1</sex><value>0.0</value></baselineIncidence><baselineIncidence><age>15</age><sex>0</sex><value>0.0</value></baselineIncidence><baselineIncidence><age>15</age><sex>1</sex><value>2.6E-6</value></baselineIncidence><baselineIncidence><age>16</age><sex>0</sex><value>0.0</value></baselineIncidence><baselineIncidence><age>16</age><sex>1</sex><value>3.7000002E-6</value></baselineIncidence><baselineIncidence><age>17</age><sex>0</sex><value>0.0</value></baselineIncidence><baselineIncidence><age>17</age><sex>1</sex><value>5.0E-6</value></baselineIncidence><baselineIncidence><age>18</age><sex>0</sex><value>0.0</value></baselineIncidence><baselineIncidence><age>18</age><sex>1</sex><value>6.4999995E-6</value></baselineIncidence><baselineIncidence><age>19</age><sex>0</sex><value>0.0</value></baselineIncidence><baselineIncidence><age>19</age><sex>1</sex><value>8.7E-6</value></baselineIncidence><baselineIncidence><age>20</age><sex>0</sex><value>0.0</value></baselineIncidence><baselineIncidence><age>20</age><sex>1</sex><value>1.1900001E-5</value></baselineIncidence><baselineIncidence><age>21</age><sex>0</sex><value>0.0</value></baselineIncidence><baselineIncidence><age>21</age><sex>1</sex><value>1.67E-5</value></baselineIncidence><baselineIncidence><age>22</age><sex>0</sex><value>0.0</value></baselineIncidence><baselineIncidence><age>22</age><sex>1</sex><value>2.3400002E-5</value></baselineIncidence><baselineIncidence><age>23</age><sex>0</sex><value>0.0</value></baselineIncidence><baselineIncidence><age>23</age><sex>1</sex><value>3.2600004E-5</value></baselineIncidence><baselineIncidence><age>24</age><sex>0</sex><value>0.0</value></baselineIncidence><baselineIncidence><age>24</age><sex>1</sex><value>4.4600005E-5</value></baselineIncidence><baselineIncidence><age>25</age><sex>0</sex><value>0.0</value></baselineIncidence><baselineIncidence><age>25</age><sex>1</sex><value>6.01E-5</value></baselineIncidence><baselineIncidence><age>26</age><sex>0</sex><value>0.0</value></baselineIncidence><baselineIncidence><age>26</age><sex>1</sex><value>7.93E-5</value></baselineIncidence><baselineIncidence><age>27</age><sex>0</sex><value>0.0</value></baselineIncidence><baselineIncidence><age>27</age><sex>1</sex><value>1.03E-4</value></baselineIncidence><baselineIncidence><age>28</age><sex>0</sex><value>0.0</value></baselineIncidence><baselineIncidence><age>28</age><sex>1</sex><value>1.3099998E-4</value></baselineIncidence><baselineIncidence><age>29</age><sex>0</sex><value>0.0</value></baselineIncidence><baselineIncidence><age>29</age><sex>1</sex><value>1.65E-4</value></baselineIncidence><baselineIncidence><age>30</age><sex>0</sex><value>0.0</value></baselineIncidence><baselineIncidence><age>30</age><sex>1</sex><value>2.05E-4</value></baselineIncidence><baselineIncidence><age>31</age><sex>0</sex><value>0.0</value></baselineIncidence><baselineIncidence><age>31</age><sex>1</sex><value>2.5100002E-4</value></baselineIncidence><baselineIncidence><age>32</age><sex>0</sex><value>0.0</value></baselineIncidence><baselineIncidence><age>32</age><sex>1</sex><value>3.0500002E-4</value></baselineIncidence><baselineIncidence><age>33</age><sex>0</sex><value>0.0</value></baselineIncidence><baselineIncidence><age>33</age><sex>1</sex><value>3.67E-4</value></baselineIncidence><baselineIncidence><age>34</age><sex>0</sex><value>0.0</value></baselineIncidence><baselineIncidence><age>34</age><sex>1</sex><value>4.3700004E-4</value></baselineIncidence><baselineIncidence><age>35</age><sex>0</sex><value>0.0</value></baselineIncidence><baselineIncidence><age>35</age><sex>1</sex><value>5.1600003E-4</value></baselineIncidence><baselineIncidence><age>36</age><sex>0</sex><value>0.0</value></baselineIncidence><baselineIncidence><age>36</age><sex>1</sex><value>6.05E-4</value></baselineIncidence><baselineIncidence><age>37</age><sex>0</sex><value>0.0</value></baselineIncidence><baselineIncidence><age>37</age><sex>1</sex><value>7.0200005E-4</value></baselineIncidence><baselineIncidence><age>38</age><sex>0</sex><value>0.0</value></baselineIncidence><baselineIncidence><age>38</age><sex>1</sex><value>8.1000006E-4</value></baselineIncidence><baselineIncidence><age>39</age><sex>0</sex><value>0.0</value></baselineIncidence><baselineIncidence><age>39</age><sex>1</sex><value>9.270001E-4</value></baselineIncidence><baselineIncidence><age>40</age><sex>0</sex><value>0.0</value></baselineIncidence><baselineIncidence><age>40</age><sex>1</sex><value>0.0010530001</value></baselineIncidence><baselineIncidence><age>41</age><sex>0</sex><value>0.0</value></baselineIncidence><baselineIncidence><age>41</age><sex>1</sex><value>0.0011859998</value></baselineIncidence><baselineIncidence><age>42</age><sex>0</sex><value>0.0</value></baselineIncidence><baselineIncidence><age>42</age><sex>1</sex><value>0.0013280001</value></baselineIncidence><baselineIncidence><age>43</age><sex>0</sex><value>0.0</value></baselineIncidence><baselineIncidence><age>43</age><sex>1</sex><value>0.001475</value></baselineIncidence><baselineIncidence><age>44</age><sex>0</sex><value>0.0</value></baselineIncidence><baselineIncidence><age>44</age><sex>1</sex><value>0.001628</value></baselineIncidence><baselineIncidence><age>45</age><sex>0</sex><value>0.0</value></baselineIncidence><baselineIncidence><age>45</age><sex>1</sex><value>0.0017830001</value></baselineIncidence><baselineIncidence><age>46</age><sex>0</sex><value>0.0</value></baselineIncidence><baselineIncidence><age>46</age><sex>1</sex><value>0.001938</value></baselineIncidence><baselineIncidence><age>47</age><sex>0</sex><value>0.0</value></baselineIncidence><baselineIncidence><age>47</age><sex>1</sex><value>0.002092</value></baselineIncidence><baselineIncidence><age>48</age><sex>0</sex><value>0.0</value></baselineIncidence><baselineIncidence><age>48</age><sex>1</sex><value>0.002241</value></baselineIncidence><baselineIncidence><age>49</age><sex>0</sex><value>0.0</value></baselineIncidence><baselineIncidence><age>49</age><sex>1</sex><value>0.00238</value></baselineIncidence><baselineIncidence><age>50</age><sex>0</sex><value>0.0</value></baselineIncidence><baselineIncidence><age>50</age><sex>1</sex><value>0.0025030002</value></baselineIncidence><baselineIncidence><age>51</age><sex>0</sex><value>0.0</value></baselineIncidence><baselineIncidence><age>51</age><sex>1</sex><value>0.002606</value></baselineIncidence><baselineIncidence><age>52</age><sex>0</sex><value>0.0</value></baselineIncidence><baselineIncidence><age>52</age><sex>1</sex><value>0.002681</value></baselineIncidence><baselineIncidence><age>53</age><sex>0</sex><value>0.0</value></baselineIncidence><baselineIncidence><age>53</age><sex>1</sex><value>0.002727</value></baselineIncidence><baselineIncidence><age>54</age><sex>0</sex><value>0.0</value></baselineIncidence><baselineIncidence><age>54</age><sex>1</sex><value>0.002751</value></baselineIncidence><baselineIncidence><age>55</age><sex>0</sex><value>0.0</value></baselineIncidence><baselineIncidence><age>55</age><sex>1</sex><value>0.002764</value></baselineIncidence><baselineIncidence><age>56</age><sex>0</sex><value>0.0</value></baselineIncidence><baselineIncidence><age>56</age><sex>1</sex><value>0.002775</value></baselineIncidence><baselineIncidence><age>57</age><sex>0</sex><value>0.0</value></baselineIncidence><baselineIncidence><age>57</age><sex>1</sex><value>0.002797</value></baselineIncidence><baselineIncidence><age>58</age><sex>0</sex><value>0.0</value></baselineIncidence><baselineIncidence><age>58</age><sex>1</sex><value>0.002835</value></baselineIncidence><baselineIncidence><age>59</age><sex>0</sex><value>0.0</value></baselineIncidence><baselineIncidence><age>59</age><sex>1</sex><value>0.002888</value></baselineIncidence><baselineIncidence><age>60</age><sex>0</sex><value>0.0</value></baselineIncidence><baselineIncidence><age>60</age><sex>1</sex><value>0.0029470003</value></baselineIncidence><baselineIncidence><age>61</age><sex>0</sex><value>0.0</value></baselineIncidence><baselineIncidence><age>61</age><sex>1</sex><value>0.003006</value></baselineIncidence><baselineIncidence><age>62</age><sex>0</sex><value>0.0</value></baselineIncidence><baselineIncidence><age>62</age><sex>1</sex><value>0.0030580002</value></baselineIncidence><baselineIncidence><age>63</age><sex>0</sex><value>0.0</value></baselineIncidence><baselineIncidence><age>63</age><sex>1</sex><value>0.0030990003</value></baselineIncidence><baselineIncidence><age>64</age><sex>0</sex><value>0.0</value></baselineIncidence><baselineIncidence><age>64</age><sex>1</sex><value>0.003136</value></baselineIncidence><baselineIncidence><age>65</age><sex>0</sex><value>0.0</value></baselineIncidence><baselineIncidence><age>65</age><sex>1</sex><value>0.0031760002</value></baselineIncidence><baselineIncidence><age>66</age><sex>0</sex><value>0.0</value></baselineIncidence><baselineIncidence><age>66</age><sex>1</sex><value>0.003229</value></baselineIncidence><baselineIncidence><age>67</age><sex>0</sex><value>0.0</value></baselineIncidence><baselineIncidence><age>67</age><sex>1</sex><value>0.0033039998</value></baselineIncidence><baselineIncidence><age>68</age><sex>0</sex><value>0.0</value></baselineIncidence><baselineIncidence><age>68</age><sex>1</sex><value>0.003405</value></baselineIncidence><baselineIncidence><age>69</age><sex>0</sex><value>0.0</value></baselineIncidence><baselineIncidence><age>69</age><sex>1</sex><value>0.00352</value></baselineIncidence><baselineIncidence><age>70</age><sex>0</sex><value>0.0</value></baselineIncidence><baselineIncidence><age>70</age><sex>1</sex><value>0.0036339997</value></baselineIncidence><baselineIncidence><age>71</age><sex>0</sex><value>0.0</value></baselineIncidence><baselineIncidence><age>71</age><sex>1</sex><value>0.00373</value></baselineIncidence><baselineIncidence><age>72</age><sex>0</sex><value>0.0</value></baselineIncidence><baselineIncidence><age>72</age><sex>1</sex><value>0.0037919998</value></baselineIncidence><baselineIncidence><age>73</age><sex>0</sex><value>0.0</value></baselineIncidence><baselineIncidence><age>73</age><sex>1</sex><value>0.0038110001</value></baselineIncidence><baselineIncidence><age>74</age><sex>0</sex><value>0.0</value></baselineIncidence><baselineIncidence><age>74</age><sex>1</sex><value>0.0037960005</value></baselineIncidence><baselineIncidence><age>75</age><sex>0</sex><value>0.0</value></baselineIncidence><baselineIncidence><age>75</age><sex>1</sex><value>0.003764</value></baselineIncidence><baselineIncidence><age>76</age><sex>0</sex><value>0.0</value></baselineIncidence><baselineIncidence><age>76</age><sex>1</sex><value>0.003729</value></baselineIncidence><baselineIncidence><age>77</age><sex>0</sex><value>0.0</value></baselineIncidence><baselineIncidence><age>77</age><sex>1</sex><value>0.00371</value></baselineIncidence><baselineIncidence><age>78</age><sex>0</sex><value>0.0</value></baselineIncidence><baselineIncidence><age>78</age><sex>1</sex><value>0.0037150003</value></baselineIncidence><baselineIncidence><age>79</age><sex>0</sex><value>0.0</value></baselineIncidence><baselineIncidence><age>79</age><sex>1</sex><value>0.0037390003</value></baselineIncidence><baselineIncidence><age>80</age><sex>0</sex><value>0.0</value></baselineIncidence><baselineIncidence><age>80</age><sex>1</sex><value>0.003766</value></baselineIncidence><baselineIncidence><age>81</age><sex>0</sex><value>0.0</value></baselineIncidence><baselineIncidence><age>81</age><sex>1</sex><value>0.003785</value></baselineIncidence><baselineIncidence><age>82</age><sex>0</sex><value>0.0</value></baselineIncidence><baselineIncidence><age>82</age><sex>1</sex><value>0.003783</value></baselineIncidence><baselineIncidence><age>83</age><sex>0</sex><value>0.0</value></baselineIncidence><baselineIncidence><age>83</age><sex>1</sex><value>0.0037510002</value></baselineIncidence><baselineIncidence><age>84</age><sex>0</sex><value>0.0</value></baselineIncidence><baselineIncidence><age>84</age><sex>1</sex><value>0.003696</value></baselineIncidence><baselineIncidence><age>85</age><sex>0</sex><value>0.0</value></baselineIncidence><baselineIncidence><age>85</age><sex>1</sex><value>0.003629</value></baselineIncidence><baselineIncidence><age>86</age><sex>0</sex><value>0.0</value></baselineIncidence><baselineIncidence><age>86</age><sex>1</sex><value>0.003563</value></baselineIncidence><baselineIncidence><age>87</age><sex>0</sex><value>0.0</value></baselineIncidence><baselineIncidence><age>87</age><sex>1</sex><value>0.0035080004</value></baselineIncidence><baselineIncidence><age>88</age><sex>0</sex><value>0.0</value></baselineIncidence><baselineIncidence><age>88</age><sex>1</sex><value>0.003472</value></baselineIncidence><baselineIncidence><age>89</age><sex>0</sex><value>0.0</value></baselineIncidence><baselineIncidence><age>89</age><sex>1</sex><value>0.0034549998</value></baselineIncidence><baselineIncidence><age>90</age><sex>0</sex><value>0.0</value></baselineIncidence><baselineIncidence><age>90</age><sex>1</sex><value>0.0034500002</value></baselineIncidence><baselineIncidence><age>91</age><sex>0</sex><value>0.0</value></baselineIncidence><baselineIncidence><age>91</age><sex>1</sex><value>0.0034539998</value></baselineIncidence><baselineIncidence><age>92</age><sex>0</sex><value>0.0</value></baselineIncidence><baselineIncidence><age>92</age><sex>1</sex><value>0.00346</value></baselineIncidence><baselineIncidence><age>93</age><sex>0</sex><value>0.0</value></baselineIncidence><baselineIncidence><age>93</age><sex>1</sex><value>0.003466</value></baselineIncidence><baselineIncidence><age>94</age><sex>0</sex><value>0.0</value></baselineIncidence><baselineIncidence><age>94</age><sex>1</sex><value>0.0034690006</value></baselineIncidence><baselineIncidence><age>95</age><sex>0</sex><value>0.0</value></baselineIncidence><baselineIncidence><age>95</age><sex>1</sex><value>0.0034690003</value></baselineIncidence></baselineIncidences>