<?xml version="1.0" encoding="UTF-8" standalone="no"?><baselineIncidences><baselineIncidence><age>0</age><sex>0</sex><value>0.0</value></baselineIncidence><baselineIncidence><age>0</age><sex>1</sex><value>0.0</value></baselineIncidence><baselineIncidence><age>1</age><sex>0</sex><value>0.0</value></baselineIncidence><baselineIncidence><age>1</age><sex>1</sex><value>0.0</value></baselineIncidence><baselineIncidence><age>2</age><sex>0</sex><value>0.0</value></baselineIncidence><baselineIncidence><age>2</age><sex>1</sex><value>0.0</value></baselineIncidence><baselineIncidence><age>3</age><sex>0</sex><value>0.0</value></baselineIncidence><baselineIncidence><age>3</age><sex>1</sex><value>0.0</value></baselineIncidence><baselineIncidence><age>4</age><sex>0</sex><value>0.0</value></baselineIncidence><baselineIncidence><age>4</age><sex>1</sex><value>0.0</value></baselineIncidence><baselineIncidence><age>5</age><sex>0</sex><value>0.0</value></baselineIncidence><baselineIncidence><age>5</age><sex>1</sex><value>0.0</value></baselineIncidence><baselineIncidence><age>6</age><sex>0</sex><value>0.0</value></baselineIncidence><baselineIncidence><age>6</age><sex>1</sex><value>0.0</value></baselineIncidence><baselineIncidence><age>7</age><sex>0</sex><value>0.0</value></baselineIncidence><baselineIncidence><age>7</age><sex>1</sex><value>0.0</value></baselineIncidence><baselineIncidence><age>8</age><sex>0</sex><value>0.0</value></baselineIncidence><baselineIncidence><age>8</age><sex>1</sex><value>0.0</value></baselineIncidence><baselineIncidence><age>9</age><sex>0</sex><value>0.0</value></baselineIncidence><baselineIncidence><age>9</age><sex>1</sex><value>0.0</value></baselineIncidence><baselineIncidence><age>10</age><sex>0</sex><value>0.0</value></baselineIncidence><baselineIncidence><age>10</age><sex>1</sex><value>0.0</value></baselineIncidence><baselineIncidence><age>11</age><sex>0</sex><value>0.0</value></baselineIncidence><baselineIncidence><age>11</age><sex>1</sex><value>0.0</value></baselineIncidence><baselineIncidence><age>12</age><sex>0</sex><value>0.0</value></baselineIncidence><baselineIncidence><age>12</age><sex>1</sex><value>0.0</value></baselineIncidence><baselineIncidence><age>13</age><sex>0</sex><value>0.0</value></baselineIncidence><baselineIncidence><age>13</age><sex>1</sex><value>0.0</value></baselineIncidence><baselineIncidence><age>14</age><sex>0</sex><value>0.0</value></baselineIncidence><baselineIncidence><age>14</age><sex>1</sex><value>0.0</value></baselineIncidence><baselineIncidence><age>15</age><sex>0</sex><value>0.0</value></baselineIncidence><baselineIncidence><age>15</age><sex>1</sex><value>0.0</value></baselineIncidence><baselineIncidence><age>16</age><sex>0</sex><value>0.0</value></baselineIncidence><baselineIncidence><age>16</age><sex>1</sex><value>0.0</value></baselineIncidence><baselineIncidence><age>17</age><sex>0</sex><value>0.0</value></baselineIncidence><baselineIncidence><age>17</age><sex>1</sex><value>0.0</value></baselineIncidence><baselineIncidence><age>18</age><sex>0</sex><value>0.0</value></baselineIncidence><baselineIncidence><age>18</age><sex>1</sex><value>0.0</value></baselineIncidence><baselineIncidence><age>19</age><sex>0</sex><value>0.0</value></baselineIncidence><baselineIncidence><age>19</age><sex>1</sex><value>0.0</value></baselineIncidence><baselineIncidence><age>20</age><sex>0</sex><value>0.0</value></baselineIncidence><baselineIncidence><age>20</age><sex>1</sex><value>0.0</value></baselineIncidence><baselineIncidence><age>21</age><sex>0</sex><value>0.0</value></baselineIncidence><baselineIncidence><age>21</age><sex>1</sex><value>0.0</value></baselineIncidence><baselineIncidence><age>22</age><sex>0</sex><value>0.0</value></baselineIncidence><baselineIncidence><age>22</age><sex>1</sex><value>0.0</value></baselineIncidence><baselineIncidence><age>23</age><sex>0</sex><value>0.0</value></baselineIncidence><baselineIncidence><age>23</age><sex>1</sex><value>0.0</value></baselineIncidence><baselineIncidence><age>24</age><sex>0</sex><value>0.0</value></baselineIncidence><baselineIncidence><age>24</age><sex>1</sex><value>0.0</value></baselineIncidence><baselineIncidence><age>25</age><sex>0</sex><value>0.0</value></baselineIncidence><baselineIncidence><age>25</age><sex>1</sex><value>0.0</value></baselineIncidence><baselineIncidence><age>26</age><sex>0</sex><value>0.0</value></baselineIncidence><baselineIncidence><age>26</age><sex>1</sex><value>0.0</value></baselineIncidence><baselineIncidence><age>27</age><sex>0</sex><value>0.0</value></baselineIncidence><baselineIncidence><age>27</age><sex>1</sex><value>0.0</value></baselineIncidence><baselineIncidence><age>28</age><sex>0</sex><value>0.0</value></baselineIncidence><baselineIncidence><age>28</age><sex>1</sex><value>0.0</value></baselineIncidence><baselineIncidence><age>29</age><sex>0</sex><value>0.0</value></baselineIncidence><baselineIncidence><age>29</age><sex>1</sex><value>0.0</value></baselineIncidence><baselineIncidence><age>30</age><sex>0</sex><value>0.0</value></baselineIncidence><baselineIncidence><age>30</age><sex>1</sex><value>0.0</value></baselineIncidence><baselineIncidence><age>31</age><sex>0</sex><value>0.0</value></baselineIncidence><baselineIncidence><age>31</age><sex>1</sex><value>0.0</value></baselineIncidence><baselineIncidence><age>32</age><sex>0</sex><value>0.0</value></baselineIncidence><baselineIncidence><age>32</age><sex>1</sex><value>0.0</value></baselineIncidence><baselineIncidence><age>33</age><sex>0</sex><value>0.0</value></baselineIncidence><baselineIncidence><age>33</age><sex>1</sex><value>0.0</value></baselineIncidence><baselineIncidence><age>34</age><sex>0</sex><value>0.0</value></baselineIncidence><baselineIncidence><age>34</age><sex>1</sex><value>0.0</value></baselineIncidence><baselineIncidence><age>35</age><sex>0</sex><value>0.0</value></baselineIncidence><baselineIncidence><age>35</age><sex>1</sex><value>0.0</value></baselineIncidence><baselineIncidence><age>36</age><sex>0</sex><value>0.0</value></baselineIncidence><baselineIncidence><age>36</age><sex>1</sex><value>0.0</value></baselineIncidence><baselineIncidence><age>37</age><sex>0</sex><value>0.0</value></baselineIncidence><baselineIncidence><age>37</age><sex>1</sex><value>0.0</value></baselineIncidence><baselineIncidence><age>38</age><sex>0</sex><value>0.0</value></baselineIncidence><baselineIncidence><age>38</age><sex>1</sex><value>0.0</value></baselineIncidence><baselineIncidence><age>39</age><sex>0</sex><value>0.0</value></baselineIncidence><baselineIncidence><age>39</age><sex>1</sex><value>0.0</value></baselineIncidence><baselineIncidence><age>40</age><sex>0</sex><value>5.0629996E-4</value></baselineIncidence><baselineIncidence><age>40</age><sex>1</sex><value>9.0760004E-4</value></baselineIncidence><baselineIncidence><age>41</age><sex>0</sex><value>5.793E-4</value></baselineIncidence><baselineIncidence><age>41</age><sex>1</sex><value>9.901E-4</value></baselineIncidence><baselineIncidence><age>42</age><sex>0</sex><value>6.610001E-4</value></baselineIncidence><baselineIncidence><age>42</age><sex>1</sex><value>0.0010782</value></baselineIncidence><baselineIncidence><age>43</age><sex>0</sex><value>7.522E-4</value></baselineIncidence><baselineIncidence><age>43</age><sex>1</sex><value>0.0011722</value></baselineIncidence><baselineIncidence><age>44</age><sex>0</sex><value>8.536E-4</value></baselineIncidence><baselineIncidence><age>44</age><sex>1</sex><value>0.0012721001</value></baselineIncidence><baselineIncidence><age>45</age><sex>0</sex><value>9.661001E-4</value></baselineIncidence><baselineIncidence><age>45</age><sex>1</sex><value>0.0013781001</value></baselineIncidence><baselineIncidence><age>46</age><sex>0</sex><value>0.0010905</value></baselineIncidence><baselineIncidence><age>46</age><sex>1</sex><value>0.0014904</value></baselineIncidence><baselineIncidence><age>47</age><sex>0</sex><value>0.0012275</value></baselineIncidence><baselineIncidence><age>47</age><sex>1</sex><value>0.0016091001</value></baselineIncidence><baselineIncidence><age>48</age><sex>0</sex><value>0.0013781</value></baselineIncidence><baselineIncidence><age>48</age><sex>1</sex><value>0.0017343002</value></baselineIncidence><baselineIncidence><age>49</age><sex>0</sex><value>0.0015431001</value></baselineIncidence><baselineIncidence><age>49</age><sex>1</sex><value>0.0018659001</value></baselineIncidence><baselineIncidence><age>50</age><sex>0</sex><value>3.9210593E-4</value></baselineIncidence><baselineIncidence><age>50</age><sex>1</sex><value>2.8858462E-4</value></baselineIncidence><baselineIncidence><age>51</age><sex>0</sex><value>4.3903154E-4</value></baselineIncidence><baselineIncidence><age>51</age><sex>1</sex><value>3.147351E-4</value></baselineIncidence><baselineIncidence><age>52</age><sex>0</sex><value>4.90327E-4</value></baselineIncidence><baselineIncidence><age>52</age><sex>1</sex><value>3.4276658E-4</value></baselineIncidence><baselineIncidence><age>53</age><sex>0</sex><value>5.461889E-4</value></baselineIncidence><baselineIncidence><age>53</age><sex>1</sex><value>3.7278334E-4</value></baselineIncidence><baselineIncidence><age>54</age><sex>0</sex><value>6.069127E-4</value></baselineIncidence><baselineIncidence><age>54</age><sex>1</sex><value>4.0488224E-4</value></baselineIncidence><baselineIncidence><age>55</age><sex>0</sex><value>3.9273946E-4</value></baselineIncidence><baselineIncidence><age>55</age><sex>1</sex><value>5.799851E-4</value></baselineIncidence><baselineIncidence><age>56</age><sex>0</sex><value>4.310959E-4</value></baselineIncidence><baselineIncidence><age>56</age><sex>1</sex><value>6.274669E-4</value></baselineIncidence><baselineIncidence><age>57</age><sex>0</sex><value>4.719986E-4</value></baselineIncidence><baselineIncidence><age>57</age><sex>1</sex><value>6.778942E-4</value></baselineIncidence><baselineIncidence><age>58</age><sex>0</sex><value>5.1545363E-4</value></baselineIncidence><baselineIncidence><age>58</age><sex>1</sex><value>7.3136744E-4</value></baselineIncidence><baselineIncidence><age>59</age><sex>0</sex><value>5.614671E-4</value></baselineIncidence><baselineIncidence><age>59</age><sex>1</sex><value>7.8799424E-4</value></baselineIncidence><baselineIncidence><age>60</age><sex>0</sex><value>4.216837E-4</value></baselineIncidence><baselineIncidence><age>60</age><sex>1</sex><value>7.246814E-4</value></baselineIncidence><baselineIncidence><age>61</age><sex>0</sex><value>4.5334286E-4</value></baselineIncidence><baselineIncidence><age>61</age><sex>1</sex><value>7.7484065E-4</value></baselineIncidence><baselineIncidence><age>62</age><sex>0</sex><value>4.8614873E-4</value></baselineIncidence><baselineIncidence><age>62</age><sex>1</sex><value>8.272484E-4</value></baselineIncidence><baselineIncidence><age>63</age><sex>0</sex><value>5.2002753E-4</value></baselineIncidence><baselineIncidence><age>63</age><sex>1</sex><value>8.818674E-4</value></baselineIncidence><baselineIncidence><age>64</age><sex>0</sex><value>5.5486197E-4</value></baselineIncidence><baselineIncidence><age>64</age><sex>1</sex><value>9.386576E-4</value></baselineIncidence><baselineIncidence><age>65</age><sex>0</sex><value>5.413706E-4</value></baselineIncidence><baselineIncidence><age>65</age><sex>1</sex><value>7.348299E-4</value></baselineIncidence><baselineIncidence><age>66</age><sex>0</sex><value>5.7776045E-4</value></baselineIncidence><baselineIncidence><age>66</age><sex>1</sex><value>7.8071316E-4</value></baselineIncidence><baselineIncidence><age>67</age><sex>0</sex><value>6.1497296E-4</value></baselineIncidence><baselineIncidence><age>67</age><sex>1</sex><value>8.282559E-4</value></baselineIncidence><baselineIncidence><age>68</age><sex>0</sex><value>6.528484E-4</value></baselineIncidence><baselineIncidence><age>68</age><sex>1</sex><value>8.773812E-4</value></baselineIncidence><baselineIncidence><age>69</age><sex>0</sex><value>6.912039E-4</value></baselineIncidence><baselineIncidence><age>69</age><sex>1</sex><value>9.2807034E-4</value></baselineIncidence><baselineIncidence><age>70</age><sex>0</sex><value>7.2984205E-4</value></baselineIncidence><baselineIncidence><age>70</age><sex>1</sex><value>9.80217E-4</value></baselineIncidence><baselineIncidence><age>71</age><sex>0</sex><value>7.751583E-4</value></baselineIncidence><baselineIncidence><age>71</age><sex>1</sex><value>0.001042504</value></baselineIncidence><baselineIncidence><age>72</age><sex>0</sex><value>8.2114566E-4</value></baselineIncidence><baselineIncidence><age>72</age><sex>1</sex><value>0.0011075017</value></baselineIncidence><baselineIncidence><age>73</age><sex>0</sex><value>8.6757157E-4</value></baselineIncidence><baselineIncidence><age>73</age><sex>1</sex><value>0.0011752304</value></baselineIncidence><baselineIncidence><age>74</age><sex>0</sex><value>9.141905E-4</value></baselineIncidence><baselineIncidence><age>74</age><sex>1</sex><value>0.0012457243</value></baselineIncidence><baselineIncidence><age>75</age><sex>0</sex><value>9.607353E-4</value></baselineIncidence><baselineIncidence><age>75</age><sex>1</sex><value>0.0013189751</value></baselineIncidence><baselineIncidence><age>76</age><sex>0</sex><value>0.0010069067</value></baselineIncidence><baselineIncidence><age>76</age><sex>1</sex><value>0.0013950259</value></baselineIncidence><baselineIncidence><age>77</age><sex>0</sex><value>0.0010523993</value></baselineIncidence><baselineIncidence><age>77</age><sex>1</sex><value>0.001473874</value></baselineIncidence><baselineIncidence><age>78</age><sex>0</sex><value>0.0010968919</value></baselineIncidence><baselineIncidence><age>78</age><sex>1</sex><value>0.0015555279</value></baselineIncidence><baselineIncidence><age>79</age><sex>0</sex><value>0.0011400386</value></baselineIncidence><baselineIncidence><age>79</age><sex>1</sex><value>0.0016400089</value></baselineIncidence><baselineIncidence><age>80</age><sex>0</sex><value>0.0011814934</value></baselineIncidence><baselineIncidence><age>80</age><sex>1</sex><value>0.0017273303</value></baselineIncidence><baselineIncidence><age>81</age><sex>0</sex><value>0.0012219893</value></baselineIncidence><baselineIncidence><age>81</age><sex>1</sex><value>0.0017926872</value></baselineIncidence><baselineIncidence><age>82</age><sex>0</sex><value>0.001260155</value></baselineIncidence><baselineIncidence><age>82</age><sex>1</sex><value>0.0018574886</value></baselineIncidence><baselineIncidence><age>83</age><sex>0</sex><value>0.0012956463</value></baselineIncidence><baselineIncidence><age>83</age><sex>1</sex><value>0.0019214937</value></baselineIncidence><baselineIncidence><age>84</age><sex>0</sex><value>0.0013281284</value></baselineIncidence><baselineIncidence><age>84</age><sex>1</sex><value>0.0019844652</value></baselineIncidence><baselineIncidence><age>85</age><sex>0</sex><value>0.0013572569</value></baselineIncidence><baselineIncidence><age>85</age><sex>1</sex><value>0.0020461208</value></baselineIncidence><baselineIncidence><age>86</age><sex>0</sex><value>0.001382733</value></baselineIncidence><baselineIncidence><age>86</age><sex>1</sex><value>0.002106232</value></baselineIncidence><baselineIncidence><age>87</age><sex>0</sex><value>0.0014042946</value></baselineIncidence><baselineIncidence><age>87</age><sex>1</sex><value>0.0021645548</value></baselineIncidence><baselineIncidence><age>88</age><sex>0</sex><value>0.0014216742</value></baselineIncidence><baselineIncidence><age>88</age><sex>1</sex><value>0.0022208516</value></baselineIncidence><baselineIncidence><age>89</age><sex>0</sex><value>0.0014346796</value></baselineIncidence><baselineIncidence><age>89</age><sex>1</sex><value>0.002274899</value></baselineIncidence><baselineIncidence><age>90</age><sex>0</sex><value>0.0014431342</value></baselineIncidence><baselineIncidence><age>90</age><sex>1</sex><value>0.0023264862</value></baselineIncidence><baselineIncidence><age>91</age><sex>0</sex><value>0.0014469218</value></baselineIncidence><baselineIncidence><age>91</age><sex>1</sex><value>0.0023754204</value></baselineIncidence><baselineIncidence><age>92</age><sex>0</sex><value>0.0014459632</value></baselineIncidence><baselineIncidence><age>92</age><sex>1</sex><value>0.0024215293</value></baselineIncidence><baselineIncidence><age>93</age><sex>0</sex><value>0.0014402433</value></baselineIncidence><baselineIncidence><age>93</age><sex>1</sex><value>0.002464633</value></baselineIncidence><baselineIncidence><age>94</age><sex>0</sex><value>0.0014297962</value></baselineIncidence><baselineIncidence><age>94</age><sex>1</sex><value>0.0025046398</value></baselineIncidence><baselineIncidence><age>95</age><sex>0</sex><value>0.0014146977</value></baselineIncidence><baselineIncidence><age>95</age><sex>1</sex><value>0.0025414266</value></baselineIncidence></baselineIncidences>