<?xml version="1.0" encoding="UTF-8" standalone="no"?><baselineIncidences><baselineIncidence><age>0</age><sex>0</sex><value>0.0</value></baselineIncidence><baselineIncidence><age>0</age><sex>1</sex><value>0.0</value></baselineIncidence><baselineIncidence><age>1</age><sex>0</sex><value>0.0</value></baselineIncidence><baselineIncidence><age>1</age><sex>1</sex><value>0.0</value></baselineIncidence><baselineIncidence><age>2</age><sex>0</sex><value>0.0</value></baselineIncidence><baselineIncidence><age>2</age><sex>1</sex><value>0.0</value></baselineIncidence><baselineIncidence><age>3</age><sex>0</sex><value>0.0</value></baselineIncidence><baselineIncidence><age>3</age><sex>1</sex><value>0.0</value></baselineIncidence><baselineIncidence><age>4</age><sex>0</sex><value>0.0</value></baselineIncidence><baselineIncidence><age>4</age><sex>1</sex><value>0.0</value></baselineIncidence><baselineIncidence><age>5</age><sex>0</sex><value>0.0</value></baselineIncidence><baselineIncidence><age>5</age><sex>1</sex><value>0.0</value></baselineIncidence><baselineIncidence><age>6</age><sex>0</sex><value>0.0</value></baselineIncidence><baselineIncidence><age>6</age><sex>1</sex><value>0.0</value></baselineIncidence><baselineIncidence><age>7</age><sex>0</sex><value>0.0</value></baselineIncidence><baselineIncidence><age>7</age><sex>1</sex><value>0.0</value></baselineIncidence><baselineIncidence><age>8</age><sex>0</sex><value>0.0</value></baselineIncidence><baselineIncidence><age>8</age><sex>1</sex><value>0.0</value></baselineIncidence><baselineIncidence><age>9</age><sex>0</sex><value>0.0</value></baselineIncidence><baselineIncidence><age>9</age><sex>1</sex><value>0.0</value></baselineIncidence><baselineIncidence><age>10</age><sex>0</sex><value>0.0</value></baselineIncidence><baselineIncidence><age>10</age><sex>1</sex><value>0.0</value></baselineIncidence><baselineIncidence><age>11</age><sex>0</sex><value>0.0</value></baselineIncidence><baselineIncidence><age>11</age><sex>1</sex><value>0.0</value></baselineIncidence><baselineIncidence><age>12</age><sex>0</sex><value>0.0</value></baselineIncidence><baselineIncidence><age>12</age><sex>1</sex><value>0.0</value></baselineIncidence><baselineIncidence><age>13</age><sex>0</sex><value>0.0</value></baselineIncidence><baselineIncidence><age>13</age><sex>1</sex><value>0.0</value></baselineIncidence><baselineIncidence><age>14</age><sex>0</sex><value>0.0</value></baselineIncidence><baselineIncidence><age>14</age><sex>1</sex><value>0.0</value></baselineIncidence><baselineIncidence><age>15</age><sex>0</sex><value>4.1E-6</value></baselineIncidence><baselineIncidence><age>15</age><sex>1</sex><value>6.0E-6</value></baselineIncidence><baselineIncidence><age>16</age><sex>0</sex><value>4.2E-6</value></baselineIncidence><baselineIncidence><age>16</age><sex>1</sex><value>6.8000004E-6</value></baselineIncidence><baselineIncidence><age>17</age><sex>0</sex><value>4.5E-6</value></baselineIncidence><baselineIncidence><age>17</age><sex>1</sex><value>7.4E-6</value></baselineIncidence><baselineIncidence><age>18</age><sex>0</sex><value>4.9E-6</value></baselineIncidence><baselineIncidence><age>18</age><sex>1</sex><value>7.7E-6</value></baselineIncidence><baselineIncidence><age>19</age><sex>0</sex><value>5.4999996E-6</value></baselineIncidence><baselineIncidence><age>19</age><sex>1</sex><value>7.8E-6</value></baselineIncidence><baselineIncidence><age>20</age><sex>0</sex><value>6.2000004E-6</value></baselineIncidence><baselineIncidence><age>20</age><sex>1</sex><value>8.0E-6</value></baselineIncidence><baselineIncidence><age>21</age><sex>0</sex><value>7.2000003E-6</value></baselineIncidence><baselineIncidence><age>21</age><sex>1</sex><value>8.3E-6</value></baselineIncidence><baselineIncidence><age>22</age><sex>0</sex><value>8.3E-6</value></baselineIncidence><baselineIncidence><age>22</age><sex>1</sex><value>8.8E-6</value></baselineIncidence><baselineIncidence><age>23</age><sex>0</sex><value>9.6E-6</value></baselineIncidence><baselineIncidence><age>23</age><sex>1</sex><value>9.8E-6</value></baselineIncidence><baselineIncidence><age>24</age><sex>0</sex><value>1.1E-5</value></baselineIncidence><baselineIncidence><age>24</age><sex>1</sex><value>1.11E-5</value></baselineIncidence><baselineIncidence><age>25</age><sex>0</sex><value>1.2499999E-5</value></baselineIncidence><baselineIncidence><age>25</age><sex>1</sex><value>1.26E-5</value></baselineIncidence><baselineIncidence><age>26</age><sex>0</sex><value>1.41E-5</value></baselineIncidence><baselineIncidence><age>26</age><sex>1</sex><value>1.4299999E-5</value></baselineIncidence><baselineIncidence><age>27</age><sex>0</sex><value>1.58E-5</value></baselineIncidence><baselineIncidence><age>27</age><sex>1</sex><value>1.59E-5</value></baselineIncidence><baselineIncidence><age>28</age><sex>0</sex><value>1.74E-5</value></baselineIncidence><baselineIncidence><age>28</age><sex>1</sex><value>1.76E-5</value></baselineIncidence><baselineIncidence><age>29</age><sex>0</sex><value>1.92E-5</value></baselineIncidence><baselineIncidence><age>29</age><sex>1</sex><value>1.94E-5</value></baselineIncidence><baselineIncidence><age>30</age><sex>0</sex><value>2.1300002E-5</value></baselineIncidence><baselineIncidence><age>30</age><sex>1</sex><value>2.17E-5</value></baselineIncidence><baselineIncidence><age>31</age><sex>0</sex><value>2.3700002E-5</value></baselineIncidence><baselineIncidence><age>31</age><sex>1</sex><value>2.47E-5</value></baselineIncidence><baselineIncidence><age>32</age><sex>0</sex><value>2.68E-5</value></baselineIncidence><baselineIncidence><age>32</age><sex>1</sex><value>2.8800001E-5</value></baselineIncidence><baselineIncidence><age>33</age><sex>0</sex><value>3.06E-5</value></baselineIncidence><baselineIncidence><age>33</age><sex>1</sex><value>3.42E-5</value></baselineIncidence><baselineIncidence><age>34</age><sex>0</sex><value>3.53E-5</value></baselineIncidence><baselineIncidence><age>34</age><sex>1</sex><value>4.07E-5</value></baselineIncidence><baselineIncidence><age>35</age><sex>0</sex><value>4.12E-5</value></baselineIncidence><baselineIncidence><age>35</age><sex>1</sex><value>4.8100002E-5</value></baselineIncidence><baselineIncidence><age>36</age><sex>0</sex><value>4.85E-5</value></baselineIncidence><baselineIncidence><age>36</age><sex>1</sex><value>5.6100005E-5</value></baselineIncidence><baselineIncidence><age>37</age><sex>0</sex><value>5.7400004E-5</value></baselineIncidence><baselineIncidence><age>37</age><sex>1</sex><value>6.47E-5</value></baselineIncidence><baselineIncidence><age>38</age><sex>0</sex><value>6.810001E-5</value></baselineIncidence><baselineIncidence><age>38</age><sex>1</sex><value>7.36E-5</value></baselineIncidence><baselineIncidence><age>39</age><sex>0</sex><value>8.06E-5</value></baselineIncidence><baselineIncidence><age>39</age><sex>1</sex><value>8.330001E-5</value></baselineIncidence><baselineIncidence><age>40</age><sex>0</sex><value>9.46E-5</value></baselineIncidence><baselineIncidence><age>40</age><sex>1</sex><value>9.4400006E-5</value></baselineIncidence><baselineIncidence><age>41</age><sex>0</sex><value>1.1E-4</value></baselineIncidence><baselineIncidence><age>41</age><sex>1</sex><value>1.0699999E-4</value></baselineIncidence><baselineIncidence><age>42</age><sex>0</sex><value>1.2700002E-4</value></baselineIncidence><baselineIncidence><age>42</age><sex>1</sex><value>1.23E-4</value></baselineIncidence><baselineIncidence><age>43</age><sex>0</sex><value>1.46E-4</value></baselineIncidence><baselineIncidence><age>43</age><sex>1</sex><value>1.41E-4</value></baselineIncidence><baselineIncidence><age>44</age><sex>0</sex><value>1.67E-4</value></baselineIncidence><baselineIncidence><age>44</age><sex>1</sex><value>1.63E-4</value></baselineIncidence><baselineIncidence><age>45</age><sex>0</sex><value>1.93E-4</value></baselineIncidence><baselineIncidence><age>45</age><sex>1</sex><value>1.8900003E-4</value></baselineIncidence><baselineIncidence><age>46</age><sex>0</sex><value>2.24E-4</value></baselineIncidence><baselineIncidence><age>46</age><sex>1</sex><value>2.18E-4</value></baselineIncidence><baselineIncidence><age>47</age><sex>0</sex><value>2.63E-4</value></baselineIncidence><baselineIncidence><age>47</age><sex>1</sex><value>2.52E-4</value></baselineIncidence><baselineIncidence><age>48</age><sex>0</sex><value>3.09E-4</value></baselineIncidence><baselineIncidence><age>48</age><sex>1</sex><value>2.9E-4</value></baselineIncidence><baselineIncidence><age>49</age><sex>0</sex><value>3.63E-4</value></baselineIncidence><baselineIncidence><age>49</age><sex>1</sex><value>3.3100002E-4</value></baselineIncidence><baselineIncidence><age>50</age><sex>0</sex><value>4.22E-4</value></baselineIncidence><baselineIncidence><age>50</age><sex>1</sex><value>3.76E-4</value></baselineIncidence><baselineIncidence><age>51</age><sex>0</sex><value>4.86E-4</value></baselineIncidence><baselineIncidence><age>51</age><sex>1</sex><value>4.23E-4</value></baselineIncidence><baselineIncidence><age>52</age><sex>0</sex><value>5.530001E-4</value></baselineIncidence><baselineIncidence><age>52</age><sex>1</sex><value>4.72E-4</value></baselineIncidence><baselineIncidence><age>53</age><sex>0</sex><value>6.22E-4</value></baselineIncidence><baselineIncidence><age>53</age><sex>1</sex><value>5.22E-4</value></baselineIncidence><baselineIncidence><age>54</age><sex>0</sex><value>6.9600006E-4</value></baselineIncidence><baselineIncidence><age>54</age><sex>1</sex><value>5.75E-4</value></baselineIncidence><baselineIncidence><age>55</age><sex>0</sex><value>7.77E-4</value></baselineIncidence><baselineIncidence><age>55</age><sex>1</sex><value>6.3100003E-4</value></baselineIncidence><baselineIncidence><age>56</age><sex>0</sex><value>8.6699997E-4</value></baselineIncidence><baselineIncidence><age>56</age><sex>1</sex><value>6.91E-4</value></baselineIncidence><baselineIncidence><age>57</age><sex>0</sex><value>9.7000005E-4</value></baselineIncidence><baselineIncidence><age>57</age><sex>1</sex><value>7.58E-4</value></baselineIncidence><baselineIncidence><age>58</age><sex>0</sex><value>0.001088</value></baselineIncidence><baselineIncidence><age>58</age><sex>1</sex><value>8.3199993E-4</value></baselineIncidence><baselineIncidence><age>59</age><sex>0</sex><value>0.001217</value></baselineIncidence><baselineIncidence><age>59</age><sex>1</sex><value>9.12E-4</value></baselineIncidence><baselineIncidence><age>60</age><sex>0</sex><value>0.0013560001</value></baselineIncidence><baselineIncidence><age>60</age><sex>1</sex><value>9.95E-4</value></baselineIncidence><baselineIncidence><age>61</age><sex>0</sex><value>0.0015019999</value></baselineIncidence><baselineIncidence><age>61</age><sex>1</sex><value>0.0010819999</value></baselineIncidence><baselineIncidence><age>62</age><sex>0</sex><value>0.0016520001</value></baselineIncidence><baselineIncidence><age>62</age><sex>1</sex><value>0.0011700001</value></baselineIncidence><baselineIncidence><age>63</age><sex>0</sex><value>0.0018030001</value></baselineIncidence><baselineIncidence><age>63</age><sex>1</sex><value>0.001258</value></baselineIncidence><baselineIncidence><age>64</age><sex>0</sex><value>0.001957</value></baselineIncidence><baselineIncidence><age>64</age><sex>1</sex><value>0.001347</value></baselineIncidence><baselineIncidence><age>65</age><sex>0</sex><value>0.002114</value></baselineIncidence><baselineIncidence><age>65</age><sex>1</sex><value>0.0014380001</value></baselineIncidence><baselineIncidence><age>66</age><sex>0</sex><value>0.0022750003</value></baselineIncidence><baselineIncidence><age>66</age><sex>1</sex><value>0.0015330001</value></baselineIncidence><baselineIncidence><age>67</age><sex>0</sex><value>0.0024430002</value></baselineIncidence><baselineIncidence><age>67</age><sex>1</sex><value>0.0016339999</value></baselineIncidence><baselineIncidence><age>68</age><sex>0</sex><value>0.002617</value></baselineIncidence><baselineIncidence><age>68</age><sex>1</sex><value>0.001741</value></baselineIncidence><baselineIncidence><age>69</age><sex>0</sex><value>0.0027980001</value></baselineIncidence><baselineIncidence><age>69</age><sex>1</sex><value>0.0018540001</value></baselineIncidence><baselineIncidence><age>70</age><sex>0</sex><value>0.002984</value></baselineIncidence><baselineIncidence><age>70</age><sex>1</sex><value>0.001972</value></baselineIncidence><baselineIncidence><age>71</age><sex>0</sex><value>0.003174</value></baselineIncidence><baselineIncidence><age>71</age><sex>1</sex><value>0.002094</value></baselineIncidence><baselineIncidence><age>72</age><sex>0</sex><value>0.003367</value></baselineIncidence><baselineIncidence><age>72</age><sex>1</sex><value>0.002218</value></baselineIncidence><baselineIncidence><age>73</age><sex>0</sex><value>0.003561</value></baselineIncidence><baselineIncidence><age>73</age><sex>1</sex><value>0.002345</value></baselineIncidence><baselineIncidence><age>74</age><sex>0</sex><value>0.003754</value></baselineIncidence><baselineIncidence><age>74</age><sex>1</sex><value>0.002472</value></baselineIncidence><baselineIncidence><age>75</age><sex>0</sex><value>0.003941</value></baselineIncidence><baselineIncidence><age>75</age><sex>1</sex><value>0.002598</value></baselineIncidence><baselineIncidence><age>76</age><sex>0</sex><value>0.0041180006</value></baselineIncidence><baselineIncidence><age>76</age><sex>1</sex><value>0.002721</value></baselineIncidence><baselineIncidence><age>77</age><sex>0</sex><value>0.004282</value></baselineIncidence><baselineIncidence><age>77</age><sex>1</sex><value>0.0028400002</value></baselineIncidence><baselineIncidence><age>78</age><sex>0</sex><value>0.004429</value></baselineIncidence><baselineIncidence><age>78</age><sex>1</sex><value>0.0029520001</value></baselineIncidence><baselineIncidence><age>79</age><sex>0</sex><value>0.004554</value></baselineIncidence><baselineIncidence><age>79</age><sex>1</sex><value>0.0030509997</value></baselineIncidence><baselineIncidence><age>80</age><sex>0</sex><value>0.004655</value></baselineIncidence><baselineIncidence><age>80</age><sex>1</sex><value>0.003131</value></baselineIncidence><baselineIncidence><age>81</age><sex>0</sex><value>0.004728</value></baselineIncidence><baselineIncidence><age>81</age><sex>1</sex><value>0.003184</value></baselineIncidence><baselineIncidence><age>82</age><sex>0</sex><value>0.0047680004</value></baselineIncidence><baselineIncidence><age>82</age><sex>1</sex><value>0.003203</value></baselineIncidence><baselineIncidence><age>83</age><sex>0</sex><value>0.004774</value></baselineIncidence><baselineIncidence><age>83</age><sex>1</sex><value>0.0031850003</value></baselineIncidence><baselineIncidence><age>84</age><sex>0</sex><value>0.0047550006</value></baselineIncidence><baselineIncidence><age>84</age><sex>1</sex><value>0.0031390002</value></baselineIncidence><baselineIncidence><age>85</age><sex>0</sex><value>0.0047189994</value></baselineIncidence><baselineIncidence><age>85</age><sex>1</sex><value>0.003077</value></baselineIncidence><baselineIncidence><age>86</age><sex>0</sex><value>0.004679</value></baselineIncidence><baselineIncidence><age>86</age><sex>1</sex><value>0.003013</value></baselineIncidence><baselineIncidence><age>87</age><sex>0</sex><value>0.0046430007</value></baselineIncidence><baselineIncidence><age>87</age><sex>1</sex><value>0.0029590002</value></baselineIncidence><baselineIncidence><age>88</age><sex>0</sex><value>0.0046200003</value></baselineIncidence><baselineIncidence><age>88</age><sex>1</sex><value>0.002925</value></baselineIncidence><baselineIncidence><age>89</age><sex>0</sex><value>0.004609</value></baselineIncidence><baselineIncidence><age>89</age><sex>1</sex><value>0.002908</value></baselineIncidence><baselineIncidence><age>90</age><sex>0</sex><value>0.004606</value></baselineIncidence><baselineIncidence><age>90</age><sex>1</sex><value>0.0029030002</value></baselineIncidence><baselineIncidence><age>91</age><sex>0</sex><value>0.004609</value></baselineIncidence><baselineIncidence><age>91</age><sex>1</sex><value>0.002907</value></baselineIncidence><baselineIncidence><age>92</age><sex>0</sex><value>0.004614</value></baselineIncidence><baselineIncidence><age>92</age><sex>1</sex><value>0.002913</value></baselineIncidence><baselineIncidence><age>93</age><sex>0</sex><value>0.004618</value></baselineIncidence><baselineIncidence><age>93</age><sex>1</sex><value>0.0029180003</value></baselineIncidence><baselineIncidence><age>94</age><sex>0</sex><value>0.0046219993</value></baselineIncidence><baselineIncidence><age>94</age><sex>1</sex><value>0.0029210001</value></baselineIncidence><baselineIncidence><age>95</age><sex>0</sex><value>0.004624</value></baselineIncidence><baselineIncidence><age>95</age><sex>1</sex><value>0.0029190003</value></baselineIncidence></baselineIncidences>