<?xml version="1.0" encoding="UTF-8" standalone="no"?><baselineFatalIncidences><baselineFatalIncidence><age>0</age><sex>0</sex><value>0.0</value></baselineFatalIncidence><baselineFatalIncidence><age>0</age><sex>1</sex><value>0.0</value></baselineFatalIncidence><baselineFatalIncidence><age>1</age><sex>0</sex><value>0.0</value></baselineFatalIncidence><baselineFatalIncidence><age>1</age><sex>1</sex><value>0.0</value></baselineFatalIncidence><baselineFatalIncidence><age>2</age><sex>0</sex><value>0.0</value></baselineFatalIncidence><baselineFatalIncidence><age>2</age><sex>1</sex><value>0.0</value></baselineFatalIncidence><baselineFatalIncidence><age>3</age><sex>0</sex><value>0.0</value></baselineFatalIncidence><baselineFatalIncidence><age>3</age><sex>1</sex><value>0.0</value></baselineFatalIncidence><baselineFatalIncidence><age>4</age><sex>0</sex><value>0.0</value></baselineFatalIncidence><baselineFatalIncidence><age>4</age><sex>1</sex><value>0.0</value></baselineFatalIncidence><baselineFatalIncidence><age>5</age><sex>0</sex><value>0.0</value></baselineFatalIncidence><baselineFatalIncidence><age>5</age><sex>1</sex><value>0.0</value></baselineFatalIncidence><baselineFatalIncidence><age>6</age><sex>0</sex><value>0.0</value></baselineFatalIncidence><baselineFatalIncidence><age>6</age><sex>1</sex><value>0.0</value></baselineFatalIncidence><baselineFatalIncidence><age>7</age><sex>0</sex><value>0.0</value></baselineFatalIncidence><baselineFatalIncidence><age>7</age><sex>1</sex><value>0.0</value></baselineFatalIncidence><baselineFatalIncidence><age>8</age><sex>0</sex><value>0.0</value></baselineFatalIncidence><baselineFatalIncidence><age>8</age><sex>1</sex><value>0.0</value></baselineFatalIncidence><baselineFatalIncidence><age>9</age><sex>0</sex><value>0.0</value></baselineFatalIncidence><baselineFatalIncidence><age>9</age><sex>1</sex><value>0.0</value></baselineFatalIncidence><baselineFatalIncidence><age>10</age><sex>0</sex><value>0.0</value></baselineFatalIncidence><baselineFatalIncidence><age>10</age><sex>1</sex><value>0.0</value></baselineFatalIncidence><baselineFatalIncidence><age>11</age><sex>0</sex><value>0.0</value></baselineFatalIncidence><baselineFatalIncidence><age>11</age><sex>1</sex><value>0.0</value></baselineFatalIncidence><baselineFatalIncidence><age>12</age><sex>0</sex><value>0.0</value></baselineFatalIncidence><baselineFatalIncidence><age>12</age><sex>1</sex><value>0.0</value></baselineFatalIncidence><baselineFatalIncidence><age>13</age><sex>0</sex><value>0.0</value></baselineFatalIncidence><baselineFatalIncidence><age>13</age><sex>1</sex><value>0.0</value></baselineFatalIncidence><baselineFatalIncidence><age>14</age><sex>0</sex><value>0.0</value></baselineFatalIncidence><baselineFatalIncidence><age>14</age><sex>1</sex><value>0.0</value></baselineFatalIncidence><baselineFatalIncidence><age>15</age><sex>0</sex><value>0.0</value></baselineFatalIncidence><baselineFatalIncidence><age>15</age><sex>1</sex><value>0.0</value></baselineFatalIncidence><baselineFatalIncidence><age>16</age><sex>0</sex><value>0.0</value></baselineFatalIncidence><baselineFatalIncidence><age>16</age><sex>1</sex><value>0.0</value></baselineFatalIncidence><baselineFatalIncidence><age>17</age><sex>0</sex><value>0.0</value></baselineFatalIncidence><baselineFatalIncidence><age>17</age><sex>1</sex><value>0.0</value></baselineFatalIncidence><baselineFatalIncidence><age>18</age><sex>0</sex><value>0.0</value></baselineFatalIncidence><baselineFatalIncidence><age>18</age><sex>1</sex><value>0.0</value></baselineFatalIncidence><baselineFatalIncidence><age>19</age><sex>0</sex><value>0.0</value></baselineFatalIncidence><baselineFatalIncidence><age>19</age><sex>1</sex><value>0.0</value></baselineFatalIncidence><baselineFatalIncidence><age>20</age><sex>0</sex><value>0.0</value></baselineFatalIncidence><baselineFatalIncidence><age>20</age><sex>1</sex><value>0.0</value></baselineFatalIncidence><baselineFatalIncidence><age>21</age><sex>0</sex><value>0.0</value></baselineFatalIncidence><baselineFatalIncidence><age>21</age><sex>1</sex><value>0.0</value></baselineFatalIncidence><baselineFatalIncidence><age>22</age><sex>0</sex><value>0.0</value></baselineFatalIncidence><baselineFatalIncidence><age>22</age><sex>1</sex><value>0.0</value></baselineFatalIncidence><baselineFatalIncidence><age>23</age><sex>0</sex><value>0.0</value></baselineFatalIncidence><baselineFatalIncidence><age>23</age><sex>1</sex><value>0.0</value></baselineFatalIncidence><baselineFatalIncidence><age>24</age><sex>0</sex><value>0.0</value></baselineFatalIncidence><baselineFatalIncidence><age>24</age><sex>1</sex><value>0.0</value></baselineFatalIncidence><baselineFatalIncidence><age>25</age><sex>0</sex><value>0.0</value></baselineFatalIncidence><baselineFatalIncidence><age>25</age><sex>1</sex><value>0.0</value></baselineFatalIncidence><baselineFatalIncidence><age>26</age><sex>0</sex><value>0.0</value></baselineFatalIncidence><baselineFatalIncidence><age>26</age><sex>1</sex><value>0.0</value></baselineFatalIncidence><baselineFatalIncidence><age>27</age><sex>0</sex><value>0.0</value></baselineFatalIncidence><baselineFatalIncidence><age>27</age><sex>1</sex><value>0.0</value></baselineFatalIncidence><baselineFatalIncidence><age>28</age><sex>0</sex><value>0.0</value></baselineFatalIncidence><baselineFatalIncidence><age>28</age><sex>1</sex><value>0.0</value></baselineFatalIncidence><baselineFatalIncidence><age>29</age><sex>0</sex><value>0.0</value></baselineFatalIncidence><baselineFatalIncidence><age>29</age><sex>1</sex><value>0.0</value></baselineFatalIncidence><baselineFatalIncidence><age>30</age><sex>0</sex><value>0.0</value></baselineFatalIncidence><baselineFatalIncidence><age>30</age><sex>1</sex><value>0.0</value></baselineFatalIncidence><baselineFatalIncidence><age>31</age><sex>0</sex><value>0.0</value></baselineFatalIncidence><baselineFatalIncidence><age>31</age><sex>1</sex><value>0.0</value></baselineFatalIncidence><baselineFatalIncidence><age>32</age><sex>0</sex><value>0.0</value></baselineFatalIncidence><baselineFatalIncidence><age>32</age><sex>1</sex><value>0.0</value></baselineFatalIncidence><baselineFatalIncidence><age>33</age><sex>0</sex><value>0.0</value></baselineFatalIncidence><baselineFatalIncidence><age>33</age><sex>1</sex><value>0.0</value></baselineFatalIncidence><baselineFatalIncidence><age>34</age><sex>0</sex><value>0.0</value></baselineFatalIncidence><baselineFatalIncidence><age>34</age><sex>1</sex><value>0.0</value></baselineFatalIncidence><baselineFatalIncidence><age>35</age><sex>0</sex><value>0.0</value></baselineFatalIncidence><baselineFatalIncidence><age>35</age><sex>1</sex><value>0.0</value></baselineFatalIncidence><baselineFatalIncidence><age>36</age><sex>0</sex><value>0.0</value></baselineFatalIncidence><baselineFatalIncidence><age>36</age><sex>1</sex><value>0.0</value></baselineFatalIncidence><baselineFatalIncidence><age>37</age><sex>0</sex><value>0.0</value></baselineFatalIncidence><baselineFatalIncidence><age>37</age><sex>1</sex><value>0.0</value></baselineFatalIncidence><baselineFatalIncidence><age>38</age><sex>0</sex><value>0.0</value></baselineFatalIncidence><baselineFatalIncidence><age>38</age><sex>1</sex><value>0.0</value></baselineFatalIncidence><baselineFatalIncidence><age>39</age><sex>0</sex><value>0.0</value></baselineFatalIncidence><baselineFatalIncidence><age>39</age><sex>1</sex><value>0.0</value></baselineFatalIncidence><baselineFatalIncidence><age>40</age><sex>0</sex><value>0.0</value></baselineFatalIncidence><baselineFatalIncidence><age>40</age><sex>1</sex><value>0.0</value></baselineFatalIncidence><baselineFatalIncidence><age>41</age><sex>0</sex><value>0.0</value></baselineFatalIncidence><baselineFatalIncidence><age>41</age><sex>1</sex><value>0.0</value></baselineFatalIncidence><baselineFatalIncidence><age>42</age><sex>0</sex><value>0.0</value></baselineFatalIncidence><baselineFatalIncidence><age>42</age><sex>1</sex><value>0.0</value></baselineFatalIncidence><baselineFatalIncidence><age>43</age><sex>0</sex><value>0.0</value></baselineFatalIncidence><baselineFatalIncidence><age>43</age><sex>1</sex><value>0.0</value></baselineFatalIncidence><baselineFatalIncidence><age>44</age><sex>0</sex><value>0.0</value></baselineFatalIncidence><baselineFatalIncidence><age>44</age><sex>1</sex><value>0.0</value></baselineFatalIncidence><baselineFatalIncidence><age>45</age><sex>0</sex><value>0.0</value></baselineFatalIncidence><baselineFatalIncidence><age>45</age><sex>1</sex><value>0.0</value></baselineFatalIncidence><baselineFatalIncidence><age>46</age><sex>0</sex><value>0.0</value></baselineFatalIncidence><baselineFatalIncidence><age>46</age><sex>1</sex><value>0.0</value></baselineFatalIncidence><baselineFatalIncidence><age>47</age><sex>0</sex><value>0.0</value></baselineFatalIncidence><baselineFatalIncidence><age>47</age><sex>1</sex><value>0.0</value></baselineFatalIncidence><baselineFatalIncidence><age>48</age><sex>0</sex><value>0.0</value></baselineFatalIncidence><baselineFatalIncidence><age>48</age><sex>1</sex><value>0.0</value></baselineFatalIncidence><baselineFatalIncidence><age>49</age><sex>0</sex><value>0.0</value></baselineFatalIncidence><baselineFatalIncidence><age>49</age><sex>1</sex><value>0.0</value></baselineFatalIncidence><baselineFatalIncidence><age>50</age><sex>0</sex><value>0.0</value></baselineFatalIncidence><baselineFatalIncidence><age>50</age><sex>1</sex><value>0.0</value></baselineFatalIncidence><baselineFatalIncidence><age>51</age><sex>0</sex><value>0.0</value></baselineFatalIncidence><baselineFatalIncidence><age>51</age><sex>1</sex><value>0.0</value></baselineFatalIncidence><baselineFatalIncidence><age>52</age><sex>0</sex><value>0.0</value></baselineFatalIncidence><baselineFatalIncidence><age>52</age><sex>1</sex><value>0.0</value></baselineFatalIncidence><baselineFatalIncidence><age>53</age><sex>0</sex><value>0.0</value></baselineFatalIncidence><baselineFatalIncidence><age>53</age><sex>1</sex><value>0.0</value></baselineFatalIncidence><baselineFatalIncidence><age>54</age><sex>0</sex><value>0.0</value></baselineFatalIncidence><baselineFatalIncidence><age>54</age><sex>1</sex><value>0.0</value></baselineFatalIncidence><baselineFatalIncidence><age>55</age><sex>0</sex><value>0.0</value></baselineFatalIncidence><baselineFatalIncidence><age>55</age><sex>1</sex><value>0.0</value></baselineFatalIncidence><baselineFatalIncidence><age>56</age><sex>0</sex><value>0.0</value></baselineFatalIncidence><baselineFatalIncidence><age>56</age><sex>1</sex><value>0.0</value></baselineFatalIncidence><baselineFatalIncidence><age>57</age><sex>0</sex><value>0.0</value></baselineFatalIncidence><baselineFatalIncidence><age>57</age><sex>1</sex><value>0.0</value></baselineFatalIncidence><baselineFatalIncidence><age>58</age><sex>0</sex><value>0.0</value></baselineFatalIncidence><baselineFatalIncidence><age>58</age><sex>1</sex><value>0.0</value></baselineFatalIncidence><baselineFatalIncidence><age>59</age><sex>0</sex><value>0.0</value></baselineFatalIncidence><baselineFatalIncidence><age>59</age><sex>1</sex><value>0.0</value></baselineFatalIncidence><baselineFatalIncidence><age>60</age><sex>0</sex><value>0.0</value></baselineFatalIncidence><baselineFatalIncidence><age>60</age><sex>1</sex><value>0.0</value></baselineFatalIncidence><baselineFatalIncidence><age>61</age><sex>0</sex><value>0.0</value></baselineFatalIncidence><baselineFatalIncidence><age>61</age><sex>1</sex><value>0.0</value></baselineFatalIncidence><baselineFatalIncidence><age>62</age><sex>0</sex><value>0.0</value></baselineFatalIncidence><baselineFatalIncidence><age>62</age><sex>1</sex><value>0.0</value></baselineFatalIncidence><baselineFatalIncidence><age>63</age><sex>0</sex><value>0.0</value></baselineFatalIncidence><baselineFatalIncidence><age>63</age><sex>1</sex><value>0.0</value></baselineFatalIncidence><baselineFatalIncidence><age>64</age><sex>0</sex><value>0.0</value></baselineFatalIncidence><baselineFatalIncidence><age>64</age><sex>1</sex><value>0.0</value></baselineFatalIncidence><baselineFatalIncidence><age>65</age><sex>0</sex><value>0.0</value></baselineFatalIncidence><baselineFatalIncidence><age>65</age><sex>1</sex><value>0.0</value></baselineFatalIncidence><baselineFatalIncidence><age>66</age><sex>0</sex><value>0.0</value></baselineFatalIncidence><baselineFatalIncidence><age>66</age><sex>1</sex><value>0.0</value></baselineFatalIncidence><baselineFatalIncidence><age>67</age><sex>0</sex><value>0.0</value></baselineFatalIncidence><baselineFatalIncidence><age>67</age><sex>1</sex><value>0.0</value></baselineFatalIncidence><baselineFatalIncidence><age>68</age><sex>0</sex><value>0.0</value></baselineFatalIncidence><baselineFatalIncidence><age>68</age><sex>1</sex><value>0.0</value></baselineFatalIncidence><baselineFatalIncidence><age>69</age><sex>0</sex><value>0.0</value></baselineFatalIncidence><baselineFatalIncidence><age>69</age><sex>1</sex><value>0.0</value></baselineFatalIncidence><baselineFatalIncidence><age>70</age><sex>0</sex><value>0.0</value></baselineFatalIncidence><baselineFatalIncidence><age>70</age><sex>1</sex><value>0.0</value></baselineFatalIncidence><baselineFatalIncidence><age>71</age><sex>0</sex><value>0.0</value></baselineFatalIncidence><baselineFatalIncidence><age>71</age><sex>1</sex><value>0.0</value></baselineFatalIncidence><baselineFatalIncidence><age>72</age><sex>0</sex><value>0.0</value></baselineFatalIncidence><baselineFatalIncidence><age>72</age><sex>1</sex><value>0.0</value></baselineFatalIncidence><baselineFatalIncidence><age>73</age><sex>0</sex><value>0.0</value></baselineFatalIncidence><baselineFatalIncidence><age>73</age><sex>1</sex><value>0.0</value></baselineFatalIncidence><baselineFatalIncidence><age>74</age><sex>0</sex><value>0.0</value></baselineFatalIncidence><baselineFatalIncidence><age>74</age><sex>1</sex><value>0.0</value></baselineFatalIncidence><baselineFatalIncidence><age>75</age><sex>0</sex><value>0.0</value></baselineFatalIncidence><baselineFatalIncidence><age>75</age><sex>1</sex><value>0.0</value></baselineFatalIncidence><baselineFatalIncidence><age>76</age><sex>0</sex><value>0.0</value></baselineFatalIncidence><baselineFatalIncidence><age>76</age><sex>1</sex><value>0.0</value></baselineFatalIncidence><baselineFatalIncidence><age>77</age><sex>0</sex><value>0.0</value></baselineFatalIncidence><baselineFatalIncidence><age>77</age><sex>1</sex><value>0.0</value></baselineFatalIncidence><baselineFatalIncidence><age>78</age><sex>0</sex><value>0.0</value></baselineFatalIncidence><baselineFatalIncidence><age>78</age><sex>1</sex><value>0.0</value></baselineFatalIncidence><baselineFatalIncidence><age>79</age><sex>0</sex><value>0.0</value></baselineFatalIncidence><baselineFatalIncidence><age>79</age><sex>1</sex><value>0.0</value></baselineFatalIncidence><baselineFatalIncidence><age>80</age><sex>0</sex><value>0.0</value></baselineFatalIncidence><baselineFatalIncidence><age>80</age><sex>1</sex><value>0.0</value></baselineFatalIncidence><baselineFatalIncidence><age>81</age><sex>0</sex><value>0.0</value></baselineFatalIncidence><baselineFatalIncidence><age>81</age><sex>1</sex><value>0.0</value></baselineFatalIncidence><baselineFatalIncidence><age>82</age><sex>0</sex><value>0.0</value></baselineFatalIncidence><baselineFatalIncidence><age>82</age><sex>1</sex><value>0.0</value></baselineFatalIncidence><baselineFatalIncidence><age>83</age><sex>0</sex><value>0.0</value></baselineFatalIncidence><baselineFatalIncidence><age>83</age><sex>1</sex><value>0.0</value></baselineFatalIncidence><baselineFatalIncidence><age>84</age><sex>0</sex><value>0.0</value></baselineFatalIncidence><baselineFatalIncidence><age>84</age><sex>1</sex><value>0.0</value></baselineFatalIncidence><baselineFatalIncidence><age>85</age><sex>0</sex><value>0.0</value></baselineFatalIncidence><baselineFatalIncidence><age>85</age><sex>1</sex><value>0.0</value></baselineFatalIncidence><baselineFatalIncidence><age>86</age><sex>0</sex><value>0.0</value></baselineFatalIncidence><baselineFatalIncidence><age>86</age><sex>1</sex><value>0.0</value></baselineFatalIncidence><baselineFatalIncidence><age>87</age><sex>0</sex><value>0.0</value></baselineFatalIncidence><baselineFatalIncidence><age>87</age><sex>1</sex><value>0.0</value></baselineFatalIncidence><baselineFatalIncidence><age>88</age><sex>0</sex><value>0.0</value></baselineFatalIncidence><baselineFatalIncidence><age>88</age><sex>1</sex><value>0.0</value></baselineFatalIncidence><baselineFatalIncidence><age>89</age><sex>0</sex><value>0.0</value></baselineFatalIncidence><baselineFatalIncidence><age>89</age><sex>1</sex><value>0.0</value></baselineFatalIncidence><baselineFatalIncidence><age>90</age><sex>0</sex><value>0.0</value></baselineFatalIncidence><baselineFatalIncidence><age>90</age><sex>1</sex><value>0.0</value></baselineFatalIncidence><baselineFatalIncidence><age>91</age><sex>0</sex><value>0.0</value></baselineFatalIncidence><baselineFatalIncidence><age>91</age><sex>1</sex><value>0.0</value></baselineFatalIncidence><baselineFatalIncidence><age>92</age><sex>0</sex><value>0.0</value></baselineFatalIncidence><baselineFatalIncidence><age>92</age><sex>1</sex><value>0.0</value></baselineFatalIncidence><baselineFatalIncidence><age>93</age><sex>0</sex><value>0.0</value></baselineFatalIncidence><baselineFatalIncidence><age>93</age><sex>1</sex><value>0.0</value></baselineFatalIncidence><baselineFatalIncidence><age>94</age><sex>0</sex><value>0.0</value></baselineFatalIncidence><baselineFatalIncidence><age>94</age><sex>1</sex><value>0.0</value></baselineFatalIncidence><baselineFatalIncidence><age>95</age><sex>0</sex><value>0.0</value></baselineFatalIncidence><baselineFatalIncidence><age>95</age><sex>1</sex><value>0.0</value></baselineFatalIncidence></baselineFatalIncidences>