<?xml version="1.0" encoding="UTF-8" standalone="no"?><baselineFatalIncidences><baselineFatalIncidence><age>0</age><sex>0</sex><value>0.0</value></baselineFatalIncidence><baselineFatalIncidence><age>0</age><sex>1</sex><value>0.0</value></baselineFatalIncidence><baselineFatalIncidence><age>1</age><sex>0</sex><value>0.0</value></baselineFatalIncidence><baselineFatalIncidence><age>1</age><sex>1</sex><value>0.0</value></baselineFatalIncidence><baselineFatalIncidence><age>2</age><sex>0</sex><value>0.0</value></baselineFatalIncidence><baselineFatalIncidence><age>2</age><sex>1</sex><value>0.0</value></baselineFatalIncidence><baselineFatalIncidence><age>3</age><sex>0</sex><value>0.0</value></baselineFatalIncidence><baselineFatalIncidence><age>3</age><sex>1</sex><value>0.0</value></baselineFatalIncidence><baselineFatalIncidence><age>4</age><sex>0</sex><value>0.0</value></baselineFatalIncidence><baselineFatalIncidence><age>4</age><sex>1</sex><value>0.0</value></baselineFatalIncidence><baselineFatalIncidence><age>5</age><sex>0</sex><value>0.0</value></baselineFatalIncidence><baselineFatalIncidence><age>5</age><sex>1</sex><value>0.0</value></baselineFatalIncidence><baselineFatalIncidence><age>6</age><sex>0</sex><value>0.0</value></baselineFatalIncidence><baselineFatalIncidence><age>6</age><sex>1</sex><value>0.0</value></baselineFatalIncidence><baselineFatalIncidence><age>7</age><sex>0</sex><value>0.0</value></baselineFatalIncidence><baselineFatalIncidence><age>7</age><sex>1</sex><value>0.0</value></baselineFatalIncidence><baselineFatalIncidence><age>8</age><sex>0</sex><value>0.0</value></baselineFatalIncidence><baselineFatalIncidence><age>8</age><sex>1</sex><value>0.0</value></baselineFatalIncidence><baselineFatalIncidence><age>9</age><sex>0</sex><value>0.0</value></baselineFatalIncidence><baselineFatalIncidence><age>9</age><sex>1</sex><value>0.0</value></baselineFatalIncidence><baselineFatalIncidence><age>10</age><sex>0</sex><value>0.0</value></baselineFatalIncidence><baselineFatalIncidence><age>10</age><sex>1</sex><value>0.0</value></baselineFatalIncidence><baselineFatalIncidence><age>11</age><sex>0</sex><value>0.0</value></baselineFatalIncidence><baselineFatalIncidence><age>11</age><sex>1</sex><value>0.0</value></baselineFatalIncidence><baselineFatalIncidence><age>12</age><sex>0</sex><value>0.0</value></baselineFatalIncidence><baselineFatalIncidence><age>12</age><sex>1</sex><value>0.0</value></baselineFatalIncidence><baselineFatalIncidence><age>13</age><sex>0</sex><value>0.0</value></baselineFatalIncidence><baselineFatalIncidence><age>13</age><sex>1</sex><value>0.0</value></baselineFatalIncidence><baselineFatalIncidence><age>14</age><sex>0</sex><value>0.0</value></baselineFatalIncidence><baselineFatalIncidence><age>14</age><sex>1</sex><value>0.0</value></baselineFatalIncidence><baselineFatalIncidence><age>15</age><sex>0</sex><value>0.0</value></baselineFatalIncidence><baselineFatalIncidence><age>15</age><sex>1</sex><value>0.0</value></baselineFatalIncidence><baselineFatalIncidence><age>16</age><sex>0</sex><value>0.0</value></baselineFatalIncidence><baselineFatalIncidence><age>16</age><sex>1</sex><value>0.0</value></baselineFatalIncidence><baselineFatalIncidence><age>17</age><sex>0</sex><value>0.0</value></baselineFatalIncidence><baselineFatalIncidence><age>17</age><sex>1</sex><value>0.0</value></baselineFatalIncidence><baselineFatalIncidence><age>18</age><sex>0</sex><value>0.0</value></baselineFatalIncidence><baselineFatalIncidence><age>18</age><sex>1</sex><value>0.0</value></baselineFatalIncidence><baselineFatalIncidence><age>19</age><sex>0</sex><value>0.0</value></baselineFatalIncidence><baselineFatalIncidence><age>19</age><sex>1</sex><value>0.0</value></baselineFatalIncidence><baselineFatalIncidence><age>20</age><sex>0</sex><value>0.0</value></baselineFatalIncidence><baselineFatalIncidence><age>20</age><sex>1</sex><value>0.0</value></baselineFatalIncidence><baselineFatalIncidence><age>21</age><sex>0</sex><value>0.0</value></baselineFatalIncidence><baselineFatalIncidence><age>21</age><sex>1</sex><value>0.0</value></baselineFatalIncidence><baselineFatalIncidence><age>22</age><sex>0</sex><value>0.0</value></baselineFatalIncidence><baselineFatalIncidence><age>22</age><sex>1</sex><value>0.0</value></baselineFatalIncidence><baselineFatalIncidence><age>23</age><sex>0</sex><value>0.0</value></baselineFatalIncidence><baselineFatalIncidence><age>23</age><sex>1</sex><value>0.0</value></baselineFatalIncidence><baselineFatalIncidence><age>24</age><sex>0</sex><value>0.0</value></baselineFatalIncidence><baselineFatalIncidence><age>24</age><sex>1</sex><value>0.0</value></baselineFatalIncidence><baselineFatalIncidence><age>25</age><sex>0</sex><value>0.0</value></baselineFatalIncidence><baselineFatalIncidence><age>25</age><sex>1</sex><value>0.0</value></baselineFatalIncidence><baselineFatalIncidence><age>26</age><sex>0</sex><value>0.0</value></baselineFatalIncidence><baselineFatalIncidence><age>26</age><sex>1</sex><value>0.0</value></baselineFatalIncidence><baselineFatalIncidence><age>27</age><sex>0</sex><value>0.0</value></baselineFatalIncidence><baselineFatalIncidence><age>27</age><sex>1</sex><value>0.0</value></baselineFatalIncidence><baselineFatalIncidence><age>28</age><sex>0</sex><value>0.0</value></baselineFatalIncidence><baselineFatalIncidence><age>28</age><sex>1</sex><value>0.0</value></baselineFatalIncidence><baselineFatalIncidence><age>29</age><sex>0</sex><value>0.0</value></baselineFatalIncidence><baselineFatalIncidence><age>29</age><sex>1</sex><value>0.0</value></baselineFatalIncidence><baselineFatalIncidence><age>30</age><sex>0</sex><value>0.0</value></baselineFatalIncidence><baselineFatalIncidence><age>30</age><sex>1</sex><value>0.0</value></baselineFatalIncidence><baselineFatalIncidence><age>31</age><sex>0</sex><value>0.0</value></baselineFatalIncidence><baselineFatalIncidence><age>31</age><sex>1</sex><value>0.0</value></baselineFatalIncidence><baselineFatalIncidence><age>32</age><sex>0</sex><value>0.0</value></baselineFatalIncidence><baselineFatalIncidence><age>32</age><sex>1</sex><value>0.0</value></baselineFatalIncidence><baselineFatalIncidence><age>33</age><sex>0</sex><value>0.0</value></baselineFatalIncidence><baselineFatalIncidence><age>33</age><sex>1</sex><value>0.0</value></baselineFatalIncidence><baselineFatalIncidence><age>34</age><sex>0</sex><value>0.0</value></baselineFatalIncidence><baselineFatalIncidence><age>34</age><sex>1</sex><value>0.0</value></baselineFatalIncidence><baselineFatalIncidence><age>35</age><sex>0</sex><value>1.0260739E-5</value></baselineFatalIncidence><baselineFatalIncidence><age>35</age><sex>1</sex><value>6.93786E-6</value></baselineFatalIncidence><baselineFatalIncidence><age>36</age><sex>0</sex><value>1.0734292E-5</value></baselineFatalIncidence><baselineFatalIncidence><age>36</age><sex>1</sex><value>6.9816488E-6</value></baselineFatalIncidence><baselineFatalIncidence><age>37</age><sex>0</sex><value>1.1295481E-5</value></baselineFatalIncidence><baselineFatalIncidence><age>37</age><sex>1</sex><value>7.0886085E-6</value></baselineFatalIncidence><baselineFatalIncidence><age>38</age><sex>0</sex><value>1.19493E-5</value></baselineFatalIncidence><baselineFatalIncidence><age>38</age><sex>1</sex><value>7.256009E-6</value></baselineFatalIncidence><baselineFatalIncidence><age>39</age><sex>0</sex><value>1.2710674E-5</value></baselineFatalIncidence><baselineFatalIncidence><age>39</age><sex>1</sex><value>7.482225E-6</value></baselineFatalIncidence><baselineFatalIncidence><age>40</age><sex>0</sex><value>1.3310248E-5</value></baselineFatalIncidence><baselineFatalIncidence><age>40</age><sex>1</sex><value>3.4486966E-6</value></baselineFatalIncidence><baselineFatalIncidence><age>41</age><sex>0</sex><value>1.4297622E-5</value></baselineFatalIncidence><baselineFatalIncidence><age>41</age><sex>1</sex><value>3.6399972E-6</value></baselineFatalIncidence><baselineFatalIncidence><age>42</age><sex>0</sex><value>1.5426378E-5</value></baselineFatalIncidence><baselineFatalIncidence><age>42</age><sex>1</sex><value>3.869478E-6</value></baselineFatalIncidence><baselineFatalIncidence><age>43</age><sex>0</sex><value>1.6722115E-5</value></baselineFatalIncidence><baselineFatalIncidence><age>43</age><sex>1</sex><value>4.142052E-6</value></baselineFatalIncidence><baselineFatalIncidence><age>44</age><sex>0</sex><value>1.8198183E-5</value></baselineFatalIncidence><baselineFatalIncidence><age>44</age><sex>1</sex><value>4.46183E-6</value></baselineFatalIncidence><baselineFatalIncidence><age>45</age><sex>0</sex><value>9.89035E-6</value></baselineFatalIncidence><baselineFatalIncidence><age>45</age><sex>1</sex><value>4.2782185E-6</value></baselineFatalIncidence><baselineFatalIncidence><age>46</age><sex>0</sex><value>1.09320235E-5</value></baselineFatalIncidence><baselineFatalIncidence><age>46</age><sex>1</sex><value>4.689113E-6</value></baselineFatalIncidence><baselineFatalIncidence><age>47</age><sex>0</sex><value>1.2129217E-5</value></baselineFatalIncidence><baselineFatalIncidence><age>47</age><sex>1</sex><value>5.1695324E-6</value></baselineFatalIncidence><baselineFatalIncidence><age>48</age><sex>0</sex><value>1.3504496E-5</value></baselineFatalIncidence><baselineFatalIncidence><age>48</age><sex>1</sex><value>5.731153E-6</value></baselineFatalIncidence><baselineFatalIncidence><age>49</age><sex>0</sex><value>1.5084372E-5</value></baselineFatalIncidence><baselineFatalIncidence><age>49</age><sex>1</sex><value>6.387023E-6</value></baselineFatalIncidence><baselineFatalIncidence><age>50</age><sex>0</sex><value>9.978728E-6</value></baselineFatalIncidence><baselineFatalIncidence><age>50</age><sex>1</sex><value>1.0287312E-5</value></baselineFatalIncidence><baselineFatalIncidence><age>51</age><sex>0</sex><value>1.1177893E-5</value></baselineFatalIncidence><baselineFatalIncidence><age>51</age><sex>1</sex><value>1.1600852E-5</value></baselineFatalIncidence><baselineFatalIncidence><age>52</age><sex>0</sex><value>1.255539E-5</value></baselineFatalIncidence><baselineFatalIncidence><age>52</age><sex>1</sex><value>1.3139115E-5</value></baselineFatalIncidence><baselineFatalIncidence><age>53</age><sex>0</sex><value>1.4136701E-5</value></baselineFatalIncidence><baselineFatalIncidence><age>53</age><sex>1</sex><value>1.4945614E-5</value></baselineFatalIncidence><baselineFatalIncidence><age>54</age><sex>0</sex><value>1.5955551E-5</value></baselineFatalIncidence><baselineFatalIncidence><age>54</age><sex>1</sex><value>1.7066839E-5</value></baselineFatalIncidence><baselineFatalIncidence><age>55</age><sex>0</sex><value>2.8878268E-5</value></baselineFatalIncidence><baselineFatalIncidence><age>55</age><sex>1</sex><value>1.76162E-5</value></baselineFatalIncidence><baselineFatalIncidence><age>56</age><sex>0</sex><value>3.279192E-5</value></baselineFatalIncidence><baselineFatalIncidence><age>56</age><sex>1</sex><value>2.0319687E-5</value></baselineFatalIncidence><baselineFatalIncidence><age>57</age><sex>0</sex><value>3.730068E-5</value></baselineFatalIncidence><baselineFatalIncidence><age>57</age><sex>1</sex><value>2.351446E-5</value></baselineFatalIncidence><baselineFatalIncidence><age>58</age><sex>0</sex><value>4.2497573E-5</value></baselineFatalIncidence><baselineFatalIncidence><age>58</age><sex>1</sex><value>2.7294154E-5</value></baselineFatalIncidence><baselineFatalIncidence><age>59</age><sex>0</sex><value>4.8485465E-5</value></baselineFatalIncidence><baselineFatalIncidence><age>59</age><sex>1</sex><value>3.1770353E-5</value></baselineFatalIncidence><baselineFatalIncidence><age>60</age><sex>0</sex><value>7.385326E-5</value></baselineFatalIncidence><baselineFatalIncidence><age>60</age><sex>1</sex><value>5.1719842E-5</value></baselineFatalIncidence><baselineFatalIncidence><age>61</age><sex>0</sex><value>8.446675E-5</value></baselineFatalIncidence><baselineFatalIncidence><age>61</age><sex>1</sex><value>5.960691E-5</value></baselineFatalIncidence><baselineFatalIncidence><age>62</age><sex>0</sex><value>9.6684984E-5</value></baselineFatalIncidence><baselineFatalIncidence><age>62</age><sex>1</sex><value>6.881041E-5</value></baselineFatalIncidence><baselineFatalIncidence><age>63</age><sex>0</sex><value>1.10740024E-4</value></baselineFatalIncidence><baselineFatalIncidence><age>63</age><sex>1</sex><value>7.9544734E-5</value></baselineFatalIncidence><baselineFatalIncidence><age>64</age><sex>0</sex><value>1.2689465E-4</value></baselineFatalIncidence><baselineFatalIncidence><age>64</age><sex>1</sex><value>9.2054164E-5</value></baselineFatalIncidence><baselineFatalIncidence><age>65</age><sex>0</sex><value>1.2693947E-4</value></baselineFatalIncidence><baselineFatalIncidence><age>65</age><sex>1</sex><value>1.13237475E-4</value></baselineFatalIncidence><baselineFatalIncidence><age>66</age><sex>0</sex><value>1.4503078E-4</value></baselineFatalIncidence><baselineFatalIncidence><age>66</age><sex>1</sex><value>1.3113572E-4</value></baselineFatalIncidence><baselineFatalIncidence><age>67</age><sex>0</sex><value>1.6567344E-4</value></baselineFatalIncidence><baselineFatalIncidence><age>67</age><sex>1</sex><value>1.5190178E-4</value></baselineFatalIncidence><baselineFatalIncidence><age>68</age><sex>0</sex><value>1.891864E-4</value></baselineFatalIncidence><baselineFatalIncidence><age>68</age><sex>1</sex><value>1.7596527E-4</value></baselineFatalIncidence><baselineFatalIncidence><age>69</age><sex>0</sex><value>2.1591519E-4</value></baselineFatalIncidence><baselineFatalIncidence><age>69</age><sex>1</sex><value>2.037891E-4</value></baselineFatalIncidence><baselineFatalIncidence><age>70</age><sex>0</sex><value>2.4623625E-4</value></baselineFatalIncidence><baselineFatalIncidence><age>70</age><sex>1</sex><value>2.3589174E-4</value></baselineFatalIncidence><baselineFatalIncidence><age>71</age><sex>0</sex><value>2.7999096E-4</value></baselineFatalIncidence><baselineFatalIncidence><age>71</age><sex>1</sex><value>2.7446199E-4</value></baselineFatalIncidence><baselineFatalIncidence><age>72</age><sex>0</sex><value>3.1800714E-4</value></baselineFatalIncidence><baselineFatalIncidence><age>72</age><sex>1</sex><value>3.190356E-4</value></baselineFatalIncidence><baselineFatalIncidence><age>73</age><sex>0</sex><value>3.6070656E-4</value></baselineFatalIncidence><baselineFatalIncidence><age>73</age><sex>1</sex><value>3.7039275E-4</value></baselineFatalIncidence><baselineFatalIncidence><age>74</age><sex>0</sex><value>4.0851693E-4</value></baselineFatalIncidence><baselineFatalIncidence><age>74</age><sex>1</sex><value>4.293806E-4</value></baselineFatalIncidence><baselineFatalIncidence><age>75</age><sex>0</sex><value>4.6187153E-4</value></baselineFatalIncidence><baselineFatalIncidence><age>75</age><sex>1</sex><value>4.9688545E-4</value></baselineFatalIncidence><baselineFatalIncidence><age>76</age><sex>0</sex><value>5.212034E-4</value></baselineFatalIncidence><baselineFatalIncidence><age>76</age><sex>1</sex><value>5.738502E-4</value></baselineFatalIncidence><baselineFatalIncidence><age>77</age><sex>0</sex><value>5.869214E-4</value></baselineFatalIncidence><baselineFatalIncidence><age>77</age><sex>1</sex><value>6.6122244E-4</value></baselineFatalIncidence><baselineFatalIncidence><age>78</age><sex>0</sex><value>6.5941794E-4</value></baselineFatalIncidence><baselineFatalIncidence><age>78</age><sex>1</sex><value>7.5996027E-4</value></baselineFatalIncidence><baselineFatalIncidence><age>79</age><sex>0</sex><value>7.390374E-4</value></baselineFatalIncidence><baselineFatalIncidence><age>79</age><sex>1</sex><value>8.7098504E-4</value></baselineFatalIncidence><baselineFatalIncidence><age>80</age><sex>0</sex><value>8.2606525E-4</value></baselineFatalIncidence><baselineFatalIncidence><age>80</age><sex>1</sex><value>9.951621E-4</value></baselineFatalIncidence><baselineFatalIncidence><age>81</age><sex>0</sex><value>9.225609E-4</value></baselineFatalIncidence><baselineFatalIncidence><age>81</age><sex>1</sex><value>0.0011240671</value></baselineFatalIncidence><baselineFatalIncidence><age>82</age><sex>0</sex><value>0.001027208</value></baselineFatalIncidence><baselineFatalIncidence><age>82</age><sex>1</sex><value>0.0012649327</value></baselineFatalIncidence><baselineFatalIncidence><age>83</age><sex>0</sex><value>0.0011400374</value></baselineFatalIncidence><baselineFatalIncidence><age>83</age><sex>1</sex><value>0.0014177673</value></baselineFatalIncidence><baselineFatalIncidence><age>84</age><sex>0</sex><value>0.0012609506</value></baselineFatalIncidence><baselineFatalIncidence><age>84</age><sex>1</sex><value>0.0015822835</value></baselineFatalIncidence><baselineFatalIncidence><age>85</age><sex>0</sex><value>0.0013896645</value></baselineFatalIncidence><baselineFatalIncidence><age>85</age><sex>1</sex><value>0.0017578889</value></baselineFatalIncidence><baselineFatalIncidence><age>86</age><sex>0</sex><value>0.0015257105</value></baselineFatalIncidence><baselineFatalIncidence><age>86</age><sex>1</sex><value>0.0019436063</value></baselineFatalIncidence><baselineFatalIncidence><age>87</age><sex>0</sex><value>0.0016683973</value></baselineFatalIncidence><baselineFatalIncidence><age>87</age><sex>1</sex><value>0.0021380617</value></baselineFatalIncidence><baselineFatalIncidence><age>88</age><sex>0</sex><value>0.0018168343</value></baselineFatalIncidence><baselineFatalIncidence><age>88</age><sex>1</sex><value>0.002339434</value></baselineFatalIncidence><baselineFatalIncidence><age>89</age><sex>0</sex><value>0.0019698346</value></baselineFatalIncidence><baselineFatalIncidence><age>89</age><sex>1</sex><value>0.00254544</value></baselineFatalIncidence><baselineFatalIncidence><age>90</age><sex>0</sex><value>0.002126008</value></baselineFatalIncidence><baselineFatalIncidence><age>90</age><sex>1</sex><value>0.002753324</value></baselineFatalIncidence><baselineFatalIncidence><age>91</age><sex>0</sex><value>0.0022836823</value></baselineFatalIncidence><baselineFatalIncidence><age>91</age><sex>1</sex><value>0.0029599383</value></baselineFatalIncidence><baselineFatalIncidence><age>92</age><sex>0</sex><value>0.0024409539</value></baselineFatalIncidence><baselineFatalIncidence><age>92</age><sex>1</sex><value>0.003161684</value></baselineFatalIncidence><baselineFatalIncidence><age>93</age><sex>0</sex><value>0.002595693</value></baselineFatalIncidence><baselineFatalIncidence><age>93</age><sex>1</sex><value>0.0033546814</value></baselineFatalIncidence><baselineFatalIncidence><age>94</age><sex>0</sex><value>0.0027455818</value></baselineFatalIncidence><baselineFatalIncidence><age>94</age><sex>1</sex><value>0.0035347717</value></baselineFatalIncidence><baselineFatalIncidence><age>95</age><sex>0</sex><value>0.002888145</value></baselineFatalIncidence><baselineFatalIncidence><age>95</age><sex>1</sex><value>0.0036977192</value></baselineFatalIncidence></baselineFatalIncidences>