<?xml version="1.0" encoding="UTF-8" standalone="no"?><relrisksfromriskfactor_categorical4p><relativerisk><age>0</age><sex>0</sex><cat>0</cat><value>1.0</value></relativerisk><relativerisk><age>0</age><sex>0</sex><cat>1</cat><value>1.0</value></relativerisk><relativerisk><age>0</age><sex>0</sex><cat>2</cat><value>1.0</value></relativerisk><relativerisk><age>0</age><sex>1</sex><cat>0</cat><value>1.0</value></relativerisk><relativerisk><age>0</age><sex>1</sex><cat>1</cat><value>1.0</value></relativerisk><relativerisk><age>0</age><sex>1</sex><cat>2</cat><value>1.0</value></relativerisk><relativerisk><age>1</age><sex>0</sex><cat>0</cat><value>1.0</value></relativerisk><relativerisk><age>1</age><sex>0</sex><cat>1</cat><value>1.0</value></relativerisk><relativerisk><age>1</age><sex>0</sex><cat>2</cat><value>1.0</value></relativerisk><relativerisk><age>1</age><sex>1</sex><cat>0</cat><value>1.0</value></relativerisk><relativerisk><age>1</age><sex>1</sex><cat>1</cat><value>1.0</value></relativerisk><relativerisk><age>1</age><sex>1</sex><cat>2</cat><value>1.0</value></relativerisk><relativerisk><age>2</age><sex>0</sex><cat>0</cat><value>1.0</value></relativerisk><relativerisk><age>2</age><sex>0</sex><cat>1</cat><value>1.0</value></relativerisk><relativerisk><age>2</age><sex>0</sex><cat>2</cat><value>1.0</value></relativerisk><relativerisk><age>2</age><sex>1</sex><cat>0</cat><value>1.0</value></relativerisk><relativerisk><age>2</age><sex>1</sex><cat>1</cat><value>1.0</value></relativerisk><relativerisk><age>2</age><sex>1</sex><cat>2</cat><value>1.0</value></relativerisk><relativerisk><age>3</age><sex>0</sex><cat>0</cat><value>1.0</value></relativerisk><relativerisk><age>3</age><sex>0</sex><cat>1</cat><value>1.0</value></relativerisk><relativerisk><age>3</age><sex>0</sex><cat>2</cat><value>1.0</value></relativerisk><relativerisk><age>3</age><sex>1</sex><cat>0</cat><value>1.0</value></relativerisk><relativerisk><age>3</age><sex>1</sex><cat>1</cat><value>1.0</value></relativerisk><relativerisk><age>3</age><sex>1</sex><cat>2</cat><value>1.0</value></relativerisk><relativerisk><age>4</age><sex>0</sex><cat>0</cat><value>1.0</value></relativerisk><relativerisk><age>4</age><sex>0</sex><cat>1</cat><value>1.0</value></relativerisk><relativerisk><age>4</age><sex>0</sex><cat>2</cat><value>1.0</value></relativerisk><relativerisk><age>4</age><sex>1</sex><cat>0</cat><value>1.0</value></relativerisk><relativerisk><age>4</age><sex>1</sex><cat>1</cat><value>1.0</value></relativerisk><relativerisk><age>4</age><sex>1</sex><cat>2</cat><value>1.0</value></relativerisk><relativerisk><age>5</age><sex>0</sex><cat>0</cat><value>1.0</value></relativerisk><relativerisk><age>5</age><sex>0</sex><cat>1</cat><value>1.0</value></relativerisk><relativerisk><age>5</age><sex>0</sex><cat>2</cat><value>1.0</value></relativerisk><relativerisk><age>5</age><sex>1</sex><cat>0</cat><value>1.0</value></relativerisk><relativerisk><age>5</age><sex>1</sex><cat>1</cat><value>1.0</value></relativerisk><relativerisk><age>5</age><sex>1</sex><cat>2</cat><value>1.0</value></relativerisk><relativerisk><age>6</age><sex>0</sex><cat>0</cat><value>1.0</value></relativerisk><relativerisk><age>6</age><sex>0</sex><cat>1</cat><value>1.0</value></relativerisk><relativerisk><age>6</age><sex>0</sex><cat>2</cat><value>1.0</value></relativerisk><relativerisk><age>6</age><sex>1</sex><cat>0</cat><value>1.0</value></relativerisk><relativerisk><age>6</age><sex>1</sex><cat>1</cat><value>1.0</value></relativerisk><relativerisk><age>6</age><sex>1</sex><cat>2</cat><value>1.0</value></relativerisk><relativerisk><age>7</age><sex>0</sex><cat>0</cat><value>1.0</value></relativerisk><relativerisk><age>7</age><sex>0</sex><cat>1</cat><value>1.0</value></relativerisk><relativerisk><age>7</age><sex>0</sex><cat>2</cat><value>1.0</value></relativerisk><relativerisk><age>7</age><sex>1</sex><cat>0</cat><value>1.0</value></relativerisk><relativerisk><age>7</age><sex>1</sex><cat>1</cat><value>1.0</value></relativerisk><relativerisk><age>7</age><sex>1</sex><cat>2</cat><value>1.0</value></relativerisk><relativerisk><age>8</age><sex>0</sex><cat>0</cat><value>1.0</value></relativerisk><relativerisk><age>8</age><sex>0</sex><cat>1</cat><value>1.0</value></relativerisk><relativerisk><age>8</age><sex>0</sex><cat>2</cat><value>1.0</value></relativerisk><relativerisk><age>8</age><sex>1</sex><cat>0</cat><value>1.0</value></relativerisk><relativerisk><age>8</age><sex>1</sex><cat>1</cat><value>1.0</value></relativerisk><relativerisk><age>8</age><sex>1</sex><cat>2</cat><value>1.0</value></relativerisk><relativerisk><age>9</age><sex>0</sex><cat>0</cat><value>1.0</value></relativerisk><relativerisk><age>9</age><sex>0</sex><cat>1</cat><value>1.0</value></relativerisk><relativerisk><age>9</age><sex>0</sex><cat>2</cat><value>1.0</value></relativerisk><relativerisk><age>9</age><sex>1</sex><cat>0</cat><value>1.0</value></relativerisk><relativerisk><age>9</age><sex>1</sex><cat>1</cat><value>1.0</value></relativerisk><relativerisk><age>9</age><sex>1</sex><cat>2</cat><value>1.0</value></relativerisk><relativerisk><age>10</age><sex>0</sex><cat>0</cat><value>1.0</value></relativerisk><relativerisk><age>10</age><sex>0</sex><cat>1</cat><value>1.0</value></relativerisk><relativerisk><age>10</age><sex>0</sex><cat>2</cat><value>1.0</value></relativerisk><relativerisk><age>10</age><sex>1</sex><cat>0</cat><value>1.0</value></relativerisk><relativerisk><age>10</age><sex>1</sex><cat>1</cat><value>1.0</value></relativerisk><relativerisk><age>10</age><sex>1</sex><cat>2</cat><value>1.0</value></relativerisk><relativerisk><age>11</age><sex>0</sex><cat>0</cat><value>1.0</value></relativerisk><relativerisk><age>11</age><sex>0</sex><cat>1</cat><value>1.0</value></relativerisk><relativerisk><age>11</age><sex>0</sex><cat>2</cat><value>1.0</value></relativerisk><relativerisk><age>11</age><sex>1</sex><cat>0</cat><value>1.0</value></relativerisk><relativerisk><age>11</age><sex>1</sex><cat>1</cat><value>1.0</value></relativerisk><relativerisk><age>11</age><sex>1</sex><cat>2</cat><value>1.0</value></relativerisk><relativerisk><age>12</age><sex>0</sex><cat>0</cat><value>1.0</value></relativerisk><relativerisk><age>12</age><sex>0</sex><cat>1</cat><value>1.0</value></relativerisk><relativerisk><age>12</age><sex>0</sex><cat>2</cat><value>1.0</value></relativerisk><relativerisk><age>12</age><sex>1</sex><cat>0</cat><value>1.0</value></relativerisk><relativerisk><age>12</age><sex>1</sex><cat>1</cat><value>1.0</value></relativerisk><relativerisk><age>12</age><sex>1</sex><cat>2</cat><value>1.0</value></relativerisk><relativerisk><age>13</age><sex>0</sex><cat>0</cat><value>1.0</value></relativerisk><relativerisk><age>13</age><sex>0</sex><cat>1</cat><value>1.0</value></relativerisk><relativerisk><age>13</age><sex>0</sex><cat>2</cat><value>1.0</value></relativerisk><relativerisk><age>13</age><sex>1</sex><cat>0</cat><value>1.0</value></relativerisk><relativerisk><age>13</age><sex>1</sex><cat>1</cat><value>1.0</value></relativerisk><relativerisk><age>13</age><sex>1</sex><cat>2</cat><value>1.0</value></relativerisk><relativerisk><age>14</age><sex>0</sex><cat>0</cat><value>1.0</value></relativerisk><relativerisk><age>14</age><sex>0</sex><cat>1</cat><value>1.0</value></relativerisk><relativerisk><age>14</age><sex>0</sex><cat>2</cat><value>1.0</value></relativerisk><relativerisk><age>14</age><sex>1</sex><cat>0</cat><value>1.0</value></relativerisk><relativerisk><age>14</age><sex>1</sex><cat>1</cat><value>1.0</value></relativerisk><relativerisk><age>14</age><sex>1</sex><cat>2</cat><value>1.0</value></relativerisk><relativerisk><age>15</age><sex>0</sex><cat>0</cat><value>1.0</value></relativerisk><relativerisk><age>15</age><sex>0</sex><cat>1</cat><value>1.0</value></relativerisk><relativerisk><age>15</age><sex>0</sex><cat>2</cat><value>1.0</value></relativerisk><relativerisk><age>15</age><sex>1</sex><cat>0</cat><value>1.0</value></relativerisk><relativerisk><age>15</age><sex>1</sex><cat>1</cat><value>1.0</value></relativerisk><relativerisk><age>15</age><sex>1</sex><cat>2</cat><value>1.0</value></relativerisk><relativerisk><age>16</age><sex>0</sex><cat>0</cat><value>1.0</value></relativerisk><relativerisk><age>16</age><sex>0</sex><cat>1</cat><value>1.0</value></relativerisk><relativerisk><age>16</age><sex>0</sex><cat>2</cat><value>1.0</value></relativerisk><relativerisk><age>16</age><sex>1</sex><cat>0</cat><value>1.0</value></relativerisk><relativerisk><age>16</age><sex>1</sex><cat>1</cat><value>1.0</value></relativerisk><relativerisk><age>16</age><sex>1</sex><cat>2</cat><value>1.0</value></relativerisk><relativerisk><age>17</age><sex>0</sex><cat>0</cat><value>1.0</value></relativerisk><relativerisk><age>17</age><sex>0</sex><cat>1</cat><value>1.0</value></relativerisk><relativerisk><age>17</age><sex>0</sex><cat>2</cat><value>1.0</value></relativerisk><relativerisk><age>17</age><sex>1</sex><cat>0</cat><value>1.0</value></relativerisk><relativerisk><age>17</age><sex>1</sex><cat>1</cat><value>1.0</value></relativerisk><relativerisk><age>17</age><sex>1</sex><cat>2</cat><value>1.0</value></relativerisk><relativerisk><age>18</age><sex>0</sex><cat>0</cat><value>1.0</value></relativerisk><relativerisk><age>18</age><sex>0</sex><cat>1</cat><value>1.0</value></relativerisk><relativerisk><age>18</age><sex>0</sex><cat>2</cat><value>1.0</value></relativerisk><relativerisk><age>18</age><sex>1</sex><cat>0</cat><value>1.0</value></relativerisk><relativerisk><age>18</age><sex>1</sex><cat>1</cat><value>1.0</value></relativerisk><relativerisk><age>18</age><sex>1</sex><cat>2</cat><value>1.0</value></relativerisk><relativerisk><age>19</age><sex>0</sex><cat>0</cat><value>1.0</value></relativerisk><relativerisk><age>19</age><sex>0</sex><cat>1</cat><value>1.0</value></relativerisk><relativerisk><age>19</age><sex>0</sex><cat>2</cat><value>1.0</value></relativerisk><relativerisk><age>19</age><sex>1</sex><cat>0</cat><value>1.0</value></relativerisk><relativerisk><age>19</age><sex>1</sex><cat>1</cat><value>1.0</value></relativerisk><relativerisk><age>19</age><sex>1</sex><cat>2</cat><value>1.0</value></relativerisk><relativerisk><age>20</age><sex>0</sex><cat>0</cat><value>1.0</value></relativerisk><relativerisk><age>20</age><sex>0</sex><cat>1</cat><value>1.0</value></relativerisk><relativerisk><age>20</age><sex>0</sex><cat>2</cat><value>1.0</value></relativerisk><relativerisk><age>20</age><sex>1</sex><cat>0</cat><value>1.0</value></relativerisk><relativerisk><age>20</age><sex>1</sex><cat>1</cat><value>1.0</value></relativerisk><relativerisk><age>20</age><sex>1</sex><cat>2</cat><value>1.0</value></relativerisk><relativerisk><age>21</age><sex>0</sex><cat>0</cat><value>1.0</value></relativerisk><relativerisk><age>21</age><sex>0</sex><cat>1</cat><value>1.0</value></relativerisk><relativerisk><age>21</age><sex>0</sex><cat>2</cat><value>1.0</value></relativerisk><relativerisk><age>21</age><sex>1</sex><cat>0</cat><value>1.0</value></relativerisk><relativerisk><age>21</age><sex>1</sex><cat>1</cat><value>1.0</value></relativerisk><relativerisk><age>21</age><sex>1</sex><cat>2</cat><value>1.0</value></relativerisk><relativerisk><age>22</age><sex>0</sex><cat>0</cat><value>1.0</value></relativerisk><relativerisk><age>22</age><sex>0</sex><cat>1</cat><value>1.0</value></relativerisk><relativerisk><age>22</age><sex>0</sex><cat>2</cat><value>1.0</value></relativerisk><relativerisk><age>22</age><sex>1</sex><cat>0</cat><value>1.0</value></relativerisk><relativerisk><age>22</age><sex>1</sex><cat>1</cat><value>1.0</value></relativerisk><relativerisk><age>22</age><sex>1</sex><cat>2</cat><value>1.0</value></relativerisk><relativerisk><age>23</age><sex>0</sex><cat>0</cat><value>1.0</value></relativerisk><relativerisk><age>23</age><sex>0</sex><cat>1</cat><value>1.0</value></relativerisk><relativerisk><age>23</age><sex>0</sex><cat>2</cat><value>1.0</value></relativerisk><relativerisk><age>23</age><sex>1</sex><cat>0</cat><value>1.0</value></relativerisk><relativerisk><age>23</age><sex>1</sex><cat>1</cat><value>1.0</value></relativerisk><relativerisk><age>23</age><sex>1</sex><cat>2</cat><value>1.0</value></relativerisk><relativerisk><age>24</age><sex>0</sex><cat>0</cat><value>1.0</value></relativerisk><relativerisk><age>24</age><sex>0</sex><cat>1</cat><value>1.0</value></relativerisk><relativerisk><age>24</age><sex>0</sex><cat>2</cat><value>1.0</value></relativerisk><relativerisk><age>24</age><sex>1</sex><cat>0</cat><value>1.0</value></relativerisk><relativerisk><age>24</age><sex>1</sex><cat>1</cat><value>1.0</value></relativerisk><relativerisk><age>24</age><sex>1</sex><cat>2</cat><value>1.0</value></relativerisk><relativerisk><age>25</age><sex>0</sex><cat>0</cat><value>1.0</value></relativerisk><relativerisk><age>25</age><sex>0</sex><cat>1</cat><value>1.0</value></relativerisk><relativerisk><age>25</age><sex>0</sex><cat>2</cat><value>1.0</value></relativerisk><relativerisk><age>25</age><sex>1</sex><cat>0</cat><value>1.0</value></relativerisk><relativerisk><age>25</age><sex>1</sex><cat>1</cat><value>1.0</value></relativerisk><relativerisk><age>25</age><sex>1</sex><cat>2</cat><value>1.0</value></relativerisk><relativerisk><age>26</age><sex>0</sex><cat>0</cat><value>1.0</value></relativerisk><relativerisk><age>26</age><sex>0</sex><cat>1</cat><value>1.0</value></relativerisk><relativerisk><age>26</age><sex>0</sex><cat>2</cat><value>1.0</value></relativerisk><relativerisk><age>26</age><sex>1</sex><cat>0</cat><value>1.0</value></relativerisk><relativerisk><age>26</age><sex>1</sex><cat>1</cat><value>1.0</value></relativerisk><relativerisk><age>26</age><sex>1</sex><cat>2</cat><value>1.0</value></relativerisk><relativerisk><age>27</age><sex>0</sex><cat>0</cat><value>1.0</value></relativerisk><relativerisk><age>27</age><sex>0</sex><cat>1</cat><value>1.0</value></relativerisk><relativerisk><age>27</age><sex>0</sex><cat>2</cat><value>1.0</value></relativerisk><relativerisk><age>27</age><sex>1</sex><cat>0</cat><value>1.0</value></relativerisk><relativerisk><age>27</age><sex>1</sex><cat>1</cat><value>1.0</value></relativerisk><relativerisk><age>27</age><sex>1</sex><cat>2</cat><value>1.0</value></relativerisk><relativerisk><age>28</age><sex>0</sex><cat>0</cat><value>1.0</value></relativerisk><relativerisk><age>28</age><sex>0</sex><cat>1</cat><value>1.0</value></relativerisk><relativerisk><age>28</age><sex>0</sex><cat>2</cat><value>1.0</value></relativerisk><relativerisk><age>28</age><sex>1</sex><cat>0</cat><value>1.0</value></relativerisk><relativerisk><age>28</age><sex>1</sex><cat>1</cat><value>1.0</value></relativerisk><relativerisk><age>28</age><sex>1</sex><cat>2</cat><value>1.0</value></relativerisk><relativerisk><age>29</age><sex>0</sex><cat>0</cat><value>1.0</value></relativerisk><relativerisk><age>29</age><sex>0</sex><cat>1</cat><value>1.0</value></relativerisk><relativerisk><age>29</age><sex>0</sex><cat>2</cat><value>1.0</value></relativerisk><relativerisk><age>29</age><sex>1</sex><cat>0</cat><value>1.0</value></relativerisk><relativerisk><age>29</age><sex>1</sex><cat>1</cat><value>1.0</value></relativerisk><relativerisk><age>29</age><sex>1</sex><cat>2</cat><value>1.0</value></relativerisk><relativerisk><age>30</age><sex>0</sex><cat>0</cat><value>1.0</value></relativerisk><relativerisk><age>30</age><sex>0</sex><cat>1</cat><value>1.0</value></relativerisk><relativerisk><age>30</age><sex>0</sex><cat>2</cat><value>1.0</value></relativerisk><relativerisk><age>30</age><sex>1</sex><cat>0</cat><value>1.0</value></relativerisk><relativerisk><age>30</age><sex>1</sex><cat>1</cat><value>1.0</value></relativerisk><relativerisk><age>30</age><sex>1</sex><cat>2</cat><value>1.0</value></relativerisk><relativerisk><age>31</age><sex>0</sex><cat>0</cat><value>1.0</value></relativerisk><relativerisk><age>31</age><sex>0</sex><cat>1</cat><value>1.0</value></relativerisk><relativerisk><age>31</age><sex>0</sex><cat>2</cat><value>1.0</value></relativerisk><relativerisk><age>31</age><sex>1</sex><cat>0</cat><value>1.0</value></relativerisk><relativerisk><age>31</age><sex>1</sex><cat>1</cat><value>1.0</value></relativerisk><relativerisk><age>31</age><sex>1</sex><cat>2</cat><value>1.0</value></relativerisk><relativerisk><age>32</age><sex>0</sex><cat>0</cat><value>1.0</value></relativerisk><relativerisk><age>32</age><sex>0</sex><cat>1</cat><value>1.0</value></relativerisk><relativerisk><age>32</age><sex>0</sex><cat>2</cat><value>1.0</value></relativerisk><relativerisk><age>32</age><sex>1</sex><cat>0</cat><value>1.0</value></relativerisk><relativerisk><age>32</age><sex>1</sex><cat>1</cat><value>1.0</value></relativerisk><relativerisk><age>32</age><sex>1</sex><cat>2</cat><value>1.0</value></relativerisk><relativerisk><age>33</age><sex>0</sex><cat>0</cat><value>1.0</value></relativerisk><relativerisk><age>33</age><sex>0</sex><cat>1</cat><value>1.0</value></relativerisk><relativerisk><age>33</age><sex>0</sex><cat>2</cat><value>1.0</value></relativerisk><relativerisk><age>33</age><sex>1</sex><cat>0</cat><value>1.0</value></relativerisk><relativerisk><age>33</age><sex>1</sex><cat>1</cat><value>1.0</value></relativerisk><relativerisk><age>33</age><sex>1</sex><cat>2</cat><value>1.0</value></relativerisk><relativerisk><age>34</age><sex>0</sex><cat>0</cat><value>1.0</value></relativerisk><relativerisk><age>34</age><sex>0</sex><cat>1</cat><value>1.0</value></relativerisk><relativerisk><age>34</age><sex>0</sex><cat>2</cat><value>1.0</value></relativerisk><relativerisk><age>34</age><sex>1</sex><cat>0</cat><value>1.0</value></relativerisk><relativerisk><age>34</age><sex>1</sex><cat>1</cat><value>1.0</value></relativerisk><relativerisk><age>34</age><sex>1</sex><cat>2</cat><value>1.0</value></relativerisk><relativerisk><age>35</age><sex>0</sex><cat>0</cat><value>1.0</value></relativerisk><relativerisk><age>35</age><sex>0</sex><cat>1</cat><value>1.21</value></relativerisk><relativerisk><age>35</age><sex>0</sex><cat>2</cat><value>3.25</value></relativerisk><relativerisk><age>35</age><sex>1</sex><cat>0</cat><value>1.0</value></relativerisk><relativerisk><age>35</age><sex>1</sex><cat>1</cat><value>1.44</value></relativerisk><relativerisk><age>35</age><sex>1</sex><cat>2</cat><value>1.0</value></relativerisk><relativerisk><age>36</age><sex>0</sex><cat>0</cat><value>1.0</value></relativerisk><relativerisk><age>36</age><sex>0</sex><cat>1</cat><value>1.21</value></relativerisk><relativerisk><age>36</age><sex>0</sex><cat>2</cat><value>3.25</value></relativerisk><relativerisk><age>36</age><sex>1</sex><cat>0</cat><value>1.0</value></relativerisk><relativerisk><age>36</age><sex>1</sex><cat>1</cat><value>1.44</value></relativerisk><relativerisk><age>36</age><sex>1</sex><cat>2</cat><value>1.0</value></relativerisk><relativerisk><age>37</age><sex>0</sex><cat>0</cat><value>1.0</value></relativerisk><relativerisk><age>37</age><sex>0</sex><cat>1</cat><value>1.21</value></relativerisk><relativerisk><age>37</age><sex>0</sex><cat>2</cat><value>3.25</value></relativerisk><relativerisk><age>37</age><sex>1</sex><cat>0</cat><value>1.0</value></relativerisk><relativerisk><age>37</age><sex>1</sex><cat>1</cat><value>1.44</value></relativerisk><relativerisk><age>37</age><sex>1</sex><cat>2</cat><value>1.0</value></relativerisk><relativerisk><age>38</age><sex>0</sex><cat>0</cat><value>1.0</value></relativerisk><relativerisk><age>38</age><sex>0</sex><cat>1</cat><value>1.21</value></relativerisk><relativerisk><age>38</age><sex>0</sex><cat>2</cat><value>3.25</value></relativerisk><relativerisk><age>38</age><sex>1</sex><cat>0</cat><value>1.0</value></relativerisk><relativerisk><age>38</age><sex>1</sex><cat>1</cat><value>1.44</value></relativerisk><relativerisk><age>38</age><sex>1</sex><cat>2</cat><value>1.0</value></relativerisk><relativerisk><age>39</age><sex>0</sex><cat>0</cat><value>1.0</value></relativerisk><relativerisk><age>39</age><sex>0</sex><cat>1</cat><value>1.21</value></relativerisk><relativerisk><age>39</age><sex>0</sex><cat>2</cat><value>3.25</value></relativerisk><relativerisk><age>39</age><sex>1</sex><cat>0</cat><value>1.0</value></relativerisk><relativerisk><age>39</age><sex>1</sex><cat>1</cat><value>1.44</value></relativerisk><relativerisk><age>39</age><sex>1</sex><cat>2</cat><value>1.0</value></relativerisk><relativerisk><age>40</age><sex>0</sex><cat>0</cat><value>1.0</value></relativerisk><relativerisk><age>40</age><sex>0</sex><cat>1</cat><value>1.15</value></relativerisk><relativerisk><age>40</age><sex>0</sex><cat>2</cat><value>4.71</value></relativerisk><relativerisk><age>40</age><sex>1</sex><cat>0</cat><value>1.0</value></relativerisk><relativerisk><age>40</age><sex>1</sex><cat>1</cat><value>2.25</value></relativerisk><relativerisk><age>40</age><sex>1</sex><cat>2</cat><value>1.89</value></relativerisk><relativerisk><age>41</age><sex>0</sex><cat>0</cat><value>1.0</value></relativerisk><relativerisk><age>41</age><sex>0</sex><cat>1</cat><value>1.15</value></relativerisk><relativerisk><age>41</age><sex>0</sex><cat>2</cat><value>4.71</value></relativerisk><relativerisk><age>41</age><sex>1</sex><cat>0</cat><value>1.0</value></relativerisk><relativerisk><age>41</age><sex>1</sex><cat>1</cat><value>2.25</value></relativerisk><relativerisk><age>41</age><sex>1</sex><cat>2</cat><value>1.89</value></relativerisk><relativerisk><age>42</age><sex>0</sex><cat>0</cat><value>1.0</value></relativerisk><relativerisk><age>42</age><sex>0</sex><cat>1</cat><value>1.15</value></relativerisk><relativerisk><age>42</age><sex>0</sex><cat>2</cat><value>4.71</value></relativerisk><relativerisk><age>42</age><sex>1</sex><cat>0</cat><value>1.0</value></relativerisk><relativerisk><age>42</age><sex>1</sex><cat>1</cat><value>2.25</value></relativerisk><relativerisk><age>42</age><sex>1</sex><cat>2</cat><value>1.89</value></relativerisk><relativerisk><age>43</age><sex>0</sex><cat>0</cat><value>1.0</value></relativerisk><relativerisk><age>43</age><sex>0</sex><cat>1</cat><value>1.15</value></relativerisk><relativerisk><age>43</age><sex>0</sex><cat>2</cat><value>4.71</value></relativerisk><relativerisk><age>43</age><sex>1</sex><cat>0</cat><value>1.0</value></relativerisk><relativerisk><age>43</age><sex>1</sex><cat>1</cat><value>2.25</value></relativerisk><relativerisk><age>43</age><sex>1</sex><cat>2</cat><value>1.89</value></relativerisk><relativerisk><age>44</age><sex>0</sex><cat>0</cat><value>1.0</value></relativerisk><relativerisk><age>44</age><sex>0</sex><cat>1</cat><value>1.15</value></relativerisk><relativerisk><age>44</age><sex>0</sex><cat>2</cat><value>4.71</value></relativerisk><relativerisk><age>44</age><sex>1</sex><cat>0</cat><value>1.0</value></relativerisk><relativerisk><age>44</age><sex>1</sex><cat>1</cat><value>2.25</value></relativerisk><relativerisk><age>44</age><sex>1</sex><cat>2</cat><value>1.89</value></relativerisk><relativerisk><age>45</age><sex>0</sex><cat>0</cat><value>1.0</value></relativerisk><relativerisk><age>45</age><sex>0</sex><cat>1</cat><value>2.03</value></relativerisk><relativerisk><age>45</age><sex>0</sex><cat>2</cat><value>5.85</value></relativerisk><relativerisk><age>45</age><sex>1</sex><cat>0</cat><value>1.0</value></relativerisk><relativerisk><age>45</age><sex>1</sex><cat>1</cat><value>2.08</value></relativerisk><relativerisk><age>45</age><sex>1</sex><cat>2</cat><value>7.71</value></relativerisk><relativerisk><age>46</age><sex>0</sex><cat>0</cat><value>1.0</value></relativerisk><relativerisk><age>46</age><sex>0</sex><cat>1</cat><value>2.03</value></relativerisk><relativerisk><age>46</age><sex>0</sex><cat>2</cat><value>5.85</value></relativerisk><relativerisk><age>46</age><sex>1</sex><cat>0</cat><value>1.0</value></relativerisk><relativerisk><age>46</age><sex>1</sex><cat>1</cat><value>2.08</value></relativerisk><relativerisk><age>46</age><sex>1</sex><cat>2</cat><value>7.71</value></relativerisk><relativerisk><age>47</age><sex>0</sex><cat>0</cat><value>1.0</value></relativerisk><relativerisk><age>47</age><sex>0</sex><cat>1</cat><value>2.03</value></relativerisk><relativerisk><age>47</age><sex>0</sex><cat>2</cat><value>5.85</value></relativerisk><relativerisk><age>47</age><sex>1</sex><cat>0</cat><value>1.0</value></relativerisk><relativerisk><age>47</age><sex>1</sex><cat>1</cat><value>2.08</value></relativerisk><relativerisk><age>47</age><sex>1</sex><cat>2</cat><value>7.71</value></relativerisk><relativerisk><age>48</age><sex>0</sex><cat>0</cat><value>1.0</value></relativerisk><relativerisk><age>48</age><sex>0</sex><cat>1</cat><value>2.03</value></relativerisk><relativerisk><age>48</age><sex>0</sex><cat>2</cat><value>5.85</value></relativerisk><relativerisk><age>48</age><sex>1</sex><cat>0</cat><value>1.0</value></relativerisk><relativerisk><age>48</age><sex>1</sex><cat>1</cat><value>2.08</value></relativerisk><relativerisk><age>48</age><sex>1</sex><cat>2</cat><value>7.71</value></relativerisk><relativerisk><age>49</age><sex>0</sex><cat>0</cat><value>1.0</value></relativerisk><relativerisk><age>49</age><sex>0</sex><cat>1</cat><value>2.03</value></relativerisk><relativerisk><age>49</age><sex>0</sex><cat>2</cat><value>5.85</value></relativerisk><relativerisk><age>49</age><sex>1</sex><cat>0</cat><value>1.0</value></relativerisk><relativerisk><age>49</age><sex>1</sex><cat>1</cat><value>2.08</value></relativerisk><relativerisk><age>49</age><sex>1</sex><cat>2</cat><value>7.71</value></relativerisk><relativerisk><age>50</age><sex>0</sex><cat>0</cat><value>1.0</value></relativerisk><relativerisk><age>50</age><sex>0</sex><cat>1</cat><value>1.93</value></relativerisk><relativerisk><age>50</age><sex>0</sex><cat>2</cat><value>3.69</value></relativerisk><relativerisk><age>50</age><sex>1</sex><cat>0</cat><value>1.0</value></relativerisk><relativerisk><age>50</age><sex>1</sex><cat>1</cat><value>2.95</value></relativerisk><relativerisk><age>50</age><sex>1</sex><cat>2</cat><value>5.69</value></relativerisk><relativerisk><age>51</age><sex>0</sex><cat>0</cat><value>1.0</value></relativerisk><relativerisk><age>51</age><sex>0</sex><cat>1</cat><value>1.93</value></relativerisk><relativerisk><age>51</age><sex>0</sex><cat>2</cat><value>3.69</value></relativerisk><relativerisk><age>51</age><sex>1</sex><cat>0</cat><value>1.0</value></relativerisk><relativerisk><age>51</age><sex>1</sex><cat>1</cat><value>2.95</value></relativerisk><relativerisk><age>51</age><sex>1</sex><cat>2</cat><value>5.69</value></relativerisk><relativerisk><age>52</age><sex>0</sex><cat>0</cat><value>1.0</value></relativerisk><relativerisk><age>52</age><sex>0</sex><cat>1</cat><value>1.93</value></relativerisk><relativerisk><age>52</age><sex>0</sex><cat>2</cat><value>3.69</value></relativerisk><relativerisk><age>52</age><sex>1</sex><cat>0</cat><value>1.0</value></relativerisk><relativerisk><age>52</age><sex>1</sex><cat>1</cat><value>2.95</value></relativerisk><relativerisk><age>52</age><sex>1</sex><cat>2</cat><value>5.69</value></relativerisk><relativerisk><age>53</age><sex>0</sex><cat>0</cat><value>1.0</value></relativerisk><relativerisk><age>53</age><sex>0</sex><cat>1</cat><value>1.93</value></relativerisk><relativerisk><age>53</age><sex>0</sex><cat>2</cat><value>3.69</value></relativerisk><relativerisk><age>53</age><sex>1</sex><cat>0</cat><value>1.0</value></relativerisk><relativerisk><age>53</age><sex>1</sex><cat>1</cat><value>2.95</value></relativerisk><relativerisk><age>53</age><sex>1</sex><cat>2</cat><value>5.69</value></relativerisk><relativerisk><age>54</age><sex>0</sex><cat>0</cat><value>1.0</value></relativerisk><relativerisk><age>54</age><sex>0</sex><cat>1</cat><value>1.93</value></relativerisk><relativerisk><age>54</age><sex>0</sex><cat>2</cat><value>3.69</value></relativerisk><relativerisk><age>54</age><sex>1</sex><cat>0</cat><value>1.0</value></relativerisk><relativerisk><age>54</age><sex>1</sex><cat>1</cat><value>2.95</value></relativerisk><relativerisk><age>54</age><sex>1</sex><cat>2</cat><value>5.69</value></relativerisk><relativerisk><age>55</age><sex>0</sex><cat>0</cat><value>1.0</value></relativerisk><relativerisk><age>55</age><sex>0</sex><cat>1</cat><value>1.64</value></relativerisk><relativerisk><age>55</age><sex>0</sex><cat>2</cat><value>2.71</value></relativerisk><relativerisk><age>55</age><sex>1</sex><cat>0</cat><value>1.0</value></relativerisk><relativerisk><age>55</age><sex>1</sex><cat>1</cat><value>1.19</value></relativerisk><relativerisk><age>55</age><sex>1</sex><cat>2</cat><value>3.06</value></relativerisk><relativerisk><age>56</age><sex>0</sex><cat>0</cat><value>1.0</value></relativerisk><relativerisk><age>56</age><sex>0</sex><cat>1</cat><value>1.64</value></relativerisk><relativerisk><age>56</age><sex>0</sex><cat>2</cat><value>2.71</value></relativerisk><relativerisk><age>56</age><sex>1</sex><cat>0</cat><value>1.0</value></relativerisk><relativerisk><age>56</age><sex>1</sex><cat>1</cat><value>1.19</value></relativerisk><relativerisk><age>56</age><sex>1</sex><cat>2</cat><value>3.06</value></relativerisk><relativerisk><age>57</age><sex>0</sex><cat>0</cat><value>1.0</value></relativerisk><relativerisk><age>57</age><sex>0</sex><cat>1</cat><value>1.64</value></relativerisk><relativerisk><age>57</age><sex>0</sex><cat>2</cat><value>2.71</value></relativerisk><relativerisk><age>57</age><sex>1</sex><cat>0</cat><value>1.0</value></relativerisk><relativerisk><age>57</age><sex>1</sex><cat>1</cat><value>1.19</value></relativerisk><relativerisk><age>57</age><sex>1</sex><cat>2</cat><value>3.06</value></relativerisk><relativerisk><age>58</age><sex>0</sex><cat>0</cat><value>1.0</value></relativerisk><relativerisk><age>58</age><sex>0</sex><cat>1</cat><value>1.64</value></relativerisk><relativerisk><age>58</age><sex>0</sex><cat>2</cat><value>2.71</value></relativerisk><relativerisk><age>58</age><sex>1</sex><cat>0</cat><value>1.0</value></relativerisk><relativerisk><age>58</age><sex>1</sex><cat>1</cat><value>1.19</value></relativerisk><relativerisk><age>58</age><sex>1</sex><cat>2</cat><value>3.06</value></relativerisk><relativerisk><age>59</age><sex>0</sex><cat>0</cat><value>1.0</value></relativerisk><relativerisk><age>59</age><sex>0</sex><cat>1</cat><value>1.64</value></relativerisk><relativerisk><age>59</age><sex>0</sex><cat>2</cat><value>2.71</value></relativerisk><relativerisk><age>59</age><sex>1</sex><cat>0</cat><value>1.0</value></relativerisk><relativerisk><age>59</age><sex>1</sex><cat>1</cat><value>1.19</value></relativerisk><relativerisk><age>59</age><sex>1</sex><cat>2</cat><value>3.06</value></relativerisk><relativerisk><age>60</age><sex>0</sex><cat>0</cat><value>1.0</value></relativerisk><relativerisk><age>60</age><sex>0</sex><cat>1</cat><value>1.58</value></relativerisk><relativerisk><age>60</age><sex>0</sex><cat>2</cat><value>2.39</value></relativerisk><relativerisk><age>60</age><sex>1</sex><cat>0</cat><value>1.0</value></relativerisk><relativerisk><age>60</age><sex>1</sex><cat>1</cat><value>1.08</value></relativerisk><relativerisk><age>60</age><sex>1</sex><cat>2</cat><value>2.56</value></relativerisk><relativerisk><age>61</age><sex>0</sex><cat>0</cat><value>1.0</value></relativerisk><relativerisk><age>61</age><sex>0</sex><cat>1</cat><value>1.58</value></relativerisk><relativerisk><age>61</age><sex>0</sex><cat>2</cat><value>2.39</value></relativerisk><relativerisk><age>61</age><sex>1</sex><cat>0</cat><value>1.0</value></relativerisk><relativerisk><age>61</age><sex>1</sex><cat>1</cat><value>1.08</value></relativerisk><relativerisk><age>61</age><sex>1</sex><cat>2</cat><value>2.56</value></relativerisk><relativerisk><age>62</age><sex>0</sex><cat>0</cat><value>1.0</value></relativerisk><relativerisk><age>62</age><sex>0</sex><cat>1</cat><value>1.58</value></relativerisk><relativerisk><age>62</age><sex>0</sex><cat>2</cat><value>2.39</value></relativerisk><relativerisk><age>62</age><sex>1</sex><cat>0</cat><value>1.0</value></relativerisk><relativerisk><age>62</age><sex>1</sex><cat>1</cat><value>1.08</value></relativerisk><relativerisk><age>62</age><sex>1</sex><cat>2</cat><value>2.56</value></relativerisk><relativerisk><age>63</age><sex>0</sex><cat>0</cat><value>1.0</value></relativerisk><relativerisk><age>63</age><sex>0</sex><cat>1</cat><value>1.58</value></relativerisk><relativerisk><age>63</age><sex>0</sex><cat>2</cat><value>2.39</value></relativerisk><relativerisk><age>63</age><sex>1</sex><cat>0</cat><value>1.0</value></relativerisk><relativerisk><age>63</age><sex>1</sex><cat>1</cat><value>1.08</value></relativerisk><relativerisk><age>63</age><sex>1</sex><cat>2</cat><value>2.56</value></relativerisk><relativerisk><age>64</age><sex>0</sex><cat>0</cat><value>1.0</value></relativerisk><relativerisk><age>64</age><sex>0</sex><cat>1</cat><value>1.58</value></relativerisk><relativerisk><age>64</age><sex>0</sex><cat>2</cat><value>2.39</value></relativerisk><relativerisk><age>64</age><sex>1</sex><cat>0</cat><value>1.0</value></relativerisk><relativerisk><age>64</age><sex>1</sex><cat>1</cat><value>1.08</value></relativerisk><relativerisk><age>64</age><sex>1</sex><cat>2</cat><value>2.56</value></relativerisk><relativerisk><age>65</age><sex>0</sex><cat>0</cat><value>1.0</value></relativerisk><relativerisk><age>65</age><sex>0</sex><cat>1</cat><value>1.4</value></relativerisk><relativerisk><age>65</age><sex>0</sex><cat>2</cat><value>1.91</value></relativerisk><relativerisk><age>65</age><sex>1</sex><cat>0</cat><value>1.0</value></relativerisk><relativerisk><age>65</age><sex>1</sex><cat>1</cat><value>1.22</value></relativerisk><relativerisk><age>65</age><sex>1</sex><cat>2</cat><value>2.48</value></relativerisk><relativerisk><age>66</age><sex>0</sex><cat>0</cat><value>1.0</value></relativerisk><relativerisk><age>66</age><sex>0</sex><cat>1</cat><value>1.4</value></relativerisk><relativerisk><age>66</age><sex>0</sex><cat>2</cat><value>1.91</value></relativerisk><relativerisk><age>66</age><sex>1</sex><cat>0</cat><value>1.0</value></relativerisk><relativerisk><age>66</age><sex>1</sex><cat>1</cat><value>1.22</value></relativerisk><relativerisk><age>66</age><sex>1</sex><cat>2</cat><value>2.48</value></relativerisk><relativerisk><age>67</age><sex>0</sex><cat>0</cat><value>1.0</value></relativerisk><relativerisk><age>67</age><sex>0</sex><cat>1</cat><value>1.4</value></relativerisk><relativerisk><age>67</age><sex>0</sex><cat>2</cat><value>1.91</value></relativerisk><relativerisk><age>67</age><sex>1</sex><cat>0</cat><value>1.0</value></relativerisk><relativerisk><age>67</age><sex>1</sex><cat>1</cat><value>1.22</value></relativerisk><relativerisk><age>67</age><sex>1</sex><cat>2</cat><value>2.48</value></relativerisk><relativerisk><age>68</age><sex>0</sex><cat>0</cat><value>1.0</value></relativerisk><relativerisk><age>68</age><sex>0</sex><cat>1</cat><value>1.4</value></relativerisk><relativerisk><age>68</age><sex>0</sex><cat>2</cat><value>1.91</value></relativerisk><relativerisk><age>68</age><sex>1</sex><cat>0</cat><value>1.0</value></relativerisk><relativerisk><age>68</age><sex>1</sex><cat>1</cat><value>1.22</value></relativerisk><relativerisk><age>68</age><sex>1</sex><cat>2</cat><value>2.48</value></relativerisk><relativerisk><age>69</age><sex>0</sex><cat>0</cat><value>1.0</value></relativerisk><relativerisk><age>69</age><sex>0</sex><cat>1</cat><value>1.4</value></relativerisk><relativerisk><age>69</age><sex>0</sex><cat>2</cat><value>1.91</value></relativerisk><relativerisk><age>69</age><sex>1</sex><cat>0</cat><value>1.0</value></relativerisk><relativerisk><age>69</age><sex>1</sex><cat>1</cat><value>1.22</value></relativerisk><relativerisk><age>69</age><sex>1</sex><cat>2</cat><value>2.48</value></relativerisk><relativerisk><age>70</age><sex>0</sex><cat>0</cat><value>1.0</value></relativerisk><relativerisk><age>70</age><sex>0</sex><cat>1</cat><value>1.4</value></relativerisk><relativerisk><age>70</age><sex>0</sex><cat>2</cat><value>1.91</value></relativerisk><relativerisk><age>70</age><sex>1</sex><cat>0</cat><value>1.0</value></relativerisk><relativerisk><age>70</age><sex>1</sex><cat>1</cat><value>1.22</value></relativerisk><relativerisk><age>70</age><sex>1</sex><cat>2</cat><value>2.48</value></relativerisk><relativerisk><age>71</age><sex>0</sex><cat>0</cat><value>1.0</value></relativerisk><relativerisk><age>71</age><sex>0</sex><cat>1</cat><value>1.4</value></relativerisk><relativerisk><age>71</age><sex>0</sex><cat>2</cat><value>1.91</value></relativerisk><relativerisk><age>71</age><sex>1</sex><cat>0</cat><value>1.0</value></relativerisk><relativerisk><age>71</age><sex>1</sex><cat>1</cat><value>1.22</value></relativerisk><relativerisk><age>71</age><sex>1</sex><cat>2</cat><value>2.48</value></relativerisk><relativerisk><age>72</age><sex>0</sex><cat>0</cat><value>1.0</value></relativerisk><relativerisk><age>72</age><sex>0</sex><cat>1</cat><value>1.4</value></relativerisk><relativerisk><age>72</age><sex>0</sex><cat>2</cat><value>1.91</value></relativerisk><relativerisk><age>72</age><sex>1</sex><cat>0</cat><value>1.0</value></relativerisk><relativerisk><age>72</age><sex>1</sex><cat>1</cat><value>1.22</value></relativerisk><relativerisk><age>72</age><sex>1</sex><cat>2</cat><value>2.48</value></relativerisk><relativerisk><age>73</age><sex>0</sex><cat>0</cat><value>1.0</value></relativerisk><relativerisk><age>73</age><sex>0</sex><cat>1</cat><value>1.4</value></relativerisk><relativerisk><age>73</age><sex>0</sex><cat>2</cat><value>1.91</value></relativerisk><relativerisk><age>73</age><sex>1</sex><cat>0</cat><value>1.0</value></relativerisk><relativerisk><age>73</age><sex>1</sex><cat>1</cat><value>1.22</value></relativerisk><relativerisk><age>73</age><sex>1</sex><cat>2</cat><value>2.48</value></relativerisk><relativerisk><age>74</age><sex>0</sex><cat>0</cat><value>1.0</value></relativerisk><relativerisk><age>74</age><sex>0</sex><cat>1</cat><value>1.4</value></relativerisk><relativerisk><age>74</age><sex>0</sex><cat>2</cat><value>1.91</value></relativerisk><relativerisk><age>74</age><sex>1</sex><cat>0</cat><value>1.0</value></relativerisk><relativerisk><age>74</age><sex>1</sex><cat>1</cat><value>1.22</value></relativerisk><relativerisk><age>74</age><sex>1</sex><cat>2</cat><value>2.48</value></relativerisk><relativerisk><age>75</age><sex>0</sex><cat>0</cat><value>1.0</value></relativerisk><relativerisk><age>75</age><sex>0</sex><cat>1</cat><value>1.4</value></relativerisk><relativerisk><age>75</age><sex>0</sex><cat>2</cat><value>1.91</value></relativerisk><relativerisk><age>75</age><sex>1</sex><cat>0</cat><value>1.0</value></relativerisk><relativerisk><age>75</age><sex>1</sex><cat>1</cat><value>1.22</value></relativerisk><relativerisk><age>75</age><sex>1</sex><cat>2</cat><value>2.48</value></relativerisk><relativerisk><age>76</age><sex>0</sex><cat>0</cat><value>1.0</value></relativerisk><relativerisk><age>76</age><sex>0</sex><cat>1</cat><value>1.4</value></relativerisk><relativerisk><age>76</age><sex>0</sex><cat>2</cat><value>1.91</value></relativerisk><relativerisk><age>76</age><sex>1</sex><cat>0</cat><value>1.0</value></relativerisk><relativerisk><age>76</age><sex>1</sex><cat>1</cat><value>1.22</value></relativerisk><relativerisk><age>76</age><sex>1</sex><cat>2</cat><value>2.48</value></relativerisk><relativerisk><age>77</age><sex>0</sex><cat>0</cat><value>1.0</value></relativerisk><relativerisk><age>77</age><sex>0</sex><cat>1</cat><value>1.4</value></relativerisk><relativerisk><age>77</age><sex>0</sex><cat>2</cat><value>1.91</value></relativerisk><relativerisk><age>77</age><sex>1</sex><cat>0</cat><value>1.0</value></relativerisk><relativerisk><age>77</age><sex>1</sex><cat>1</cat><value>1.22</value></relativerisk><relativerisk><age>77</age><sex>1</sex><cat>2</cat><value>2.48</value></relativerisk><relativerisk><age>78</age><sex>0</sex><cat>0</cat><value>1.0</value></relativerisk><relativerisk><age>78</age><sex>0</sex><cat>1</cat><value>1.4</value></relativerisk><relativerisk><age>78</age><sex>0</sex><cat>2</cat><value>1.91</value></relativerisk><relativerisk><age>78</age><sex>1</sex><cat>0</cat><value>1.0</value></relativerisk><relativerisk><age>78</age><sex>1</sex><cat>1</cat><value>1.22</value></relativerisk><relativerisk><age>78</age><sex>1</sex><cat>2</cat><value>2.48</value></relativerisk><relativerisk><age>79</age><sex>0</sex><cat>0</cat><value>1.0</value></relativerisk><relativerisk><age>79</age><sex>0</sex><cat>1</cat><value>1.4</value></relativerisk><relativerisk><age>79</age><sex>0</sex><cat>2</cat><value>1.91</value></relativerisk><relativerisk><age>79</age><sex>1</sex><cat>0</cat><value>1.0</value></relativerisk><relativerisk><age>79</age><sex>1</sex><cat>1</cat><value>1.22</value></relativerisk><relativerisk><age>79</age><sex>1</sex><cat>2</cat><value>2.48</value></relativerisk><relativerisk><age>80</age><sex>0</sex><cat>0</cat><value>1.0</value></relativerisk><relativerisk><age>80</age><sex>0</sex><cat>1</cat><value>1.4</value></relativerisk><relativerisk><age>80</age><sex>0</sex><cat>2</cat><value>1.91</value></relativerisk><relativerisk><age>80</age><sex>1</sex><cat>0</cat><value>1.0</value></relativerisk><relativerisk><age>80</age><sex>1</sex><cat>1</cat><value>1.22</value></relativerisk><relativerisk><age>80</age><sex>1</sex><cat>2</cat><value>2.48</value></relativerisk><relativerisk><age>81</age><sex>0</sex><cat>0</cat><value>1.0</value></relativerisk><relativerisk><age>81</age><sex>0</sex><cat>1</cat><value>1.4</value></relativerisk><relativerisk><age>81</age><sex>0</sex><cat>2</cat><value>1.91</value></relativerisk><relativerisk><age>81</age><sex>1</sex><cat>0</cat><value>1.0</value></relativerisk><relativerisk><age>81</age><sex>1</sex><cat>1</cat><value>1.22</value></relativerisk><relativerisk><age>81</age><sex>1</sex><cat>2</cat><value>2.48</value></relativerisk><relativerisk><age>82</age><sex>0</sex><cat>0</cat><value>1.0</value></relativerisk><relativerisk><age>82</age><sex>0</sex><cat>1</cat><value>1.4</value></relativerisk><relativerisk><age>82</age><sex>0</sex><cat>2</cat><value>1.91</value></relativerisk><relativerisk><age>82</age><sex>1</sex><cat>0</cat><value>1.0</value></relativerisk><relativerisk><age>82</age><sex>1</sex><cat>1</cat><value>1.22</value></relativerisk><relativerisk><age>82</age><sex>1</sex><cat>2</cat><value>2.48</value></relativerisk><relativerisk><age>83</age><sex>0</sex><cat>0</cat><value>1.0</value></relativerisk><relativerisk><age>83</age><sex>0</sex><cat>1</cat><value>1.4</value></relativerisk><relativerisk><age>83</age><sex>0</sex><cat>2</cat><value>1.91</value></relativerisk><relativerisk><age>83</age><sex>1</sex><cat>0</cat><value>1.0</value></relativerisk><relativerisk><age>83</age><sex>1</sex><cat>1</cat><value>1.22</value></relativerisk><relativerisk><age>83</age><sex>1</sex><cat>2</cat><value>2.48</value></relativerisk><relativerisk><age>84</age><sex>0</sex><cat>0</cat><value>1.0</value></relativerisk><relativerisk><age>84</age><sex>0</sex><cat>1</cat><value>1.4</value></relativerisk><relativerisk><age>84</age><sex>0</sex><cat>2</cat><value>1.91</value></relativerisk><relativerisk><age>84</age><sex>1</sex><cat>0</cat><value>1.0</value></relativerisk><relativerisk><age>84</age><sex>1</sex><cat>1</cat><value>1.22</value></relativerisk><relativerisk><age>84</age><sex>1</sex><cat>2</cat><value>2.48</value></relativerisk><relativerisk><age>85</age><sex>0</sex><cat>0</cat><value>1.0</value></relativerisk><relativerisk><age>85</age><sex>0</sex><cat>1</cat><value>1.4</value></relativerisk><relativerisk><age>85</age><sex>0</sex><cat>2</cat><value>1.91</value></relativerisk><relativerisk><age>85</age><sex>1</sex><cat>0</cat><value>1.0</value></relativerisk><relativerisk><age>85</age><sex>1</sex><cat>1</cat><value>1.22</value></relativerisk><relativerisk><age>85</age><sex>1</sex><cat>2</cat><value>2.48</value></relativerisk><relativerisk><age>86</age><sex>0</sex><cat>0</cat><value>1.0</value></relativerisk><relativerisk><age>86</age><sex>0</sex><cat>1</cat><value>1.4</value></relativerisk><relativerisk><age>86</age><sex>0</sex><cat>2</cat><value>1.91</value></relativerisk><relativerisk><age>86</age><sex>1</sex><cat>0</cat><value>1.0</value></relativerisk><relativerisk><age>86</age><sex>1</sex><cat>1</cat><value>1.22</value></relativerisk><relativerisk><age>86</age><sex>1</sex><cat>2</cat><value>2.48</value></relativerisk><relativerisk><age>87</age><sex>0</sex><cat>0</cat><value>1.0</value></relativerisk><relativerisk><age>87</age><sex>0</sex><cat>1</cat><value>1.4</value></relativerisk><relativerisk><age>87</age><sex>0</sex><cat>2</cat><value>1.91</value></relativerisk><relativerisk><age>87</age><sex>1</sex><cat>0</cat><value>1.0</value></relativerisk><relativerisk><age>87</age><sex>1</sex><cat>1</cat><value>1.22</value></relativerisk><relativerisk><age>87</age><sex>1</sex><cat>2</cat><value>2.48</value></relativerisk><relativerisk><age>88</age><sex>0</sex><cat>0</cat><value>1.0</value></relativerisk><relativerisk><age>88</age><sex>0</sex><cat>1</cat><value>1.4</value></relativerisk><relativerisk><age>88</age><sex>0</sex><cat>2</cat><value>1.91</value></relativerisk><relativerisk><age>88</age><sex>1</sex><cat>0</cat><value>1.0</value></relativerisk><relativerisk><age>88</age><sex>1</sex><cat>1</cat><value>1.22</value></relativerisk><relativerisk><age>88</age><sex>1</sex><cat>2</cat><value>2.48</value></relativerisk><relativerisk><age>89</age><sex>0</sex><cat>0</cat><value>1.0</value></relativerisk><relativerisk><age>89</age><sex>0</sex><cat>1</cat><value>1.4</value></relativerisk><relativerisk><age>89</age><sex>0</sex><cat>2</cat><value>1.91</value></relativerisk><relativerisk><age>89</age><sex>1</sex><cat>0</cat><value>1.0</value></relativerisk><relativerisk><age>89</age><sex>1</sex><cat>1</cat><value>1.22</value></relativerisk><relativerisk><age>89</age><sex>1</sex><cat>2</cat><value>2.48</value></relativerisk><relativerisk><age>90</age><sex>0</sex><cat>0</cat><value>1.0</value></relativerisk><relativerisk><age>90</age><sex>0</sex><cat>1</cat><value>1.4</value></relativerisk><relativerisk><age>90</age><sex>0</sex><cat>2</cat><value>1.91</value></relativerisk><relativerisk><age>90</age><sex>1</sex><cat>0</cat><value>1.0</value></relativerisk><relativerisk><age>90</age><sex>1</sex><cat>1</cat><value>1.22</value></relativerisk><relativerisk><age>90</age><sex>1</sex><cat>2</cat><value>2.48</value></relativerisk><relativerisk><age>91</age><sex>0</sex><cat>0</cat><value>1.0</value></relativerisk><relativerisk><age>91</age><sex>0</sex><cat>1</cat><value>1.4</value></relativerisk><relativerisk><age>91</age><sex>0</sex><cat>2</cat><value>1.91</value></relativerisk><relativerisk><age>91</age><sex>1</sex><cat>0</cat><value>1.0</value></relativerisk><relativerisk><age>91</age><sex>1</sex><cat>1</cat><value>1.22</value></relativerisk><relativerisk><age>91</age><sex>1</sex><cat>2</cat><value>2.48</value></relativerisk><relativerisk><age>92</age><sex>0</sex><cat>0</cat><value>1.0</value></relativerisk><relativerisk><age>92</age><sex>0</sex><cat>1</cat><value>1.4</value></relativerisk><relativerisk><age>92</age><sex>0</sex><cat>2</cat><value>1.91</value></relativerisk><relativerisk><age>92</age><sex>1</sex><cat>0</cat><value>1.0</value></relativerisk><relativerisk><age>92</age><sex>1</sex><cat>1</cat><value>1.22</value></relativerisk><relativerisk><age>92</age><sex>1</sex><cat>2</cat><value>2.48</value></relativerisk><relativerisk><age>93</age><sex>0</sex><cat>0</cat><value>1.0</value></relativerisk><relativerisk><age>93</age><sex>0</sex><cat>1</cat><value>1.4</value></relativerisk><relativerisk><age>93</age><sex>0</sex><cat>2</cat><value>1.91</value></relativerisk><relativerisk><age>93</age><sex>1</sex><cat>0</cat><value>1.0</value></relativerisk><relativerisk><age>93</age><sex>1</sex><cat>1</cat><value>1.22</value></relativerisk><relativerisk><age>93</age><sex>1</sex><cat>2</cat><value>2.48</value></relativerisk><relativerisk><age>94</age><sex>0</sex><cat>0</cat><value>1.0</value></relativerisk><relativerisk><age>94</age><sex>0</sex><cat>1</cat><value>1.4</value></relativerisk><relativerisk><age>94</age><sex>0</sex><cat>2</cat><value>1.91</value></relativerisk><relativerisk><age>94</age><sex>1</sex><cat>0</cat><value>1.0</value></relativerisk><relativerisk><age>94</age><sex>1</sex><cat>1</cat><value>1.22</value></relativerisk><relativerisk><age>94</age><sex>1</sex><cat>2</cat><value>2.48</value></relativerisk><relativerisk><age>95</age><sex>0</sex><cat>0</cat><value>1.0</value></relativerisk><relativerisk><age>95</age><sex>0</sex><cat>1</cat><value>1.4</value></relativerisk><relativerisk><age>95</age><sex>0</sex><cat>2</cat><value>1.91</value></relativerisk><relativerisk><age>95</age><sex>1</sex><cat>0</cat><value>1.0</value></relativerisk><relativerisk><age>95</age><sex>1</sex><cat>1</cat><value>1.22</value></relativerisk><relativerisk><age>95</age><sex>1</sex><cat>2</cat><value>2.48</value></relativerisk></relrisksfromriskfactor_categorical4p>