<?xml version="1.0" encoding="UTF-8" standalone="no"?><relativerisks_othermort_categorical><relativerisk><age>0</age><sex>0</sex><cat>0</cat><value>1.0</value></relativerisk><relativerisk><age>0</age><sex>0</sex><cat>1</cat><value>1.0</value></relativerisk><relativerisk><age>0</age><sex>0</sex><cat>2</cat><value>1.0</value></relativerisk><relativerisk><age>0</age><sex>1</sex><cat>0</cat><value>1.0</value></relativerisk><relativerisk><age>0</age><sex>1</sex><cat>1</cat><value>1.0</value></relativerisk><relativerisk><age>0</age><sex>1</sex><cat>2</cat><value>1.0</value></relativerisk><relativerisk><age>1</age><sex>0</sex><cat>0</cat><value>1.0</value></relativerisk><relativerisk><age>1</age><sex>0</sex><cat>1</cat><value>1.0</value></relativerisk><relativerisk><age>1</age><sex>0</sex><cat>2</cat><value>1.0</value></relativerisk><relativerisk><age>1</age><sex>1</sex><cat>0</cat><value>1.0</value></relativerisk><relativerisk><age>1</age><sex>1</sex><cat>1</cat><value>1.0</value></relativerisk><relativerisk><age>1</age><sex>1</sex><cat>2</cat><value>1.0</value></relativerisk><relativerisk><age>2</age><sex>0</sex><cat>0</cat><value>1.0</value></relativerisk><relativerisk><age>2</age><sex>0</sex><cat>1</cat><value>1.0</value></relativerisk><relativerisk><age>2</age><sex>0</sex><cat>2</cat><value>1.0</value></relativerisk><relativerisk><age>2</age><sex>1</sex><cat>0</cat><value>1.0</value></relativerisk><relativerisk><age>2</age><sex>1</sex><cat>1</cat><value>1.0</value></relativerisk><relativerisk><age>2</age><sex>1</sex><cat>2</cat><value>1.0</value></relativerisk><relativerisk><age>3</age><sex>0</sex><cat>0</cat><value>1.0</value></relativerisk><relativerisk><age>3</age><sex>0</sex><cat>1</cat><value>1.0</value></relativerisk><relativerisk><age>3</age><sex>0</sex><cat>2</cat><value>1.0</value></relativerisk><relativerisk><age>3</age><sex>1</sex><cat>0</cat><value>1.0</value></relativerisk><relativerisk><age>3</age><sex>1</sex><cat>1</cat><value>1.0</value></relativerisk><relativerisk><age>3</age><sex>1</sex><cat>2</cat><value>1.0</value></relativerisk><relativerisk><age>4</age><sex>0</sex><cat>0</cat><value>1.0</value></relativerisk><relativerisk><age>4</age><sex>0</sex><cat>1</cat><value>1.0</value></relativerisk><relativerisk><age>4</age><sex>0</sex><cat>2</cat><value>1.0</value></relativerisk><relativerisk><age>4</age><sex>1</sex><cat>0</cat><value>1.0</value></relativerisk><relativerisk><age>4</age><sex>1</sex><cat>1</cat><value>1.0</value></relativerisk><relativerisk><age>4</age><sex>1</sex><cat>2</cat><value>1.0</value></relativerisk><relativerisk><age>5</age><sex>0</sex><cat>0</cat><value>1.0</value></relativerisk><relativerisk><age>5</age><sex>0</sex><cat>1</cat><value>1.0</value></relativerisk><relativerisk><age>5</age><sex>0</sex><cat>2</cat><value>1.0</value></relativerisk><relativerisk><age>5</age><sex>1</sex><cat>0</cat><value>1.0</value></relativerisk><relativerisk><age>5</age><sex>1</sex><cat>1</cat><value>1.0</value></relativerisk><relativerisk><age>5</age><sex>1</sex><cat>2</cat><value>1.0</value></relativerisk><relativerisk><age>6</age><sex>0</sex><cat>0</cat><value>1.0</value></relativerisk><relativerisk><age>6</age><sex>0</sex><cat>1</cat><value>1.0</value></relativerisk><relativerisk><age>6</age><sex>0</sex><cat>2</cat><value>1.0</value></relativerisk><relativerisk><age>6</age><sex>1</sex><cat>0</cat><value>1.0</value></relativerisk><relativerisk><age>6</age><sex>1</sex><cat>1</cat><value>1.0</value></relativerisk><relativerisk><age>6</age><sex>1</sex><cat>2</cat><value>1.0</value></relativerisk><relativerisk><age>7</age><sex>0</sex><cat>0</cat><value>1.0</value></relativerisk><relativerisk><age>7</age><sex>0</sex><cat>1</cat><value>1.0</value></relativerisk><relativerisk><age>7</age><sex>0</sex><cat>2</cat><value>1.0</value></relativerisk><relativerisk><age>7</age><sex>1</sex><cat>0</cat><value>1.0</value></relativerisk><relativerisk><age>7</age><sex>1</sex><cat>1</cat><value>1.0</value></relativerisk><relativerisk><age>7</age><sex>1</sex><cat>2</cat><value>1.0</value></relativerisk><relativerisk><age>8</age><sex>0</sex><cat>0</cat><value>1.0</value></relativerisk><relativerisk><age>8</age><sex>0</sex><cat>1</cat><value>1.0</value></relativerisk><relativerisk><age>8</age><sex>0</sex><cat>2</cat><value>1.0</value></relativerisk><relativerisk><age>8</age><sex>1</sex><cat>0</cat><value>1.0</value></relativerisk><relativerisk><age>8</age><sex>1</sex><cat>1</cat><value>1.0</value></relativerisk><relativerisk><age>8</age><sex>1</sex><cat>2</cat><value>1.0</value></relativerisk><relativerisk><age>9</age><sex>0</sex><cat>0</cat><value>1.0</value></relativerisk><relativerisk><age>9</age><sex>0</sex><cat>1</cat><value>1.0</value></relativerisk><relativerisk><age>9</age><sex>0</sex><cat>2</cat><value>1.0</value></relativerisk><relativerisk><age>9</age><sex>1</sex><cat>0</cat><value>1.0</value></relativerisk><relativerisk><age>9</age><sex>1</sex><cat>1</cat><value>1.0</value></relativerisk><relativerisk><age>9</age><sex>1</sex><cat>2</cat><value>1.0</value></relativerisk><relativerisk><age>10</age><sex>0</sex><cat>0</cat><value>1.0</value></relativerisk><relativerisk><age>10</age><sex>0</sex><cat>1</cat><value>1.0</value></relativerisk><relativerisk><age>10</age><sex>0</sex><cat>2</cat><value>1.0</value></relativerisk><relativerisk><age>10</age><sex>1</sex><cat>0</cat><value>1.0</value></relativerisk><relativerisk><age>10</age><sex>1</sex><cat>1</cat><value>1.0</value></relativerisk><relativerisk><age>10</age><sex>1</sex><cat>2</cat><value>1.0</value></relativerisk><relativerisk><age>11</age><sex>0</sex><cat>0</cat><value>1.0</value></relativerisk><relativerisk><age>11</age><sex>0</sex><cat>1</cat><value>1.0</value></relativerisk><relativerisk><age>11</age><sex>0</sex><cat>2</cat><value>1.0</value></relativerisk><relativerisk><age>11</age><sex>1</sex><cat>0</cat><value>1.0</value></relativerisk><relativerisk><age>11</age><sex>1</sex><cat>1</cat><value>1.0</value></relativerisk><relativerisk><age>11</age><sex>1</sex><cat>2</cat><value>1.0</value></relativerisk><relativerisk><age>12</age><sex>0</sex><cat>0</cat><value>1.0</value></relativerisk><relativerisk><age>12</age><sex>0</sex><cat>1</cat><value>1.0</value></relativerisk><relativerisk><age>12</age><sex>0</sex><cat>2</cat><value>1.0</value></relativerisk><relativerisk><age>12</age><sex>1</sex><cat>0</cat><value>1.0</value></relativerisk><relativerisk><age>12</age><sex>1</sex><cat>1</cat><value>1.0</value></relativerisk><relativerisk><age>12</age><sex>1</sex><cat>2</cat><value>1.0</value></relativerisk><relativerisk><age>13</age><sex>0</sex><cat>0</cat><value>1.0</value></relativerisk><relativerisk><age>13</age><sex>0</sex><cat>1</cat><value>1.0</value></relativerisk><relativerisk><age>13</age><sex>0</sex><cat>2</cat><value>1.0</value></relativerisk><relativerisk><age>13</age><sex>1</sex><cat>0</cat><value>1.0</value></relativerisk><relativerisk><age>13</age><sex>1</sex><cat>1</cat><value>1.0</value></relativerisk><relativerisk><age>13</age><sex>1</sex><cat>2</cat><value>1.0</value></relativerisk><relativerisk><age>14</age><sex>0</sex><cat>0</cat><value>1.0</value></relativerisk><relativerisk><age>14</age><sex>0</sex><cat>1</cat><value>1.0</value></relativerisk><relativerisk><age>14</age><sex>0</sex><cat>2</cat><value>1.0</value></relativerisk><relativerisk><age>14</age><sex>1</sex><cat>0</cat><value>1.0</value></relativerisk><relativerisk><age>14</age><sex>1</sex><cat>1</cat><value>1.0</value></relativerisk><relativerisk><age>14</age><sex>1</sex><cat>2</cat><value>1.0</value></relativerisk><relativerisk><age>15</age><sex>0</sex><cat>0</cat><value>1.0</value></relativerisk><relativerisk><age>15</age><sex>0</sex><cat>1</cat><value>1.0</value></relativerisk><relativerisk><age>15</age><sex>0</sex><cat>2</cat><value>1.0</value></relativerisk><relativerisk><age>15</age><sex>1</sex><cat>0</cat><value>1.0</value></relativerisk><relativerisk><age>15</age><sex>1</sex><cat>1</cat><value>1.0</value></relativerisk><relativerisk><age>15</age><sex>1</sex><cat>2</cat><value>1.0</value></relativerisk><relativerisk><age>16</age><sex>0</sex><cat>0</cat><value>1.0</value></relativerisk><relativerisk><age>16</age><sex>0</sex><cat>1</cat><value>1.0</value></relativerisk><relativerisk><age>16</age><sex>0</sex><cat>2</cat><value>1.0</value></relativerisk><relativerisk><age>16</age><sex>1</sex><cat>0</cat><value>1.0</value></relativerisk><relativerisk><age>16</age><sex>1</sex><cat>1</cat><value>1.0</value></relativerisk><relativerisk><age>16</age><sex>1</sex><cat>2</cat><value>1.0</value></relativerisk><relativerisk><age>17</age><sex>0</sex><cat>0</cat><value>1.0</value></relativerisk><relativerisk><age>17</age><sex>0</sex><cat>1</cat><value>1.0</value></relativerisk><relativerisk><age>17</age><sex>0</sex><cat>2</cat><value>1.0</value></relativerisk><relativerisk><age>17</age><sex>1</sex><cat>0</cat><value>1.0</value></relativerisk><relativerisk><age>17</age><sex>1</sex><cat>1</cat><value>1.0</value></relativerisk><relativerisk><age>17</age><sex>1</sex><cat>2</cat><value>1.0</value></relativerisk><relativerisk><age>18</age><sex>0</sex><cat>0</cat><value>1.0</value></relativerisk><relativerisk><age>18</age><sex>0</sex><cat>1</cat><value>1.0</value></relativerisk><relativerisk><age>18</age><sex>0</sex><cat>2</cat><value>1.0</value></relativerisk><relativerisk><age>18</age><sex>1</sex><cat>0</cat><value>1.0</value></relativerisk><relativerisk><age>18</age><sex>1</sex><cat>1</cat><value>1.0</value></relativerisk><relativerisk><age>18</age><sex>1</sex><cat>2</cat><value>1.0</value></relativerisk><relativerisk><age>19</age><sex>0</sex><cat>0</cat><value>1.0</value></relativerisk><relativerisk><age>19</age><sex>0</sex><cat>1</cat><value>1.0</value></relativerisk><relativerisk><age>19</age><sex>0</sex><cat>2</cat><value>1.0</value></relativerisk><relativerisk><age>19</age><sex>1</sex><cat>0</cat><value>1.0</value></relativerisk><relativerisk><age>19</age><sex>1</sex><cat>1</cat><value>1.0</value></relativerisk><relativerisk><age>19</age><sex>1</sex><cat>2</cat><value>1.0</value></relativerisk><relativerisk><age>20</age><sex>0</sex><cat>0</cat><value>1.0</value></relativerisk><relativerisk><age>20</age><sex>0</sex><cat>1</cat><value>1.0</value></relativerisk><relativerisk><age>20</age><sex>0</sex><cat>2</cat><value>1.0</value></relativerisk><relativerisk><age>20</age><sex>1</sex><cat>0</cat><value>1.0</value></relativerisk><relativerisk><age>20</age><sex>1</sex><cat>1</cat><value>1.0</value></relativerisk><relativerisk><age>20</age><sex>1</sex><cat>2</cat><value>1.0</value></relativerisk><relativerisk><age>21</age><sex>0</sex><cat>0</cat><value>1.0</value></relativerisk><relativerisk><age>21</age><sex>0</sex><cat>1</cat><value>1.0</value></relativerisk><relativerisk><age>21</age><sex>0</sex><cat>2</cat><value>1.0</value></relativerisk><relativerisk><age>21</age><sex>1</sex><cat>0</cat><value>1.0</value></relativerisk><relativerisk><age>21</age><sex>1</sex><cat>1</cat><value>1.0</value></relativerisk><relativerisk><age>21</age><sex>1</sex><cat>2</cat><value>1.0</value></relativerisk><relativerisk><age>22</age><sex>0</sex><cat>0</cat><value>1.0</value></relativerisk><relativerisk><age>22</age><sex>0</sex><cat>1</cat><value>1.0</value></relativerisk><relativerisk><age>22</age><sex>0</sex><cat>2</cat><value>1.0</value></relativerisk><relativerisk><age>22</age><sex>1</sex><cat>0</cat><value>1.0</value></relativerisk><relativerisk><age>22</age><sex>1</sex><cat>1</cat><value>1.0</value></relativerisk><relativerisk><age>22</age><sex>1</sex><cat>2</cat><value>1.0</value></relativerisk><relativerisk><age>23</age><sex>0</sex><cat>0</cat><value>1.0</value></relativerisk><relativerisk><age>23</age><sex>0</sex><cat>1</cat><value>1.0</value></relativerisk><relativerisk><age>23</age><sex>0</sex><cat>2</cat><value>1.0</value></relativerisk><relativerisk><age>23</age><sex>1</sex><cat>0</cat><value>1.0</value></relativerisk><relativerisk><age>23</age><sex>1</sex><cat>1</cat><value>1.0</value></relativerisk><relativerisk><age>23</age><sex>1</sex><cat>2</cat><value>1.0</value></relativerisk><relativerisk><age>24</age><sex>0</sex><cat>0</cat><value>1.0</value></relativerisk><relativerisk><age>24</age><sex>0</sex><cat>1</cat><value>1.0</value></relativerisk><relativerisk><age>24</age><sex>0</sex><cat>2</cat><value>1.0</value></relativerisk><relativerisk><age>24</age><sex>1</sex><cat>0</cat><value>1.0</value></relativerisk><relativerisk><age>24</age><sex>1</sex><cat>1</cat><value>1.0</value></relativerisk><relativerisk><age>24</age><sex>1</sex><cat>2</cat><value>1.0</value></relativerisk><relativerisk><age>25</age><sex>0</sex><cat>0</cat><value>1.0</value></relativerisk><relativerisk><age>25</age><sex>0</sex><cat>1</cat><value>1.0</value></relativerisk><relativerisk><age>25</age><sex>0</sex><cat>2</cat><value>1.0</value></relativerisk><relativerisk><age>25</age><sex>1</sex><cat>0</cat><value>1.0</value></relativerisk><relativerisk><age>25</age><sex>1</sex><cat>1</cat><value>1.0</value></relativerisk><relativerisk><age>25</age><sex>1</sex><cat>2</cat><value>1.0</value></relativerisk><relativerisk><age>26</age><sex>0</sex><cat>0</cat><value>1.0</value></relativerisk><relativerisk><age>26</age><sex>0</sex><cat>1</cat><value>1.0</value></relativerisk><relativerisk><age>26</age><sex>0</sex><cat>2</cat><value>1.0</value></relativerisk><relativerisk><age>26</age><sex>1</sex><cat>0</cat><value>1.0</value></relativerisk><relativerisk><age>26</age><sex>1</sex><cat>1</cat><value>1.0</value></relativerisk><relativerisk><age>26</age><sex>1</sex><cat>2</cat><value>1.0</value></relativerisk><relativerisk><age>27</age><sex>0</sex><cat>0</cat><value>1.0</value></relativerisk><relativerisk><age>27</age><sex>0</sex><cat>1</cat><value>1.0</value></relativerisk><relativerisk><age>27</age><sex>0</sex><cat>2</cat><value>1.0</value></relativerisk><relativerisk><age>27</age><sex>1</sex><cat>0</cat><value>1.0</value></relativerisk><relativerisk><age>27</age><sex>1</sex><cat>1</cat><value>1.0</value></relativerisk><relativerisk><age>27</age><sex>1</sex><cat>2</cat><value>1.0</value></relativerisk><relativerisk><age>28</age><sex>0</sex><cat>0</cat><value>1.0</value></relativerisk><relativerisk><age>28</age><sex>0</sex><cat>1</cat><value>1.0</value></relativerisk><relativerisk><age>28</age><sex>0</sex><cat>2</cat><value>1.0</value></relativerisk><relativerisk><age>28</age><sex>1</sex><cat>0</cat><value>1.0</value></relativerisk><relativerisk><age>28</age><sex>1</sex><cat>1</cat><value>1.0</value></relativerisk><relativerisk><age>28</age><sex>1</sex><cat>2</cat><value>1.0</value></relativerisk><relativerisk><age>29</age><sex>0</sex><cat>0</cat><value>1.0</value></relativerisk><relativerisk><age>29</age><sex>0</sex><cat>1</cat><value>1.0</value></relativerisk><relativerisk><age>29</age><sex>0</sex><cat>2</cat><value>1.0</value></relativerisk><relativerisk><age>29</age><sex>1</sex><cat>0</cat><value>1.0</value></relativerisk><relativerisk><age>29</age><sex>1</sex><cat>1</cat><value>1.0</value></relativerisk><relativerisk><age>29</age><sex>1</sex><cat>2</cat><value>1.0</value></relativerisk><relativerisk><age>30</age><sex>0</sex><cat>0</cat><value>1.0</value></relativerisk><relativerisk><age>30</age><sex>0</sex><cat>1</cat><value>1.0</value></relativerisk><relativerisk><age>30</age><sex>0</sex><cat>2</cat><value>1.0</value></relativerisk><relativerisk><age>30</age><sex>1</sex><cat>0</cat><value>1.0</value></relativerisk><relativerisk><age>30</age><sex>1</sex><cat>1</cat><value>1.0</value></relativerisk><relativerisk><age>30</age><sex>1</sex><cat>2</cat><value>1.0</value></relativerisk><relativerisk><age>31</age><sex>0</sex><cat>0</cat><value>1.0</value></relativerisk><relativerisk><age>31</age><sex>0</sex><cat>1</cat><value>1.0</value></relativerisk><relativerisk><age>31</age><sex>0</sex><cat>2</cat><value>1.0</value></relativerisk><relativerisk><age>31</age><sex>1</sex><cat>0</cat><value>1.0</value></relativerisk><relativerisk><age>31</age><sex>1</sex><cat>1</cat><value>1.0</value></relativerisk><relativerisk><age>31</age><sex>1</sex><cat>2</cat><value>1.0</value></relativerisk><relativerisk><age>32</age><sex>0</sex><cat>0</cat><value>1.0</value></relativerisk><relativerisk><age>32</age><sex>0</sex><cat>1</cat><value>1.0</value></relativerisk><relativerisk><age>32</age><sex>0</sex><cat>2</cat><value>1.0</value></relativerisk><relativerisk><age>32</age><sex>1</sex><cat>0</cat><value>1.0</value></relativerisk><relativerisk><age>32</age><sex>1</sex><cat>1</cat><value>1.0</value></relativerisk><relativerisk><age>32</age><sex>1</sex><cat>2</cat><value>1.0</value></relativerisk><relativerisk><age>33</age><sex>0</sex><cat>0</cat><value>1.0</value></relativerisk><relativerisk><age>33</age><sex>0</sex><cat>1</cat><value>1.0</value></relativerisk><relativerisk><age>33</age><sex>0</sex><cat>2</cat><value>1.0</value></relativerisk><relativerisk><age>33</age><sex>1</sex><cat>0</cat><value>1.0</value></relativerisk><relativerisk><age>33</age><sex>1</sex><cat>1</cat><value>1.0</value></relativerisk><relativerisk><age>33</age><sex>1</sex><cat>2</cat><value>1.0</value></relativerisk><relativerisk><age>34</age><sex>0</sex><cat>0</cat><value>1.0</value></relativerisk><relativerisk><age>34</age><sex>0</sex><cat>1</cat><value>1.0</value></relativerisk><relativerisk><age>34</age><sex>0</sex><cat>2</cat><value>1.0</value></relativerisk><relativerisk><age>34</age><sex>1</sex><cat>0</cat><value>1.0</value></relativerisk><relativerisk><age>34</age><sex>1</sex><cat>1</cat><value>1.0</value></relativerisk><relativerisk><age>34</age><sex>1</sex><cat>2</cat><value>1.0</value></relativerisk><relativerisk><age>35</age><sex>0</sex><cat>0</cat><value>1.0</value></relativerisk><relativerisk><age>35</age><sex>0</sex><cat>1</cat><value>1.4133838</value></relativerisk><relativerisk><age>35</age><sex>0</sex><cat>2</cat><value>2.2222116</value></relativerisk><relativerisk><age>35</age><sex>1</sex><cat>0</cat><value>1.0</value></relativerisk><relativerisk><age>35</age><sex>1</sex><cat>1</cat><value>1.3291711</value></relativerisk><relativerisk><age>35</age><sex>1</sex><cat>2</cat><value>2.001</value></relativerisk><relativerisk><age>36</age><sex>0</sex><cat>0</cat><value>1.0</value></relativerisk><relativerisk><age>36</age><sex>0</sex><cat>1</cat><value>1.426236</value></relativerisk><relativerisk><age>36</age><sex>0</sex><cat>2</cat><value>2.243996</value></relativerisk><relativerisk><age>36</age><sex>1</sex><cat>0</cat><value>1.0</value></relativerisk><relativerisk><age>36</age><sex>1</sex><cat>1</cat><value>1.3437526</value></relativerisk><relativerisk><age>36</age><sex>1</sex><cat>2</cat><value>2.0353317</value></relativerisk><relativerisk><age>37</age><sex>0</sex><cat>0</cat><value>1.0</value></relativerisk><relativerisk><age>37</age><sex>0</sex><cat>1</cat><value>1.4401337</value></relativerisk><relativerisk><age>37</age><sex>0</sex><cat>2</cat><value>2.2679749</value></relativerisk><relativerisk><age>37</age><sex>1</sex><cat>0</cat><value>1.0</value></relativerisk><relativerisk><age>37</age><sex>1</sex><cat>1</cat><value>1.3640661</value></relativerisk><relativerisk><age>37</age><sex>1</sex><cat>2</cat><value>2.0817502</value></relativerisk><relativerisk><age>38</age><sex>0</sex><cat>0</cat><value>1.0</value></relativerisk><relativerisk><age>38</age><sex>0</sex><cat>1</cat><value>1.4630697</value></relativerisk><relativerisk><age>38</age><sex>0</sex><cat>2</cat><value>2.3112783</value></relativerisk><relativerisk><age>38</age><sex>1</sex><cat>0</cat><value>1.0</value></relativerisk><relativerisk><age>38</age><sex>1</sex><cat>1</cat><value>1.3883914</value></relativerisk><relativerisk><age>38</age><sex>1</sex><cat>2</cat><value>2.1342437</value></relativerisk><relativerisk><age>39</age><sex>0</sex><cat>0</cat><value>1.0</value></relativerisk><relativerisk><age>39</age><sex>0</sex><cat>1</cat><value>1.4648433</value></relativerisk><relativerisk><age>39</age><sex>0</sex><cat>2</cat><value>2.3102021</value></relativerisk><relativerisk><age>39</age><sex>1</sex><cat>0</cat><value>1.0</value></relativerisk><relativerisk><age>39</age><sex>1</sex><cat>1</cat><value>1.419042</value></relativerisk><relativerisk><age>39</age><sex>1</sex><cat>2</cat><value>2.1974936</value></relativerisk><relativerisk><age>40</age><sex>0</sex><cat>0</cat><value>1.0</value></relativerisk><relativerisk><age>40</age><sex>0</sex><cat>1</cat><value>1.5670905</value></relativerisk><relativerisk><age>40</age><sex>0</sex><cat>2</cat><value>2.512443</value></relativerisk><relativerisk><age>40</age><sex>1</sex><cat>0</cat><value>1.0</value></relativerisk><relativerisk><age>40</age><sex>1</sex><cat>1</cat><value>1.4380538</value></relativerisk><relativerisk><age>40</age><sex>1</sex><cat>2</cat><value>2.4747593</value></relativerisk><relativerisk><age>41</age><sex>0</sex><cat>0</cat><value>1.0</value></relativerisk><relativerisk><age>41</age><sex>0</sex><cat>1</cat><value>1.6044191</value></relativerisk><relativerisk><age>41</age><sex>0</sex><cat>2</cat><value>2.5820744</value></relativerisk><relativerisk><age>41</age><sex>1</sex><cat>0</cat><value>1.0</value></relativerisk><relativerisk><age>41</age><sex>1</sex><cat>1</cat><value>1.4641292</value></relativerisk><relativerisk><age>41</age><sex>1</sex><cat>2</cat><value>2.5694056</value></relativerisk><relativerisk><age>42</age><sex>0</sex><cat>0</cat><value>1.0</value></relativerisk><relativerisk><age>42</age><sex>0</sex><cat>1</cat><value>1.6130322</value></relativerisk><relativerisk><age>42</age><sex>0</sex><cat>2</cat><value>2.5950341</value></relativerisk><relativerisk><age>42</age><sex>1</sex><cat>0</cat><value>1.0</value></relativerisk><relativerisk><age>42</age><sex>1</sex><cat>1</cat><value>1.5785682</value></relativerisk><relativerisk><age>42</age><sex>1</sex><cat>2</cat><value>2.9788136</value></relativerisk><relativerisk><age>43</age><sex>0</sex><cat>0</cat><value>1.0</value></relativerisk><relativerisk><age>43</age><sex>0</sex><cat>1</cat><value>1.6233032</value></relativerisk><relativerisk><age>43</age><sex>0</sex><cat>2</cat><value>2.6125789</value></relativerisk><relativerisk><age>43</age><sex>1</sex><cat>0</cat><value>1.0</value></relativerisk><relativerisk><age>43</age><sex>1</sex><cat>1</cat><value>1.6327207</value></relativerisk><relativerisk><age>43</age><sex>1</sex><cat>2</cat><value>3.1765506</value></relativerisk><relativerisk><age>44</age><sex>0</sex><cat>0</cat><value>1.0</value></relativerisk><relativerisk><age>44</age><sex>0</sex><cat>1</cat><value>1.8894411</value></relativerisk><relativerisk><age>44</age><sex>0</sex><cat>2</cat><value>3.1343133</value></relativerisk><relativerisk><age>44</age><sex>1</sex><cat>0</cat><value>1.0</value></relativerisk><relativerisk><age>44</age><sex>1</sex><cat>1</cat><value>1.4989324</value></relativerisk><relativerisk><age>44</age><sex>1</sex><cat>2</cat><value>2.703366</value></relativerisk><relativerisk><age>45</age><sex>0</sex><cat>0</cat><value>1.0</value></relativerisk><relativerisk><age>45</age><sex>0</sex><cat>1</cat><value>1.401161</value></relativerisk><relativerisk><age>45</age><sex>0</sex><cat>2</cat><value>1.9005183</value></relativerisk><relativerisk><age>45</age><sex>1</sex><cat>0</cat><value>1.0</value></relativerisk><relativerisk><age>45</age><sex>1</sex><cat>1</cat><value>1.1481632</value></relativerisk><relativerisk><age>45</age><sex>1</sex><cat>2</cat><value>1.4845958</value></relativerisk><relativerisk><age>46</age><sex>0</sex><cat>0</cat><value>1.0</value></relativerisk><relativerisk><age>46</age><sex>0</sex><cat>1</cat><value>1.4155995</value></relativerisk><relativerisk><age>46</age><sex>0</sex><cat>2</cat><value>1.833548</value></relativerisk><relativerisk><age>46</age><sex>1</sex><cat>0</cat><value>1.0</value></relativerisk><relativerisk><age>46</age><sex>1</sex><cat>1</cat><value>1.1656746</value></relativerisk><relativerisk><age>46</age><sex>1</sex><cat>2</cat><value>1.5379633</value></relativerisk><relativerisk><age>47</age><sex>0</sex><cat>0</cat><value>1.0</value></relativerisk><relativerisk><age>47</age><sex>0</sex><cat>1</cat><value>1.4069482</value></relativerisk><relativerisk><age>47</age><sex>0</sex><cat>2</cat><value>1.8555862</value></relativerisk><relativerisk><age>47</age><sex>1</sex><cat>0</cat><value>1.0</value></relativerisk><relativerisk><age>47</age><sex>1</sex><cat>1</cat><value>1.1531975</value></relativerisk><relativerisk><age>47</age><sex>1</sex><cat>2</cat><value>1.4918206</value></relativerisk><relativerisk><age>48</age><sex>0</sex><cat>0</cat><value>1.0</value></relativerisk><relativerisk><age>48</age><sex>0</sex><cat>1</cat><value>1.4058162</value></relativerisk><relativerisk><age>48</age><sex>0</sex><cat>2</cat><value>1.8541427</value></relativerisk><relativerisk><age>48</age><sex>1</sex><cat>0</cat><value>1.0</value></relativerisk><relativerisk><age>48</age><sex>1</sex><cat>1</cat><value>1.1526544</value></relativerisk><relativerisk><age>48</age><sex>1</sex><cat>2</cat><value>1.4786413</value></relativerisk><relativerisk><age>49</age><sex>0</sex><cat>0</cat><value>1.0</value></relativerisk><relativerisk><age>49</age><sex>0</sex><cat>1</cat><value>1.4164554</value></relativerisk><relativerisk><age>49</age><sex>0</sex><cat>2</cat><value>1.8085696</value></relativerisk><relativerisk><age>49</age><sex>1</sex><cat>0</cat><value>1.0</value></relativerisk><relativerisk><age>49</age><sex>1</sex><cat>1</cat><value>1.1586939</value></relativerisk><relativerisk><age>49</age><sex>1</sex><cat>2</cat><value>1.4834723</value></relativerisk><relativerisk><age>50</age><sex>0</sex><cat>0</cat><value>1.0</value></relativerisk><relativerisk><age>50</age><sex>0</sex><cat>1</cat><value>1.0388573</value></relativerisk><relativerisk><age>50</age><sex>0</sex><cat>2</cat><value>1.229629</value></relativerisk><relativerisk><age>50</age><sex>1</sex><cat>0</cat><value>1.0</value></relativerisk><relativerisk><age>50</age><sex>1</sex><cat>1</cat><value>0.9909274</value></relativerisk><relativerisk><age>50</age><sex>1</sex><cat>2</cat><value>1.0417176</value></relativerisk><relativerisk><age>51</age><sex>0</sex><cat>0</cat><value>1.0</value></relativerisk><relativerisk><age>51</age><sex>0</sex><cat>1</cat><value>1.0211352</value></relativerisk><relativerisk><age>51</age><sex>0</sex><cat>2</cat><value>1.181816</value></relativerisk><relativerisk><age>51</age><sex>1</sex><cat>0</cat><value>1.0</value></relativerisk><relativerisk><age>51</age><sex>1</sex><cat>1</cat><value>0.94717985</value></relativerisk><relativerisk><age>51</age><sex>1</sex><cat>2</cat><value>0.927251</value></relativerisk><relativerisk><age>52</age><sex>0</sex><cat>0</cat><value>1.0</value></relativerisk><relativerisk><age>52</age><sex>0</sex><cat>1</cat><value>0.9359788</value></relativerisk><relativerisk><age>52</age><sex>0</sex><cat>2</cat><value>0.9518441</value></relativerisk><relativerisk><age>52</age><sex>1</sex><cat>0</cat><value>1.0</value></relativerisk><relativerisk><age>52</age><sex>1</sex><cat>1</cat><value>0.97259593</value></relativerisk><relativerisk><age>52</age><sex>1</sex><cat>2</cat><value>1.0100552</value></relativerisk><relativerisk><age>53</age><sex>0</sex><cat>0</cat><value>1.0</value></relativerisk><relativerisk><age>53</age><sex>0</sex><cat>1</cat><value>0.88297313</value></relativerisk><relativerisk><age>53</age><sex>0</sex><cat>2</cat><value>0.80929327</value></relativerisk><relativerisk><age>53</age><sex>1</sex><cat>0</cat><value>1.0</value></relativerisk><relativerisk><age>53</age><sex>1</sex><cat>1</cat><value>0.8585418</value></relativerisk><relativerisk><age>53</age><sex>1</sex><cat>2</cat><value>0.69859177</value></relativerisk><relativerisk><age>54</age><sex>0</sex><cat>0</cat><value>1.0</value></relativerisk><relativerisk><age>54</age><sex>0</sex><cat>1</cat><value>0.8774667</value></relativerisk><relativerisk><age>54</age><sex>0</sex><cat>2</cat><value>0.7951724</value></relativerisk><relativerisk><age>54</age><sex>1</sex><cat>0</cat><value>1.0</value></relativerisk><relativerisk><age>54</age><sex>1</sex><cat>1</cat><value>0.8590191</value></relativerisk><relativerisk><age>54</age><sex>1</sex><cat>2</cat><value>0.7085414</value></relativerisk><relativerisk><age>55</age><sex>0</sex><cat>0</cat><value>1.0</value></relativerisk><relativerisk><age>55</age><sex>0</sex><cat>1</cat><value>0.7388218</value></relativerisk><relativerisk><age>55</age><sex>0</sex><cat>2</cat><value>0.86046815</value></relativerisk><relativerisk><age>55</age><sex>1</sex><cat>0</cat><value>1.0</value></relativerisk><relativerisk><age>55</age><sex>1</sex><cat>1</cat><value>0.9063699</value></relativerisk><relativerisk><age>55</age><sex>1</sex><cat>2</cat><value>0.6644808</value></relativerisk><relativerisk><age>56</age><sex>0</sex><cat>0</cat><value>1.0</value></relativerisk><relativerisk><age>56</age><sex>0</sex><cat>1</cat><value>0.6469572</value></relativerisk><relativerisk><age>56</age><sex>0</sex><cat>2</cat><value>0.6812618</value></relativerisk><relativerisk><age>56</age><sex>1</sex><cat>0</cat><value>1.0</value></relativerisk><relativerisk><age>56</age><sex>1</sex><cat>1</cat><value>0.8216176</value></relativerisk><relativerisk><age>56</age><sex>1</sex><cat>2</cat><value>0.38115814</value></relativerisk><relativerisk><age>57</age><sex>0</sex><cat>0</cat><value>1.0</value></relativerisk><relativerisk><age>57</age><sex>0</sex><cat>1</cat><value>0.5212705</value></relativerisk><relativerisk><age>57</age><sex>0</sex><cat>2</cat><value>0.44069454</value></relativerisk><relativerisk><age>57</age><sex>1</sex><cat>0</cat><value>1.0</value></relativerisk><relativerisk><age>57</age><sex>1</sex><cat>1</cat><value>0.86003095</value></relativerisk><relativerisk><age>57</age><sex>1</sex><cat>2</cat><value>0.5076144</value></relativerisk><relativerisk><age>58</age><sex>0</sex><cat>0</cat><value>1.0</value></relativerisk><relativerisk><age>58</age><sex>0</sex><cat>1</cat><value>0.5190943</value></relativerisk><relativerisk><age>58</age><sex>0</sex><cat>2</cat><value>0.4492344</value></relativerisk><relativerisk><age>58</age><sex>1</sex><cat>0</cat><value>1.0</value></relativerisk><relativerisk><age>58</age><sex>1</sex><cat>1</cat><value>0.80373406</value></relativerisk><relativerisk><age>58</age><sex>1</sex><cat>2</cat><value>0.3183967</value></relativerisk><relativerisk><age>59</age><sex>0</sex><cat>0</cat><value>1.0</value></relativerisk><relativerisk><age>59</age><sex>0</sex><cat>1</cat><value>0.41452092</value></relativerisk><relativerisk><age>59</age><sex>0</sex><cat>2</cat><value>0.2621984</value></relativerisk><relativerisk><age>59</age><sex>1</sex><cat>0</cat><value>1.0</value></relativerisk><relativerisk><age>59</age><sex>1</sex><cat>1</cat><value>0.70526594</value></relativerisk><relativerisk><age>59</age><sex>1</sex><cat>2</cat><value>0.0026126406</value></relativerisk><relativerisk><age>60</age><sex>0</sex><cat>0</cat><value>1.0</value></relativerisk><relativerisk><age>60</age><sex>0</sex><cat>1</cat><value>0.36655635</value></relativerisk><relativerisk><age>60</age><sex>0</sex><cat>2</cat><value>0.677251</value></relativerisk><relativerisk><age>60</age><sex>1</sex><cat>0</cat><value>1.0</value></relativerisk><relativerisk><age>60</age><sex>1</sex><cat>1</cat><value>0.69692874</value></relativerisk><relativerisk><age>60</age><sex>1</sex><cat>2</cat><value>0.46914288</value></relativerisk><relativerisk><age>61</age><sex>0</sex><cat>0</cat><value>1.0</value></relativerisk><relativerisk><age>61</age><sex>0</sex><cat>1</cat><value>0.4887209</value></relativerisk><relativerisk><age>61</age><sex>0</sex><cat>2</cat><value>0.8608081</value></relativerisk><relativerisk><age>61</age><sex>1</sex><cat>0</cat><value>1.0</value></relativerisk><relativerisk><age>61</age><sex>1</sex><cat>1</cat><value>0.71009547</value></relativerisk><relativerisk><age>61</age><sex>1</sex><cat>2</cat><value>0.5014503</value></relativerisk><relativerisk><age>62</age><sex>0</sex><cat>0</cat><value>1.0</value></relativerisk><relativerisk><age>62</age><sex>0</sex><cat>1</cat><value>0.41825876</value></relativerisk><relativerisk><age>62</age><sex>0</sex><cat>2</cat><value>0.7665846</value></relativerisk><relativerisk><age>62</age><sex>1</sex><cat>0</cat><value>1.0</value></relativerisk><relativerisk><age>62</age><sex>1</sex><cat>1</cat><value>0.48700538</value></relativerisk><relativerisk><age>62</age><sex>1</sex><cat>2</cat><value>0.003050835</value></relativerisk><relativerisk><age>63</age><sex>0</sex><cat>0</cat><value>1.0</value></relativerisk><relativerisk><age>63</age><sex>0</sex><cat>1</cat><value>0.08029205</value></relativerisk><relativerisk><age>63</age><sex>0</sex><cat>2</cat><value>0.29008827</value></relativerisk><relativerisk><age>63</age><sex>1</sex><cat>0</cat><value>1.0</value></relativerisk><relativerisk><age>63</age><sex>1</sex><cat>1</cat><value>0.5256992</value></relativerisk><relativerisk><age>63</age><sex>1</sex><cat>2</cat><value>0.061544206</value></relativerisk><relativerisk><age>64</age><sex>0</sex><cat>0</cat><value>1.0</value></relativerisk><relativerisk><age>64</age><sex>0</sex><cat>1</cat><value>0.06566799</value></relativerisk><relativerisk><age>64</age><sex>0</sex><cat>2</cat><value>0.261176</value></relativerisk><relativerisk><age>64</age><sex>1</sex><cat>0</cat><value>1.0</value></relativerisk><relativerisk><age>64</age><sex>1</sex><cat>1</cat><value>0.524589</value></relativerisk><relativerisk><age>64</age><sex>1</sex><cat>2</cat><value>0.057789903</value></relativerisk><relativerisk><age>65</age><sex>0</sex><cat>0</cat><value>1.0</value></relativerisk><relativerisk><age>65</age><sex>0</sex><cat>1</cat><value>0.26128137</value></relativerisk><relativerisk><age>65</age><sex>0</sex><cat>2</cat><value>0.10507194</value></relativerisk><relativerisk><age>65</age><sex>1</sex><cat>0</cat><value>1.0</value></relativerisk><relativerisk><age>65</age><sex>1</sex><cat>1</cat><value>0.23164085</value></relativerisk><relativerisk><age>65</age><sex>1</sex><cat>2</cat><value>0.0032655585</value></relativerisk><relativerisk><age>66</age><sex>0</sex><cat>0</cat><value>1.0</value></relativerisk><relativerisk><age>66</age><sex>0</sex><cat>1</cat><value>0.033459798</value></relativerisk><relativerisk><age>66</age><sex>0</sex><cat>2</cat><value>0.0037490549</value></relativerisk><relativerisk><age>66</age><sex>1</sex><cat>0</cat><value>1.0</value></relativerisk><relativerisk><age>66</age><sex>1</sex><cat>1</cat><value>0.13745247</value></relativerisk><relativerisk><age>66</age><sex>1</sex><cat>2</cat><value>0.0034574666</value></relativerisk><relativerisk><age>67</age><sex>0</sex><cat>0</cat><value>1.0</value></relativerisk><relativerisk><age>67</age><sex>0</sex><cat>1</cat><value>0.075701304</value></relativerisk><relativerisk><age>67</age><sex>0</sex><cat>2</cat><value>0.0035896292</value></relativerisk><relativerisk><age>67</age><sex>1</sex><cat>0</cat><value>1.0</value></relativerisk><relativerisk><age>67</age><sex>1</sex><cat>1</cat><value>0.18996221</value></relativerisk><relativerisk><age>67</age><sex>1</sex><cat>2</cat><value>0.003327681</value></relativerisk><relativerisk><age>68</age><sex>0</sex><cat>0</cat><value>1.0</value></relativerisk><relativerisk><age>68</age><sex>0</sex><cat>1</cat><value>0.053713027</value></relativerisk><relativerisk><age>68</age><sex>0</sex><cat>2</cat><value>0.0035736861</value></relativerisk><relativerisk><age>68</age><sex>1</sex><cat>0</cat><value>1.0</value></relativerisk><relativerisk><age>68</age><sex>1</sex><cat>1</cat><value>0.088233575</value></relativerisk><relativerisk><age>68</age><sex>1</sex><cat>2</cat><value>0.0035477192</value></relativerisk><relativerisk><age>69</age><sex>0</sex><cat>0</cat><value>1.0</value></relativerisk><relativerisk><age>69</age><sex>0</sex><cat>1</cat><value>0.13254401</value></relativerisk><relativerisk><age>69</age><sex>0</sex><cat>2</cat><value>0.0033704177</value></relativerisk><relativerisk><age>69</age><sex>1</sex><cat>0</cat><value>1.0</value></relativerisk><relativerisk><age>69</age><sex>1</sex><cat>1</cat><value>0.003809749</value></relativerisk><relativerisk><age>69</age><sex>1</sex><cat>2</cat><value>0.003809749</value></relativerisk><relativerisk><age>70</age><sex>0</sex><cat>0</cat><value>1.0</value></relativerisk><relativerisk><age>70</age><sex>0</sex><cat>1</cat><value>0.18904677</value></relativerisk><relativerisk><age>70</age><sex>0</sex><cat>2</cat><value>0.022029473</value></relativerisk><relativerisk><age>70</age><sex>1</sex><cat>0</cat><value>1.0</value></relativerisk><relativerisk><age>70</age><sex>1</sex><cat>1</cat><value>0.0039701695</value></relativerisk><relativerisk><age>70</age><sex>1</sex><cat>2</cat><value>0.0039701695</value></relativerisk><relativerisk><age>71</age><sex>0</sex><cat>0</cat><value>1.0</value></relativerisk><relativerisk><age>71</age><sex>0</sex><cat>1</cat><value>0.22554965</value></relativerisk><relativerisk><age>71</age><sex>0</sex><cat>2</cat><value>0.11387313</value></relativerisk><relativerisk><age>71</age><sex>1</sex><cat>0</cat><value>1.0</value></relativerisk><relativerisk><age>71</age><sex>1</sex><cat>1</cat><value>0.13185638</value></relativerisk><relativerisk><age>71</age><sex>1</sex><cat>2</cat><value>0.0034675968</value></relativerisk><relativerisk><age>72</age><sex>0</sex><cat>0</cat><value>1.0</value></relativerisk><relativerisk><age>72</age><sex>0</sex><cat>1</cat><value>0.21938743</value></relativerisk><relativerisk><age>72</age><sex>0</sex><cat>2</cat><value>0.1337508</value></relativerisk><relativerisk><age>72</age><sex>1</sex><cat>0</cat><value>1.0</value></relativerisk><relativerisk><age>72</age><sex>1</sex><cat>1</cat><value>0.092043586</value></relativerisk><relativerisk><age>72</age><sex>1</sex><cat>2</cat><value>0.0035682719</value></relativerisk><relativerisk><age>73</age><sex>0</sex><cat>0</cat><value>1.0</value></relativerisk><relativerisk><age>73</age><sex>0</sex><cat>1</cat><value>0.21181005</value></relativerisk><relativerisk><age>73</age><sex>0</sex><cat>2</cat><value>0.15391976</value></relativerisk><relativerisk><age>73</age><sex>1</sex><cat>0</cat><value>1.0</value></relativerisk><relativerisk><age>73</age><sex>1</sex><cat>1</cat><value>0.033194363</value></relativerisk><relativerisk><age>73</age><sex>1</sex><cat>2</cat><value>0.003721495</value></relativerisk><relativerisk><age>74</age><sex>0</sex><cat>0</cat><value>1.0</value></relativerisk><relativerisk><age>74</age><sex>0</sex><cat>1</cat><value>0.27608764</value></relativerisk><relativerisk><age>74</age><sex>0</sex><cat>2</cat><value>0.29496783</value></relativerisk><relativerisk><age>74</age><sex>1</sex><cat>0</cat><value>1.0</value></relativerisk><relativerisk><age>74</age><sex>1</sex><cat>1</cat><value>0.30557948</value></relativerisk><relativerisk><age>74</age><sex>1</sex><cat>2</cat><value>0.0031290743</value></relativerisk><relativerisk><age>75</age><sex>0</sex><cat>0</cat><value>1.0</value></relativerisk><relativerisk><age>75</age><sex>0</sex><cat>1</cat><value>0.2653413</value></relativerisk><relativerisk><age>75</age><sex>0</sex><cat>2</cat><value>0.31096128</value></relativerisk><relativerisk><age>75</age><sex>1</sex><cat>0</cat><value>1.0</value></relativerisk><relativerisk><age>75</age><sex>1</sex><cat>1</cat><value>0.16381955</value></relativerisk><relativerisk><age>75</age><sex>1</sex><cat>2</cat><value>0.0034797464</value></relativerisk><relativerisk><age>76</age><sex>0</sex><cat>0</cat><value>1.0</value></relativerisk><relativerisk><age>76</age><sex>0</sex><cat>1</cat><value>0.397962</value></relativerisk><relativerisk><age>76</age><sex>0</sex><cat>2</cat><value>0.55603516</value></relativerisk><relativerisk><age>76</age><sex>1</sex><cat>0</cat><value>1.0</value></relativerisk><relativerisk><age>76</age><sex>1</sex><cat>1</cat><value>0.2495294</value></relativerisk><relativerisk><age>76</age><sex>1</sex><cat>2</cat><value>0.003309964</value></relativerisk><relativerisk><age>77</age><sex>0</sex><cat>0</cat><value>1.0</value></relativerisk><relativerisk><age>77</age><sex>0</sex><cat>1</cat><value>0.47729594</value></relativerisk><relativerisk><age>77</age><sex>0</sex><cat>2</cat><value>0.7092706</value></relativerisk><relativerisk><age>77</age><sex>1</sex><cat>0</cat><value>1.0</value></relativerisk><relativerisk><age>77</age><sex>1</sex><cat>1</cat><value>0.31126937</value></relativerisk><relativerisk><age>77</age><sex>1</sex><cat>2</cat><value>0.0031925335</value></relativerisk><relativerisk><age>78</age><sex>0</sex><cat>0</cat><value>1.0</value></relativerisk><relativerisk><age>78</age><sex>0</sex><cat>1</cat><value>0.5346385</value></relativerisk><relativerisk><age>78</age><sex>0</sex><cat>2</cat><value>0.8234615</value></relativerisk><relativerisk><age>78</age><sex>1</sex><cat>0</cat><value>1.0</value></relativerisk><relativerisk><age>78</age><sex>1</sex><cat>1</cat><value>0.3958398</value></relativerisk><relativerisk><age>78</age><sex>1</sex><cat>2</cat><value>0.16624445</value></relativerisk><relativerisk><age>79</age><sex>0</sex><cat>0</cat><value>1.0</value></relativerisk><relativerisk><age>79</age><sex>0</sex><cat>1</cat><value>0.52714837</value></relativerisk><relativerisk><age>79</age><sex>0</sex><cat>2</cat><value>0.83686954</value></relativerisk><relativerisk><age>79</age><sex>1</sex><cat>0</cat><value>1.0</value></relativerisk><relativerisk><age>79</age><sex>1</sex><cat>1</cat><value>0.36505488</value></relativerisk><relativerisk><age>79</age><sex>1</sex><cat>2</cat><value>0.12477242</value></relativerisk><relativerisk><age>80</age><sex>0</sex><cat>0</cat><value>1.0</value></relativerisk><relativerisk><age>80</age><sex>0</sex><cat>1</cat><value>0.61001796</value></relativerisk><relativerisk><age>80</age><sex>0</sex><cat>2</cat><value>0.98453194</value></relativerisk><relativerisk><age>80</age><sex>1</sex><cat>0</cat><value>1.0</value></relativerisk><relativerisk><age>80</age><sex>1</sex><cat>1</cat><value>0.47588742</value></relativerisk><relativerisk><age>80</age><sex>1</sex><cat>2</cat><value>0.3458283</value></relativerisk><relativerisk><age>81</age><sex>0</sex><cat>0</cat><value>1.0</value></relativerisk><relativerisk><age>81</age><sex>0</sex><cat>1</cat><value>0.6581461</value></relativerisk><relativerisk><age>81</age><sex>0</sex><cat>2</cat><value>1.0772969</value></relativerisk><relativerisk><age>81</age><sex>1</sex><cat>0</cat><value>1.0</value></relativerisk><relativerisk><age>81</age><sex>1</sex><cat>1</cat><value>0.52202046</value></relativerisk><relativerisk><age>81</age><sex>1</sex><cat>2</cat><value>0.44514328</value></relativerisk><relativerisk><age>82</age><sex>0</sex><cat>0</cat><value>1.0</value></relativerisk><relativerisk><age>82</age><sex>0</sex><cat>1</cat><value>0.66180253</value></relativerisk><relativerisk><age>82</age><sex>0</sex><cat>2</cat><value>1.105882</value></relativerisk><relativerisk><age>82</age><sex>1</sex><cat>0</cat><value>1.0</value></relativerisk><relativerisk><age>82</age><sex>1</sex><cat>1</cat><value>0.63986397</value></relativerisk><relativerisk><age>82</age><sex>1</sex><cat>2</cat><value>0.6726643</value></relativerisk><relativerisk><age>83</age><sex>0</sex><cat>0</cat><value>1.0</value></relativerisk><relativerisk><age>83</age><sex>0</sex><cat>1</cat><value>0.75148296</value></relativerisk><relativerisk><age>83</age><sex>0</sex><cat>2</cat><value>1.2537392</value></relativerisk><relativerisk><age>83</age><sex>1</sex><cat>0</cat><value>1.0</value></relativerisk><relativerisk><age>83</age><sex>1</sex><cat>1</cat><value>0.6728956</value></relativerisk><relativerisk><age>83</age><sex>1</sex><cat>2</cat><value>0.7444856</value></relativerisk><relativerisk><age>84</age><sex>0</sex><cat>0</cat><value>1.0</value></relativerisk><relativerisk><age>84</age><sex>0</sex><cat>1</cat><value>0.7257885</value></relativerisk><relativerisk><age>84</age><sex>0</sex><cat>2</cat><value>1.2414628</value></relativerisk><relativerisk><age>84</age><sex>1</sex><cat>0</cat><value>1.0</value></relativerisk><relativerisk><age>84</age><sex>1</sex><cat>1</cat><value>0.75659233</value></relativerisk><relativerisk><age>84</age><sex>1</sex><cat>2</cat><value>0.9049757</value></relativerisk><relativerisk><age>85</age><sex>0</sex><cat>0</cat><value>1.0</value></relativerisk><relativerisk><age>85</age><sex>0</sex><cat>1</cat><value>0.7872669</value></relativerisk><relativerisk><age>85</age><sex>0</sex><cat>2</cat><value>1.3435057</value></relativerisk><relativerisk><age>85</age><sex>1</sex><cat>0</cat><value>1.0</value></relativerisk><relativerisk><age>85</age><sex>1</sex><cat>1</cat><value>0.82164294</value></relativerisk><relativerisk><age>85</age><sex>1</sex><cat>2</cat><value>1.029418</value></relativerisk><relativerisk><age>86</age><sex>0</sex><cat>0</cat><value>1.0</value></relativerisk><relativerisk><age>86</age><sex>0</sex><cat>1</cat><value>0.8785156</value></relativerisk><relativerisk><age>86</age><sex>0</sex><cat>2</cat><value>1.4772005</value></relativerisk><relativerisk><age>86</age><sex>1</sex><cat>0</cat><value>1.0</value></relativerisk><relativerisk><age>86</age><sex>1</sex><cat>1</cat><value>0.8571947</value></relativerisk><relativerisk><age>86</age><sex>1</sex><cat>2</cat><value>1.0999627</value></relativerisk><relativerisk><age>87</age><sex>0</sex><cat>0</cat><value>1.0</value></relativerisk><relativerisk><age>87</age><sex>0</sex><cat>1</cat><value>0.8598917</value></relativerisk><relativerisk><age>87</age><sex>0</sex><cat>2</cat><value>1.466144</value></relativerisk><relativerisk><age>87</age><sex>1</sex><cat>0</cat><value>1.0</value></relativerisk><relativerisk><age>87</age><sex>1</sex><cat>1</cat><value>0.88131475</value></relativerisk><relativerisk><age>87</age><sex>1</sex><cat>2</cat><value>1.1489425</value></relativerisk><relativerisk><age>88</age><sex>0</sex><cat>0</cat><value>1.0</value></relativerisk><relativerisk><age>88</age><sex>0</sex><cat>1</cat><value>0.8990876</value></relativerisk><relativerisk><age>88</age><sex>0</sex><cat>2</cat><value>1.5230864</value></relativerisk><relativerisk><age>88</age><sex>1</sex><cat>0</cat><value>1.0</value></relativerisk><relativerisk><age>88</age><sex>1</sex><cat>1</cat><value>0.91294783</value></relativerisk><relativerisk><age>88</age><sex>1</sex><cat>2</cat><value>1.208702</value></relativerisk><relativerisk><age>89</age><sex>0</sex><cat>0</cat><value>1.0</value></relativerisk><relativerisk><age>89</age><sex>0</sex><cat>1</cat><value>0.93922156</value></relativerisk><relativerisk><age>89</age><sex>0</sex><cat>2</cat><value>1.576788</value></relativerisk><relativerisk><age>89</age><sex>1</sex><cat>0</cat><value>1.0</value></relativerisk><relativerisk><age>89</age><sex>1</sex><cat>1</cat><value>0.9488827</value></relativerisk><relativerisk><age>89</age><sex>1</sex><cat>2</cat><value>1.2736664</value></relativerisk><relativerisk><age>90</age><sex>0</sex><cat>0</cat><value>1.0</value></relativerisk><relativerisk><age>90</age><sex>0</sex><cat>1</cat><value>0.94633216</value></relativerisk><relativerisk><age>90</age><sex>0</sex><cat>2</cat><value>1.5875896</value></relativerisk><relativerisk><age>90</age><sex>1</sex><cat>0</cat><value>1.0</value></relativerisk><relativerisk><age>90</age><sex>1</sex><cat>1</cat><value>0.9671405</value></relativerisk><relativerisk><age>90</age><sex>1</sex><cat>2</cat><value>1.3079526</value></relativerisk><relativerisk><age>91</age><sex>0</sex><cat>0</cat><value>1.0</value></relativerisk><relativerisk><age>91</age><sex>0</sex><cat>1</cat><value>0.9884883</value></relativerisk><relativerisk><age>91</age><sex>0</sex><cat>2</cat><value>1.6386907</value></relativerisk><relativerisk><age>91</age><sex>1</sex><cat>0</cat><value>1.0</value></relativerisk><relativerisk><age>91</age><sex>1</sex><cat>1</cat><value>0.98276716</value></relativerisk><relativerisk><age>91</age><sex>1</sex><cat>2</cat><value>1.3373243</value></relativerisk><relativerisk><age>92</age><sex>0</sex><cat>0</cat><value>1.0</value></relativerisk><relativerisk><age>92</age><sex>0</sex><cat>1</cat><value>0.99496394</value></relativerisk><relativerisk><age>92</age><sex>0</sex><cat>2</cat><value>1.645885</value></relativerisk><relativerisk><age>92</age><sex>1</sex><cat>0</cat><value>1.0</value></relativerisk><relativerisk><age>92</age><sex>1</sex><cat>1</cat><value>0.98750365</value></relativerisk><relativerisk><age>92</age><sex>1</sex><cat>2</cat><value>1.348882</value></relativerisk><relativerisk><age>93</age><sex>0</sex><cat>0</cat><value>1.0</value></relativerisk><relativerisk><age>93</age><sex>0</sex><cat>1</cat><value>1.0413128</value></relativerisk><relativerisk><age>93</age><sex>0</sex><cat>2</cat><value>1.7008495</value></relativerisk><relativerisk><age>93</age><sex>1</sex><cat>0</cat><value>1.0</value></relativerisk><relativerisk><age>93</age><sex>1</sex><cat>1</cat><value>1.0025057</value></relativerisk><relativerisk><age>93</age><sex>1</sex><cat>2</cat><value>1.3772023</value></relativerisk><relativerisk><age>94</age><sex>0</sex><cat>0</cat><value>1.0</value></relativerisk><relativerisk><age>94</age><sex>0</sex><cat>1</cat><value>1.0447098</value></relativerisk><relativerisk><age>94</age><sex>0</sex><cat>2</cat><value>1.7043506</value></relativerisk><relativerisk><age>94</age><sex>1</sex><cat>0</cat><value>1.0</value></relativerisk><relativerisk><age>94</age><sex>1</sex><cat>1</cat><value>1.0105367</value></relativerisk><relativerisk><age>94</age><sex>1</sex><cat>2</cat><value>1.3946087</value></relativerisk><relativerisk><age>95</age><sex>0</sex><cat>0</cat><value>1.0</value></relativerisk><relativerisk><age>95</age><sex>0</sex><cat>1</cat><value>1.050578</value></relativerisk><relativerisk><age>95</age><sex>0</sex><cat>2</cat><value>1.713919</value></relativerisk><relativerisk><age>95</age><sex>1</sex><cat>0</cat><value>1.0</value></relativerisk><relativerisk><age>95</age><sex>1</sex><cat>1</cat><value>1.0155547</value></relativerisk><relativerisk><age>95</age><sex>1</sex><cat>2</cat><value>1.4079303</value></relativerisk></relativerisks_othermort_categorical>