<?xml version="1.0"?><diseaseincidences><incidence><age>0</age><sex>0</sex><value>0.0</value></incidence><incidence><age>0</age><sex>1</sex><value>0.0</value></incidence><incidence><age>1</age><sex>0</sex><value>0.0</value></incidence><incidence><age>1</age><sex>1</sex><value>0.0</value></incidence><incidence><age>2</age><sex>0</sex><value>0.0</value></incidence><incidence><age>2</age><sex>1</sex><value>0.0</value></incidence><incidence><age>3</age><sex>0</sex><value>0.0</value></incidence><incidence><age>3</age><sex>1</sex><value>0.0</value></incidence><incidence><age>4</age><sex>0</sex><value>0.0</value></incidence><incidence><age>4</age><sex>1</sex><value>0.0</value></incidence><incidence><age>5</age><sex>0</sex><value>0.0</value></incidence><incidence><age>5</age><sex>1</sex><value>0.0</value></incidence><incidence><age>6</age><sex>0</sex><value>0.0</value></incidence><incidence><age>6</age><sex>1</sex><value>0.0</value></incidence><incidence><age>7</age><sex>0</sex><value>0.0</value></incidence><incidence><age>7</age><sex>1</sex><value>0.0</value></incidence><incidence><age>8</age><sex>0</sex><value>0.0</value></incidence><incidence><age>8</age><sex>1</sex><value>0.0</value></incidence><incidence><age>9</age><sex>0</sex><value>0.0</value></incidence><incidence><age>9</age><sex>1</sex><value>0.0</value></incidence><incidence><age>10</age><sex>0</sex><value>0.0</value></incidence><incidence><age>10</age><sex>1</sex><value>0.0</value></incidence><incidence><age>11</age><sex>0</sex><value>0.0</value></incidence><incidence><age>11</age><sex>1</sex><value>0.0</value></incidence><incidence><age>12</age><sex>0</sex><value>0.0</value></incidence><incidence><age>12</age><sex>1</sex><value>0.0</value></incidence><incidence><age>13</age><sex>0</sex><value>0.0</value></incidence><incidence><age>13</age><sex>1</sex><value>0.0</value></incidence><incidence><age>14</age><sex>0</sex><value>0.0</value></incidence><incidence><age>14</age><sex>1</sex><value>0.0</value></incidence><incidence><age>15</age><sex>0</sex><value>0.0</value></incidence><incidence><age>15</age><sex>1</sex><value>7.0E-7</value></incidence><incidence><age>16</age><sex>0</sex><value>0.0</value></incidence><incidence><age>16</age><sex>1</sex><value>1.1E-6</value></incidence><incidence><age>17</age><sex>0</sex><value>0.0</value></incidence><incidence><age>17</age><sex>1</sex><value>1.8E-6</value></incidence><incidence><age>18</age><sex>0</sex><value>0.0</value></incidence><incidence><age>18</age><sex>1</sex><value>2.9E-6</value></incidence><incidence><age>19</age><sex>0</sex><value>0.0</value></incidence><incidence><age>19</age><sex>1</sex><value>4.3E-6</value></incidence><incidence><age>20</age><sex>0</sex><value>0.0</value></incidence><incidence><age>20</age><sex>1</sex><value>6.5E-6</value></incidence><incidence><age>21</age><sex>0</sex><value>0.0</value></incidence><incidence><age>21</age><sex>1</sex><value>9.4E-6</value></incidence><incidence><age>22</age><sex>0</sex><value>0.0</value></incidence><incidence><age>22</age><sex>1</sex><value>1.33E-5</value></incidence><incidence><age>23</age><sex>0</sex><value>0.0</value></incidence><incidence><age>23</age><sex>1</sex><value>1.85E-5</value></incidence><incidence><age>24</age><sex>0</sex><value>0.0</value></incidence><incidence><age>24</age><sex>1</sex><value>2.56E-5</value></incidence><incidence><age>25</age><sex>0</sex><value>0.0</value></incidence><incidence><age>25</age><sex>1</sex><value>3.54E-5</value></incidence><incidence><age>26</age><sex>0</sex><value>0.0</value></incidence><incidence><age>26</age><sex>1</sex><value>4.87E-5</value></incidence><incidence><age>27</age><sex>0</sex><value>0.0</value></incidence><incidence><age>27</age><sex>1</sex><value>6.62E-5</value></incidence><incidence><age>28</age><sex>0</sex><value>0.0</value></incidence><incidence><age>28</age><sex>1</sex><value>8.84E-5</value></incidence><incidence><age>29</age><sex>0</sex><value>0.0</value></incidence><incidence><age>29</age><sex>1</sex><value>1.15E-4</value></incidence><incidence><age>30</age><sex>0</sex><value>0.0</value></incidence><incidence><age>30</age><sex>1</sex><value>1.46E-4</value></incidence><incidence><age>31</age><sex>0</sex><value>0.0</value></incidence><incidence><age>31</age><sex>1</sex><value>1.81E-4</value></incidence><incidence><age>32</age><sex>0</sex><value>0.0</value></incidence><incidence><age>32</age><sex>1</sex><value>2.18E-4</value></incidence><incidence><age>33</age><sex>0</sex><value>0.0</value></incidence><incidence><age>33</age><sex>1</sex><value>2.59E-4</value></incidence><incidence><age>34</age><sex>0</sex><value>0.0</value></incidence><incidence><age>34</age><sex>1</sex><value>3.04E-4</value></incidence><incidence><age>35</age><sex>0</sex><value>0.0</value></incidence><incidence><age>35</age><sex>1</sex><value>3.54E-4</value></incidence><incidence><age>36</age><sex>0</sex><value>0.0</value></incidence><incidence><age>36</age><sex>1</sex><value>4.11E-4</value></incidence><incidence><age>37</age><sex>0</sex><value>0.0</value></incidence><incidence><age>37</age><sex>1</sex><value>4.77E-4</value></incidence><incidence><age>38</age><sex>0</sex><value>0.0</value></incidence><incidence><age>38</age><sex>1</sex><value>5.52E-4</value></incidence><incidence><age>39</age><sex>0</sex><value>0.0</value></incidence><incidence><age>39</age><sex>1</sex><value>6.36E-4</value></incidence><incidence><age>40</age><sex>0</sex><value>0.0</value></incidence><incidence><age>40</age><sex>1</sex><value>7.26E-4</value></incidence><incidence><age>41</age><sex>0</sex><value>0.0</value></incidence><incidence><age>41</age><sex>1</sex><value>8.22E-4</value></incidence><incidence><age>42</age><sex>0</sex><value>0.0</value></incidence><incidence><age>42</age><sex>1</sex><value>9.21E-4</value></incidence><incidence><age>43</age><sex>0</sex><value>0.0</value></incidence><incidence><age>43</age><sex>1</sex><value>0.001022</value></incidence><incidence><age>44</age><sex>0</sex><value>0.0</value></incidence><incidence><age>44</age><sex>1</sex><value>0.001124</value></incidence><incidence><age>45</age><sex>0</sex><value>0.0</value></incidence><incidence><age>45</age><sex>1</sex><value>0.001225</value></incidence><incidence><age>46</age><sex>0</sex><value>0.0</value></incidence><incidence><age>46</age><sex>1</sex><value>0.001326</value></incidence><incidence><age>47</age><sex>0</sex><value>0.0</value></incidence><incidence><age>47</age><sex>1</sex><value>0.001424</value></incidence><incidence><age>48</age><sex>0</sex><value>0.0</value></incidence><incidence><age>48</age><sex>1</sex><value>0.001518</value></incidence><incidence><age>49</age><sex>0</sex><value>0.0</value></incidence><incidence><age>49</age><sex>1</sex><value>0.001609</value></incidence><incidence><age>50</age><sex>0</sex><value>0.0</value></incidence><incidence><age>50</age><sex>1</sex><value>0.001696</value></incidence><incidence><age>51</age><sex>0</sex><value>0.0</value></incidence><incidence><age>51</age><sex>1</sex><value>0.001778</value></incidence><incidence><age>52</age><sex>0</sex><value>0.0</value></incidence><incidence><age>52</age><sex>1</sex><value>0.001856</value></incidence><incidence><age>53</age><sex>0</sex><value>0.0</value></incidence><incidence><age>53</age><sex>1</sex><value>0.001929</value></incidence><incidence><age>54</age><sex>0</sex><value>0.0</value></incidence><incidence><age>54</age><sex>1</sex><value>0.001999</value></incidence><incidence><age>55</age><sex>0</sex><value>0.0</value></incidence><incidence><age>55</age><sex>1</sex><value>0.002068</value></incidence><incidence><age>56</age><sex>0</sex><value>0.0</value></incidence><incidence><age>56</age><sex>1</sex><value>0.002138</value></incidence><incidence><age>57</age><sex>0</sex><value>0.0</value></incidence><incidence><age>57</age><sex>1</sex><value>0.002211</value></incidence><incidence><age>58</age><sex>0</sex><value>0.0</value></incidence><incidence><age>58</age><sex>1</sex><value>0.002287</value></incidence><incidence><age>59</age><sex>0</sex><value>0.0</value></incidence><incidence><age>59</age><sex>1</sex><value>0.002362</value></incidence><incidence><age>60</age><sex>0</sex><value>0.0</value></incidence><incidence><age>60</age><sex>1</sex><value>0.002431</value></incidence><incidence><age>61</age><sex>0</sex><value>0.0</value></incidence><incidence><age>61</age><sex>1</sex><value>0.002489</value></incidence><incidence><age>62</age><sex>0</sex><value>0.0</value></incidence><incidence><age>62</age><sex>1</sex><value>0.002531</value></incidence><incidence><age>63</age><sex>0</sex><value>0.0</value></incidence><incidence><age>63</age><sex>1</sex><value>0.002554</value></incidence><incidence><age>64</age><sex>0</sex><value>0.0</value></incidence><incidence><age>64</age><sex>1</sex><value>0.002562</value></incidence><incidence><age>65</age><sex>0</sex><value>0.0</value></incidence><incidence><age>65</age><sex>1</sex><value>0.002562</value></incidence><incidence><age>66</age><sex>0</sex><value>0.0</value></incidence><incidence><age>66</age><sex>1</sex><value>0.002561</value></incidence><incidence><age>67</age><sex>0</sex><value>0.0</value></incidence><incidence><age>67</age><sex>1</sex><value>0.002566</value></incidence><incidence><age>68</age><sex>0</sex><value>0.0</value></incidence><incidence><age>68</age><sex>1</sex><value>0.002582</value></incidence><incidence><age>69</age><sex>0</sex><value>0.0</value></incidence><incidence><age>69</age><sex>1</sex><value>0.00261</value></incidence><incidence><age>70</age><sex>0</sex><value>0.0</value></incidence><incidence><age>70</age><sex>1</sex><value>0.002649</value></incidence><incidence><age>71</age><sex>0</sex><value>0.0</value></incidence><incidence><age>71</age><sex>1</sex><value>0.002698</value></incidence><incidence><age>72</age><sex>0</sex><value>0.0</value></incidence><incidence><age>72</age><sex>1</sex><value>0.002757</value></incidence><incidence><age>73</age><sex>0</sex><value>0.0</value></incidence><incidence><age>73</age><sex>1</sex><value>0.002824</value></incidence><incidence><age>74</age><sex>0</sex><value>0.0</value></incidence><incidence><age>74</age><sex>1</sex><value>0.002894</value></incidence><incidence><age>75</age><sex>0</sex><value>0.0</value></incidence><incidence><age>75</age><sex>1</sex><value>0.00296</value></incidence><incidence><age>76</age><sex>0</sex><value>0.0</value></incidence><incidence><age>76</age><sex>1</sex><value>0.003016</value></incidence><incidence><age>77</age><sex>0</sex><value>0.0</value></incidence><incidence><age>77</age><sex>1</sex><value>0.003056</value></incidence><incidence><age>78</age><sex>0</sex><value>0.0</value></incidence><incidence><age>78</age><sex>1</sex><value>0.003074</value></incidence><incidence><age>79</age><sex>0</sex><value>0.0</value></incidence><incidence><age>79</age><sex>1</sex><value>0.003076</value></incidence><incidence><age>80</age><sex>0</sex><value>0.0</value></incidence><incidence><age>80</age><sex>1</sex><value>0.003066</value></incidence><incidence><age>81</age><sex>0</sex><value>0.0</value></incidence><incidence><age>81</age><sex>1</sex><value>0.00305</value></incidence><incidence><age>82</age><sex>0</sex><value>0.0</value></incidence><incidence><age>82</age><sex>1</sex><value>0.003034</value></incidence><incidence><age>83</age><sex>0</sex><value>0.0</value></incidence><incidence><age>83</age><sex>1</sex><value>0.003022</value></incidence><incidence><age>84</age><sex>0</sex><value>0.0</value></incidence><incidence><age>84</age><sex>1</sex><value>0.003015</value></incidence><incidence><age>85</age><sex>0</sex><value>0.0</value></incidence><incidence><age>85</age><sex>1</sex><value>0.003011</value></incidence><incidence><age>86</age><sex>0</sex><value>0.0</value></incidence><incidence><age>86</age><sex>1</sex><value>0.003009</value></incidence><incidence><age>87</age><sex>0</sex><value>0.0</value></incidence><incidence><age>87</age><sex>1</sex><value>0.003008</value></incidence><incidence><age>88</age><sex>0</sex><value>0.0</value></incidence><incidence><age>88</age><sex>1</sex><value>0.003007</value></incidence><incidence><age>89</age><sex>0</sex><value>0.0</value></incidence><incidence><age>89</age><sex>1</sex><value>0.003006</value></incidence><incidence><age>90</age><sex>0</sex><value>0.0</value></incidence><incidence><age>90</age><sex>1</sex><value>0.003006</value></incidence><incidence><age>91</age><sex>0</sex><value>0.0</value></incidence><incidence><age>91</age><sex>1</sex><value>0.003005</value></incidence><incidence><age>92</age><sex>0</sex><value>0.0</value></incidence><incidence><age>92</age><sex>1</sex><value>0.003005</value></incidence><incidence><age>93</age><sex>0</sex><value>0.0</value></incidence><incidence><age>93</age><sex>1</sex><value>0.003005</value></incidence><incidence><age>94</age><sex>0</sex><value>0.0</value></incidence><incidence><age>94</age><sex>1</sex><value>0.003005</value></incidence><incidence><age>95</age><sex>0</sex><value>0.0</value></incidence><incidence><age>95</age><sex>1</sex><value>0.003005</value></incidence></diseaseincidences>