<?xml version="1.0"?><diseaseprevalences><prevalence><age>0</age><sex>0</sex><percent>0.0</percent></prevalence><prevalence><age>0</age><sex>1</sex><percent>0.0</percent></prevalence><prevalence><age>1</age><sex>0</sex><percent>0.0</percent></prevalence><prevalence><age>1</age><sex>1</sex><percent>0.0</percent></prevalence><prevalence><age>2</age><sex>0</sex><percent>0.0</percent></prevalence><prevalence><age>2</age><sex>1</sex><percent>0.0</percent></prevalence><prevalence><age>3</age><sex>0</sex><percent>0.0</percent></prevalence><prevalence><age>3</age><sex>1</sex><percent>0.0</percent></prevalence><prevalence><age>4</age><sex>0</sex><percent>0.0</percent></prevalence><prevalence><age>4</age><sex>1</sex><percent>0.0</percent></prevalence><prevalence><age>5</age><sex>0</sex><percent>0.0</percent></prevalence><prevalence><age>5</age><sex>1</sex><percent>0.0</percent></prevalence><prevalence><age>6</age><sex>0</sex><percent>0.0</percent></prevalence><prevalence><age>6</age><sex>1</sex><percent>0.0</percent></prevalence><prevalence><age>7</age><sex>0</sex><percent>0.0</percent></prevalence><prevalence><age>7</age><sex>1</sex><percent>0.0</percent></prevalence><prevalence><age>8</age><sex>0</sex><percent>0.0</percent></prevalence><prevalence><age>8</age><sex>1</sex><percent>0.0</percent></prevalence><prevalence><age>9</age><sex>0</sex><percent>0.0</percent></prevalence><prevalence><age>9</age><sex>1</sex><percent>0.0</percent></prevalence><prevalence><age>10</age><sex>0</sex><percent>0.0</percent></prevalence><prevalence><age>10</age><sex>1</sex><percent>0.0</percent></prevalence><prevalence><age>11</age><sex>0</sex><percent>0.0</percent></prevalence><prevalence><age>11</age><sex>1</sex><percent>0.0</percent></prevalence><prevalence><age>12</age><sex>0</sex><percent>0.0</percent></prevalence><prevalence><age>12</age><sex>1</sex><percent>0.0</percent></prevalence><prevalence><age>13</age><sex>0</sex><percent>0.0</percent></prevalence><prevalence><age>13</age><sex>1</sex><percent>0.0</percent></prevalence><prevalence><age>14</age><sex>0</sex><percent>0.0</percent></prevalence><prevalence><age>14</age><sex>1</sex><percent>0.0</percent></prevalence><prevalence><age>15</age><sex>0</sex><percent>0.0</percent></prevalence><prevalence><age>15</age><sex>1</sex><percent>1.2E-4</percent></prevalence><prevalence><age>16</age><sex>0</sex><percent>0.0</percent></prevalence><prevalence><age>16</age><sex>1</sex><percent>1.8E-4</percent></prevalence><prevalence><age>17</age><sex>0</sex><percent>0.0</percent></prevalence><prevalence><age>17</age><sex>1</sex><percent>2.5E-4</percent></prevalence><prevalence><age>18</age><sex>0</sex><percent>0.0</percent></prevalence><prevalence><age>18</age><sex>1</sex><percent>3.3E-4</percent></prevalence><prevalence><age>19</age><sex>0</sex><percent>0.0</percent></prevalence><prevalence><age>19</age><sex>1</sex><percent>3.9E-4</percent></prevalence><prevalence><age>20</age><sex>0</sex><percent>1.0E-5</percent></prevalence><prevalence><age>20</age><sex>1</sex><percent>4.4E-4</percent></prevalence><prevalence><age>21</age><sex>0</sex><percent>1.0E-5</percent></prevalence><prevalence><age>21</age><sex>1</sex><percent>4.8E-4</percent></prevalence><prevalence><age>22</age><sex>0</sex><percent>1.0E-5</percent></prevalence><prevalence><age>22</age><sex>1</sex><percent>5.0E-4</percent></prevalence><prevalence><age>23</age><sex>0</sex><percent>1.0E-5</percent></prevalence><prevalence><age>23</age><sex>1</sex><percent>5.1E-4</percent></prevalence><prevalence><age>24</age><sex>0</sex><percent>1.0E-5</percent></prevalence><prevalence><age>24</age><sex>1</sex><percent>5.1E-4</percent></prevalence><prevalence><age>25</age><sex>0</sex><percent>1.0E-5</percent></prevalence><prevalence><age>25</age><sex>1</sex><percent>5.1E-4</percent></prevalence><prevalence><age>26</age><sex>0</sex><percent>2.0E-5</percent></prevalence><prevalence><age>26</age><sex>1</sex><percent>5.1E-4</percent></prevalence><prevalence><age>27</age><sex>0</sex><percent>4.0E-5</percent></prevalence><prevalence><age>27</age><sex>1</sex><percent>5.1E-4</percent></prevalence><prevalence><age>28</age><sex>0</sex><percent>1.1E-4</percent></prevalence><prevalence><age>28</age><sex>1</sex><percent>5.1E-4</percent></prevalence><prevalence><age>29</age><sex>0</sex><percent>2.2E-4</percent></prevalence><prevalence><age>29</age><sex>1</sex><percent>5.2E-4</percent></prevalence><prevalence><age>30</age><sex>0</sex><percent>3.6E-4</percent></prevalence><prevalence><age>30</age><sex>1</sex><percent>5.3E-4</percent></prevalence><prevalence><age>31</age><sex>0</sex><percent>5.4E-4</percent></prevalence><prevalence><age>31</age><sex>1</sex><percent>5.5E-4</percent></prevalence><prevalence><age>32</age><sex>0</sex><percent>7.3E-4</percent></prevalence><prevalence><age>32</age><sex>1</sex><percent>5.6E-4</percent></prevalence><prevalence><age>33</age><sex>0</sex><percent>9.2E-4</percent></prevalence><prevalence><age>33</age><sex>1</sex><percent>5.7E-4</percent></prevalence><prevalence><age>34</age><sex>0</sex><percent>0.00113</percent></prevalence><prevalence><age>34</age><sex>1</sex><percent>5.8E-4</percent></prevalence><prevalence><age>35</age><sex>0</sex><percent>0.00139</percent></prevalence><prevalence><age>35</age><sex>1</sex><percent>5.9E-4</percent></prevalence><prevalence><age>36</age><sex>0</sex><percent>0.00173</percent></prevalence><prevalence><age>36</age><sex>1</sex><percent>6.0E-4</percent></prevalence><prevalence><age>37</age><sex>0</sex><percent>0.00222</percent></prevalence><prevalence><age>37</age><sex>1</sex><percent>6.2E-4</percent></prevalence><prevalence><age>38</age><sex>0</sex><percent>0.0029</percent></prevalence><prevalence><age>38</age><sex>1</sex><percent>6.5E-4</percent></prevalence><prevalence><age>39</age><sex>0</sex><percent>0.00379</percent></prevalence><prevalence><age>39</age><sex>1</sex><percent>6.9E-4</percent></prevalence><prevalence><age>40</age><sex>0</sex><percent>0.00488</percent></prevalence><prevalence><age>40</age><sex>1</sex><percent>7.4E-4</percent></prevalence><prevalence><age>41</age><sex>0</sex><percent>0.00611</percent></prevalence><prevalence><age>41</age><sex>1</sex><percent>7.9E-4</percent></prevalence><prevalence><age>42</age><sex>0</sex><percent>0.00742</percent></prevalence><prevalence><age>42</age><sex>1</sex><percent>8.5E-4</percent></prevalence><prevalence><age>43</age><sex>0</sex><percent>0.00872</percent></prevalence><prevalence><age>43</age><sex>1</sex><percent>9.1E-4</percent></prevalence><prevalence><age>44</age><sex>0</sex><percent>0.00996</percent></prevalence><prevalence><age>44</age><sex>1</sex><percent>9.9E-4</percent></prevalence><prevalence><age>45</age><sex>0</sex><percent>0.01111</percent></prevalence><prevalence><age>45</age><sex>1</sex><percent>0.00112</percent></prevalence><prevalence><age>46</age><sex>0</sex><percent>0.01215</percent></prevalence><prevalence><age>46</age><sex>1</sex><percent>0.00129</percent></prevalence><prevalence><age>47</age><sex>0</sex><percent>0.01308</percent></prevalence><prevalence><age>47</age><sex>1</sex><percent>0.00153</percent></prevalence><prevalence><age>48</age><sex>0</sex><percent>0.01391</percent></prevalence><prevalence><age>48</age><sex>1</sex><percent>0.00182</percent></prevalence><prevalence><age>49</age><sex>0</sex><percent>0.01471</percent></prevalence><prevalence><age>49</age><sex>1</sex><percent>0.00213</percent></prevalence><prevalence><age>50</age><sex>0</sex><percent>0.01553</percent></prevalence><prevalence><age>50</age><sex>1</sex><percent>0.00246</percent></prevalence><prevalence><age>51</age><sex>0</sex><percent>0.01651</percent></prevalence><prevalence><age>51</age><sex>1</sex><percent>0.0028</percent></prevalence><prevalence><age>52</age><sex>0</sex><percent>0.01779</percent></prevalence><prevalence><age>52</age><sex>1</sex><percent>0.00319</percent></prevalence><prevalence><age>53</age><sex>0</sex><percent>0.01953</percent></prevalence><prevalence><age>53</age><sex>1</sex><percent>0.0037</percent></prevalence><prevalence><age>54</age><sex>0</sex><percent>0.02188</percent></prevalence><prevalence><age>54</age><sex>1</sex><percent>0.00441</percent></prevalence><prevalence><age>55</age><sex>0</sex><percent>0.02492</percent></prevalence><prevalence><age>55</age><sex>1</sex><percent>0.00538</percent></prevalence><prevalence><age>56</age><sex>0</sex><percent>0.02864</percent></prevalence><prevalence><age>56</age><sex>1</sex><percent>0.00663</percent></prevalence><prevalence><age>57</age><sex>0</sex><percent>0.03292</percent></prevalence><prevalence><age>57</age><sex>1</sex><percent>0.00816</percent></prevalence><prevalence><age>58</age><sex>0</sex><percent>0.03752</percent></prevalence><prevalence><age>58</age><sex>1</sex><percent>0.00986</percent></prevalence><prevalence><age>59</age><sex>0</sex><percent>0.04212</percent></prevalence><prevalence><age>59</age><sex>1</sex><percent>0.01153</percent></prevalence><prevalence><age>60</age><sex>0</sex><percent>0.04647</percent></prevalence><prevalence><age>60</age><sex>1</sex><percent>0.01299</percent></prevalence><prevalence><age>61</age><sex>0</sex><percent>0.05041</percent></prevalence><prevalence><age>61</age><sex>1</sex><percent>0.01411</percent></prevalence><prevalence><age>62</age><sex>0</sex><percent>0.05389</percent></prevalence><prevalence><age>62</age><sex>1</sex><percent>0.01486</percent></prevalence><prevalence><age>63</age><sex>0</sex><percent>0.05692</percent></prevalence><prevalence><age>63</age><sex>1</sex><percent>0.01534</percent></prevalence><prevalence><age>64</age><sex>0</sex><percent>0.05957</percent></prevalence><prevalence><age>64</age><sex>1</sex><percent>0.01567</percent></prevalence><prevalence><age>65</age><sex>0</sex><percent>0.06193</percent></prevalence><prevalence><age>65</age><sex>1</sex><percent>0.01597</percent></prevalence><prevalence><age>66</age><sex>0</sex><percent>0.06413</percent></prevalence><prevalence><age>66</age><sex>1</sex><percent>0.01636</percent></prevalence><prevalence><age>67</age><sex>0</sex><percent>0.06632</percent></prevalence><prevalence><age>67</age><sex>1</sex><percent>0.01689</percent></prevalence><prevalence><age>68</age><sex>0</sex><percent>0.06869</percent></prevalence><prevalence><age>68</age><sex>1</sex><percent>0.01765</percent></prevalence><prevalence><age>69</age><sex>0</sex><percent>0.07135</percent></prevalence><prevalence><age>69</age><sex>1</sex><percent>0.01864</percent></prevalence><prevalence><age>70</age><sex>0</sex><percent>0.07428</percent></prevalence><prevalence><age>70</age><sex>1</sex><percent>0.01984</percent></prevalence><prevalence><age>71</age><sex>0</sex><percent>0.07735</percent></prevalence><prevalence><age>71</age><sex>1</sex><percent>0.02117</percent></prevalence><prevalence><age>72</age><sex>0</sex><percent>0.08029</percent></prevalence><prevalence><age>72</age><sex>1</sex><percent>0.02252</percent></prevalence><prevalence><age>73</age><sex>0</sex><percent>0.0828</percent></prevalence><prevalence><age>73</age><sex>1</sex><percent>0.02374</percent></prevalence><prevalence><age>74</age><sex>0</sex><percent>0.08461</percent></prevalence><prevalence><age>74</age><sex>1</sex><percent>0.02471</percent></prevalence><prevalence><age>75</age><sex>0</sex><percent>0.08565</percent></prevalence><prevalence><age>75</age><sex>1</sex><percent>0.02537</percent></prevalence><prevalence><age>76</age><sex>0</sex><percent>0.086</percent></prevalence><prevalence><age>76</age><sex>1</sex><percent>0.02577</percent></prevalence><prevalence><age>77</age><sex>0</sex><percent>0.08587</percent></prevalence><prevalence><age>77</age><sex>1</sex><percent>0.02599</percent></prevalence><prevalence><age>78</age><sex>0</sex><percent>0.08547</percent></prevalence><prevalence><age>78</age><sex>1</sex><percent>0.02614</percent></prevalence><prevalence><age>79</age><sex>0</sex><percent>0.08498</percent></prevalence><prevalence><age>79</age><sex>1</sex><percent>0.02631</percent></prevalence><prevalence><age>80</age><sex>0</sex><percent>0.08441</percent></prevalence><prevalence><age>80</age><sex>1</sex><percent>0.02647</percent></prevalence><prevalence><age>81</age><sex>0</sex><percent>0.08367</percent></prevalence><prevalence><age>81</age><sex>1</sex><percent>0.02655</percent></prevalence><prevalence><age>82</age><sex>0</sex><percent>0.08261</percent></prevalence><prevalence><age>82</age><sex>1</sex><percent>0.02647</percent></prevalence><prevalence><age>83</age><sex>0</sex><percent>0.0811</percent></prevalence><prevalence><age>83</age><sex>1</sex><percent>0.02614</percent></prevalence><prevalence><age>84</age><sex>0</sex><percent>0.0791</percent></prevalence><prevalence><age>84</age><sex>1</sex><percent>0.02552</percent></prevalence><prevalence><age>85</age><sex>0</sex><percent>0.07675</percent></prevalence><prevalence><age>85</age><sex>1</sex><percent>0.02471</percent></prevalence><prevalence><age>86</age><sex>0</sex><percent>0.07428</percent></prevalence><prevalence><age>86</age><sex>1</sex><percent>0.02382</percent></prevalence><prevalence><age>87</age><sex>0</sex><percent>0.07193</percent></prevalence><prevalence><age>87</age><sex>1</sex><percent>0.02299</percent></prevalence><prevalence><age>88</age><sex>0</sex><percent>0.0699</percent></prevalence><prevalence><age>88</age><sex>1</sex><percent>0.0223</percent></prevalence><prevalence><age>89</age><sex>0</sex><percent>0.06822</percent></prevalence><prevalence><age>89</age><sex>1</sex><percent>0.02178</percent></prevalence><prevalence><age>90</age><sex>0</sex><percent>0.06674</percent></prevalence><prevalence><age>90</age><sex>1</sex><percent>0.02133</percent></prevalence><prevalence><age>91</age><sex>0</sex><percent>0.06523</percent></prevalence><prevalence><age>91</age><sex>1</sex><percent>0.02086</percent></prevalence><prevalence><age>92</age><sex>0</sex><percent>0.06343</percent></prevalence><prevalence><age>92</age><sex>1</sex><percent>0.02025</percent></prevalence><prevalence><age>93</age><sex>0</sex><percent>0.06115</percent></prevalence><prevalence><age>93</age><sex>1</sex><percent>0.01941</percent></prevalence><prevalence><age>94</age><sex>0</sex><percent>0.05834</percent></prevalence><prevalence><age>94</age><sex>1</sex><percent>0.01833</percent></prevalence><prevalence><age>95</age><sex>0</sex><percent>0.05079</percent></prevalence><prevalence><age>95</age><sex>1</sex><percent>0.01532</percent></prevalence></diseaseprevalences>