<?xml version="1.0"?><diseaseincidences><incidence><age>0</age><sex>0</sex><value>0.0</value></incidence><incidence><age>0</age><sex>1</sex><value>0.0</value></incidence><incidence><age>1</age><sex>0</sex><value>0.0</value></incidence><incidence><age>1</age><sex>1</sex><value>0.0</value></incidence><incidence><age>2</age><sex>0</sex><value>0.0</value></incidence><incidence><age>2</age><sex>1</sex><value>0.0</value></incidence><incidence><age>3</age><sex>0</sex><value>0.0</value></incidence><incidence><age>3</age><sex>1</sex><value>0.0</value></incidence><incidence><age>4</age><sex>0</sex><value>0.0</value></incidence><incidence><age>4</age><sex>1</sex><value>0.0</value></incidence><incidence><age>5</age><sex>0</sex><value>0.0</value></incidence><incidence><age>5</age><sex>1</sex><value>0.0</value></incidence><incidence><age>6</age><sex>0</sex><value>0.0</value></incidence><incidence><age>6</age><sex>1</sex><value>0.0</value></incidence><incidence><age>7</age><sex>0</sex><value>0.0</value></incidence><incidence><age>7</age><sex>1</sex><value>0.0</value></incidence><incidence><age>8</age><sex>0</sex><value>0.0</value></incidence><incidence><age>8</age><sex>1</sex><value>0.0</value></incidence><incidence><age>9</age><sex>0</sex><value>0.0</value></incidence><incidence><age>9</age><sex>1</sex><value>0.0</value></incidence><incidence><age>10</age><sex>0</sex><value>0.0</value></incidence><incidence><age>10</age><sex>1</sex><value>0.0</value></incidence><incidence><age>11</age><sex>0</sex><value>0.0</value></incidence><incidence><age>11</age><sex>1</sex><value>0.0</value></incidence><incidence><age>12</age><sex>0</sex><value>0.0</value></incidence><incidence><age>12</age><sex>1</sex><value>0.0</value></incidence><incidence><age>13</age><sex>0</sex><value>0.0</value></incidence><incidence><age>13</age><sex>1</sex><value>0.0</value></incidence><incidence><age>14</age><sex>0</sex><value>0.0</value></incidence><incidence><age>14</age><sex>1</sex><value>0.0</value></incidence><incidence><age>15</age><sex>0</sex><value>0.0</value></incidence><incidence><age>15</age><sex>1</sex><value>0.0</value></incidence><incidence><age>16</age><sex>0</sex><value>0.0</value></incidence><incidence><age>16</age><sex>1</sex><value>3.0E-7</value></incidence><incidence><age>17</age><sex>0</sex><value>0.0</value></incidence><incidence><age>17</age><sex>1</sex><value>8.0E-7</value></incidence><incidence><age>18</age><sex>0</sex><value>0.0</value></incidence><incidence><age>18</age><sex>1</sex><value>1.7E-6</value></incidence><incidence><age>19</age><sex>0</sex><value>0.0</value></incidence><incidence><age>19</age><sex>1</sex><value>2.9E-6</value></incidence><incidence><age>20</age><sex>0</sex><value>0.0</value></incidence><incidence><age>20</age><sex>1</sex><value>4.5E-6</value></incidence><incidence><age>21</age><sex>0</sex><value>0.0</value></incidence><incidence><age>21</age><sex>1</sex><value>6.7E-6</value></incidence><incidence><age>22</age><sex>0</sex><value>0.0</value></incidence><incidence><age>22</age><sex>1</sex><value>9.4E-6</value></incidence><incidence><age>23</age><sex>0</sex><value>0.0</value></incidence><incidence><age>23</age><sex>1</sex><value>1.27E-5</value></incidence><incidence><age>24</age><sex>0</sex><value>0.0</value></incidence><incidence><age>24</age><sex>1</sex><value>1.72E-5</value></incidence><incidence><age>25</age><sex>0</sex><value>0.0</value></incidence><incidence><age>25</age><sex>1</sex><value>2.32E-5</value></incidence><incidence><age>26</age><sex>0</sex><value>0.0</value></incidence><incidence><age>26</age><sex>1</sex><value>3.12E-5</value></incidence><incidence><age>27</age><sex>0</sex><value>0.0</value></incidence><incidence><age>27</age><sex>1</sex><value>4.17E-5</value></incidence><incidence><age>28</age><sex>0</sex><value>0.0</value></incidence><incidence><age>28</age><sex>1</sex><value>5.5E-5</value></incidence><incidence><age>29</age><sex>0</sex><value>0.0</value></incidence><incidence><age>29</age><sex>1</sex><value>7.13E-5</value></incidence><incidence><age>30</age><sex>0</sex><value>0.0</value></incidence><incidence><age>30</age><sex>1</sex><value>9.05E-5</value></incidence><incidence><age>31</age><sex>0</sex><value>0.0</value></incidence><incidence><age>31</age><sex>1</sex><value>1.13E-4</value></incidence><incidence><age>32</age><sex>0</sex><value>0.0</value></incidence><incidence><age>32</age><sex>1</sex><value>1.38E-4</value></incidence><incidence><age>33</age><sex>0</sex><value>0.0</value></incidence><incidence><age>33</age><sex>1</sex><value>1.66E-4</value></incidence><incidence><age>34</age><sex>0</sex><value>0.0</value></incidence><incidence><age>34</age><sex>1</sex><value>1.99E-4</value></incidence><incidence><age>35</age><sex>0</sex><value>0.0</value></incidence><incidence><age>35</age><sex>1</sex><value>2.37E-4</value></incidence><incidence><age>36</age><sex>0</sex><value>0.0</value></incidence><incidence><age>36</age><sex>1</sex><value>2.81E-4</value></incidence><incidence><age>37</age><sex>0</sex><value>0.0</value></incidence><incidence><age>37</age><sex>1</sex><value>3.34E-4</value></incidence><incidence><age>38</age><sex>0</sex><value>0.0</value></incidence><incidence><age>38</age><sex>1</sex><value>3.94E-4</value></incidence><incidence><age>39</age><sex>0</sex><value>0.0</value></incidence><incidence><age>39</age><sex>1</sex><value>4.63E-4</value></incidence><incidence><age>40</age><sex>0</sex><value>0.0</value></incidence><incidence><age>40</age><sex>1</sex><value>5.39E-4</value></incidence><incidence><age>41</age><sex>0</sex><value>0.0</value></incidence><incidence><age>41</age><sex>1</sex><value>6.22E-4</value></incidence><incidence><age>42</age><sex>0</sex><value>0.0</value></incidence><incidence><age>42</age><sex>1</sex><value>7.1E-4</value></incidence><incidence><age>43</age><sex>0</sex><value>0.0</value></incidence><incidence><age>43</age><sex>1</sex><value>8.02E-4</value></incidence><incidence><age>44</age><sex>0</sex><value>0.0</value></incidence><incidence><age>44</age><sex>1</sex><value>8.98E-4</value></incidence><incidence><age>45</age><sex>0</sex><value>0.0</value></incidence><incidence><age>45</age><sex>1</sex><value>9.93E-4</value></incidence><incidence><age>46</age><sex>0</sex><value>0.0</value></incidence><incidence><age>46</age><sex>1</sex><value>0.001088</value></incidence><incidence><age>47</age><sex>0</sex><value>0.0</value></incidence><incidence><age>47</age><sex>1</sex><value>0.00118</value></incidence><incidence><age>48</age><sex>0</sex><value>0.0</value></incidence><incidence><age>48</age><sex>1</sex><value>0.001266</value></incidence><incidence><age>49</age><sex>0</sex><value>0.0</value></incidence><incidence><age>49</age><sex>1</sex><value>0.001348</value></incidence><incidence><age>50</age><sex>0</sex><value>0.0</value></incidence><incidence><age>50</age><sex>1</sex><value>0.001424</value></incidence><incidence><age>51</age><sex>0</sex><value>0.0</value></incidence><incidence><age>51</age><sex>1</sex><value>0.001496</value></incidence><incidence><age>52</age><sex>0</sex><value>0.0</value></incidence><incidence><age>52</age><sex>1</sex><value>0.001563</value></incidence><incidence><age>53</age><sex>0</sex><value>0.0</value></incidence><incidence><age>53</age><sex>1</sex><value>0.001626</value></incidence><incidence><age>54</age><sex>0</sex><value>0.0</value></incidence><incidence><age>54</age><sex>1</sex><value>0.001683</value></incidence><incidence><age>55</age><sex>0</sex><value>0.0</value></incidence><incidence><age>55</age><sex>1</sex><value>0.001735</value></incidence><incidence><age>56</age><sex>0</sex><value>0.0</value></incidence><incidence><age>56</age><sex>1</sex><value>0.001782</value></incidence><incidence><age>57</age><sex>0</sex><value>0.0</value></incidence><incidence><age>57</age><sex>1</sex><value>0.001822</value></incidence><incidence><age>58</age><sex>0</sex><value>0.0</value></incidence><incidence><age>58</age><sex>1</sex><value>0.001857</value></incidence><incidence><age>59</age><sex>0</sex><value>0.0</value></incidence><incidence><age>59</age><sex>1</sex><value>0.001889</value></incidence><incidence><age>60</age><sex>0</sex><value>0.0</value></incidence><incidence><age>60</age><sex>1</sex><value>0.001923</value></incidence><incidence><age>61</age><sex>0</sex><value>0.0</value></incidence><incidence><age>61</age><sex>1</sex><value>0.001961</value></incidence><incidence><age>62</age><sex>0</sex><value>0.0</value></incidence><incidence><age>62</age><sex>1</sex><value>0.002007</value></incidence><incidence><age>63</age><sex>0</sex><value>0.0</value></incidence><incidence><age>63</age><sex>1</sex><value>0.002064</value></incidence><incidence><age>64</age><sex>0</sex><value>0.0</value></incidence><incidence><age>64</age><sex>1</sex><value>0.002128</value></incidence><incidence><age>65</age><sex>0</sex><value>0.0</value></incidence><incidence><age>65</age><sex>1</sex><value>0.002194</value></incidence><incidence><age>66</age><sex>0</sex><value>0.0</value></incidence><incidence><age>66</age><sex>1</sex><value>0.002258</value></incidence><incidence><age>67</age><sex>0</sex><value>0.0</value></incidence><incidence><age>67</age><sex>1</sex><value>0.002314</value></incidence><incidence><age>68</age><sex>0</sex><value>0.0</value></incidence><incidence><age>68</age><sex>1</sex><value>0.00236</value></incidence><incidence><age>69</age><sex>0</sex><value>0.0</value></incidence><incidence><age>69</age><sex>1</sex><value>0.002397</value></incidence><incidence><age>70</age><sex>0</sex><value>0.0</value></incidence><incidence><age>70</age><sex>1</sex><value>0.00243</value></incidence><incidence><age>71</age><sex>0</sex><value>0.0</value></incidence><incidence><age>71</age><sex>1</sex><value>0.002461</value></incidence><incidence><age>72</age><sex>0</sex><value>0.0</value></incidence><incidence><age>72</age><sex>1</sex><value>0.002495</value></incidence><incidence><age>73</age><sex>0</sex><value>0.0</value></incidence><incidence><age>73</age><sex>1</sex><value>0.002535</value></incidence><incidence><age>74</age><sex>0</sex><value>0.0</value></incidence><incidence><age>74</age><sex>1</sex><value>0.002576</value></incidence><incidence><age>75</age><sex>0</sex><value>0.0</value></incidence><incidence><age>75</age><sex>1</sex><value>0.002614</value></incidence><incidence><age>76</age><sex>0</sex><value>0.0</value></incidence><incidence><age>76</age><sex>1</sex><value>0.002646</value></incidence><incidence><age>77</age><sex>0</sex><value>0.0</value></incidence><incidence><age>77</age><sex>1</sex><value>0.002666</value></incidence><incidence><age>78</age><sex>0</sex><value>0.0</value></incidence><incidence><age>78</age><sex>1</sex><value>0.002672</value></incidence><incidence><age>79</age><sex>0</sex><value>0.0</value></incidence><incidence><age>79</age><sex>1</sex><value>0.002671</value></incidence><incidence><age>80</age><sex>0</sex><value>0.0</value></incidence><incidence><age>80</age><sex>1</sex><value>0.002674</value></incidence><incidence><age>81</age><sex>0</sex><value>0.0</value></incidence><incidence><age>81</age><sex>1</sex><value>0.002689</value></incidence><incidence><age>82</age><sex>0</sex><value>0.0</value></incidence><incidence><age>82</age><sex>1</sex><value>0.002725</value></incidence><incidence><age>83</age><sex>0</sex><value>0.0</value></incidence><incidence><age>83</age><sex>1</sex><value>0.00279</value></incidence><incidence><age>84</age><sex>0</sex><value>0.0</value></incidence><incidence><age>84</age><sex>1</sex><value>0.002873</value></incidence><incidence><age>85</age><sex>0</sex><value>0.0</value></incidence><incidence><age>85</age><sex>1</sex><value>0.002964</value></incidence><incidence><age>86</age><sex>0</sex><value>0.0</value></incidence><incidence><age>86</age><sex>1</sex><value>0.003051</value></incidence><incidence><age>87</age><sex>0</sex><value>0.0</value></incidence><incidence><age>87</age><sex>1</sex><value>0.003121</value></incidence><incidence><age>88</age><sex>0</sex><value>0.0</value></incidence><incidence><age>88</age><sex>1</sex><value>0.003166</value></incidence><incidence><age>89</age><sex>0</sex><value>0.0</value></incidence><incidence><age>89</age><sex>1</sex><value>0.003189</value></incidence><incidence><age>90</age><sex>0</sex><value>0.0</value></incidence><incidence><age>90</age><sex>1</sex><value>0.003195</value></incidence><incidence><age>91</age><sex>0</sex><value>0.0</value></incidence><incidence><age>91</age><sex>1</sex><value>0.003192</value></incidence><incidence><age>92</age><sex>0</sex><value>0.0</value></incidence><incidence><age>92</age><sex>1</sex><value>0.003184</value></incidence><incidence><age>93</age><sex>0</sex><value>0.0</value></incidence><incidence><age>93</age><sex>1</sex><value>0.003178</value></incidence><incidence><age>94</age><sex>0</sex><value>0.0</value></incidence><incidence><age>94</age><sex>1</sex><value>0.003174</value></incidence><incidence><age>95</age><sex>0</sex><value>0.0</value></incidence><incidence><age>95</age><sex>1</sex><value>0.003174</value></incidence></diseaseincidences>