<?xml version="1.0"?><diseaseprevalences><prevalence><age>0</age><sex>0</sex><percent>0.0</percent></prevalence><prevalence><age>0</age><sex>1</sex><percent>0.0</percent></prevalence><prevalence><age>1</age><sex>0</sex><percent>0.0</percent></prevalence><prevalence><age>1</age><sex>1</sex><percent>0.0</percent></prevalence><prevalence><age>2</age><sex>0</sex><percent>0.0</percent></prevalence><prevalence><age>2</age><sex>1</sex><percent>0.0</percent></prevalence><prevalence><age>3</age><sex>0</sex><percent>0.0</percent></prevalence><prevalence><age>3</age><sex>1</sex><percent>0.0</percent></prevalence><prevalence><age>4</age><sex>0</sex><percent>0.0</percent></prevalence><prevalence><age>4</age><sex>1</sex><percent>0.0</percent></prevalence><prevalence><age>5</age><sex>0</sex><percent>0.0</percent></prevalence><prevalence><age>5</age><sex>1</sex><percent>0.0</percent></prevalence><prevalence><age>6</age><sex>0</sex><percent>0.0</percent></prevalence><prevalence><age>6</age><sex>1</sex><percent>0.0</percent></prevalence><prevalence><age>7</age><sex>0</sex><percent>0.0</percent></prevalence><prevalence><age>7</age><sex>1</sex><percent>0.0</percent></prevalence><prevalence><age>8</age><sex>0</sex><percent>0.0</percent></prevalence><prevalence><age>8</age><sex>1</sex><percent>0.0</percent></prevalence><prevalence><age>9</age><sex>0</sex><percent>0.0</percent></prevalence><prevalence><age>9</age><sex>1</sex><percent>0.0</percent></prevalence><prevalence><age>10</age><sex>0</sex><percent>0.0</percent></prevalence><prevalence><age>10</age><sex>1</sex><percent>0.0</percent></prevalence><prevalence><age>11</age><sex>0</sex><percent>0.0</percent></prevalence><prevalence><age>11</age><sex>1</sex><percent>0.0</percent></prevalence><prevalence><age>12</age><sex>0</sex><percent>0.0</percent></prevalence><prevalence><age>12</age><sex>1</sex><percent>0.0</percent></prevalence><prevalence><age>13</age><sex>0</sex><percent>0.0</percent></prevalence><prevalence><age>13</age><sex>1</sex><percent>0.0</percent></prevalence><prevalence><age>14</age><sex>0</sex><percent>0.0</percent></prevalence><prevalence><age>14</age><sex>1</sex><percent>0.0</percent></prevalence><prevalence><age>15</age><sex>0</sex><percent>0.0</percent></prevalence><prevalence><age>15</age><sex>1</sex><percent>0.0</percent></prevalence><prevalence><age>16</age><sex>0</sex><percent>0.0</percent></prevalence><prevalence><age>16</age><sex>1</sex><percent>0.0</percent></prevalence><prevalence><age>17</age><sex>0</sex><percent>0.0</percent></prevalence><prevalence><age>17</age><sex>1</sex><percent>0.0</percent></prevalence><prevalence><age>18</age><sex>0</sex><percent>0.0</percent></prevalence><prevalence><age>18</age><sex>1</sex><percent>0.0</percent></prevalence><prevalence><age>19</age><sex>0</sex><percent>0.0</percent></prevalence><prevalence><age>19</age><sex>1</sex><percent>0.0</percent></prevalence><prevalence><age>20</age><sex>0</sex><percent>0.0</percent></prevalence><prevalence><age>20</age><sex>1</sex><percent>0.0</percent></prevalence><prevalence><age>21</age><sex>0</sex><percent>0.0</percent></prevalence><prevalence><age>21</age><sex>1</sex><percent>0.0</percent></prevalence><prevalence><age>22</age><sex>0</sex><percent>0.0</percent></prevalence><prevalence><age>22</age><sex>1</sex><percent>0.0</percent></prevalence><prevalence><age>23</age><sex>0</sex><percent>0.0</percent></prevalence><prevalence><age>23</age><sex>1</sex><percent>0.0</percent></prevalence><prevalence><age>24</age><sex>0</sex><percent>0.0</percent></prevalence><prevalence><age>24</age><sex>1</sex><percent>0.0</percent></prevalence><prevalence><age>25</age><sex>0</sex><percent>0.0</percent></prevalence><prevalence><age>25</age><sex>1</sex><percent>0.0</percent></prevalence><prevalence><age>26</age><sex>0</sex><percent>0.0</percent></prevalence><prevalence><age>26</age><sex>1</sex><percent>0.0</percent></prevalence><prevalence><age>27</age><sex>0</sex><percent>0.0</percent></prevalence><prevalence><age>27</age><sex>1</sex><percent>0.0</percent></prevalence><prevalence><age>28</age><sex>0</sex><percent>0.0</percent></prevalence><prevalence><age>28</age><sex>1</sex><percent>0.0</percent></prevalence><prevalence><age>29</age><sex>0</sex><percent>0.0</percent></prevalence><prevalence><age>29</age><sex>1</sex><percent>0.0</percent></prevalence><prevalence><age>30</age><sex>0</sex><percent>0.0</percent></prevalence><prevalence><age>30</age><sex>1</sex><percent>0.0</percent></prevalence><prevalence><age>31</age><sex>0</sex><percent>0.0</percent></prevalence><prevalence><age>31</age><sex>1</sex><percent>0.0</percent></prevalence><prevalence><age>32</age><sex>0</sex><percent>0.0</percent></prevalence><prevalence><age>32</age><sex>1</sex><percent>0.0</percent></prevalence><prevalence><age>33</age><sex>0</sex><percent>0.0</percent></prevalence><prevalence><age>33</age><sex>1</sex><percent>0.0</percent></prevalence><prevalence><age>34</age><sex>0</sex><percent>0.0</percent></prevalence><prevalence><age>34</age><sex>1</sex><percent>0.0</percent></prevalence><prevalence><age>35</age><sex>0</sex><percent>0.0</percent></prevalence><prevalence><age>35</age><sex>1</sex><percent>0.0</percent></prevalence><prevalence><age>36</age><sex>0</sex><percent>0.0198684</percent></prevalence><prevalence><age>36</age><sex>1</sex><percent>0.0134026</percent></prevalence><prevalence><age>37</age><sex>0</sex><percent>0.0418713</percent></prevalence><prevalence><age>37</age><sex>1</sex><percent>0.0276051</percent></prevalence><prevalence><age>38</age><sex>0</sex><percent>0.0662732</percent></prevalence><prevalence><age>38</age><sex>1</sex><percent>0.0427392</percent></prevalence><prevalence><age>39</age><sex>0</sex><percent>0.0933703</percent></prevalence><prevalence><age>39</age><sex>1</sex><percent>0.0589523</percent></prevalence><prevalence><age>40</age><sex>0</sex><percent>0.123494</percent></prevalence><prevalence><age>40</age><sex>1</sex><percent>0.0764102</percent></prevalence><prevalence><age>41</age><sex>0</sex><percent>0.1570147</percent></prevalence><prevalence><age>41</age><sex>1</sex><percent>0.0952998</percent></prevalence><prevalence><age>42</age><sex>0</sex><percent>0.1943452</percent></prevalence><prevalence><age>42</age><sex>1</sex><percent>0.1158325</percent></prevalence><prevalence><age>43</age><sex>0</sex><percent>0.235945</percent></prevalence><prevalence><age>43</age><sex>1</sex><percent>0.138248</percent></prevalence><prevalence><age>44</age><sex>0</sex><percent>0.2823239</percent></prevalence><prevalence><age>44</age><sex>1</sex><percent>0.1628179</percent></prevalence><prevalence><age>45</age><sex>0</sex><percent>0.3340467</percent></prevalence><prevalence><age>45</age><sex>1</sex><percent>0.1898512</percent></prevalence><prevalence><age>46</age><sex>0</sex><percent>0.3917371</percent></prevalence><prevalence><age>46</age><sex>1</sex><percent>0.2196985</percent></prevalence><prevalence><age>47</age><sex>0</sex><percent>0.4560823</percent></prevalence><prevalence><age>47</age><sex>1</sex><percent>0.2527584</percent></prevalence><prevalence><age>48</age><sex>0</sex><percent>0.5278365</percent></prevalence><prevalence><age>48</age><sex>1</sex><percent>0.2894831</percent></prevalence><prevalence><age>49</age><sex>0</sex><percent>0.6078253</percent></prevalence><prevalence><age>49</age><sex>1</sex><percent>0.3303858</percent></prevalence><prevalence><age>50</age><sex>0</sex><percent>0.696949</percent></prevalence><prevalence><age>50</age><sex>1</sex><percent>0.3760477</percent></prevalence><prevalence><age>51</age><sex>0</sex><percent>0.7961854</percent></prevalence><prevalence><age>51</age><sex>1</sex><percent>0.4271261</percent></prevalence><prevalence><age>52</age><sex>0</sex><percent>0.9065921</percent></prevalence><prevalence><age>52</age><sex>1</sex><percent>0.4843625</percent></prevalence><prevalence><age>53</age><sex>0</sex><percent>1.0293076</percent></prevalence><prevalence><age>53</age><sex>1</sex><percent>0.5485914</percent></prevalence><prevalence><age>54</age><sex>0</sex><percent>1.1655515</percent></prevalence><prevalence><age>54</age><sex>1</sex><percent>0.620749</percent></prevalence><prevalence><age>55</age><sex>0</sex><percent>1.3166225</percent></prevalence><prevalence><age>55</age><sex>1</sex><percent>0.7018819</percent></prevalence><prevalence><age>56</age><sex>0</sex><percent>1.4838957</percent></prevalence><prevalence><age>56</age><sex>1</sex><percent>0.7931551</percent></prevalence><prevalence><age>57</age><sex>0</sex><percent>1.6688163</percent></prevalence><prevalence><age>57</age><sex>1</sex><percent>0.8958597</percent></prevalence><prevalence><age>58</age><sex>0</sex><percent>1.8728923</percent></prevalence><prevalence><age>58</age><sex>1</sex><percent>1.0114183</percent></prevalence><prevalence><age>59</age><sex>0</sex><percent>2.0976832</percent></prevalence><prevalence><age>59</age><sex>1</sex><percent>1.1413897</percent></prevalence><prevalence><age>60</age><sex>0</sex><percent>2.3447855</percent></prevalence><prevalence><age>60</age><sex>1</sex><percent>1.2874684</percent></prevalence><prevalence><age>61</age><sex>0</sex><percent>2.6158154</percent></prevalence><prevalence><age>61</age><sex>1</sex><percent>1.4514832</percent></prevalence><prevalence><age>62</age><sex>0</sex><percent>2.912387</percent></prevalence><prevalence><age>62</age><sex>1</sex><percent>1.6353889</percent></prevalence><prevalence><age>63</age><sex>0</sex><percent>3.236085</percent></prevalence><prevalence><age>63</age><sex>1</sex><percent>1.8412514</percent></prevalence><prevalence><age>64</age><sex>0</sex><percent>3.5884352</percent></prevalence><prevalence><age>64</age><sex>1</sex><percent>2.0712278</percent></prevalence><prevalence><age>65</age><sex>0</sex><percent>3.9708674</percent></prevalence><prevalence><age>65</age><sex>1</sex><percent>2.3275344</percent></prevalence><prevalence><age>66</age><sex>0</sex><percent>4.3846755</percent></prevalence><prevalence><age>66</age><sex>1</sex><percent>2.6124072</percent></prevalence><prevalence><age>67</age><sex>0</sex><percent>4.8309712</percent></prevalence><prevalence><age>67</age><sex>1</sex><percent>2.928047</percent></prevalence><prevalence><age>68</age><sex>0</sex><percent>5.310633</percent></prevalence><prevalence><age>68</age><sex>1</sex><percent>3.2765546</percent></prevalence><prevalence><age>69</age><sex>0</sex><percent>5.8242526</percent></prevalence><prevalence><age>69</age><sex>1</sex><percent>3.65985</percent></prevalence><prevalence><age>70</age><sex>0</sex><percent>6.3720713</percent></prevalence><prevalence><age>70</age><sex>1</sex><percent>4.079574</percent></prevalence><prevalence><age>71</age><sex>0</sex><percent>6.9539204</percent></prevalence><prevalence><age>71</age><sex>1</sex><percent>4.5369787</percent></prevalence><prevalence><age>72</age><sex>0</sex><percent>7.5691514</percent></prevalence><prevalence><age>72</age><sex>1</sex><percent>5.0327973</percent></prevalence><prevalence><age>73</age><sex>0</sex><percent>8.216572</percent></prevalence><prevalence><age>73</age><sex>1</sex><percent>5.567104</percent></prevalence><prevalence><age>74</age><sex>0</sex><percent>8.894373</percent></prevalence><prevalence><age>74</age><sex>1</sex><percent>6.139159</percent></prevalence><prevalence><age>75</age><sex>0</sex><percent>9.600065</percent></prevalence><prevalence><age>75</age><sex>1</sex><percent>6.747245</percent></prevalence><prevalence><age>76</age><sex>0</sex><percent>10.330409</percent></prevalence><prevalence><age>76</age><sex>1</sex><percent>7.388499</percent></prevalence><prevalence><age>77</age><sex>0</sex><percent>11.081361</percent></prevalence><prevalence><age>77</age><sex>1</sex><percent>8.058749</percent></prevalence><prevalence><age>78</age><sex>0</sex><percent>11.848012</percent></prevalence><prevalence><age>78</age><sex>1</sex><percent>8.752358</percent></prevalence><prevalence><age>79</age><sex>0</sex><percent>12.624548</percent></prevalence><prevalence><age>79</age><sex>1</sex><percent>9.462088</percent></prevalence><prevalence><age>80</age><sex>0</sex><percent>13.404217</percent></prevalence><prevalence><age>80</age><sex>1</sex><percent>10.17899</percent></prevalence><prevalence><age>81</age><sex>0</sex><percent>14.179303</percent></prevalence><prevalence><age>81</age><sex>1</sex><percent>10.892353</percent></prevalence><prevalence><age>82</age><sex>0</sex><percent>14.941131</percent></prevalence><prevalence><age>82</age><sex>1</sex><percent>11.589695</percent></prevalence><prevalence><age>83</age><sex>0</sex><percent>15.680073</percent></prevalence><prevalence><age>83</age><sex>1</sex><percent>12.256841</percent></prevalence><prevalence><age>84</age><sex>0</sex><percent>16.385595</percent></prevalence><prevalence><age>84</age><sex>1</sex><percent>12.87809</percent></prevalence><prevalence><age>85</age><sex>0</sex><percent>17.046314</percent></prevalence><prevalence><age>85</age><sex>1</sex><percent>13.436507</percent></prevalence><prevalence><age>86</age><sex>0</sex><percent>17.650087</percent></prevalence><prevalence><age>86</age><sex>1</sex><percent>13.914344</percent></prevalence><prevalence><age>87</age><sex>0</sex><percent>18.18414</percent></prevalence><prevalence><age>87</age><sex>1</sex><percent>14.293625</percent></prevalence><prevalence><age>88</age><sex>0</sex><percent>18.635223</percent></prevalence><prevalence><age>88</age><sex>1</sex><percent>14.556914</percent></prevalence><prevalence><age>89</age><sex>0</sex><percent>18.989815</percent></prevalence><prevalence><age>89</age><sex>1</sex><percent>14.688275</percent></prevalence><prevalence><age>90</age><sex>0</sex><percent>19.234367</percent></prevalence><prevalence><age>90</age><sex>1</sex><percent>14.674431</percent></prevalence><prevalence><age>91</age><sex>0</sex><percent>19.355623</percent></prevalence><prevalence><age>91</age><sex>1</sex><percent>14.506089</percent></prevalence><prevalence><age>92</age><sex>0</sex><percent>19.340975</percent></prevalence><prevalence><age>92</age><sex>1</sex><percent>14.179382</percent></prevalence><prevalence><age>93</age><sex>0</sex><percent>19.178923</percent></prevalence><prevalence><age>93</age><sex>1</sex><percent>13.697283</percent></prevalence><prevalence><age>94</age><sex>0</sex><percent>18.859608</percent></prevalence><prevalence><age>94</age><sex>1</sex><percent>13.070814</percent></prevalence><prevalence><age>95</age><sex>0</sex><percent>18.375443</percent></prevalence><prevalence><age>95</age><sex>1</sex><percent>12.319776</percent></prevalence></diseaseprevalences>