<?xml version="1.0" encoding="UTF-8" standalone="no"?><updateRuleConfiguration><name>healthState</name><riskType>1</riskType><storeIncidence>1</storeIncidence><nCat>3</nCat><refValContinuousVariable>0.0</refValContinuousVariable><charID>4</charID><nclusters>7</nclusters><clusterInformation><clusterNumber>0</clusterNumber><startsAtDiseaseNumber>0</startsAtDiseaseNumber><numberOfDiseasesInCluster>3</numberOfDiseasesInCluster><withCuredFraction>0</withCuredFraction><diseaseOnDiseaseRelativeRiskFile>C:\DYNAMO-HIA\Tutorial_Data\Simulations\Tutorial_3\parameters\relativeRiskDiseaseOnDisease_cluster0.xml</diseaseOnDiseaseRelativeRiskFile></clusterInformation><clusterInformation><clusterNumber>1</clusterNumber><startsAtDiseaseNumber>3</startsAtDiseaseNumber><numberOfDiseasesInCluster>1</numberOfDiseasesInCluster><withCuredFraction>0</withCuredFraction></clusterInformation><clusterInformation><clusterNumber>2</clusterNumber><startsAtDiseaseNumber>4</startsAtDiseaseNumber><numberOfDiseasesInCluster>1</numberOfDiseasesInCluster><withCuredFraction>0</withCuredFraction></clusterInformation><clusterInformation><clusterNumber>3</clusterNumber><startsAtDiseaseNumber>5</startsAtDiseaseNumber><numberOfDiseasesInCluster>1</numberOfDiseasesInCluster><withCuredFraction>0</withCuredFraction></clusterInformation><clusterInformation><clusterNumber>4</clusterNumber><startsAtDiseaseNumber>6</startsAtDiseaseNumber><numberOfDiseasesInCluster>1</numberOfDiseasesInCluster><withCuredFraction>0</withCuredFraction></clusterInformation><clusterInformation><clusterNumber>5</clusterNumber><startsAtDiseaseNumber>7</startsAtDiseaseNumber><numberOfDiseasesInCluster>1</numberOfDiseasesInCluster><withCuredFraction>0</withCuredFraction></clusterInformation><clusterInformation><clusterNumber>6</clusterNumber><startsAtDiseaseNumber>8</startsAtDiseaseNumber><numberOfDiseasesInCluster>1</numberOfDiseasesInCluster><withCuredFraction>0</withCuredFraction></clusterInformation><baselineOtherMortFile>C:\DYNAMO-HIA\Tutorial_Data\Simulations\Tutorial_3\parameters\baselineOtherMort.xml</baselineOtherMortFile><relativeRiskOtherMortFile>C:\DYNAMO-HIA\Tutorial_Data\Simulations\Tutorial_3\parameters\relativeRisk_OtherMort.xml</relativeRiskOtherMortFile><disease><clusterNumber>0</clusterNumber><diseaseNumberWithinCluster>0</diseaseNumberWithinCluster><diseaseName>IHD</diseaseName><baselineIncidenceFile>C:\DYNAMO-HIA\Tutorial_Data\Simulations\Tutorial_3\parameters\baselineIncidence_0_0_IHD.xml</baselineIncidenceFile><baselineFatalIncidenceFile>C:\DYNAMO-HIA\Tutorial_Data\Simulations\Tutorial_3\parameters\baselineFatalIncidence_0_0_IHD.xml</baselineFatalIncidenceFile><attributableMortFile>C:\DYNAMO-HIA\Tutorial_Data\Simulations\Tutorial_3\parameters\attributableMort_0_0_IHD.xml</attributableMortFile><relativeRiskFile>C:\DYNAMO-HIA\Tutorial_Data\Simulations\Tutorial_3\parameters\relativeRisk_0_0_IHD.xml</relativeRiskFile></disease><disease><clusterNumber>0</clusterNumber><diseaseNumberWithinCluster>1</diseaseNumberWithinCluster><diseaseName>Stroke</diseaseName><baselineIncidenceFile>C:\DYNAMO-HIA\Tutorial_Data\Simulations\Tutorial_3\parameters\baselineIncidence_0_1_Stroke.xml</baselineIncidenceFile><baselineFatalIncidenceFile>C:\DYNAMO-HIA\Tutorial_Data\Simulations\Tutorial_3\parameters\baselineFatalIncidence_0_1_Stroke.xml</baselineFatalIncidenceFile><attributableMortFile>C:\DYNAMO-HIA\Tutorial_Data\Simulations\Tutorial_3\parameters\attributableMort_0_1_Stroke.xml</attributableMortFile><relativeRiskFile>C:\DYNAMO-HIA\Tutorial_Data\Simulations\Tutorial_3\parameters\relativeRisk_0_1_Stroke.xml</relativeRiskFile></disease><disease><clusterNumber>0</clusterNumber><diseaseNumberWithinCluster>2</diseaseNumberWithinCluster><diseaseName>Diabetes</diseaseName><baselineIncidenceFile>C:\DYNAMO-HIA\Tutorial_Data\Simulations\Tutorial_3\parameters\baselineIncidence_0_2_Diabetes.xml</baselineIncidenceFile><baselineFatalIncidenceFile>C:\DYNAMO-HIA\Tutorial_Data\Simulations\Tutorial_3\parameters\baselineFatalIncidence_0_2_Diabetes.xml</baselineFatalIncidenceFile><attributableMortFile>C:\DYNAMO-HIA\Tutorial_Data\Simulations\Tutorial_3\parameters\attributableMort_0_2_Diabetes.xml</attributableMortFile><relativeRiskFile>C:\DYNAMO-HIA\Tutorial_Data\Simulations\Tutorial_3\parameters\relativeRisk_0_2_Diabetes.xml</relativeRiskFile></disease><disease><clusterNumber>1</clusterNumber><diseaseNumberWithinCluster>0</diseaseNumberWithinCluster><diseaseName>Lung_Cancer</diseaseName><baselineIncidenceFile>C:\DYNAMO-HIA\Tutorial_Data\Simulations\Tutorial_3\parameters\baselineIncidence_1_0_Lung_Cancer.xml</baselineIncidenceFile><baselineFatalIncidenceFile>C:\DYNAMO-HIA\Tutorial_Data\Simulations\Tutorial_3\parameters\baselineFatalIncidence_1_0_Lung_Cancer.xml</baselineFatalIncidenceFile><attributableMortFile>C:\DYNAMO-HIA\Tutorial_Data\Simulations\Tutorial_3\parameters\attributableMort_1_0_Lung_Cancer.xml</attributableMortFile><relativeRiskFile>C:\DYNAMO-HIA\Tutorial_Data\Simulations\Tutorial_3\parameters\relativeRisk_1_0_Lung_Cancer.xml</relativeRiskFile></disease><disease><clusterNumber>2</clusterNumber><diseaseNumberWithinCluster>0</diseaseNumberWithinCluster><diseaseName>Oral_Cancer</diseaseName><baselineIncidenceFile>C:\DYNAMO-HIA\Tutorial_Data\Simulations\Tutorial_3\parameters\baselineIncidence_2_0_Oral_Cancer.xml</baselineIncidenceFile><baselineFatalIncidenceFile>C:\DYNAMO-HIA\Tutorial_Data\Simulations\Tutorial_3\parameters\baselineFatalIncidence_2_0_Oral_Cancer.xml</baselineFatalIncidenceFile><attributableMortFile>C:\DYNAMO-HIA\Tutorial_Data\Simulations\Tutorial_3\parameters\attributableMort_2_0_Oral_Cancer.xml</attributableMortFile><relativeRiskFile>C:\DYNAMO-HIA\Tutorial_Data\Simulations\Tutorial_3\parameters\relativeRisk_2_0_Oral_Cancer.xml</relativeRiskFile></disease><disease><clusterNumber>3</clusterNumber><diseaseNumberWithinCluster>0</diseaseNumberWithinCluster><diseaseName>Esophageal_Cancer</diseaseName><baselineIncidenceFile>C:\DYNAMO-HIA\Tutorial_Data\Simulations\Tutorial_3\parameters\baselineIncidence_3_0_Esophageal_Cancer.xml</baselineIncidenceFile><baselineFatalIncidenceFile>C:\DYNAMO-HIA\Tutorial_Data\Simulations\Tutorial_3\parameters\baselineFatalIncidence_3_0_Esophageal_Cancer.xml</baselineFatalIncidenceFile><attributableMortFile>C:\DYNAMO-HIA\Tutorial_Data\Simulations\Tutorial_3\parameters\attributableMort_3_0_Esophageal_Cancer.xml</attributableMortFile><relativeRiskFile>C:\DYNAMO-HIA\Tutorial_Data\Simulations\Tutorial_3\parameters\relativeRisk_3_0_Esophageal_Cancer.xml</relativeRiskFile></disease><disease><clusterNumber>4</clusterNumber><diseaseNumberWithinCluster>0</diseaseNumberWithinCluster><diseaseName>Colorectal_Cancer</diseaseName><baselineIncidenceFile>C:\DYNAMO-HIA\Tutorial_Data\Simulations\Tutorial_3\parameters\baselineIncidence_4_0_Colorectal_Cancer.xml</baselineIncidenceFile><baselineFatalIncidenceFile>C:\DYNAMO-HIA\Tutorial_Data\Simulations\Tutorial_3\parameters\baselineFatalIncidence_4_0_Colorectal_Cancer.xml</baselineFatalIncidenceFile><attributableMortFile>C:\DYNAMO-HIA\Tutorial_Data\Simulations\Tutorial_3\parameters\attributableMort_4_0_Colorectal_Cancer.xml</attributableMortFile><relativeRiskFile>C:\DYNAMO-HIA\Tutorial_Data\Simulations\Tutorial_3\parameters\relativeRisk_4_0_Colorectal_Cancer.xml</relativeRiskFile></disease><disease><clusterNumber>5</clusterNumber><diseaseNumberWithinCluster>0</diseaseNumberWithinCluster><diseaseName>Breast_Cancer</diseaseName><baselineIncidenceFile>C:\DYNAMO-HIA\Tutorial_Data\Simulations\Tutorial_3\parameters\baselineIncidence_5_0_Breast_Cancer.xml</baselineIncidenceFile><baselineFatalIncidenceFile>C:\DYNAMO-HIA\Tutorial_Data\Simulations\Tutorial_3\parameters\baselineFatalIncidence_5_0_Breast_Cancer.xml</baselineFatalIncidenceFile><attributableMortFile>C:\DYNAMO-HIA\Tutorial_Data\Simulations\Tutorial_3\parameters\attributableMort_5_0_Breast_Cancer.xml</attributableMortFile><relativeRiskFile>C:\DYNAMO-HIA\Tutorial_Data\Simulations\Tutorial_3\parameters\relativeRisk_5_0_Breast_Cancer.xml</relativeRiskFile></disease><disease><clusterNumber>6</clusterNumber><diseaseNumberWithinCluster>0</diseaseNumberWithinCluster><diseaseName>COPD</diseaseName><baselineIncidenceFile>C:\DYNAMO-HIA\Tutorial_Data\Simulations\Tutorial_3\parameters\baselineIncidence_6_0_COPD.xml</baselineIncidenceFile><baselineFatalIncidenceFile>C:\DYNAMO-HIA\Tutorial_Data\Simulations\Tutorial_3\parameters\baselineFatalIncidence_6_0_COPD.xml</baselineFatalIncidenceFile><attributableMortFile>C:\DYNAMO-HIA\Tutorial_Data\Simulations\Tutorial_3\parameters\attributableMort_6_0_COPD.xml</attributableMortFile><relativeRiskFile>C:\DYNAMO-HIA\Tutorial_Data\Simulations\Tutorial_3\parameters\relativeRisk_6_0_COPD.xml</relativeRiskFile></disease></updateRuleConfiguration>