<?xml version="1.0"?><diseaseincidences><incidence><age>0</age><sex>0</sex><value>0.0</value></incidence><incidence><age>0</age><sex>1</sex><value>0.0</value></incidence><incidence><age>1</age><sex>0</sex><value>0.0</value></incidence><incidence><age>1</age><sex>1</sex><value>0.0</value></incidence><incidence><age>2</age><sex>0</sex><value>0.0</value></incidence><incidence><age>2</age><sex>1</sex><value>0.0</value></incidence><incidence><age>3</age><sex>0</sex><value>0.0</value></incidence><incidence><age>3</age><sex>1</sex><value>0.0</value></incidence><incidence><age>4</age><sex>0</sex><value>0.0</value></incidence><incidence><age>4</age><sex>1</sex><value>0.0</value></incidence><incidence><age>5</age><sex>0</sex><value>0.0</value></incidence><incidence><age>5</age><sex>1</sex><value>0.0</value></incidence><incidence><age>6</age><sex>0</sex><value>0.0</value></incidence><incidence><age>6</age><sex>1</sex><value>0.0</value></incidence><incidence><age>7</age><sex>0</sex><value>0.0</value></incidence><incidence><age>7</age><sex>1</sex><value>0.0</value></incidence><incidence><age>8</age><sex>0</sex><value>0.0</value></incidence><incidence><age>8</age><sex>1</sex><value>0.0</value></incidence><incidence><age>9</age><sex>0</sex><value>0.0</value></incidence><incidence><age>9</age><sex>1</sex><value>0.0</value></incidence><incidence><age>10</age><sex>0</sex><value>0.0</value></incidence><incidence><age>10</age><sex>1</sex><value>0.0</value></incidence><incidence><age>11</age><sex>0</sex><value>0.0</value></incidence><incidence><age>11</age><sex>1</sex><value>0.0</value></incidence><incidence><age>12</age><sex>0</sex><value>0.0</value></incidence><incidence><age>12</age><sex>1</sex><value>0.0</value></incidence><incidence><age>13</age><sex>0</sex><value>0.0</value></incidence><incidence><age>13</age><sex>1</sex><value>0.0</value></incidence><incidence><age>14</age><sex>0</sex><value>0.0</value></incidence><incidence><age>14</age><sex>1</sex><value>0.0</value></incidence><incidence><age>15</age><sex>0</sex><value>0.0</value></incidence><incidence><age>15</age><sex>1</sex><value>0.0</value></incidence><incidence><age>16</age><sex>0</sex><value>0.0</value></incidence><incidence><age>16</age><sex>1</sex><value>0.0</value></incidence><incidence><age>17</age><sex>0</sex><value>0.0</value></incidence><incidence><age>17</age><sex>1</sex><value>1.0E-7</value></incidence><incidence><age>18</age><sex>0</sex><value>0.0</value></incidence><incidence><age>18</age><sex>1</sex><value>3.0E-7</value></incidence><incidence><age>19</age><sex>0</sex><value>0.0</value></incidence><incidence><age>19</age><sex>1</sex><value>5.0E-7</value></incidence><incidence><age>20</age><sex>0</sex><value>0.0</value></incidence><incidence><age>20</age><sex>1</sex><value>6.0E-7</value></incidence><incidence><age>21</age><sex>0</sex><value>0.0</value></incidence><incidence><age>21</age><sex>1</sex><value>8.0E-7</value></incidence><incidence><age>22</age><sex>0</sex><value>1.0E-7</value></incidence><incidence><age>22</age><sex>1</sex><value>8.0E-7</value></incidence><incidence><age>23</age><sex>0</sex><value>3.0E-7</value></incidence><incidence><age>23</age><sex>1</sex><value>7.0E-7</value></incidence><incidence><age>24</age><sex>0</sex><value>5.0E-7</value></incidence><incidence><age>24</age><sex>1</sex><value>6.0E-7</value></incidence><incidence><age>25</age><sex>0</sex><value>7.0E-7</value></incidence><incidence><age>25</age><sex>1</sex><value>5.0E-7</value></incidence><incidence><age>26</age><sex>0</sex><value>9.0E-7</value></incidence><incidence><age>26</age><sex>1</sex><value>3.0E-7</value></incidence><incidence><age>27</age><sex>0</sex><value>1.1E-6</value></incidence><incidence><age>27</age><sex>1</sex><value>2.0E-7</value></incidence><incidence><age>28</age><sex>0</sex><value>1.3E-6</value></incidence><incidence><age>28</age><sex>1</sex><value>3.0E-7</value></incidence><incidence><age>29</age><sex>0</sex><value>1.5E-6</value></incidence><incidence><age>29</age><sex>1</sex><value>4.0E-7</value></incidence><incidence><age>30</age><sex>0</sex><value>1.8E-6</value></incidence><incidence><age>30</age><sex>1</sex><value>6.0E-7</value></incidence><incidence><age>31</age><sex>0</sex><value>2.1E-6</value></incidence><incidence><age>31</age><sex>1</sex><value>8.0E-7</value></incidence><incidence><age>32</age><sex>0</sex><value>2.6E-6</value></incidence><incidence><age>32</age><sex>1</sex><value>1.1E-6</value></incidence><incidence><age>33</age><sex>0</sex><value>3.2E-6</value></incidence><incidence><age>33</age><sex>1</sex><value>1.4E-6</value></incidence><incidence><age>34</age><sex>0</sex><value>4.1E-6</value></incidence><incidence><age>34</age><sex>1</sex><value>1.7E-6</value></incidence><incidence><age>35</age><sex>0</sex><value>5.2E-6</value></incidence><incidence><age>35</age><sex>1</sex><value>2.1E-6</value></incidence><incidence><age>36</age><sex>0</sex><value>6.7E-6</value></incidence><incidence><age>36</age><sex>1</sex><value>2.6E-6</value></incidence><incidence><age>37</age><sex>0</sex><value>8.6E-6</value></incidence><incidence><age>37</age><sex>1</sex><value>3.2E-6</value></incidence><incidence><age>38</age><sex>0</sex><value>1.1E-5</value></incidence><incidence><age>38</age><sex>1</sex><value>3.9E-6</value></incidence><incidence><age>39</age><sex>0</sex><value>1.4E-5</value></incidence><incidence><age>39</age><sex>1</sex><value>4.9E-6</value></incidence><incidence><age>40</age><sex>0</sex><value>1.77E-5</value></incidence><incidence><age>40</age><sex>1</sex><value>6.0E-6</value></incidence><incidence><age>41</age><sex>0</sex><value>2.22E-5</value></incidence><incidence><age>41</age><sex>1</sex><value>7.4E-6</value></incidence><incidence><age>42</age><sex>0</sex><value>2.77E-5</value></incidence><incidence><age>42</age><sex>1</sex><value>9.1E-6</value></incidence><incidence><age>43</age><sex>0</sex><value>3.41E-5</value></incidence><incidence><age>43</age><sex>1</sex><value>1.1E-5</value></incidence><incidence><age>44</age><sex>0</sex><value>4.16E-5</value></incidence><incidence><age>44</age><sex>1</sex><value>1.33E-5</value></incidence><incidence><age>45</age><sex>0</sex><value>5.0E-5</value></incidence><incidence><age>45</age><sex>1</sex><value>1.59E-5</value></incidence><incidence><age>46</age><sex>0</sex><value>5.93E-5</value></incidence><incidence><age>46</age><sex>1</sex><value>1.9E-5</value></incidence><incidence><age>47</age><sex>0</sex><value>6.95E-5</value></incidence><incidence><age>47</age><sex>1</sex><value>2.25E-5</value></incidence><incidence><age>48</age><sex>0</sex><value>8.05E-5</value></incidence><incidence><age>48</age><sex>1</sex><value>2.64E-5</value></incidence><incidence><age>49</age><sex>0</sex><value>9.25E-5</value></incidence><incidence><age>49</age><sex>1</sex><value>3.07E-5</value></incidence><incidence><age>50</age><sex>0</sex><value>1.06E-4</value></incidence><incidence><age>50</age><sex>1</sex><value>3.52E-5</value></incidence><incidence><age>51</age><sex>0</sex><value>1.2E-4</value></incidence><incidence><age>51</age><sex>1</sex><value>3.97E-5</value></incidence><incidence><age>52</age><sex>0</sex><value>1.35E-4</value></incidence><incidence><age>52</age><sex>1</sex><value>4.42E-5</value></incidence><incidence><age>53</age><sex>0</sex><value>1.52E-4</value></incidence><incidence><age>53</age><sex>1</sex><value>4.85E-5</value></incidence><incidence><age>54</age><sex>0</sex><value>1.71E-4</value></incidence><incidence><age>54</age><sex>1</sex><value>5.27E-5</value></incidence><incidence><age>55</age><sex>0</sex><value>1.9E-4</value></incidence><incidence><age>55</age><sex>1</sex><value>5.71E-5</value></incidence><incidence><age>56</age><sex>0</sex><value>2.09E-4</value></incidence><incidence><age>56</age><sex>1</sex><value>6.17E-5</value></incidence><incidence><age>57</age><sex>0</sex><value>2.29E-4</value></incidence><incidence><age>57</age><sex>1</sex><value>6.67E-5</value></incidence><incidence><age>58</age><sex>0</sex><value>2.49E-4</value></incidence><incidence><age>58</age><sex>1</sex><value>7.22E-5</value></incidence><incidence><age>59</age><sex>0</sex><value>2.69E-4</value></incidence><incidence><age>59</age><sex>1</sex><value>7.8E-5</value></incidence><incidence><age>60</age><sex>0</sex><value>2.88E-4</value></incidence><incidence><age>60</age><sex>1</sex><value>8.38E-5</value></incidence><incidence><age>61</age><sex>0</sex><value>3.08E-4</value></incidence><incidence><age>61</age><sex>1</sex><value>8.91E-5</value></incidence><incidence><age>62</age><sex>0</sex><value>3.27E-4</value></incidence><incidence><age>62</age><sex>1</sex><value>9.38E-5</value></incidence><incidence><age>63</age><sex>0</sex><value>3.46E-4</value></incidence><incidence><age>63</age><sex>1</sex><value>9.77E-5</value></incidence><incidence><age>64</age><sex>0</sex><value>3.65E-4</value></incidence><incidence><age>64</age><sex>1</sex><value>1.01E-4</value></incidence><incidence><age>65</age><sex>0</sex><value>3.85E-4</value></incidence><incidence><age>65</age><sex>1</sex><value>1.05E-4</value></incidence><incidence><age>66</age><sex>0</sex><value>4.06E-4</value></incidence><incidence><age>66</age><sex>1</sex><value>1.1E-4</value></incidence><incidence><age>67</age><sex>0</sex><value>4.29E-4</value></incidence><incidence><age>67</age><sex>1</sex><value>1.17E-4</value></incidence><incidence><age>68</age><sex>0</sex><value>4.54E-4</value></incidence><incidence><age>68</age><sex>1</sex><value>1.25E-4</value></incidence><incidence><age>69</age><sex>0</sex><value>4.81E-4</value></incidence><incidence><age>69</age><sex>1</sex><value>1.36E-4</value></incidence><incidence><age>70</age><sex>0</sex><value>5.09E-4</value></incidence><incidence><age>70</age><sex>1</sex><value>1.47E-4</value></incidence><incidence><age>71</age><sex>0</sex><value>5.37E-4</value></incidence><incidence><age>71</age><sex>1</sex><value>1.58E-4</value></incidence><incidence><age>72</age><sex>0</sex><value>5.63E-4</value></incidence><incidence><age>72</age><sex>1</sex><value>1.69E-4</value></incidence><incidence><age>73</age><sex>0</sex><value>5.87E-4</value></incidence><incidence><age>73</age><sex>1</sex><value>1.78E-4</value></incidence><incidence><age>74</age><sex>0</sex><value>6.1E-4</value></incidence><incidence><age>74</age><sex>1</sex><value>1.86E-4</value></incidence><incidence><age>75</age><sex>0</sex><value>6.31E-4</value></incidence><incidence><age>75</age><sex>1</sex><value>1.95E-4</value></incidence><incidence><age>76</age><sex>0</sex><value>6.5E-4</value></incidence><incidence><age>76</age><sex>1</sex><value>2.03E-4</value></incidence><incidence><age>77</age><sex>0</sex><value>6.68E-4</value></incidence><incidence><age>77</age><sex>1</sex><value>2.12E-4</value></incidence><incidence><age>78</age><sex>0</sex><value>6.84E-4</value></incidence><incidence><age>78</age><sex>1</sex><value>2.22E-4</value></incidence><incidence><age>79</age><sex>0</sex><value>6.98E-4</value></incidence><incidence><age>79</age><sex>1</sex><value>2.33E-4</value></incidence><incidence><age>80</age><sex>0</sex><value>7.1E-4</value></incidence><incidence><age>80</age><sex>1</sex><value>2.45E-4</value></incidence><incidence><age>81</age><sex>0</sex><value>7.19E-4</value></incidence><incidence><age>81</age><sex>1</sex><value>2.56E-4</value></incidence><incidence><age>82</age><sex>0</sex><value>7.24E-4</value></incidence><incidence><age>82</age><sex>1</sex><value>2.67E-4</value></incidence><incidence><age>83</age><sex>0</sex><value>7.26E-4</value></incidence><incidence><age>83</age><sex>1</sex><value>2.76E-4</value></incidence><incidence><age>84</age><sex>0</sex><value>7.25E-4</value></incidence><incidence><age>84</age><sex>1</sex><value>2.84E-4</value></incidence><incidence><age>85</age><sex>0</sex><value>7.22E-4</value></incidence><incidence><age>85</age><sex>1</sex><value>2.91E-4</value></incidence><incidence><age>86</age><sex>0</sex><value>7.19E-4</value></incidence><incidence><age>86</age><sex>1</sex><value>2.96E-4</value></incidence><incidence><age>87</age><sex>0</sex><value>7.17E-4</value></incidence><incidence><age>87</age><sex>1</sex><value>3.01E-4</value></incidence><incidence><age>88</age><sex>0</sex><value>7.17E-4</value></incidence><incidence><age>88</age><sex>1</sex><value>3.04E-4</value></incidence><incidence><age>89</age><sex>0</sex><value>7.17E-4</value></incidence><incidence><age>89</age><sex>1</sex><value>3.07E-4</value></incidence><incidence><age>90</age><sex>0</sex><value>7.18E-4</value></incidence><incidence><age>90</age><sex>1</sex><value>3.08E-4</value></incidence><incidence><age>91</age><sex>0</sex><value>7.18E-4</value></incidence><incidence><age>91</age><sex>1</sex><value>3.08E-4</value></incidence><incidence><age>92</age><sex>0</sex><value>7.16E-4</value></incidence><incidence><age>92</age><sex>1</sex><value>3.07E-4</value></incidence><incidence><age>93</age><sex>0</sex><value>7.12E-4</value></incidence><incidence><age>93</age><sex>1</sex><value>3.05E-4</value></incidence><incidence><age>94</age><sex>0</sex><value>7.06E-4</value></incidence><incidence><age>94</age><sex>1</sex><value>3.03E-4</value></incidence><incidence><age>95</age><sex>0</sex><value>6.82E-4</value></incidence><incidence><age>95</age><sex>1</sex><value>2.93E-4</value></incidence></diseaseincidences>