<?xml version="1.0"?><diseaseincidences><incidence><age>0</age><sex>0</sex><value>0.0</value></incidence><incidence><age>0</age><sex>1</sex><value>0.0</value></incidence><incidence><age>1</age><sex>0</sex><value>0.0</value></incidence><incidence><age>1</age><sex>1</sex><value>0.0</value></incidence><incidence><age>2</age><sex>0</sex><value>0.0</value></incidence><incidence><age>2</age><sex>1</sex><value>0.0</value></incidence><incidence><age>3</age><sex>0</sex><value>0.0</value></incidence><incidence><age>3</age><sex>1</sex><value>0.0</value></incidence><incidence><age>4</age><sex>0</sex><value>0.0</value></incidence><incidence><age>4</age><sex>1</sex><value>0.0</value></incidence><incidence><age>5</age><sex>0</sex><value>0.0</value></incidence><incidence><age>5</age><sex>1</sex><value>0.0</value></incidence><incidence><age>6</age><sex>0</sex><value>0.0</value></incidence><incidence><age>6</age><sex>1</sex><value>0.0</value></incidence><incidence><age>7</age><sex>0</sex><value>0.0</value></incidence><incidence><age>7</age><sex>1</sex><value>0.0</value></incidence><incidence><age>8</age><sex>0</sex><value>0.0</value></incidence><incidence><age>8</age><sex>1</sex><value>0.0</value></incidence><incidence><age>9</age><sex>0</sex><value>0.0</value></incidence><incidence><age>9</age><sex>1</sex><value>0.0</value></incidence><incidence><age>10</age><sex>0</sex><value>0.0</value></incidence><incidence><age>10</age><sex>1</sex><value>0.0</value></incidence><incidence><age>11</age><sex>0</sex><value>0.0</value></incidence><incidence><age>11</age><sex>1</sex><value>0.0</value></incidence><incidence><age>12</age><sex>0</sex><value>0.0</value></incidence><incidence><age>12</age><sex>1</sex><value>0.0</value></incidence><incidence><age>13</age><sex>0</sex><value>0.0</value></incidence><incidence><age>13</age><sex>1</sex><value>0.0</value></incidence><incidence><age>14</age><sex>0</sex><value>0.0</value></incidence><incidence><age>14</age><sex>1</sex><value>0.0</value></incidence><incidence><age>15</age><sex>0</sex><value>1.2E-6</value></incidence><incidence><age>15</age><sex>1</sex><value>6.0E-7</value></incidence><incidence><age>16</age><sex>0</sex><value>1.4E-6</value></incidence><incidence><age>16</age><sex>1</sex><value>8.0E-7</value></incidence><incidence><age>17</age><sex>0</sex><value>1.7E-6</value></incidence><incidence><age>17</age><sex>1</sex><value>1.0E-6</value></incidence><incidence><age>18</age><sex>0</sex><value>2.4E-6</value></incidence><incidence><age>18</age><sex>1</sex><value>1.1E-6</value></incidence><incidence><age>19</age><sex>0</sex><value>3.3E-6</value></incidence><incidence><age>19</age><sex>1</sex><value>1.3E-6</value></incidence><incidence><age>20</age><sex>0</sex><value>4.6E-6</value></incidence><incidence><age>20</age><sex>1</sex><value>1.6E-6</value></incidence><incidence><age>21</age><sex>0</sex><value>6.0E-6</value></incidence><incidence><age>21</age><sex>1</sex><value>2.2E-6</value></incidence><incidence><age>22</age><sex>0</sex><value>7.7E-6</value></incidence><incidence><age>22</age><sex>1</sex><value>3.2E-6</value></incidence><incidence><age>23</age><sex>0</sex><value>9.6E-6</value></incidence><incidence><age>23</age><sex>1</sex><value>4.6E-6</value></incidence><incidence><age>24</age><sex>0</sex><value>1.18E-5</value></incidence><incidence><age>24</age><sex>1</sex><value>6.5E-6</value></incidence><incidence><age>25</age><sex>0</sex><value>1.42E-5</value></incidence><incidence><age>25</age><sex>1</sex><value>8.6E-6</value></incidence><incidence><age>26</age><sex>0</sex><value>1.69E-5</value></incidence><incidence><age>26</age><sex>1</sex><value>1.1E-5</value></incidence><incidence><age>27</age><sex>0</sex><value>2.0E-5</value></incidence><incidence><age>27</age><sex>1</sex><value>1.35E-5</value></incidence><incidence><age>28</age><sex>0</sex><value>2.34E-5</value></incidence><incidence><age>28</age><sex>1</sex><value>1.61E-5</value></incidence><incidence><age>29</age><sex>0</sex><value>2.71E-5</value></incidence><incidence><age>29</age><sex>1</sex><value>1.9E-5</value></incidence><incidence><age>30</age><sex>0</sex><value>3.12E-5</value></incidence><incidence><age>30</age><sex>1</sex><value>2.22E-5</value></incidence><incidence><age>31</age><sex>0</sex><value>3.55E-5</value></incidence><incidence><age>31</age><sex>1</sex><value>2.6E-5</value></incidence><incidence><age>32</age><sex>0</sex><value>4.02E-5</value></incidence><incidence><age>32</age><sex>1</sex><value>3.05E-5</value></incidence><incidence><age>33</age><sex>0</sex><value>4.51E-5</value></incidence><incidence><age>33</age><sex>1</sex><value>3.58E-5</value></incidence><incidence><age>34</age><sex>0</sex><value>5.07E-5</value></incidence><incidence><age>34</age><sex>1</sex><value>4.2E-5</value></incidence><incidence><age>35</age><sex>0</sex><value>5.72E-5</value></incidence><incidence><age>35</age><sex>1</sex><value>4.91E-5</value></incidence><incidence><age>36</age><sex>0</sex><value>6.52E-5</value></incidence><incidence><age>36</age><sex>1</sex><value>5.71E-5</value></incidence><incidence><age>37</age><sex>0</sex><value>7.48E-5</value></incidence><incidence><age>37</age><sex>1</sex><value>6.6E-5</value></incidence><incidence><age>38</age><sex>0</sex><value>8.66E-5</value></incidence><incidence><age>38</age><sex>1</sex><value>7.58E-5</value></incidence><incidence><age>39</age><sex>0</sex><value>1.01E-4</value></incidence><incidence><age>39</age><sex>1</sex><value>8.68E-5</value></incidence><incidence><age>40</age><sex>0</sex><value>1.16E-4</value></incidence><incidence><age>40</age><sex>1</sex><value>9.93E-5</value></incidence><incidence><age>41</age><sex>0</sex><value>1.34E-4</value></incidence><incidence><age>41</age><sex>1</sex><value>1.14E-4</value></incidence><incidence><age>42</age><sex>0</sex><value>1.54E-4</value></incidence><incidence><age>42</age><sex>1</sex><value>1.3E-4</value></incidence><incidence><age>43</age><sex>0</sex><value>1.76E-4</value></incidence><incidence><age>43</age><sex>1</sex><value>1.49E-4</value></incidence><incidence><age>44</age><sex>0</sex><value>2.01E-4</value></incidence><incidence><age>44</age><sex>1</sex><value>1.69E-4</value></incidence><incidence><age>45</age><sex>0</sex><value>2.28E-4</value></incidence><incidence><age>45</age><sex>1</sex><value>1.92E-4</value></incidence><incidence><age>46</age><sex>0</sex><value>2.58E-4</value></incidence><incidence><age>46</age><sex>1</sex><value>2.18E-4</value></incidence><incidence><age>47</age><sex>0</sex><value>2.91E-4</value></incidence><incidence><age>47</age><sex>1</sex><value>2.45E-4</value></incidence><incidence><age>48</age><sex>0</sex><value>3.28E-4</value></incidence><incidence><age>48</age><sex>1</sex><value>2.74E-4</value></incidence><incidence><age>49</age><sex>0</sex><value>3.69E-4</value></incidence><incidence><age>49</age><sex>1</sex><value>3.04E-4</value></incidence><incidence><age>50</age><sex>0</sex><value>4.15E-4</value></incidence><incidence><age>50</age><sex>1</sex><value>3.34E-4</value></incidence><incidence><age>51</age><sex>0</sex><value>4.65E-4</value></incidence><incidence><age>51</age><sex>1</sex><value>3.65E-4</value></incidence><incidence><age>52</age><sex>0</sex><value>5.19E-4</value></incidence><incidence><age>52</age><sex>1</sex><value>3.95E-4</value></incidence><incidence><age>53</age><sex>0</sex><value>5.79E-4</value></incidence><incidence><age>53</age><sex>1</sex><value>4.24E-4</value></incidence><incidence><age>54</age><sex>0</sex><value>6.45E-4</value></incidence><incidence><age>54</age><sex>1</sex><value>4.53E-4</value></incidence><incidence><age>55</age><sex>0</sex><value>7.15E-4</value></incidence><incidence><age>55</age><sex>1</sex><value>4.83E-4</value></incidence><incidence><age>56</age><sex>0</sex><value>7.92E-4</value></incidence><incidence><age>56</age><sex>1</sex><value>5.15E-4</value></incidence><incidence><age>57</age><sex>0</sex><value>8.75E-4</value></incidence><incidence><age>57</age><sex>1</sex><value>5.51E-4</value></incidence><incidence><age>58</age><sex>0</sex><value>9.65E-4</value></incidence><incidence><age>58</age><sex>1</sex><value>5.91E-4</value></incidence><incidence><age>59</age><sex>0</sex><value>0.00106</value></incidence><incidence><age>59</age><sex>1</sex><value>6.36E-4</value></incidence><incidence><age>60</age><sex>0</sex><value>0.00116</value></incidence><incidence><age>60</age><sex>1</sex><value>6.84E-4</value></incidence><incidence><age>61</age><sex>0</sex><value>0.001264</value></incidence><incidence><age>61</age><sex>1</sex><value>7.37E-4</value></incidence><incidence><age>62</age><sex>0</sex><value>0.001371</value></incidence><incidence><age>62</age><sex>1</sex><value>7.92E-4</value></incidence><incidence><age>63</age><sex>0</sex><value>0.001481</value></incidence><incidence><age>63</age><sex>1</sex><value>8.5E-4</value></incidence><incidence><age>64</age><sex>0</sex><value>0.001592</value></incidence><incidence><age>64</age><sex>1</sex><value>9.12E-4</value></incidence><incidence><age>65</age><sex>0</sex><value>0.001704</value></incidence><incidence><age>65</age><sex>1</sex><value>9.75E-4</value></incidence><incidence><age>66</age><sex>0</sex><value>0.001816</value></incidence><incidence><age>66</age><sex>1</sex><value>0.001041</value></incidence><incidence><age>67</age><sex>0</sex><value>0.001928</value></incidence><incidence><age>67</age><sex>1</sex><value>0.001109</value></incidence><incidence><age>68</age><sex>0</sex><value>0.002037</value></incidence><incidence><age>68</age><sex>1</sex><value>0.001178</value></incidence><incidence><age>69</age><sex>0</sex><value>0.002143</value></incidence><incidence><age>69</age><sex>1</sex><value>0.001248</value></incidence><incidence><age>70</age><sex>0</sex><value>0.002243</value></incidence><incidence><age>70</age><sex>1</sex><value>0.001318</value></incidence><incidence><age>71</age><sex>0</sex><value>0.002337</value></incidence><incidence><age>71</age><sex>1</sex><value>0.001386</value></incidence><incidence><age>72</age><sex>0</sex><value>0.002422</value></incidence><incidence><age>72</age><sex>1</sex><value>0.001452</value></incidence><incidence><age>73</age><sex>0</sex><value>0.002496</value></incidence><incidence><age>73</age><sex>1</sex><value>0.001514</value></incidence><incidence><age>74</age><sex>0</sex><value>0.00256</value></incidence><incidence><age>74</age><sex>1</sex><value>0.00157</value></incidence><incidence><age>75</age><sex>0</sex><value>0.002613</value></incidence><incidence><age>75</age><sex>1</sex><value>0.001617</value></incidence><incidence><age>76</age><sex>0</sex><value>0.002654</value></incidence><incidence><age>76</age><sex>1</sex><value>0.001652</value></incidence><incidence><age>77</age><sex>0</sex><value>0.002683</value></incidence><incidence><age>77</age><sex>1</sex><value>0.001671</value></incidence><incidence><age>78</age><sex>0</sex><value>0.0027</value></incidence><incidence><age>78</age><sex>1</sex><value>0.001673</value></incidence><incidence><age>79</age><sex>0</sex><value>0.002702</value></incidence><incidence><age>79</age><sex>1</sex><value>0.001662</value></incidence><incidence><age>80</age><sex>0</sex><value>0.002685</value></incidence><incidence><age>80</age><sex>1</sex><value>0.00164</value></incidence><incidence><age>81</age><sex>0</sex><value>0.002646</value></incidence><incidence><age>81</age><sex>1</sex><value>0.001614</value></incidence><incidence><age>82</age><sex>0</sex><value>0.002581</value></incidence><incidence><age>82</age><sex>1</sex><value>0.001587</value></incidence><incidence><age>83</age><sex>0</sex><value>0.00249</value></incidence><incidence><age>83</age><sex>1</sex><value>0.001562</value></incidence><incidence><age>84</age><sex>0</sex><value>0.002383</value></incidence><incidence><age>84</age><sex>1</sex><value>0.001541</value></incidence><incidence><age>85</age><sex>0</sex><value>0.002271</value></incidence><incidence><age>85</age><sex>1</sex><value>0.001524</value></incidence><incidence><age>86</age><sex>0</sex><value>0.002167</value></incidence><incidence><age>86</age><sex>1</sex><value>0.00151</value></incidence><incidence><age>87</age><sex>0</sex><value>0.002084</value></incidence><incidence><age>87</age><sex>1</sex><value>0.0015</value></incidence><incidence><age>88</age><sex>0</sex><value>0.002031</value></incidence><incidence><age>88</age><sex>1</sex><value>0.001493</value></incidence><incidence><age>89</age><sex>0</sex><value>0.002004</value></incidence><incidence><age>89</age><sex>1</sex><value>0.00149</value></incidence><incidence><age>90</age><sex>0</sex><value>0.001996</value></incidence><incidence><age>90</age><sex>1</sex><value>0.001488</value></incidence><incidence><age>91</age><sex>0</sex><value>0.001999</value></incidence><incidence><age>91</age><sex>1</sex><value>0.001488</value></incidence><incidence><age>92</age><sex>0</sex><value>0.002007</value></incidence><incidence><age>92</age><sex>1</sex><value>0.001489</value></incidence><incidence><age>93</age><sex>0</sex><value>0.002014</value></incidence><incidence><age>93</age><sex>1</sex><value>0.001489</value></incidence><incidence><age>94</age><sex>0</sex><value>0.002019</value></incidence><incidence><age>94</age><sex>1</sex><value>0.001489</value></incidence><incidence><age>95</age><sex>0</sex><value>0.00202</value></incidence><incidence><age>95</age><sex>1</sex><value>0.001489</value></incidence></diseaseincidences>