<?xml version="1.0"?><diseaseincidences><incidence><age>0</age><sex>0</sex><value>0.0</value></incidence><incidence><age>0</age><sex>1</sex><value>0.0</value></incidence><incidence><age>1</age><sex>0</sex><value>0.0</value></incidence><incidence><age>1</age><sex>1</sex><value>0.0</value></incidence><incidence><age>2</age><sex>0</sex><value>0.0</value></incidence><incidence><age>2</age><sex>1</sex><value>0.0</value></incidence><incidence><age>3</age><sex>0</sex><value>0.0</value></incidence><incidence><age>3</age><sex>1</sex><value>0.0</value></incidence><incidence><age>4</age><sex>0</sex><value>0.0</value></incidence><incidence><age>4</age><sex>1</sex><value>0.0</value></incidence><incidence><age>5</age><sex>0</sex><value>0.0</value></incidence><incidence><age>5</age><sex>1</sex><value>0.0</value></incidence><incidence><age>6</age><sex>0</sex><value>0.0</value></incidence><incidence><age>6</age><sex>1</sex><value>0.0</value></incidence><incidence><age>7</age><sex>0</sex><value>0.0</value></incidence><incidence><age>7</age><sex>1</sex><value>0.0</value></incidence><incidence><age>8</age><sex>0</sex><value>0.0</value></incidence><incidence><age>8</age><sex>1</sex><value>0.0</value></incidence><incidence><age>9</age><sex>0</sex><value>0.0</value></incidence><incidence><age>9</age><sex>1</sex><value>0.0</value></incidence><incidence><age>10</age><sex>0</sex><value>0.0</value></incidence><incidence><age>10</age><sex>1</sex><value>0.0</value></incidence><incidence><age>11</age><sex>0</sex><value>0.0</value></incidence><incidence><age>11</age><sex>1</sex><value>0.0</value></incidence><incidence><age>12</age><sex>0</sex><value>0.0</value></incidence><incidence><age>12</age><sex>1</sex><value>0.0</value></incidence><incidence><age>13</age><sex>0</sex><value>0.0</value></incidence><incidence><age>13</age><sex>1</sex><value>0.0</value></incidence><incidence><age>14</age><sex>0</sex><value>0.0</value></incidence><incidence><age>14</age><sex>1</sex><value>0.0</value></incidence><incidence><age>15</age><sex>0</sex><value>0.0</value></incidence><incidence><age>15</age><sex>1</sex><value>0.0</value></incidence><incidence><age>16</age><sex>0</sex><value>0.0</value></incidence><incidence><age>16</age><sex>1</sex><value>0.0</value></incidence><incidence><age>17</age><sex>0</sex><value>0.0</value></incidence><incidence><age>17</age><sex>1</sex><value>0.0</value></incidence><incidence><age>18</age><sex>0</sex><value>0.0</value></incidence><incidence><age>18</age><sex>1</sex><value>0.0</value></incidence><incidence><age>19</age><sex>0</sex><value>0.0</value></incidence><incidence><age>19</age><sex>1</sex><value>0.0</value></incidence><incidence><age>20</age><sex>0</sex><value>0.0</value></incidence><incidence><age>20</age><sex>1</sex><value>0.0</value></incidence><incidence><age>21</age><sex>0</sex><value>0.0</value></incidence><incidence><age>21</age><sex>1</sex><value>0.0</value></incidence><incidence><age>22</age><sex>0</sex><value>0.0</value></incidence><incidence><age>22</age><sex>1</sex><value>0.0</value></incidence><incidence><age>23</age><sex>0</sex><value>0.0</value></incidence><incidence><age>23</age><sex>1</sex><value>0.0</value></incidence><incidence><age>24</age><sex>0</sex><value>0.0</value></incidence><incidence><age>24</age><sex>1</sex><value>0.0</value></incidence><incidence><age>25</age><sex>0</sex><value>0.0</value></incidence><incidence><age>25</age><sex>1</sex><value>0.0</value></incidence><incidence><age>26</age><sex>0</sex><value>0.0</value></incidence><incidence><age>26</age><sex>1</sex><value>0.0</value></incidence><incidence><age>27</age><sex>0</sex><value>0.0</value></incidence><incidence><age>27</age><sex>1</sex><value>0.0</value></incidence><incidence><age>28</age><sex>0</sex><value>0.0</value></incidence><incidence><age>28</age><sex>1</sex><value>0.0</value></incidence><incidence><age>29</age><sex>0</sex><value>0.0</value></incidence><incidence><age>29</age><sex>1</sex><value>0.0</value></incidence><incidence><age>30</age><sex>0</sex><value>0.0</value></incidence><incidence><age>30</age><sex>1</sex><value>0.0</value></incidence><incidence><age>31</age><sex>0</sex><value>0.0</value></incidence><incidence><age>31</age><sex>1</sex><value>0.0</value></incidence><incidence><age>32</age><sex>0</sex><value>0.0</value></incidence><incidence><age>32</age><sex>1</sex><value>0.0</value></incidence><incidence><age>33</age><sex>0</sex><value>0.0</value></incidence><incidence><age>33</age><sex>1</sex><value>0.0</value></incidence><incidence><age>34</age><sex>0</sex><value>0.0</value></incidence><incidence><age>34</age><sex>1</sex><value>0.0</value></incidence><incidence><age>35</age><sex>0</sex><value>2.741E-4</value></incidence><incidence><age>35</age><sex>1</sex><value>1.747E-4</value></incidence><incidence><age>36</age><sex>0</sex><value>3.001E-4</value></incidence><incidence><age>36</age><sex>1</sex><value>1.868E-4</value></incidence><incidence><age>37</age><sex>0</sex><value>3.292E-4</value></incidence><incidence><age>37</age><sex>1</sex><value>2.005E-4</value></incidence><incidence><age>38</age><sex>0</sex><value>3.617E-4</value></incidence><incidence><age>38</age><sex>1</sex><value>2.161E-4</value></incidence><incidence><age>39</age><sex>0</sex><value>3.981E-4</value></incidence><incidence><age>39</age><sex>1</sex><value>2.337E-4</value></incidence><incidence><age>40</age><sex>0</sex><value>4.387E-4</value></incidence><incidence><age>40</age><sex>1</sex><value>2.536E-4</value></incidence><incidence><age>41</age><sex>0</sex><value>4.84E-4</value></incidence><incidence><age>41</age><sex>1</sex><value>2.761E-4</value></incidence><incidence><age>42</age><sex>0</sex><value>5.346E-4</value></incidence><incidence><age>42</age><sex>1</sex><value>3.016E-4</value></incidence><incidence><age>43</age><sex>0</sex><value>5.912E-4</value></incidence><incidence><age>43</age><sex>1</sex><value>3.304E-4</value></incidence><incidence><age>44</age><sex>0</sex><value>6.542E-4</value></incidence><incidence><age>44</age><sex>1</sex><value>3.628E-4</value></incidence><incidence><age>45</age><sex>0</sex><value>7.245E-4</value></incidence><incidence><age>45</age><sex>1</sex><value>3.995E-4</value></incidence><incidence><age>46</age><sex>0</sex><value>8.029E-4</value></incidence><incidence><age>46</age><sex>1</sex><value>4.409E-4</value></incidence><incidence><age>47</age><sex>0</sex><value>8.901E-4</value></incidence><incidence><age>47</age><sex>1</sex><value>4.876E-4</value></incidence><incidence><age>48</age><sex>0</sex><value>9.871E-4</value></incidence><incidence><age>48</age><sex>1</sex><value>5.403E-4</value></incidence><incidence><age>49</age><sex>0</sex><value>0.001095</value></incidence><incidence><age>49</age><sex>1</sex><value>5.997E-4</value></incidence><incidence><age>50</age><sex>0</sex><value>0.0012147</value></incidence><incidence><age>50</age><sex>1</sex><value>6.666E-4</value></incidence><incidence><age>51</age><sex>0</sex><value>0.0013473</value></incidence><incidence><age>51</age><sex>1</sex><value>7.42E-4</value></incidence><incidence><age>52</age><sex>0</sex><value>0.0014942</value></incidence><incidence><age>52</age><sex>1</sex><value>8.268E-4</value></incidence><incidence><age>53</age><sex>0</sex><value>0.0016565</value></incidence><incidence><age>53</age><sex>1</sex><value>9.222E-4</value></incidence><incidence><age>54</age><sex>0</sex><value>0.0018356</value></incidence><incidence><age>54</age><sex>1</sex><value>0.0010293</value></incidence><incidence><age>55</age><sex>0</sex><value>0.0020328</value></incidence><incidence><age>55</age><sex>1</sex><value>0.0011495</value></incidence><incidence><age>56</age><sex>0</sex><value>0.0022495</value></incidence><incidence><age>56</age><sex>1</sex><value>0.0012841</value></incidence><incidence><age>57</age><sex>0</sex><value>0.0024872</value></incidence><incidence><age>57</age><sex>1</sex><value>0.0014347</value></incidence><incidence><age>58</age><sex>0</sex><value>0.0027472</value></incidence><incidence><age>58</age><sex>1</sex><value>0.0016029</value></incidence><incidence><age>59</age><sex>0</sex><value>0.0030309</value></incidence><incidence><age>59</age><sex>1</sex><value>0.0017904</value></incidence><incidence><age>60</age><sex>0</sex><value>0.0033398</value></incidence><incidence><age>60</age><sex>1</sex><value>0.0019988</value></incidence><incidence><age>61</age><sex>0</sex><value>0.0036749</value></incidence><incidence><age>61</age><sex>1</sex><value>0.0022301</value></incidence><incidence><age>62</age><sex>0</sex><value>0.0040374</value></incidence><incidence><age>62</age><sex>1</sex><value>0.0024861</value></incidence><incidence><age>63</age><sex>0</sex><value>0.0044283</value></incidence><incidence><age>63</age><sex>1</sex><value>0.0027686</value></incidence><incidence><age>64</age><sex>0</sex><value>0.0048483</value></incidence><incidence><age>64</age><sex>1</sex><value>0.0030794</value></incidence><incidence><age>65</age><sex>0</sex><value>0.0052978</value></incidence><incidence><age>65</age><sex>1</sex><value>0.0034202</value></incidence><incidence><age>66</age><sex>0</sex><value>0.0057771</value></incidence><incidence><age>66</age><sex>1</sex><value>0.0037925</value></incidence><incidence><age>67</age><sex>0</sex><value>0.0062858</value></incidence><incidence><age>67</age><sex>1</sex><value>0.0041976</value></incidence><incidence><age>68</age><sex>0</sex><value>0.0068234</value></incidence><incidence><age>68</age><sex>1</sex><value>0.0046367</value></incidence><incidence><age>69</age><sex>0</sex><value>0.0073886</value></incidence><incidence><age>69</age><sex>1</sex><value>0.0051104</value></incidence><incidence><age>70</age><sex>0</sex><value>0.0079799</value></incidence><incidence><age>70</age><sex>1</sex><value>0.0056189</value></incidence><incidence><age>71</age><sex>0</sex><value>0.0085949</value></incidence><incidence><age>71</age><sex>1</sex><value>0.0061618</value></incidence><incidence><age>72</age><sex>0</sex><value>0.0092308</value></incidence><incidence><age>72</age><sex>1</sex><value>0.0067384</value></incidence><incidence><age>73</age><sex>0</sex><value>0.009884</value></incidence><incidence><age>73</age><sex>1</sex><value>0.0073467</value></incidence><incidence><age>74</age><sex>0</sex><value>0.0105502</value></incidence><incidence><age>74</age><sex>1</sex><value>0.0079845</value></incidence><incidence><age>75</age><sex>0</sex><value>0.0112246</value></incidence><incidence><age>75</age><sex>1</sex><value>0.0086481</value></incidence><incidence><age>76</age><sex>0</sex><value>0.0119015</value></incidence><incidence><age>76</age><sex>1</sex><value>0.0093334</value></incidence><incidence><age>77</age><sex>0</sex><value>0.0125747</value></incidence><incidence><age>77</age><sex>1</sex><value>0.0100349</value></incidence><incidence><age>78</age><sex>0</sex><value>0.0132372</value></incidence><incidence><age>78</age><sex>1</sex><value>0.0107462</value></incidence><incidence><age>79</age><sex>0</sex><value>0.0138818</value></incidence><incidence><age>79</age><sex>1</sex><value>0.01146</value></incidence><incidence><age>80</age><sex>0</sex><value>0.0145005</value></incidence><incidence><age>80</age><sex>1</sex><value>0.0121678</value></incidence><incidence><age>81</age><sex>0</sex><value>0.0150852</value></incidence><incidence><age>81</age><sex>1</sex><value>0.0128604</value></incidence><incidence><age>82</age><sex>0</sex><value>0.0156277</value></incidence><incidence><age>82</age><sex>1</sex><value>0.0135277</value></incidence><incidence><age>83</age><sex>0</sex><value>0.0161196</value></incidence><incidence><age>83</age><sex>1</sex><value>0.0141592</value></incidence><incidence><age>84</age><sex>0</sex><value>0.0165528</value></incidence><incidence><age>84</age><sex>1</sex><value>0.0147439</value></incidence><incidence><age>85</age><sex>0</sex><value>0.0169195</value></incidence><incidence><age>85</age><sex>1</sex><value>0.0152707</value></incidence><incidence><age>86</age><sex>0</sex><value>0.0172126</value></incidence><incidence><age>86</age><sex>1</sex><value>0.0157287</value></incidence><incidence><age>87</age><sex>0</sex><value>0.0174258</value></incidence><incidence><age>87</age><sex>1</sex><value>0.0161076</value></incidence><incidence><age>88</age><sex>0</sex><value>0.0175534</value></incidence><incidence><age>88</age><sex>1</sex><value>0.0163978</value></incidence><incidence><age>89</age><sex>0</sex><value>0.0175914</value></incidence><incidence><age>89</age><sex>1</sex><value>0.016591</value></incidence><incidence><age>90</age><sex>0</sex><value>0.0175368</value></incidence><incidence><age>90</age><sex>1</sex><value>0.0166804</value></incidence><incidence><age>91</age><sex>0</sex><value>0.0173881</value></incidence><incidence><age>91</age><sex>1</sex><value>0.016661</value></incidence><incidence><age>92</age><sex>0</sex><value>0.0171455</value></incidence><incidence><age>92</age><sex>1</sex><value>0.0165301</value></incidence><incidence><age>93</age><sex>0</sex><value>0.0168106</value></incidence><incidence><age>93</age><sex>1</sex><value>0.0162869</value></incidence><incidence><age>94</age><sex>0</sex><value>0.0163868</value></incidence><incidence><age>94</age><sex>1</sex><value>0.0159333</value></incidence><incidence><age>95</age><sex>0</sex><value>0.0158792</value></incidence><incidence><age>95</age><sex>1</sex><value>0.0154738</value></incidence></diseaseincidences>