<?xml version="1.0"?><diseaseprevalences><prevalence><age>0</age><sex>0</sex><percent>0.0</percent></prevalence><prevalence><age>0</age><sex>1</sex><percent>0.0</percent></prevalence><prevalence><age>1</age><sex>0</sex><percent>0.0</percent></prevalence><prevalence><age>1</age><sex>1</sex><percent>0.0</percent></prevalence><prevalence><age>2</age><sex>0</sex><percent>0.0</percent></prevalence><prevalence><age>2</age><sex>1</sex><percent>0.0</percent></prevalence><prevalence><age>3</age><sex>0</sex><percent>0.0</percent></prevalence><prevalence><age>3</age><sex>1</sex><percent>0.0</percent></prevalence><prevalence><age>4</age><sex>0</sex><percent>0.0</percent></prevalence><prevalence><age>4</age><sex>1</sex><percent>0.0</percent></prevalence><prevalence><age>5</age><sex>0</sex><percent>0.0</percent></prevalence><prevalence><age>5</age><sex>1</sex><percent>0.0</percent></prevalence><prevalence><age>6</age><sex>0</sex><percent>0.0</percent></prevalence><prevalence><age>6</age><sex>1</sex><percent>0.0</percent></prevalence><prevalence><age>7</age><sex>0</sex><percent>0.0</percent></prevalence><prevalence><age>7</age><sex>1</sex><percent>0.0</percent></prevalence><prevalence><age>8</age><sex>0</sex><percent>0.0</percent></prevalence><prevalence><age>8</age><sex>1</sex><percent>0.0</percent></prevalence><prevalence><age>9</age><sex>0</sex><percent>0.0</percent></prevalence><prevalence><age>9</age><sex>1</sex><percent>0.0</percent></prevalence><prevalence><age>10</age><sex>0</sex><percent>0.0</percent></prevalence><prevalence><age>10</age><sex>1</sex><percent>0.0</percent></prevalence><prevalence><age>11</age><sex>0</sex><percent>0.0</percent></prevalence><prevalence><age>11</age><sex>1</sex><percent>0.0</percent></prevalence><prevalence><age>12</age><sex>0</sex><percent>0.0</percent></prevalence><prevalence><age>12</age><sex>1</sex><percent>0.0</percent></prevalence><prevalence><age>13</age><sex>0</sex><percent>0.0</percent></prevalence><prevalence><age>13</age><sex>1</sex><percent>0.0</percent></prevalence><prevalence><age>14</age><sex>0</sex><percent>0.0</percent></prevalence><prevalence><age>14</age><sex>1</sex><percent>0.0</percent></prevalence><prevalence><age>15</age><sex>0</sex><percent>1.4E-4</percent></prevalence><prevalence><age>15</age><sex>1</sex><percent>1.1E-4</percent></prevalence><prevalence><age>16</age><sex>0</sex><percent>1.8E-4</percent></prevalence><prevalence><age>16</age><sex>1</sex><percent>1.8E-4</percent></prevalence><prevalence><age>17</age><sex>0</sex><percent>2.5E-4</percent></prevalence><prevalence><age>17</age><sex>1</sex><percent>2.6E-4</percent></prevalence><prevalence><age>18</age><sex>0</sex><percent>3.4E-4</percent></prevalence><prevalence><age>18</age><sex>1</sex><percent>3.4E-4</percent></prevalence><prevalence><age>19</age><sex>0</sex><percent>4.7E-4</percent></prevalence><prevalence><age>19</age><sex>1</sex><percent>4.1E-4</percent></prevalence><prevalence><age>20</age><sex>0</sex><percent>6.1E-4</percent></prevalence><prevalence><age>20</age><sex>1</sex><percent>4.7E-4</percent></prevalence><prevalence><age>21</age><sex>0</sex><percent>7.8E-4</percent></prevalence><prevalence><age>21</age><sex>1</sex><percent>5.1E-4</percent></prevalence><prevalence><age>22</age><sex>0</sex><percent>9.8E-4</percent></prevalence><prevalence><age>22</age><sex>1</sex><percent>5.4E-4</percent></prevalence><prevalence><age>23</age><sex>0</sex><percent>0.00118</percent></prevalence><prevalence><age>23</age><sex>1</sex><percent>5.7E-4</percent></prevalence><prevalence><age>24</age><sex>0</sex><percent>0.00139</percent></prevalence><prevalence><age>24</age><sex>1</sex><percent>6.0E-4</percent></prevalence><prevalence><age>25</age><sex>0</sex><percent>0.00161</percent></prevalence><prevalence><age>25</age><sex>1</sex><percent>6.6E-4</percent></prevalence><prevalence><age>26</age><sex>0</sex><percent>0.00185</percent></prevalence><prevalence><age>26</age><sex>1</sex><percent>7.5E-4</percent></prevalence><prevalence><age>27</age><sex>0</sex><percent>0.0021</percent></prevalence><prevalence><age>27</age><sex>1</sex><percent>8.8E-4</percent></prevalence><prevalence><age>28</age><sex>0</sex><percent>0.00236</percent></prevalence><prevalence><age>28</age><sex>1</sex><percent>0.00107</percent></prevalence><prevalence><age>29</age><sex>0</sex><percent>0.0026</percent></prevalence><prevalence><age>29</age><sex>1</sex><percent>0.00133</percent></prevalence><prevalence><age>30</age><sex>0</sex><percent>0.00284</percent></prevalence><prevalence><age>30</age><sex>1</sex><percent>0.00169</percent></prevalence><prevalence><age>31</age><sex>0</sex><percent>0.00305</percent></prevalence><prevalence><age>31</age><sex>1</sex><percent>0.00218</percent></prevalence><prevalence><age>32</age><sex>0</sex><percent>0.00326</percent></prevalence><prevalence><age>32</age><sex>1</sex><percent>0.00285</percent></prevalence><prevalence><age>33</age><sex>0</sex><percent>0.00348</percent></prevalence><prevalence><age>33</age><sex>1</sex><percent>0.00377</percent></prevalence><prevalence><age>34</age><sex>0</sex><percent>0.00372</percent></prevalence><prevalence><age>34</age><sex>1</sex><percent>0.00502</percent></prevalence><prevalence><age>35</age><sex>0</sex><percent>0.00402</percent></prevalence><prevalence><age>35</age><sex>1</sex><percent>0.00667</percent></prevalence><prevalence><age>36</age><sex>0</sex><percent>0.00441</percent></prevalence><prevalence><age>36</age><sex>1</sex><percent>0.0088</percent></prevalence><prevalence><age>37</age><sex>0</sex><percent>0.00492</percent></prevalence><prevalence><age>37</age><sex>1</sex><percent>0.01146</percent></prevalence><prevalence><age>38</age><sex>0</sex><percent>0.00557</percent></prevalence><prevalence><age>38</age><sex>1</sex><percent>0.0146</percent></prevalence><prevalence><age>39</age><sex>0</sex><percent>0.00637</percent></prevalence><prevalence><age>39</age><sex>1</sex><percent>0.01812</percent></prevalence><prevalence><age>40</age><sex>0</sex><percent>0.00736</percent></prevalence><prevalence><age>40</age><sex>1</sex><percent>0.02193</percent></prevalence><prevalence><age>41</age><sex>0</sex><percent>0.00856</percent></prevalence><prevalence><age>41</age><sex>1</sex><percent>0.02593</percent></prevalence><prevalence><age>42</age><sex>0</sex><percent>0.01001</percent></prevalence><prevalence><age>42</age><sex>1</sex><percent>0.0301</percent></prevalence><prevalence><age>43</age><sex>0</sex><percent>0.01176</percent></prevalence><prevalence><age>43</age><sex>1</sex><percent>0.03448</percent></prevalence><prevalence><age>44</age><sex>0</sex><percent>0.01385</percent></prevalence><prevalence><age>44</age><sex>1</sex><percent>0.03914</percent></prevalence><prevalence><age>45</age><sex>0</sex><percent>0.01633</percent></prevalence><prevalence><age>45</age><sex>1</sex><percent>0.04408</percent></prevalence><prevalence><age>46</age><sex>0</sex><percent>0.01927</percent></prevalence><prevalence><age>46</age><sex>1</sex><percent>0.04927</percent></prevalence><prevalence><age>47</age><sex>0</sex><percent>0.02271</percent></prevalence><prevalence><age>47</age><sex>1</sex><percent>0.05466</percent></prevalence><prevalence><age>48</age><sex>0</sex><percent>0.02672</percent></prevalence><prevalence><age>48</age><sex>1</sex><percent>0.06022</percent></prevalence><prevalence><age>49</age><sex>0</sex><percent>0.03141</percent></prevalence><prevalence><age>49</age><sex>1</sex><percent>0.06597</percent></prevalence><prevalence><age>50</age><sex>0</sex><percent>0.03692</percent></prevalence><prevalence><age>50</age><sex>1</sex><percent>0.072</percent></prevalence><prevalence><age>51</age><sex>0</sex><percent>0.0434</percent></prevalence><prevalence><age>51</age><sex>1</sex><percent>0.0784</percent></prevalence><prevalence><age>52</age><sex>0</sex><percent>0.051</percent></prevalence><prevalence><age>52</age><sex>1</sex><percent>0.08526</percent></prevalence><prevalence><age>53</age><sex>0</sex><percent>0.05984</percent></prevalence><prevalence><age>53</age><sex>1</sex><percent>0.0926</percent></prevalence><prevalence><age>54</age><sex>0</sex><percent>0.06992</percent></prevalence><prevalence><age>54</age><sex>1</sex><percent>0.10039</percent></prevalence><prevalence><age>55</age><sex>0</sex><percent>0.08117</percent></prevalence><prevalence><age>55</age><sex>1</sex><percent>0.10854</percent></prevalence><prevalence><age>56</age><sex>0</sex><percent>0.0935</percent></prevalence><prevalence><age>56</age><sex>1</sex><percent>0.11693</percent></prevalence><prevalence><age>57</age><sex>0</sex><percent>0.10688</percent></prevalence><prevalence><age>57</age><sex>1</sex><percent>0.1255</percent></prevalence><prevalence><age>58</age><sex>0</sex><percent>0.12137</percent></prevalence><prevalence><age>58</age><sex>1</sex><percent>0.13421</percent></prevalence><prevalence><age>59</age><sex>0</sex><percent>0.13731</percent></prevalence><prevalence><age>59</age><sex>1</sex><percent>0.14315</percent></prevalence><prevalence><age>60</age><sex>0</sex><percent>0.15528</percent></prevalence><prevalence><age>60</age><sex>1</sex><percent>0.15243</percent></prevalence><prevalence><age>61</age><sex>0</sex><percent>0.17591</percent></prevalence><prevalence><age>61</age><sex>1</sex><percent>0.16219</percent></prevalence><prevalence><age>62</age><sex>0</sex><percent>0.1997</percent></prevalence><prevalence><age>62</age><sex>1</sex><percent>0.17256</percent></prevalence><prevalence><age>63</age><sex>0</sex><percent>0.22689</percent></prevalence><prevalence><age>63</age><sex>1</sex><percent>0.18355</percent></prevalence><prevalence><age>64</age><sex>0</sex><percent>0.25723</percent></prevalence><prevalence><age>64</age><sex>1</sex><percent>0.19504</percent></prevalence><prevalence><age>65</age><sex>0</sex><percent>0.29008</percent></prevalence><prevalence><age>65</age><sex>1</sex><percent>0.20669</percent></prevalence><prevalence><age>66</age><sex>0</sex><percent>0.32481</percent></prevalence><prevalence><age>66</age><sex>1</sex><percent>0.2181</percent></prevalence><prevalence><age>67</age><sex>0</sex><percent>0.36097</percent></prevalence><prevalence><age>67</age><sex>1</sex><percent>0.22883</percent></prevalence><prevalence><age>68</age><sex>0</sex><percent>0.39847</percent></prevalence><prevalence><age>68</age><sex>1</sex><percent>0.23848</percent></prevalence><prevalence><age>69</age><sex>0</sex><percent>0.43735</percent></prevalence><prevalence><age>69</age><sex>1</sex><percent>0.24679</percent></prevalence><prevalence><age>70</age><sex>0</sex><percent>0.47754</percent></prevalence><prevalence><age>70</age><sex>1</sex><percent>0.25362</percent></prevalence><prevalence><age>71</age><sex>0</sex><percent>0.51885</percent></prevalence><prevalence><age>71</age><sex>1</sex><percent>0.2589</percent></prevalence><prevalence><age>72</age><sex>0</sex><percent>0.56093</percent></prevalence><prevalence><age>72</age><sex>1</sex><percent>0.26261</percent></prevalence><prevalence><age>73</age><sex>0</sex><percent>0.60329</percent></prevalence><prevalence><age>73</age><sex>1</sex><percent>0.26474</percent></prevalence><prevalence><age>74</age><sex>0</sex><percent>0.64535</percent></prevalence><prevalence><age>74</age><sex>1</sex><percent>0.26522</percent></prevalence><prevalence><age>75</age><sex>0</sex><percent>0.68641</percent></prevalence><prevalence><age>75</age><sex>1</sex><percent>0.26393</percent></prevalence><prevalence><age>76</age><sex>0</sex><percent>0.7256</percent></prevalence><prevalence><age>76</age><sex>1</sex><percent>0.26067</percent></prevalence><prevalence><age>77</age><sex>0</sex><percent>0.76185</percent></prevalence><prevalence><age>77</age><sex>1</sex><percent>0.25525</percent></prevalence><prevalence><age>78</age><sex>0</sex><percent>0.79389</percent></prevalence><prevalence><age>78</age><sex>1</sex><percent>0.24746</percent></prevalence><prevalence><age>79</age><sex>0</sex><percent>0.82025</percent></prevalence><prevalence><age>79</age><sex>1</sex><percent>0.23716</percent></prevalence><prevalence><age>80</age><sex>0</sex><percent>0.83939</percent></prevalence><prevalence><age>80</age><sex>1</sex><percent>0.22435</percent></prevalence><prevalence><age>81</age><sex>0</sex><percent>0.84986</percent></prevalence><prevalence><age>81</age><sex>1</sex><percent>0.20911</percent></prevalence><prevalence><age>82</age><sex>0</sex><percent>0.85036</percent></prevalence><prevalence><age>82</age><sex>1</sex><percent>0.19171</percent></prevalence><prevalence><age>83</age><sex>0</sex><percent>0.83992</percent></prevalence><prevalence><age>83</age><sex>1</sex><percent>0.17255</percent></prevalence><prevalence><age>84</age><sex>0</sex><percent>0.819</percent></prevalence><prevalence><age>84</age><sex>1</sex><percent>0.15231</percent></prevalence><prevalence><age>85</age><sex>0</sex><percent>0.7901</percent></prevalence><prevalence><age>85</age><sex>1</sex><percent>0.13198</percent></prevalence><prevalence><age>86</age><sex>0</sex><percent>0.75695</percent></prevalence><prevalence><age>86</age><sex>1</sex><percent>0.11266</percent></prevalence><prevalence><age>87</age><sex>0</sex><percent>0.72398</percent></prevalence><prevalence><age>87</age><sex>1</sex><percent>0.09538</percent></prevalence><prevalence><age>88</age><sex>0</sex><percent>0.69556</percent></prevalence><prevalence><age>88</age><sex>1</sex><percent>0.08095</percent></prevalence><prevalence><age>89</age><sex>0</sex><percent>0.67334</percent></prevalence><prevalence><age>89</age><sex>1</sex><percent>0.06946</percent></prevalence><prevalence><age>90</age><sex>0</sex><percent>0.6551</percent></prevalence><prevalence><age>90</age><sex>1</sex><percent>0.0603</percent></prevalence><prevalence><age>91</age><sex>0</sex><percent>0.63647</percent></prevalence><prevalence><age>91</age><sex>1</sex><percent>0.05258</percent></prevalence><prevalence><age>92</age><sex>0</sex><percent>0.61249</percent></prevalence><prevalence><age>92</age><sex>1</sex><percent>0.04551</percent></prevalence><prevalence><age>93</age><sex>0</sex><percent>0.57921</percent></prevalence><prevalence><age>93</age><sex>1</sex><percent>0.03869</percent></prevalence><prevalence><age>94</age><sex>0</sex><percent>0.53638</percent></prevalence><prevalence><age>94</age><sex>1</sex><percent>0.03229</percent></prevalence><prevalence><age>95</age><sex>0</sex><percent>0.41349</percent></prevalence><prevalence><age>95</age><sex>1</sex><percent>0.02102</percent></prevalence></diseaseprevalences>