<?xml version="1.0"?><diseaseprevalences><prevalence><age>0</age><sex>0</sex><percent>0.0</percent></prevalence><prevalence><age>0</age><sex>1</sex><percent>0.0</percent></prevalence><prevalence><age>1</age><sex>0</sex><percent>0.0</percent></prevalence><prevalence><age>1</age><sex>1</sex><percent>0.0</percent></prevalence><prevalence><age>2</age><sex>0</sex><percent>0.0</percent></prevalence><prevalence><age>2</age><sex>1</sex><percent>0.0</percent></prevalence><prevalence><age>3</age><sex>0</sex><percent>0.0</percent></prevalence><prevalence><age>3</age><sex>1</sex><percent>0.0</percent></prevalence><prevalence><age>4</age><sex>0</sex><percent>0.0</percent></prevalence><prevalence><age>4</age><sex>1</sex><percent>0.0</percent></prevalence><prevalence><age>5</age><sex>0</sex><percent>0.0</percent></prevalence><prevalence><age>5</age><sex>1</sex><percent>0.0</percent></prevalence><prevalence><age>6</age><sex>0</sex><percent>0.0</percent></prevalence><prevalence><age>6</age><sex>1</sex><percent>0.0</percent></prevalence><prevalence><age>7</age><sex>0</sex><percent>0.0</percent></prevalence><prevalence><age>7</age><sex>1</sex><percent>0.0</percent></prevalence><prevalence><age>8</age><sex>0</sex><percent>0.0</percent></prevalence><prevalence><age>8</age><sex>1</sex><percent>0.0</percent></prevalence><prevalence><age>9</age><sex>0</sex><percent>0.0</percent></prevalence><prevalence><age>9</age><sex>1</sex><percent>0.0</percent></prevalence><prevalence><age>10</age><sex>0</sex><percent>0.0</percent></prevalence><prevalence><age>10</age><sex>1</sex><percent>0.0</percent></prevalence><prevalence><age>11</age><sex>0</sex><percent>0.0</percent></prevalence><prevalence><age>11</age><sex>1</sex><percent>0.0</percent></prevalence><prevalence><age>12</age><sex>0</sex><percent>0.0</percent></prevalence><prevalence><age>12</age><sex>1</sex><percent>0.0</percent></prevalence><prevalence><age>13</age><sex>0</sex><percent>0.0</percent></prevalence><prevalence><age>13</age><sex>1</sex><percent>0.0</percent></prevalence><prevalence><age>14</age><sex>0</sex><percent>0.0</percent></prevalence><prevalence><age>14</age><sex>1</sex><percent>0.0</percent></prevalence><prevalence><age>15</age><sex>0</sex><percent>0.0</percent></prevalence><prevalence><age>15</age><sex>1</sex><percent>2.2E-4</percent></prevalence><prevalence><age>16</age><sex>0</sex><percent>0.0</percent></prevalence><prevalence><age>16</age><sex>1</sex><percent>3.4E-4</percent></prevalence><prevalence><age>17</age><sex>0</sex><percent>0.0</percent></prevalence><prevalence><age>17</age><sex>1</sex><percent>5.0E-4</percent></prevalence><prevalence><age>18</age><sex>0</sex><percent>0.0</percent></prevalence><prevalence><age>18</age><sex>1</sex><percent>6.9E-4</percent></prevalence><prevalence><age>19</age><sex>0</sex><percent>0.0</percent></prevalence><prevalence><age>19</age><sex>1</sex><percent>9.7E-4</percent></prevalence><prevalence><age>20</age><sex>0</sex><percent>0.0</percent></prevalence><prevalence><age>20</age><sex>1</sex><percent>0.00139</percent></prevalence><prevalence><age>21</age><sex>0</sex><percent>0.0</percent></prevalence><prevalence><age>21</age><sex>1</sex><percent>0.00209</percent></prevalence><prevalence><age>22</age><sex>0</sex><percent>0.0</percent></prevalence><prevalence><age>22</age><sex>1</sex><percent>0.00323</percent></prevalence><prevalence><age>23</age><sex>0</sex><percent>0.0</percent></prevalence><prevalence><age>23</age><sex>1</sex><percent>0.00499</percent></prevalence><prevalence><age>24</age><sex>0</sex><percent>0.0</percent></prevalence><prevalence><age>24</age><sex>1</sex><percent>0.00758</percent></prevalence><prevalence><age>25</age><sex>0</sex><percent>0.0</percent></prevalence><prevalence><age>25</age><sex>1</sex><percent>0.01117</percent></prevalence><prevalence><age>26</age><sex>0</sex><percent>0.0</percent></prevalence><prevalence><age>26</age><sex>1</sex><percent>0.01593</percent></prevalence><prevalence><age>27</age><sex>0</sex><percent>0.0</percent></prevalence><prevalence><age>27</age><sex>1</sex><percent>0.02198</percent></prevalence><prevalence><age>28</age><sex>0</sex><percent>0.0</percent></prevalence><prevalence><age>28</age><sex>1</sex><percent>0.02949</percent></prevalence><prevalence><age>29</age><sex>0</sex><percent>0.0</percent></prevalence><prevalence><age>29</age><sex>1</sex><percent>0.03867</percent></prevalence><prevalence><age>30</age><sex>0</sex><percent>0.0</percent></prevalence><prevalence><age>30</age><sex>1</sex><percent>0.0498</percent></prevalence><prevalence><age>31</age><sex>0</sex><percent>0.0</percent></prevalence><prevalence><age>31</age><sex>1</sex><percent>0.0632</percent></prevalence><prevalence><age>32</age><sex>0</sex><percent>0.0</percent></prevalence><prevalence><age>32</age><sex>1</sex><percent>0.07928</percent></prevalence><prevalence><age>33</age><sex>0</sex><percent>0.0</percent></prevalence><prevalence><age>33</age><sex>1</sex><percent>0.09847</percent></prevalence><prevalence><age>34</age><sex>0</sex><percent>0.0</percent></prevalence><prevalence><age>34</age><sex>1</sex><percent>0.1212</percent></prevalence><prevalence><age>35</age><sex>0</sex><percent>0.0</percent></prevalence><prevalence><age>35</age><sex>1</sex><percent>0.14789</percent></prevalence><prevalence><age>36</age><sex>0</sex><percent>0.0</percent></prevalence><prevalence><age>36</age><sex>1</sex><percent>0.17892</percent></prevalence><prevalence><age>37</age><sex>0</sex><percent>0.0</percent></prevalence><prevalence><age>37</age><sex>1</sex><percent>0.21466</percent></prevalence><prevalence><age>38</age><sex>0</sex><percent>0.0</percent></prevalence><prevalence><age>38</age><sex>1</sex><percent>0.25547</percent></prevalence><prevalence><age>39</age><sex>0</sex><percent>0.0</percent></prevalence><prevalence><age>39</age><sex>1</sex><percent>0.30167</percent></prevalence><prevalence><age>40</age><sex>0</sex><percent>0.0</percent></prevalence><prevalence><age>40</age><sex>1</sex><percent>0.35357</percent></prevalence><prevalence><age>41</age><sex>0</sex><percent>0.0</percent></prevalence><prevalence><age>41</age><sex>1</sex><percent>0.41138</percent></prevalence><prevalence><age>42</age><sex>0</sex><percent>0.0</percent></prevalence><prevalence><age>42</age><sex>1</sex><percent>0.47526</percent></prevalence><prevalence><age>43</age><sex>0</sex><percent>0.0</percent></prevalence><prevalence><age>43</age><sex>1</sex><percent>0.54521</percent></prevalence><prevalence><age>44</age><sex>0</sex><percent>0.0</percent></prevalence><prevalence><age>44</age><sex>1</sex><percent>0.62101</percent></prevalence><prevalence><age>45</age><sex>0</sex><percent>0.0</percent></prevalence><prevalence><age>45</age><sex>1</sex><percent>0.70212</percent></prevalence><prevalence><age>46</age><sex>0</sex><percent>0.0</percent></prevalence><prevalence><age>46</age><sex>1</sex><percent>0.78769</percent></prevalence><prevalence><age>47</age><sex>0</sex><percent>0.0</percent></prevalence><prevalence><age>47</age><sex>1</sex><percent>0.87655</percent></prevalence><prevalence><age>48</age><sex>0</sex><percent>0.0</percent></prevalence><prevalence><age>48</age><sex>1</sex><percent>0.96732</percent></prevalence><prevalence><age>49</age><sex>0</sex><percent>0.0</percent></prevalence><prevalence><age>49</age><sex>1</sex><percent>1.05872</percent></prevalence><prevalence><age>50</age><sex>0</sex><percent>0.0</percent></prevalence><prevalence><age>50</age><sex>1</sex><percent>1.14985</percent></prevalence><prevalence><age>51</age><sex>0</sex><percent>0.0</percent></prevalence><prevalence><age>51</age><sex>1</sex><percent>1.24029</percent></prevalence><prevalence><age>52</age><sex>0</sex><percent>0.0</percent></prevalence><prevalence><age>52</age><sex>1</sex><percent>1.33009</percent></prevalence><prevalence><age>53</age><sex>0</sex><percent>0.0</percent></prevalence><prevalence><age>53</age><sex>1</sex><percent>1.41976</percent></prevalence><prevalence><age>54</age><sex>0</sex><percent>0.0</percent></prevalence><prevalence><age>54</age><sex>1</sex><percent>1.51002</percent></prevalence><prevalence><age>55</age><sex>0</sex><percent>0.0</percent></prevalence><prevalence><age>55</age><sex>1</sex><percent>1.60156</percent></prevalence><prevalence><age>56</age><sex>0</sex><percent>0.0</percent></prevalence><prevalence><age>56</age><sex>1</sex><percent>1.69495</percent></prevalence><prevalence><age>57</age><sex>0</sex><percent>0.0</percent></prevalence><prevalence><age>57</age><sex>1</sex><percent>1.7906</percent></prevalence><prevalence><age>58</age><sex>0</sex><percent>0.0</percent></prevalence><prevalence><age>58</age><sex>1</sex><percent>1.88878</percent></prevalence><prevalence><age>59</age><sex>0</sex><percent>0.0</percent></prevalence><prevalence><age>59</age><sex>1</sex><percent>1.98955</percent></prevalence><prevalence><age>60</age><sex>0</sex><percent>0.0</percent></prevalence><prevalence><age>60</age><sex>1</sex><percent>2.09289</percent></prevalence><prevalence><age>61</age><sex>0</sex><percent>0.0</percent></prevalence><prevalence><age>61</age><sex>1</sex><percent>2.19866</percent></prevalence><prevalence><age>62</age><sex>0</sex><percent>0.0</percent></prevalence><prevalence><age>62</age><sex>1</sex><percent>2.30665</percent></prevalence><prevalence><age>63</age><sex>0</sex><percent>0.0</percent></prevalence><prevalence><age>63</age><sex>1</sex><percent>2.4166</percent></prevalence><prevalence><age>64</age><sex>0</sex><percent>0.0</percent></prevalence><prevalence><age>64</age><sex>1</sex><percent>2.52821</percent></prevalence><prevalence><age>65</age><sex>0</sex><percent>0.0</percent></prevalence><prevalence><age>65</age><sex>1</sex><percent>2.64113</percent></prevalence><prevalence><age>66</age><sex>0</sex><percent>0.0</percent></prevalence><prevalence><age>66</age><sex>1</sex><percent>2.75498</percent></prevalence><prevalence><age>67</age><sex>0</sex><percent>0.0</percent></prevalence><prevalence><age>67</age><sex>1</sex><percent>2.8693</percent></prevalence><prevalence><age>68</age><sex>0</sex><percent>0.0</percent></prevalence><prevalence><age>68</age><sex>1</sex><percent>2.9836</percent></prevalence><prevalence><age>69</age><sex>0</sex><percent>0.0</percent></prevalence><prevalence><age>69</age><sex>1</sex><percent>3.0973</percent></prevalence><prevalence><age>70</age><sex>0</sex><percent>0.0</percent></prevalence><prevalence><age>70</age><sex>1</sex><percent>3.20982</percent></prevalence><prevalence><age>71</age><sex>0</sex><percent>0.0</percent></prevalence><prevalence><age>71</age><sex>1</sex><percent>3.32054</percent></prevalence><prevalence><age>72</age><sex>0</sex><percent>0.0</percent></prevalence><prevalence><age>72</age><sex>1</sex><percent>3.42877</percent></prevalence><prevalence><age>73</age><sex>0</sex><percent>0.0</percent></prevalence><prevalence><age>73</age><sex>1</sex><percent>3.53382</percent></prevalence><prevalence><age>74</age><sex>0</sex><percent>0.0</percent></prevalence><prevalence><age>74</age><sex>1</sex><percent>3.63492</percent></prevalence><prevalence><age>75</age><sex>0</sex><percent>0.0</percent></prevalence><prevalence><age>75</age><sex>1</sex><percent>3.73125</percent></prevalence><prevalence><age>76</age><sex>0</sex><percent>0.0</percent></prevalence><prevalence><age>76</age><sex>1</sex><percent>3.82193</percent></prevalence><prevalence><age>77</age><sex>0</sex><percent>0.0</percent></prevalence><prevalence><age>77</age><sex>1</sex><percent>3.90604</percent></prevalence><prevalence><age>78</age><sex>0</sex><percent>0.0</percent></prevalence><prevalence><age>78</age><sex>1</sex><percent>3.98263</percent></prevalence><prevalence><age>79</age><sex>0</sex><percent>0.0</percent></prevalence><prevalence><age>79</age><sex>1</sex><percent>4.051</percent></prevalence><prevalence><age>80</age><sex>0</sex><percent>0.0</percent></prevalence><prevalence><age>80</age><sex>1</sex><percent>4.11086</percent></prevalence><prevalence><age>81</age><sex>0</sex><percent>0.0</percent></prevalence><prevalence><age>81</age><sex>1</sex><percent>4.16243</percent></prevalence><prevalence><age>82</age><sex>0</sex><percent>0.0</percent></prevalence><prevalence><age>82</age><sex>1</sex><percent>4.20643</percent></prevalence><prevalence><age>83</age><sex>0</sex><percent>0.0</percent></prevalence><prevalence><age>83</age><sex>1</sex><percent>4.244</percent></prevalence><prevalence><age>84</age><sex>0</sex><percent>0.0</percent></prevalence><prevalence><age>84</age><sex>1</sex><percent>4.27648</percent></prevalence><prevalence><age>85</age><sex>0</sex><percent>0.0</percent></prevalence><prevalence><age>85</age><sex>1</sex><percent>4.30507</percent></prevalence><prevalence><age>86</age><sex>0</sex><percent>0.0</percent></prevalence><prevalence><age>86</age><sex>1</sex><percent>4.3308</percent></prevalence><prevalence><age>87</age><sex>0</sex><percent>0.0</percent></prevalence><prevalence><age>87</age><sex>1</sex><percent>4.35452</percent></prevalence><prevalence><age>88</age><sex>0</sex><percent>0.0</percent></prevalence><prevalence><age>88</age><sex>1</sex><percent>4.3769</percent></prevalence><prevalence><age>89</age><sex>0</sex><percent>0.0</percent></prevalence><prevalence><age>89</age><sex>1</sex><percent>4.39845</percent></prevalence><prevalence><age>90</age><sex>0</sex><percent>0.0</percent></prevalence><prevalence><age>90</age><sex>1</sex><percent>4.41957</percent></prevalence><prevalence><age>91</age><sex>0</sex><percent>0.0</percent></prevalence><prevalence><age>91</age><sex>1</sex><percent>4.44053</percent></prevalence><prevalence><age>92</age><sex>0</sex><percent>0.0</percent></prevalence><prevalence><age>92</age><sex>1</sex><percent>4.46151</percent></prevalence><prevalence><age>93</age><sex>0</sex><percent>0.0</percent></prevalence><prevalence><age>93</age><sex>1</sex><percent>4.4826</percent></prevalence><prevalence><age>94</age><sex>0</sex><percent>0.0</percent></prevalence><prevalence><age>94</age><sex>1</sex><percent>4.5038</percent></prevalence><prevalence><age>95</age><sex>0</sex><percent>0.0</percent></prevalence><prevalence><age>95</age><sex>1</sex><percent>4.54936</percent></prevalence></diseaseprevalences>