<?xml version="1.0"?><diseaseprevalences><prevalence><age>0</age><sex>0</sex><percent>0.0</percent></prevalence><prevalence><age>0</age><sex>1</sex><percent>0.0</percent></prevalence><prevalence><age>1</age><sex>0</sex><percent>0.0</percent></prevalence><prevalence><age>1</age><sex>1</sex><percent>0.0</percent></prevalence><prevalence><age>2</age><sex>0</sex><percent>0.0</percent></prevalence><prevalence><age>2</age><sex>1</sex><percent>0.0</percent></prevalence><prevalence><age>3</age><sex>0</sex><percent>0.0</percent></prevalence><prevalence><age>3</age><sex>1</sex><percent>0.0</percent></prevalence><prevalence><age>4</age><sex>0</sex><percent>0.0</percent></prevalence><prevalence><age>4</age><sex>1</sex><percent>0.0</percent></prevalence><prevalence><age>5</age><sex>0</sex><percent>0.0</percent></prevalence><prevalence><age>5</age><sex>1</sex><percent>0.0</percent></prevalence><prevalence><age>6</age><sex>0</sex><percent>0.0</percent></prevalence><prevalence><age>6</age><sex>1</sex><percent>0.0</percent></prevalence><prevalence><age>7</age><sex>0</sex><percent>0.0</percent></prevalence><prevalence><age>7</age><sex>1</sex><percent>0.0</percent></prevalence><prevalence><age>8</age><sex>0</sex><percent>0.0</percent></prevalence><prevalence><age>8</age><sex>1</sex><percent>0.0</percent></prevalence><prevalence><age>9</age><sex>0</sex><percent>0.0</percent></prevalence><prevalence><age>9</age><sex>1</sex><percent>0.0</percent></prevalence><prevalence><age>10</age><sex>0</sex><percent>0.0</percent></prevalence><prevalence><age>10</age><sex>1</sex><percent>0.0</percent></prevalence><prevalence><age>11</age><sex>0</sex><percent>0.0</percent></prevalence><prevalence><age>11</age><sex>1</sex><percent>0.0</percent></prevalence><prevalence><age>12</age><sex>0</sex><percent>0.0</percent></prevalence><prevalence><age>12</age><sex>1</sex><percent>0.0</percent></prevalence><prevalence><age>13</age><sex>0</sex><percent>0.0</percent></prevalence><prevalence><age>13</age><sex>1</sex><percent>0.0</percent></prevalence><prevalence><age>14</age><sex>0</sex><percent>0.0</percent></prevalence><prevalence><age>14</age><sex>1</sex><percent>0.0</percent></prevalence><prevalence><age>15</age><sex>0</sex><percent>0.0</percent></prevalence><prevalence><age>15</age><sex>1</sex><percent>7.1E-4</percent></prevalence><prevalence><age>16</age><sex>0</sex><percent>0.0</percent></prevalence><prevalence><age>16</age><sex>1</sex><percent>0.00113</percent></prevalence><prevalence><age>17</age><sex>0</sex><percent>0.0</percent></prevalence><prevalence><age>17</age><sex>1</sex><percent>0.00163</percent></prevalence><prevalence><age>18</age><sex>0</sex><percent>0.0</percent></prevalence><prevalence><age>18</age><sex>1</sex><percent>0.00219</percent></prevalence><prevalence><age>19</age><sex>0</sex><percent>0.0</percent></prevalence><prevalence><age>19</age><sex>1</sex><percent>0.00284</percent></prevalence><prevalence><age>20</age><sex>0</sex><percent>0.0</percent></prevalence><prevalence><age>20</age><sex>1</sex><percent>0.00366</percent></prevalence><prevalence><age>21</age><sex>0</sex><percent>0.0</percent></prevalence><prevalence><age>21</age><sex>1</sex><percent>0.00483</percent></prevalence><prevalence><age>22</age><sex>0</sex><percent>0.0</percent></prevalence><prevalence><age>22</age><sex>1</sex><percent>0.00662</percent></prevalence><prevalence><age>23</age><sex>0</sex><percent>0.0</percent></prevalence><prevalence><age>23</age><sex>1</sex><percent>0.00935</percent></prevalence><prevalence><age>24</age><sex>0</sex><percent>0.0</percent></prevalence><prevalence><age>24</age><sex>1</sex><percent>0.01339</percent></prevalence><prevalence><age>25</age><sex>0</sex><percent>0.0</percent></prevalence><prevalence><age>25</age><sex>1</sex><percent>0.01909</percent></prevalence><prevalence><age>26</age><sex>0</sex><percent>0.0</percent></prevalence><prevalence><age>26</age><sex>1</sex><percent>0.02682</percent></prevalence><prevalence><age>27</age><sex>0</sex><percent>0.0</percent></prevalence><prevalence><age>27</age><sex>1</sex><percent>0.03692</percent></prevalence><prevalence><age>28</age><sex>0</sex><percent>0.0</percent></prevalence><prevalence><age>28</age><sex>1</sex><percent>0.04976</percent></prevalence><prevalence><age>29</age><sex>0</sex><percent>0.0</percent></prevalence><prevalence><age>29</age><sex>1</sex><percent>0.06571</percent></prevalence><prevalence><age>30</age><sex>0</sex><percent>0.0</percent></prevalence><prevalence><age>30</age><sex>1</sex><percent>0.08527</percent></prevalence><prevalence><age>31</age><sex>0</sex><percent>0.0</percent></prevalence><prevalence><age>31</age><sex>1</sex><percent>0.10902</percent></prevalence><prevalence><age>32</age><sex>0</sex><percent>0.0</percent></prevalence><prevalence><age>32</age><sex>1</sex><percent>0.13763</percent></prevalence><prevalence><age>33</age><sex>0</sex><percent>0.0</percent></prevalence><prevalence><age>33</age><sex>1</sex><percent>0.1719</percent></prevalence><prevalence><age>34</age><sex>0</sex><percent>0.0</percent></prevalence><prevalence><age>34</age><sex>1</sex><percent>0.21263</percent></prevalence><prevalence><age>35</age><sex>0</sex><percent>0.0</percent></prevalence><prevalence><age>35</age><sex>1</sex><percent>0.26049</percent></prevalence><prevalence><age>36</age><sex>0</sex><percent>0.0</percent></prevalence><prevalence><age>36</age><sex>1</sex><percent>0.31605</percent></prevalence><prevalence><age>37</age><sex>0</sex><percent>0.0</percent></prevalence><prevalence><age>37</age><sex>1</sex><percent>0.37966</percent></prevalence><prevalence><age>38</age><sex>0</sex><percent>0.0</percent></prevalence><prevalence><age>38</age><sex>1</sex><percent>0.45154</percent></prevalence><prevalence><age>39</age><sex>0</sex><percent>0.0</percent></prevalence><prevalence><age>39</age><sex>1</sex><percent>0.53194</percent></prevalence><prevalence><age>40</age><sex>0</sex><percent>0.0</percent></prevalence><prevalence><age>40</age><sex>1</sex><percent>0.62146</percent></prevalence><prevalence><age>41</age><sex>0</sex><percent>0.0</percent></prevalence><prevalence><age>41</age><sex>1</sex><percent>0.72106</percent></prevalence><prevalence><age>42</age><sex>0</sex><percent>0.0</percent></prevalence><prevalence><age>42</age><sex>1</sex><percent>0.83223</percent></prevalence><prevalence><age>43</age><sex>0</sex><percent>0.0</percent></prevalence><prevalence><age>43</age><sex>1</sex><percent>0.95682</percent></prevalence><prevalence><age>44</age><sex>0</sex><percent>0.0</percent></prevalence><prevalence><age>44</age><sex>1</sex><percent>1.09656</percent></prevalence><prevalence><age>45</age><sex>0</sex><percent>0.0</percent></prevalence><prevalence><age>45</age><sex>1</sex><percent>1.25241</percent></prevalence><prevalence><age>46</age><sex>0</sex><percent>0.0</percent></prevalence><prevalence><age>46</age><sex>1</sex><percent>1.42438</percent></prevalence><prevalence><age>47</age><sex>0</sex><percent>0.0</percent></prevalence><prevalence><age>47</age><sex>1</sex><percent>1.61151</percent></prevalence><prevalence><age>48</age><sex>0</sex><percent>0.0</percent></prevalence><prevalence><age>48</age><sex>1</sex><percent>1.81187</percent></prevalence><prevalence><age>49</age><sex>0</sex><percent>0.0</percent></prevalence><prevalence><age>49</age><sex>1</sex><percent>2.02313</percent></prevalence><prevalence><age>50</age><sex>0</sex><percent>0.0</percent></prevalence><prevalence><age>50</age><sex>1</sex><percent>2.24317</percent></prevalence><prevalence><age>51</age><sex>0</sex><percent>0.0</percent></prevalence><prevalence><age>51</age><sex>1</sex><percent>2.47026</percent></prevalence><prevalence><age>52</age><sex>0</sex><percent>0.0</percent></prevalence><prevalence><age>52</age><sex>1</sex><percent>2.70316</percent></prevalence><prevalence><age>53</age><sex>0</sex><percent>0.0</percent></prevalence><prevalence><age>53</age><sex>1</sex><percent>2.94107</percent></prevalence><prevalence><age>54</age><sex>0</sex><percent>0.0</percent></prevalence><prevalence><age>54</age><sex>1</sex><percent>3.18351</percent></prevalence><prevalence><age>55</age><sex>0</sex><percent>0.0</percent></prevalence><prevalence><age>55</age><sex>1</sex><percent>3.43001</percent></prevalence><prevalence><age>56</age><sex>0</sex><percent>0.0</percent></prevalence><prevalence><age>56</age><sex>1</sex><percent>3.68006</percent></prevalence><prevalence><age>57</age><sex>0</sex><percent>0.0</percent></prevalence><prevalence><age>57</age><sex>1</sex><percent>3.93303</percent></prevalence><prevalence><age>58</age><sex>0</sex><percent>0.0</percent></prevalence><prevalence><age>58</age><sex>1</sex><percent>4.18816</percent></prevalence><prevalence><age>59</age><sex>0</sex><percent>0.0</percent></prevalence><prevalence><age>59</age><sex>1</sex><percent>4.44451</percent></prevalence><prevalence><age>60</age><sex>0</sex><percent>0.0</percent></prevalence><prevalence><age>60</age><sex>1</sex><percent>4.70099</percent></prevalence><prevalence><age>61</age><sex>0</sex><percent>0.0</percent></prevalence><prevalence><age>61</age><sex>1</sex><percent>4.95633</percent></prevalence><prevalence><age>62</age><sex>0</sex><percent>0.0</percent></prevalence><prevalence><age>62</age><sex>1</sex><percent>5.20909</percent></prevalence><prevalence><age>63</age><sex>0</sex><percent>0.0</percent></prevalence><prevalence><age>63</age><sex>1</sex><percent>5.4577</percent></prevalence><prevalence><age>64</age><sex>0</sex><percent>0.0</percent></prevalence><prevalence><age>64</age><sex>1</sex><percent>5.70069</percent></prevalence><prevalence><age>65</age><sex>0</sex><percent>0.0</percent></prevalence><prevalence><age>65</age><sex>1</sex><percent>5.93695</percent></prevalence><prevalence><age>66</age><sex>0</sex><percent>0.0</percent></prevalence><prevalence><age>66</age><sex>1</sex><percent>6.16582</percent></prevalence><prevalence><age>67</age><sex>0</sex><percent>0.0</percent></prevalence><prevalence><age>67</age><sex>1</sex><percent>6.38707</percent></prevalence><prevalence><age>68</age><sex>0</sex><percent>0.0</percent></prevalence><prevalence><age>68</age><sex>1</sex><percent>6.60087</percent></prevalence><prevalence><age>69</age><sex>0</sex><percent>0.0</percent></prevalence><prevalence><age>69</age><sex>1</sex><percent>6.80771</percent></prevalence><prevalence><age>70</age><sex>0</sex><percent>0.0</percent></prevalence><prevalence><age>70</age><sex>1</sex><percent>7.00812</percent></prevalence><prevalence><age>71</age><sex>0</sex><percent>0.0</percent></prevalence><prevalence><age>71</age><sex>1</sex><percent>7.20271</percent></prevalence><prevalence><age>72</age><sex>0</sex><percent>0.0</percent></prevalence><prevalence><age>72</age><sex>1</sex><percent>7.39203</percent></prevalence><prevalence><age>73</age><sex>0</sex><percent>0.0</percent></prevalence><prevalence><age>73</age><sex>1</sex><percent>7.57659</percent></prevalence><prevalence><age>74</age><sex>0</sex><percent>0.0</percent></prevalence><prevalence><age>74</age><sex>1</sex><percent>7.75652</percent></prevalence><prevalence><age>75</age><sex>0</sex><percent>0.0</percent></prevalence><prevalence><age>75</age><sex>1</sex><percent>7.93145</percent></prevalence><prevalence><age>76</age><sex>0</sex><percent>0.0</percent></prevalence><prevalence><age>76</age><sex>1</sex><percent>8.10043</percent></prevalence><prevalence><age>77</age><sex>0</sex><percent>0.0</percent></prevalence><prevalence><age>77</age><sex>1</sex><percent>8.26207</percent></prevalence><prevalence><age>78</age><sex>0</sex><percent>0.0</percent></prevalence><prevalence><age>78</age><sex>1</sex><percent>8.41458</percent></prevalence><prevalence><age>79</age><sex>0</sex><percent>0.0</percent></prevalence><prevalence><age>79</age><sex>1</sex><percent>8.55627</percent></prevalence><prevalence><age>80</age><sex>0</sex><percent>0.0</percent></prevalence><prevalence><age>80</age><sex>1</sex><percent>8.68583</percent></prevalence><prevalence><age>81</age><sex>0</sex><percent>0.0</percent></prevalence><prevalence><age>81</age><sex>1</sex><percent>8.80243</percent></prevalence><prevalence><age>82</age><sex>0</sex><percent>0.0</percent></prevalence><prevalence><age>82</age><sex>1</sex><percent>8.90567</percent></prevalence><prevalence><age>83</age><sex>0</sex><percent>0.0</percent></prevalence><prevalence><age>83</age><sex>1</sex><percent>8.99553</percent></prevalence><prevalence><age>84</age><sex>0</sex><percent>0.0</percent></prevalence><prevalence><age>84</age><sex>1</sex><percent>9.07245</percent></prevalence><prevalence><age>85</age><sex>0</sex><percent>0.0</percent></prevalence><prevalence><age>85</age><sex>1</sex><percent>9.13736</percent></prevalence><prevalence><age>86</age><sex>0</sex><percent>0.0</percent></prevalence><prevalence><age>86</age><sex>1</sex><percent>9.19175</percent></prevalence><prevalence><age>87</age><sex>0</sex><percent>0.0</percent></prevalence><prevalence><age>87</age><sex>1</sex><percent>9.23763</percent></prevalence><prevalence><age>88</age><sex>0</sex><percent>0.0</percent></prevalence><prevalence><age>88</age><sex>1</sex><percent>9.27745</percent></prevalence><prevalence><age>89</age><sex>0</sex><percent>0.0</percent></prevalence><prevalence><age>89</age><sex>1</sex><percent>9.31364</percent></prevalence><prevalence><age>90</age><sex>0</sex><percent>0.0</percent></prevalence><prevalence><age>90</age><sex>1</sex><percent>9.34816</percent></prevalence><prevalence><age>91</age><sex>0</sex><percent>0.0</percent></prevalence><prevalence><age>91</age><sex>1</sex><percent>9.38233</percent></prevalence><prevalence><age>92</age><sex>0</sex><percent>0.0</percent></prevalence><prevalence><age>92</age><sex>1</sex><percent>9.41693</percent></prevalence><prevalence><age>93</age><sex>0</sex><percent>0.0</percent></prevalence><prevalence><age>93</age><sex>1</sex><percent>9.45219</percent></prevalence><prevalence><age>94</age><sex>0</sex><percent>0.0</percent></prevalence><prevalence><age>94</age><sex>1</sex><percent>9.48804</percent></prevalence><prevalence><age>95</age><sex>0</sex><percent>0.0</percent></prevalence><prevalence><age>95</age><sex>1</sex><percent>9.58088</percent></prevalence></diseaseprevalences>