<?xml version="1.0"?><relrisksfordeath_categorical><relriskfordeath><age>0</age><sex>0</sex><cat>1</cat><value>1.0</value></relriskfordeath><relriskfordeath><age>0</age><sex>0</sex><cat>2</cat><value>1.0</value></relriskfordeath><relriskfordeath><age>0</age><sex>0</sex><cat>3</cat><value>1.0</value></relriskfordeath><relriskfordeath><age>0</age><sex>1</sex><cat>1</cat><value>1.0</value></relriskfordeath><relriskfordeath><age>0</age><sex>1</sex><cat>2</cat><value>1.0</value></relriskfordeath><relriskfordeath><age>0</age><sex>1</sex><cat>3</cat><value>1.0</value></relriskfordeath><relriskfordeath><age>1</age><sex>0</sex><cat>1</cat><value>1.0</value></relriskfordeath><relriskfordeath><age>1</age><sex>0</sex><cat>2</cat><value>1.0</value></relriskfordeath><relriskfordeath><age>1</age><sex>0</sex><cat>3</cat><value>1.0</value></relriskfordeath><relriskfordeath><age>1</age><sex>1</sex><cat>1</cat><value>1.0</value></relriskfordeath><relriskfordeath><age>1</age><sex>1</sex><cat>2</cat><value>1.0</value></relriskfordeath><relriskfordeath><age>1</age><sex>1</sex><cat>3</cat><value>1.0</value></relriskfordeath><relriskfordeath><age>2</age><sex>0</sex><cat>1</cat><value>1.0</value></relriskfordeath><relriskfordeath><age>2</age><sex>0</sex><cat>2</cat><value>1.0</value></relriskfordeath><relriskfordeath><age>2</age><sex>0</sex><cat>3</cat><value>1.0</value></relriskfordeath><relriskfordeath><age>2</age><sex>1</sex><cat>1</cat><value>1.0</value></relriskfordeath><relriskfordeath><age>2</age><sex>1</sex><cat>2</cat><value>1.0</value></relriskfordeath><relriskfordeath><age>2</age><sex>1</sex><cat>3</cat><value>1.0</value></relriskfordeath><relriskfordeath><age>3</age><sex>0</sex><cat>1</cat><value>1.0</value></relriskfordeath><relriskfordeath><age>3</age><sex>0</sex><cat>2</cat><value>1.0</value></relriskfordeath><relriskfordeath><age>3</age><sex>0</sex><cat>3</cat><value>1.0</value></relriskfordeath><relriskfordeath><age>3</age><sex>1</sex><cat>1</cat><value>1.0</value></relriskfordeath><relriskfordeath><age>3</age><sex>1</sex><cat>2</cat><value>1.0</value></relriskfordeath><relriskfordeath><age>3</age><sex>1</sex><cat>3</cat><value>1.0</value></relriskfordeath><relriskfordeath><age>4</age><sex>0</sex><cat>1</cat><value>1.0</value></relriskfordeath><relriskfordeath><age>4</age><sex>0</sex><cat>2</cat><value>1.0</value></relriskfordeath><relriskfordeath><age>4</age><sex>0</sex><cat>3</cat><value>1.0</value></relriskfordeath><relriskfordeath><age>4</age><sex>1</sex><cat>1</cat><value>1.0</value></relriskfordeath><relriskfordeath><age>4</age><sex>1</sex><cat>2</cat><value>1.0</value></relriskfordeath><relriskfordeath><age>4</age><sex>1</sex><cat>3</cat><value>1.0</value></relriskfordeath><relriskfordeath><age>5</age><sex>0</sex><cat>1</cat><value>1.0</value></relriskfordeath><relriskfordeath><age>5</age><sex>0</sex><cat>2</cat><value>1.0</value></relriskfordeath><relriskfordeath><age>5</age><sex>0</sex><cat>3</cat><value>1.0</value></relriskfordeath><relriskfordeath><age>5</age><sex>1</sex><cat>1</cat><value>1.0</value></relriskfordeath><relriskfordeath><age>5</age><sex>1</sex><cat>2</cat><value>1.0</value></relriskfordeath><relriskfordeath><age>5</age><sex>1</sex><cat>3</cat><value>1.0</value></relriskfordeath><relriskfordeath><age>6</age><sex>0</sex><cat>1</cat><value>1.0</value></relriskfordeath><relriskfordeath><age>6</age><sex>0</sex><cat>2</cat><value>1.0</value></relriskfordeath><relriskfordeath><age>6</age><sex>0</sex><cat>3</cat><value>1.0</value></relriskfordeath><relriskfordeath><age>6</age><sex>1</sex><cat>1</cat><value>1.0</value></relriskfordeath><relriskfordeath><age>6</age><sex>1</sex><cat>2</cat><value>1.0</value></relriskfordeath><relriskfordeath><age>6</age><sex>1</sex><cat>3</cat><value>1.0</value></relriskfordeath><relriskfordeath><age>7</age><sex>0</sex><cat>1</cat><value>1.0</value></relriskfordeath><relriskfordeath><age>7</age><sex>0</sex><cat>2</cat><value>1.0</value></relriskfordeath><relriskfordeath><age>7</age><sex>0</sex><cat>3</cat><value>1.0</value></relriskfordeath><relriskfordeath><age>7</age><sex>1</sex><cat>1</cat><value>1.0</value></relriskfordeath><relriskfordeath><age>7</age><sex>1</sex><cat>2</cat><value>1.0</value></relriskfordeath><relriskfordeath><age>7</age><sex>1</sex><cat>3</cat><value>1.0</value></relriskfordeath><relriskfordeath><age>8</age><sex>0</sex><cat>1</cat><value>1.0</value></relriskfordeath><relriskfordeath><age>8</age><sex>0</sex><cat>2</cat><value>1.0</value></relriskfordeath><relriskfordeath><age>8</age><sex>0</sex><cat>3</cat><value>1.0</value></relriskfordeath><relriskfordeath><age>8</age><sex>1</sex><cat>1</cat><value>1.0</value></relriskfordeath><relriskfordeath><age>8</age><sex>1</sex><cat>2</cat><value>1.0</value></relriskfordeath><relriskfordeath><age>8</age><sex>1</sex><cat>3</cat><value>1.0</value></relriskfordeath><relriskfordeath><age>9</age><sex>0</sex><cat>1</cat><value>1.0</value></relriskfordeath><relriskfordeath><age>9</age><sex>0</sex><cat>2</cat><value>1.0</value></relriskfordeath><relriskfordeath><age>9</age><sex>0</sex><cat>3</cat><value>1.0</value></relriskfordeath><relriskfordeath><age>9</age><sex>1</sex><cat>1</cat><value>1.0</value></relriskfordeath><relriskfordeath><age>9</age><sex>1</sex><cat>2</cat><value>1.0</value></relriskfordeath><relriskfordeath><age>9</age><sex>1</sex><cat>3</cat><value>1.0</value></relriskfordeath><relriskfordeath><age>10</age><sex>0</sex><cat>1</cat><value>1.0</value></relriskfordeath><relriskfordeath><age>10</age><sex>0</sex><cat>2</cat><value>1.0</value></relriskfordeath><relriskfordeath><age>10</age><sex>0</sex><cat>3</cat><value>1.0</value></relriskfordeath><relriskfordeath><age>10</age><sex>1</sex><cat>1</cat><value>1.0</value></relriskfordeath><relriskfordeath><age>10</age><sex>1</sex><cat>2</cat><value>1.0</value></relriskfordeath><relriskfordeath><age>10</age><sex>1</sex><cat>3</cat><value>1.0</value></relriskfordeath><relriskfordeath><age>11</age><sex>0</sex><cat>1</cat><value>1.0</value></relriskfordeath><relriskfordeath><age>11</age><sex>0</sex><cat>2</cat><value>1.0</value></relriskfordeath><relriskfordeath><age>11</age><sex>0</sex><cat>3</cat><value>1.0</value></relriskfordeath><relriskfordeath><age>11</age><sex>1</sex><cat>1</cat><value>1.0</value></relriskfordeath><relriskfordeath><age>11</age><sex>1</sex><cat>2</cat><value>1.0</value></relriskfordeath><relriskfordeath><age>11</age><sex>1</sex><cat>3</cat><value>1.0</value></relriskfordeath><relriskfordeath><age>12</age><sex>0</sex><cat>1</cat><value>1.0</value></relriskfordeath><relriskfordeath><age>12</age><sex>0</sex><cat>2</cat><value>1.0</value></relriskfordeath><relriskfordeath><age>12</age><sex>0</sex><cat>3</cat><value>1.0</value></relriskfordeath><relriskfordeath><age>12</age><sex>1</sex><cat>1</cat><value>1.0</value></relriskfordeath><relriskfordeath><age>12</age><sex>1</sex><cat>2</cat><value>1.0</value></relriskfordeath><relriskfordeath><age>12</age><sex>1</sex><cat>3</cat><value>1.0</value></relriskfordeath><relriskfordeath><age>13</age><sex>0</sex><cat>1</cat><value>1.0</value></relriskfordeath><relriskfordeath><age>13</age><sex>0</sex><cat>2</cat><value>1.0</value></relriskfordeath><relriskfordeath><age>13</age><sex>0</sex><cat>3</cat><value>1.0</value></relriskfordeath><relriskfordeath><age>13</age><sex>1</sex><cat>1</cat><value>1.0</value></relriskfordeath><relriskfordeath><age>13</age><sex>1</sex><cat>2</cat><value>1.0</value></relriskfordeath><relriskfordeath><age>13</age><sex>1</sex><cat>3</cat><value>1.0</value></relriskfordeath><relriskfordeath><age>14</age><sex>0</sex><cat>1</cat><value>1.0</value></relriskfordeath><relriskfordeath><age>14</age><sex>0</sex><cat>2</cat><value>1.0</value></relriskfordeath><relriskfordeath><age>14</age><sex>0</sex><cat>3</cat><value>1.0</value></relriskfordeath><relriskfordeath><age>14</age><sex>1</sex><cat>1</cat><value>1.0</value></relriskfordeath><relriskfordeath><age>14</age><sex>1</sex><cat>2</cat><value>1.0</value></relriskfordeath><relriskfordeath><age>14</age><sex>1</sex><cat>3</cat><value>1.0</value></relriskfordeath><relriskfordeath><age>15</age><sex>0</sex><cat>1</cat><value>1.0</value></relriskfordeath><relriskfordeath><age>15</age><sex>0</sex><cat>2</cat><value>1.0</value></relriskfordeath><relriskfordeath><age>15</age><sex>0</sex><cat>3</cat><value>1.0</value></relriskfordeath><relriskfordeath><age>15</age><sex>1</sex><cat>1</cat><value>1.0</value></relriskfordeath><relriskfordeath><age>15</age><sex>1</sex><cat>2</cat><value>1.0</value></relriskfordeath><relriskfordeath><age>15</age><sex>1</sex><cat>3</cat><value>1.0</value></relriskfordeath><relriskfordeath><age>16</age><sex>0</sex><cat>1</cat><value>1.0</value></relriskfordeath><relriskfordeath><age>16</age><sex>0</sex><cat>2</cat><value>1.0</value></relriskfordeath><relriskfordeath><age>16</age><sex>0</sex><cat>3</cat><value>1.0</value></relriskfordeath><relriskfordeath><age>16</age><sex>1</sex><cat>1</cat><value>1.0</value></relriskfordeath><relriskfordeath><age>16</age><sex>1</sex><cat>2</cat><value>1.0</value></relriskfordeath><relriskfordeath><age>16</age><sex>1</sex><cat>3</cat><value>1.0</value></relriskfordeath><relriskfordeath><age>17</age><sex>0</sex><cat>1</cat><value>1.0</value></relriskfordeath><relriskfordeath><age>17</age><sex>0</sex><cat>2</cat><value>1.0</value></relriskfordeath><relriskfordeath><age>17</age><sex>0</sex><cat>3</cat><value>1.0</value></relriskfordeath><relriskfordeath><age>17</age><sex>1</sex><cat>1</cat><value>1.0</value></relriskfordeath><relriskfordeath><age>17</age><sex>1</sex><cat>2</cat><value>1.0</value></relriskfordeath><relriskfordeath><age>17</age><sex>1</sex><cat>3</cat><value>1.0</value></relriskfordeath><relriskfordeath><age>18</age><sex>0</sex><cat>1</cat><value>1.0</value></relriskfordeath><relriskfordeath><age>18</age><sex>0</sex><cat>2</cat><value>1.0</value></relriskfordeath><relriskfordeath><age>18</age><sex>0</sex><cat>3</cat><value>1.0</value></relriskfordeath><relriskfordeath><age>18</age><sex>1</sex><cat>1</cat><value>1.0</value></relriskfordeath><relriskfordeath><age>18</age><sex>1</sex><cat>2</cat><value>1.0</value></relriskfordeath><relriskfordeath><age>18</age><sex>1</sex><cat>3</cat><value>1.0</value></relriskfordeath><relriskfordeath><age>19</age><sex>0</sex><cat>1</cat><value>1.0</value></relriskfordeath><relriskfordeath><age>19</age><sex>0</sex><cat>2</cat><value>1.0</value></relriskfordeath><relriskfordeath><age>19</age><sex>0</sex><cat>3</cat><value>1.0</value></relriskfordeath><relriskfordeath><age>19</age><sex>1</sex><cat>1</cat><value>1.0</value></relriskfordeath><relriskfordeath><age>19</age><sex>1</sex><cat>2</cat><value>1.0</value></relriskfordeath><relriskfordeath><age>19</age><sex>1</sex><cat>3</cat><value>1.0</value></relriskfordeath><relriskfordeath><age>20</age><sex>0</sex><cat>1</cat><value>1.0</value></relriskfordeath><relriskfordeath><age>20</age><sex>0</sex><cat>2</cat><value>1.0</value></relriskfordeath><relriskfordeath><age>20</age><sex>0</sex><cat>3</cat><value>1.0</value></relriskfordeath><relriskfordeath><age>20</age><sex>1</sex><cat>1</cat><value>1.0</value></relriskfordeath><relriskfordeath><age>20</age><sex>1</sex><cat>2</cat><value>1.0</value></relriskfordeath><relriskfordeath><age>20</age><sex>1</sex><cat>3</cat><value>1.0</value></relriskfordeath><relriskfordeath><age>21</age><sex>0</sex><cat>1</cat><value>1.0</value></relriskfordeath><relriskfordeath><age>21</age><sex>0</sex><cat>2</cat><value>1.03</value></relriskfordeath><relriskfordeath><age>21</age><sex>0</sex><cat>3</cat><value>1.05</value></relriskfordeath><relriskfordeath><age>21</age><sex>1</sex><cat>1</cat><value>1.0</value></relriskfordeath><relriskfordeath><age>21</age><sex>1</sex><cat>2</cat><value>1.02</value></relriskfordeath><relriskfordeath><age>21</age><sex>1</sex><cat>3</cat><value>1.05</value></relriskfordeath><relriskfordeath><age>22</age><sex>0</sex><cat>1</cat><value>1.0</value></relriskfordeath><relriskfordeath><age>22</age><sex>0</sex><cat>2</cat><value>1.05</value></relriskfordeath><relriskfordeath><age>22</age><sex>0</sex><cat>3</cat><value>1.1</value></relriskfordeath><relriskfordeath><age>22</age><sex>1</sex><cat>1</cat><value>1.0</value></relriskfordeath><relriskfordeath><age>22</age><sex>1</sex><cat>2</cat><value>1.04</value></relriskfordeath><relriskfordeath><age>22</age><sex>1</sex><cat>3</cat><value>1.1</value></relriskfordeath><relriskfordeath><age>23</age><sex>0</sex><cat>1</cat><value>1.0</value></relriskfordeath><relriskfordeath><age>23</age><sex>0</sex><cat>2</cat><value>1.07</value></relriskfordeath><relriskfordeath><age>23</age><sex>0</sex><cat>3</cat><value>1.2</value></relriskfordeath><relriskfordeath><age>23</age><sex>1</sex><cat>1</cat><value>1.0</value></relriskfordeath><relriskfordeath><age>23</age><sex>1</sex><cat>2</cat><value>1.06</value></relriskfordeath><relriskfordeath><age>23</age><sex>1</sex><cat>3</cat><value>1.2</value></relriskfordeath><relriskfordeath><age>24</age><sex>0</sex><cat>1</cat><value>1.0</value></relriskfordeath><relriskfordeath><age>24</age><sex>0</sex><cat>2</cat><value>1.1</value></relriskfordeath><relriskfordeath><age>24</age><sex>0</sex><cat>3</cat><value>1.3</value></relriskfordeath><relriskfordeath><age>24</age><sex>1</sex><cat>1</cat><value>1.0</value></relriskfordeath><relriskfordeath><age>24</age><sex>1</sex><cat>2</cat><value>1.08</value></relriskfordeath><relriskfordeath><age>24</age><sex>1</sex><cat>3</cat><value>1.3</value></relriskfordeath><relriskfordeath><age>25</age><sex>0</sex><cat>1</cat><value>1.0</value></relriskfordeath><relriskfordeath><age>25</age><sex>0</sex><cat>2</cat><value>1.13</value></relriskfordeath><relriskfordeath><age>25</age><sex>0</sex><cat>3</cat><value>1.4</value></relriskfordeath><relriskfordeath><age>25</age><sex>1</sex><cat>1</cat><value>1.0</value></relriskfordeath><relriskfordeath><age>25</age><sex>1</sex><cat>2</cat><value>1.1</value></relriskfordeath><relriskfordeath><age>25</age><sex>1</sex><cat>3</cat><value>1.4</value></relriskfordeath><relriskfordeath><age>26</age><sex>0</sex><cat>1</cat><value>1.0</value></relriskfordeath><relriskfordeath><age>26</age><sex>0</sex><cat>2</cat><value>1.15</value></relriskfordeath><relriskfordeath><age>26</age><sex>0</sex><cat>3</cat><value>1.5</value></relriskfordeath><relriskfordeath><age>26</age><sex>1</sex><cat>1</cat><value>1.0</value></relriskfordeath><relriskfordeath><age>26</age><sex>1</sex><cat>2</cat><value>1.12</value></relriskfordeath><relriskfordeath><age>26</age><sex>1</sex><cat>3</cat><value>1.5</value></relriskfordeath><relriskfordeath><age>27</age><sex>0</sex><cat>1</cat><value>1.0</value></relriskfordeath><relriskfordeath><age>27</age><sex>0</sex><cat>2</cat><value>1.17</value></relriskfordeath><relriskfordeath><age>27</age><sex>0</sex><cat>3</cat><value>1.55</value></relriskfordeath><relriskfordeath><age>27</age><sex>1</sex><cat>1</cat><value>1.0</value></relriskfordeath><relriskfordeath><age>27</age><sex>1</sex><cat>2</cat><value>1.14</value></relriskfordeath><relriskfordeath><age>27</age><sex>1</sex><cat>3</cat><value>1.5</value></relriskfordeath><relriskfordeath><age>28</age><sex>0</sex><cat>1</cat><value>1.0</value></relriskfordeath><relriskfordeath><age>28</age><sex>0</sex><cat>2</cat><value>1.2</value></relriskfordeath><relriskfordeath><age>28</age><sex>0</sex><cat>3</cat><value>1.55</value></relriskfordeath><relriskfordeath><age>28</age><sex>1</sex><cat>1</cat><value>1.0</value></relriskfordeath><relriskfordeath><age>28</age><sex>1</sex><cat>2</cat><value>1.15</value></relriskfordeath><relriskfordeath><age>28</age><sex>1</sex><cat>3</cat><value>1.5</value></relriskfordeath><relriskfordeath><age>29</age><sex>0</sex><cat>1</cat><value>1.0</value></relriskfordeath><relriskfordeath><age>29</age><sex>0</sex><cat>2</cat><value>1.2</value></relriskfordeath><relriskfordeath><age>29</age><sex>0</sex><cat>3</cat><value>1.55</value></relriskfordeath><relriskfordeath><age>29</age><sex>1</sex><cat>1</cat><value>1.0</value></relriskfordeath><relriskfordeath><age>29</age><sex>1</sex><cat>2</cat><value>1.15</value></relriskfordeath><relriskfordeath><age>29</age><sex>1</sex><cat>3</cat><value>1.5</value></relriskfordeath><relriskfordeath><age>30</age><sex>0</sex><cat>1</cat><value>1.0</value></relriskfordeath><relriskfordeath><age>30</age><sex>0</sex><cat>2</cat><value>1.2</value></relriskfordeath><relriskfordeath><age>30</age><sex>0</sex><cat>3</cat><value>1.55</value></relriskfordeath><relriskfordeath><age>30</age><sex>1</sex><cat>1</cat><value>1.0</value></relriskfordeath><relriskfordeath><age>30</age><sex>1</sex><cat>2</cat><value>1.15</value></relriskfordeath><relriskfordeath><age>30</age><sex>1</sex><cat>3</cat><value>1.5</value></relriskfordeath><relriskfordeath><age>31</age><sex>0</sex><cat>1</cat><value>1.0</value></relriskfordeath><relriskfordeath><age>31</age><sex>0</sex><cat>2</cat><value>1.2</value></relriskfordeath><relriskfordeath><age>31</age><sex>0</sex><cat>3</cat><value>1.55</value></relriskfordeath><relriskfordeath><age>31</age><sex>1</sex><cat>1</cat><value>1.0</value></relriskfordeath><relriskfordeath><age>31</age><sex>1</sex><cat>2</cat><value>1.15</value></relriskfordeath><relriskfordeath><age>31</age><sex>1</sex><cat>3</cat><value>1.5</value></relriskfordeath><relriskfordeath><age>32</age><sex>0</sex><cat>1</cat><value>1.0</value></relriskfordeath><relriskfordeath><age>32</age><sex>0</sex><cat>2</cat><value>1.2</value></relriskfordeath><relriskfordeath><age>32</age><sex>0</sex><cat>3</cat><value>1.55</value></relriskfordeath><relriskfordeath><age>32</age><sex>1</sex><cat>1</cat><value>1.0</value></relriskfordeath><relriskfordeath><age>32</age><sex>1</sex><cat>2</cat><value>1.15</value></relriskfordeath><relriskfordeath><age>32</age><sex>1</sex><cat>3</cat><value>1.5</value></relriskfordeath><relriskfordeath><age>33</age><sex>0</sex><cat>1</cat><value>1.0</value></relriskfordeath><relriskfordeath><age>33</age><sex>0</sex><cat>2</cat><value>1.2</value></relriskfordeath><relriskfordeath><age>33</age><sex>0</sex><cat>3</cat><value>1.55</value></relriskfordeath><relriskfordeath><age>33</age><sex>1</sex><cat>1</cat><value>1.0</value></relriskfordeath><relriskfordeath><age>33</age><sex>1</sex><cat>2</cat><value>1.15</value></relriskfordeath><relriskfordeath><age>33</age><sex>1</sex><cat>3</cat><value>1.5</value></relriskfordeath><relriskfordeath><age>34</age><sex>0</sex><cat>1</cat><value>1.0</value></relriskfordeath><relriskfordeath><age>34</age><sex>0</sex><cat>2</cat><value>1.2</value></relriskfordeath><relriskfordeath><age>34</age><sex>0</sex><cat>3</cat><value>1.55</value></relriskfordeath><relriskfordeath><age>34</age><sex>1</sex><cat>1</cat><value>1.0</value></relriskfordeath><relriskfordeath><age>34</age><sex>1</sex><cat>2</cat><value>1.15</value></relriskfordeath><relriskfordeath><age>34</age><sex>1</sex><cat>3</cat><value>1.5</value></relriskfordeath><relriskfordeath><age>35</age><sex>0</sex><cat>1</cat><value>1.0</value></relriskfordeath><relriskfordeath><age>35</age><sex>0</sex><cat>2</cat><value>1.2</value></relriskfordeath><relriskfordeath><age>35</age><sex>0</sex><cat>3</cat><value>1.55</value></relriskfordeath><relriskfordeath><age>35</age><sex>1</sex><cat>1</cat><value>1.0</value></relriskfordeath><relriskfordeath><age>35</age><sex>1</sex><cat>2</cat><value>1.15</value></relriskfordeath><relriskfordeath><age>35</age><sex>1</sex><cat>3</cat><value>1.5</value></relriskfordeath><relriskfordeath><age>36</age><sex>0</sex><cat>1</cat><value>1.0</value></relriskfordeath><relriskfordeath><age>36</age><sex>0</sex><cat>2</cat><value>1.2</value></relriskfordeath><relriskfordeath><age>36</age><sex>0</sex><cat>3</cat><value>1.55</value></relriskfordeath><relriskfordeath><age>36</age><sex>1</sex><cat>1</cat><value>1.0</value></relriskfordeath><relriskfordeath><age>36</age><sex>1</sex><cat>2</cat><value>1.15</value></relriskfordeath><relriskfordeath><age>36</age><sex>1</sex><cat>3</cat><value>1.5</value></relriskfordeath><relriskfordeath><age>37</age><sex>0</sex><cat>1</cat><value>1.0</value></relriskfordeath><relriskfordeath><age>37</age><sex>0</sex><cat>2</cat><value>1.2</value></relriskfordeath><relriskfordeath><age>37</age><sex>0</sex><cat>3</cat><value>1.55</value></relriskfordeath><relriskfordeath><age>37</age><sex>1</sex><cat>1</cat><value>1.0</value></relriskfordeath><relriskfordeath><age>37</age><sex>1</sex><cat>2</cat><value>1.15</value></relriskfordeath><relriskfordeath><age>37</age><sex>1</sex><cat>3</cat><value>1.5</value></relriskfordeath><relriskfordeath><age>38</age><sex>0</sex><cat>1</cat><value>1.0</value></relriskfordeath><relriskfordeath><age>38</age><sex>0</sex><cat>2</cat><value>1.2</value></relriskfordeath><relriskfordeath><age>38</age><sex>0</sex><cat>3</cat><value>1.55</value></relriskfordeath><relriskfordeath><age>38</age><sex>1</sex><cat>1</cat><value>1.0</value></relriskfordeath><relriskfordeath><age>38</age><sex>1</sex><cat>2</cat><value>1.15</value></relriskfordeath><relriskfordeath><age>38</age><sex>1</sex><cat>3</cat><value>1.5</value></relriskfordeath><relriskfordeath><age>39</age><sex>0</sex><cat>1</cat><value>1.0</value></relriskfordeath><relriskfordeath><age>39</age><sex>0</sex><cat>2</cat><value>1.2</value></relriskfordeath><relriskfordeath><age>39</age><sex>0</sex><cat>3</cat><value>1.55</value></relriskfordeath><relriskfordeath><age>39</age><sex>1</sex><cat>1</cat><value>1.0</value></relriskfordeath><relriskfordeath><age>39</age><sex>1</sex><cat>2</cat><value>1.15</value></relriskfordeath><relriskfordeath><age>39</age><sex>1</sex><cat>3</cat><value>1.5</value></relriskfordeath><relriskfordeath><age>40</age><sex>0</sex><cat>1</cat><value>1.0</value></relriskfordeath><relriskfordeath><age>40</age><sex>0</sex><cat>2</cat><value>1.2</value></relriskfordeath><relriskfordeath><age>40</age><sex>0</sex><cat>3</cat><value>1.55</value></relriskfordeath><relriskfordeath><age>40</age><sex>1</sex><cat>1</cat><value>1.0</value></relriskfordeath><relriskfordeath><age>40</age><sex>1</sex><cat>2</cat><value>1.15</value></relriskfordeath><relriskfordeath><age>40</age><sex>1</sex><cat>3</cat><value>1.5</value></relriskfordeath><relriskfordeath><age>41</age><sex>0</sex><cat>1</cat><value>1.0</value></relriskfordeath><relriskfordeath><age>41</age><sex>0</sex><cat>2</cat><value>1.2</value></relriskfordeath><relriskfordeath><age>41</age><sex>0</sex><cat>3</cat><value>1.55</value></relriskfordeath><relriskfordeath><age>41</age><sex>1</sex><cat>1</cat><value>1.0</value></relriskfordeath><relriskfordeath><age>41</age><sex>1</sex><cat>2</cat><value>1.15</value></relriskfordeath><relriskfordeath><age>41</age><sex>1</sex><cat>3</cat><value>1.5</value></relriskfordeath><relriskfordeath><age>42</age><sex>0</sex><cat>1</cat><value>1.0</value></relriskfordeath><relriskfordeath><age>42</age><sex>0</sex><cat>2</cat><value>1.2</value></relriskfordeath><relriskfordeath><age>42</age><sex>0</sex><cat>3</cat><value>1.55</value></relriskfordeath><relriskfordeath><age>42</age><sex>1</sex><cat>1</cat><value>1.0</value></relriskfordeath><relriskfordeath><age>42</age><sex>1</sex><cat>2</cat><value>1.15</value></relriskfordeath><relriskfordeath><age>42</age><sex>1</sex><cat>3</cat><value>1.5</value></relriskfordeath><relriskfordeath><age>43</age><sex>0</sex><cat>1</cat><value>1.0</value></relriskfordeath><relriskfordeath><age>43</age><sex>0</sex><cat>2</cat><value>1.2</value></relriskfordeath><relriskfordeath><age>43</age><sex>0</sex><cat>3</cat><value>1.55</value></relriskfordeath><relriskfordeath><age>43</age><sex>1</sex><cat>1</cat><value>1.0</value></relriskfordeath><relriskfordeath><age>43</age><sex>1</sex><cat>2</cat><value>1.15</value></relriskfordeath><relriskfordeath><age>43</age><sex>1</sex><cat>3</cat><value>1.5</value></relriskfordeath><relriskfordeath><age>44</age><sex>0</sex><cat>1</cat><value>1.0</value></relriskfordeath><relriskfordeath><age>44</age><sex>0</sex><cat>2</cat><value>1.2</value></relriskfordeath><relriskfordeath><age>44</age><sex>0</sex><cat>3</cat><value>1.55</value></relriskfordeath><relriskfordeath><age>44</age><sex>1</sex><cat>1</cat><value>1.0</value></relriskfordeath><relriskfordeath><age>44</age><sex>1</sex><cat>2</cat><value>1.15</value></relriskfordeath><relriskfordeath><age>44</age><sex>1</sex><cat>3</cat><value>1.5</value></relriskfordeath><relriskfordeath><age>45</age><sex>0</sex><cat>1</cat><value>1.0</value></relriskfordeath><relriskfordeath><age>45</age><sex>0</sex><cat>2</cat><value>1.2</value></relriskfordeath><relriskfordeath><age>45</age><sex>0</sex><cat>3</cat><value>1.55</value></relriskfordeath><relriskfordeath><age>45</age><sex>1</sex><cat>1</cat><value>1.0</value></relriskfordeath><relriskfordeath><age>45</age><sex>1</sex><cat>2</cat><value>1.15</value></relriskfordeath><relriskfordeath><age>45</age><sex>1</sex><cat>3</cat><value>1.5</value></relriskfordeath><relriskfordeath><age>46</age><sex>0</sex><cat>1</cat><value>1.0</value></relriskfordeath><relriskfordeath><age>46</age><sex>0</sex><cat>2</cat><value>1.2</value></relriskfordeath><relriskfordeath><age>46</age><sex>0</sex><cat>3</cat><value>1.55</value></relriskfordeath><relriskfordeath><age>46</age><sex>1</sex><cat>1</cat><value>1.0</value></relriskfordeath><relriskfordeath><age>46</age><sex>1</sex><cat>2</cat><value>1.15</value></relriskfordeath><relriskfordeath><age>46</age><sex>1</sex><cat>3</cat><value>1.5</value></relriskfordeath><relriskfordeath><age>47</age><sex>0</sex><cat>1</cat><value>1.0</value></relriskfordeath><relriskfordeath><age>47</age><sex>0</sex><cat>2</cat><value>1.2</value></relriskfordeath><relriskfordeath><age>47</age><sex>0</sex><cat>3</cat><value>1.55</value></relriskfordeath><relriskfordeath><age>47</age><sex>1</sex><cat>1</cat><value>1.0</value></relriskfordeath><relriskfordeath><age>47</age><sex>1</sex><cat>2</cat><value>1.15</value></relriskfordeath><relriskfordeath><age>47</age><sex>1</sex><cat>3</cat><value>1.5</value></relriskfordeath><relriskfordeath><age>48</age><sex>0</sex><cat>1</cat><value>1.0</value></relriskfordeath><relriskfordeath><age>48</age><sex>0</sex><cat>2</cat><value>1.2</value></relriskfordeath><relriskfordeath><age>48</age><sex>0</sex><cat>3</cat><value>1.55</value></relriskfordeath><relriskfordeath><age>48</age><sex>1</sex><cat>1</cat><value>1.0</value></relriskfordeath><relriskfordeath><age>48</age><sex>1</sex><cat>2</cat><value>1.15</value></relriskfordeath><relriskfordeath><age>48</age><sex>1</sex><cat>3</cat><value>1.5</value></relriskfordeath><relriskfordeath><age>49</age><sex>0</sex><cat>1</cat><value>1.0</value></relriskfordeath><relriskfordeath><age>49</age><sex>0</sex><cat>2</cat><value>1.2</value></relriskfordeath><relriskfordeath><age>49</age><sex>0</sex><cat>3</cat><value>1.55</value></relriskfordeath><relriskfordeath><age>49</age><sex>1</sex><cat>1</cat><value>1.0</value></relriskfordeath><relriskfordeath><age>49</age><sex>1</sex><cat>2</cat><value>1.15</value></relriskfordeath><relriskfordeath><age>49</age><sex>1</sex><cat>3</cat><value>1.5</value></relriskfordeath><relriskfordeath><age>50</age><sex>0</sex><cat>1</cat><value>1.0</value></relriskfordeath><relriskfordeath><age>50</age><sex>0</sex><cat>2</cat><value>1.18</value></relriskfordeath><relriskfordeath><age>50</age><sex>0</sex><cat>3</cat><value>1.5</value></relriskfordeath><relriskfordeath><age>50</age><sex>1</sex><cat>1</cat><value>1.0</value></relriskfordeath><relriskfordeath><age>50</age><sex>1</sex><cat>2</cat><value>1.14</value></relriskfordeath><relriskfordeath><age>50</age><sex>1</sex><cat>3</cat><value>1.45</value></relriskfordeath><relriskfordeath><age>51</age><sex>0</sex><cat>1</cat><value>1.0</value></relriskfordeath><relriskfordeath><age>51</age><sex>0</sex><cat>2</cat><value>1.18</value></relriskfordeath><relriskfordeath><age>51</age><sex>0</sex><cat>3</cat><value>1.5</value></relriskfordeath><relriskfordeath><age>51</age><sex>1</sex><cat>1</cat><value>1.0</value></relriskfordeath><relriskfordeath><age>51</age><sex>1</sex><cat>2</cat><value>1.14</value></relriskfordeath><relriskfordeath><age>51</age><sex>1</sex><cat>3</cat><value>1.45</value></relriskfordeath><relriskfordeath><age>52</age><sex>0</sex><cat>1</cat><value>1.0</value></relriskfordeath><relriskfordeath><age>52</age><sex>0</sex><cat>2</cat><value>1.18</value></relriskfordeath><relriskfordeath><age>52</age><sex>0</sex><cat>3</cat><value>1.5</value></relriskfordeath><relriskfordeath><age>52</age><sex>1</sex><cat>1</cat><value>1.0</value></relriskfordeath><relriskfordeath><age>52</age><sex>1</sex><cat>2</cat><value>1.14</value></relriskfordeath><relriskfordeath><age>52</age><sex>1</sex><cat>3</cat><value>1.45</value></relriskfordeath><relriskfordeath><age>53</age><sex>0</sex><cat>1</cat><value>1.0</value></relriskfordeath><relriskfordeath><age>53</age><sex>0</sex><cat>2</cat><value>1.18</value></relriskfordeath><relriskfordeath><age>53</age><sex>0</sex><cat>3</cat><value>1.5</value></relriskfordeath><relriskfordeath><age>53</age><sex>1</sex><cat>1</cat><value>1.0</value></relriskfordeath><relriskfordeath><age>53</age><sex>1</sex><cat>2</cat><value>1.14</value></relriskfordeath><relriskfordeath><age>53</age><sex>1</sex><cat>3</cat><value>1.45</value></relriskfordeath><relriskfordeath><age>54</age><sex>0</sex><cat>1</cat><value>1.0</value></relriskfordeath><relriskfordeath><age>54</age><sex>0</sex><cat>2</cat><value>1.18</value></relriskfordeath><relriskfordeath><age>54</age><sex>0</sex><cat>3</cat><value>1.5</value></relriskfordeath><relriskfordeath><age>54</age><sex>1</sex><cat>1</cat><value>1.0</value></relriskfordeath><relriskfordeath><age>54</age><sex>1</sex><cat>2</cat><value>1.14</value></relriskfordeath><relriskfordeath><age>54</age><sex>1</sex><cat>3</cat><value>1.45</value></relriskfordeath><relriskfordeath><age>55</age><sex>0</sex><cat>1</cat><value>1.0</value></relriskfordeath><relriskfordeath><age>55</age><sex>0</sex><cat>2</cat><value>1.18</value></relriskfordeath><relriskfordeath><age>55</age><sex>0</sex><cat>3</cat><value>1.5</value></relriskfordeath><relriskfordeath><age>55</age><sex>1</sex><cat>1</cat><value>1.0</value></relriskfordeath><relriskfordeath><age>55</age><sex>1</sex><cat>2</cat><value>1.14</value></relriskfordeath><relriskfordeath><age>55</age><sex>1</sex><cat>3</cat><value>1.45</value></relriskfordeath><relriskfordeath><age>56</age><sex>0</sex><cat>1</cat><value>1.0</value></relriskfordeath><relriskfordeath><age>56</age><sex>0</sex><cat>2</cat><value>1.18</value></relriskfordeath><relriskfordeath><age>56</age><sex>0</sex><cat>3</cat><value>1.5</value></relriskfordeath><relriskfordeath><age>56</age><sex>1</sex><cat>1</cat><value>1.0</value></relriskfordeath><relriskfordeath><age>56</age><sex>1</sex><cat>2</cat><value>1.14</value></relriskfordeath><relriskfordeath><age>56</age><sex>1</sex><cat>3</cat><value>1.45</value></relriskfordeath><relriskfordeath><age>57</age><sex>0</sex><cat>1</cat><value>1.0</value></relriskfordeath><relriskfordeath><age>57</age><sex>0</sex><cat>2</cat><value>1.18</value></relriskfordeath><relriskfordeath><age>57</age><sex>0</sex><cat>3</cat><value>1.5</value></relriskfordeath><relriskfordeath><age>57</age><sex>1</sex><cat>1</cat><value>1.0</value></relriskfordeath><relriskfordeath><age>57</age><sex>1</sex><cat>2</cat><value>1.14</value></relriskfordeath><relriskfordeath><age>57</age><sex>1</sex><cat>3</cat><value>1.45</value></relriskfordeath><relriskfordeath><age>58</age><sex>0</sex><cat>1</cat><value>1.0</value></relriskfordeath><relriskfordeath><age>58</age><sex>0</sex><cat>2</cat><value>1.18</value></relriskfordeath><relriskfordeath><age>58</age><sex>0</sex><cat>3</cat><value>1.5</value></relriskfordeath><relriskfordeath><age>58</age><sex>1</sex><cat>1</cat><value>1.0</value></relriskfordeath><relriskfordeath><age>58</age><sex>1</sex><cat>2</cat><value>1.14</value></relriskfordeath><relriskfordeath><age>58</age><sex>1</sex><cat>3</cat><value>1.45</value></relriskfordeath><relriskfordeath><age>59</age><sex>0</sex><cat>1</cat><value>1.0</value></relriskfordeath><relriskfordeath><age>59</age><sex>0</sex><cat>2</cat><value>1.18</value></relriskfordeath><relriskfordeath><age>59</age><sex>0</sex><cat>3</cat><value>1.5</value></relriskfordeath><relriskfordeath><age>59</age><sex>1</sex><cat>1</cat><value>1.0</value></relriskfordeath><relriskfordeath><age>59</age><sex>1</sex><cat>2</cat><value>1.14</value></relriskfordeath><relriskfordeath><age>59</age><sex>1</sex><cat>3</cat><value>1.45</value></relriskfordeath><relriskfordeath><age>60</age><sex>0</sex><cat>1</cat><value>1.0</value></relriskfordeath><relriskfordeath><age>60</age><sex>0</sex><cat>2</cat><value>1.18</value></relriskfordeath><relriskfordeath><age>60</age><sex>0</sex><cat>3</cat><value>1.5</value></relriskfordeath><relriskfordeath><age>60</age><sex>1</sex><cat>1</cat><value>1.0</value></relriskfordeath><relriskfordeath><age>60</age><sex>1</sex><cat>2</cat><value>1.14</value></relriskfordeath><relriskfordeath><age>60</age><sex>1</sex><cat>3</cat><value>1.45</value></relriskfordeath><relriskfordeath><age>61</age><sex>0</sex><cat>1</cat><value>1.0</value></relriskfordeath><relriskfordeath><age>61</age><sex>0</sex><cat>2</cat><value>1.15</value></relriskfordeath><relriskfordeath><age>61</age><sex>0</sex><cat>3</cat><value>1.4</value></relriskfordeath><relriskfordeath><age>61</age><sex>1</sex><cat>1</cat><value>1.0</value></relriskfordeath><relriskfordeath><age>61</age><sex>1</sex><cat>2</cat><value>1.12</value></relriskfordeath><relriskfordeath><age>61</age><sex>1</sex><cat>3</cat><value>1.35</value></relriskfordeath><relriskfordeath><age>62</age><sex>0</sex><cat>1</cat><value>1.0</value></relriskfordeath><relriskfordeath><age>62</age><sex>0</sex><cat>2</cat><value>1.15</value></relriskfordeath><relriskfordeath><age>62</age><sex>0</sex><cat>3</cat><value>1.4</value></relriskfordeath><relriskfordeath><age>62</age><sex>1</sex><cat>1</cat><value>1.0</value></relriskfordeath><relriskfordeath><age>62</age><sex>1</sex><cat>2</cat><value>1.12</value></relriskfordeath><relriskfordeath><age>62</age><sex>1</sex><cat>3</cat><value>1.35</value></relriskfordeath><relriskfordeath><age>63</age><sex>0</sex><cat>1</cat><value>1.0</value></relriskfordeath><relriskfordeath><age>63</age><sex>0</sex><cat>2</cat><value>1.15</value></relriskfordeath><relriskfordeath><age>63</age><sex>0</sex><cat>3</cat><value>1.4</value></relriskfordeath><relriskfordeath><age>63</age><sex>1</sex><cat>1</cat><value>1.0</value></relriskfordeath><relriskfordeath><age>63</age><sex>1</sex><cat>2</cat><value>1.12</value></relriskfordeath><relriskfordeath><age>63</age><sex>1</sex><cat>3</cat><value>1.35</value></relriskfordeath><relriskfordeath><age>64</age><sex>0</sex><cat>1</cat><value>1.0</value></relriskfordeath><relriskfordeath><age>64</age><sex>0</sex><cat>2</cat><value>1.15</value></relriskfordeath><relriskfordeath><age>64</age><sex>0</sex><cat>3</cat><value>1.4</value></relriskfordeath><relriskfordeath><age>64</age><sex>1</sex><cat>1</cat><value>1.0</value></relriskfordeath><relriskfordeath><age>64</age><sex>1</sex><cat>2</cat><value>1.12</value></relriskfordeath><relriskfordeath><age>64</age><sex>1</sex><cat>3</cat><value>1.35</value></relriskfordeath><relriskfordeath><age>65</age><sex>0</sex><cat>1</cat><value>1.0</value></relriskfordeath><relriskfordeath><age>65</age><sex>0</sex><cat>2</cat><value>1.15</value></relriskfordeath><relriskfordeath><age>65</age><sex>0</sex><cat>3</cat><value>1.4</value></relriskfordeath><relriskfordeath><age>65</age><sex>1</sex><cat>1</cat><value>1.0</value></relriskfordeath><relriskfordeath><age>65</age><sex>1</sex><cat>2</cat><value>1.12</value></relriskfordeath><relriskfordeath><age>65</age><sex>1</sex><cat>3</cat><value>1.35</value></relriskfordeath><relriskfordeath><age>66</age><sex>0</sex><cat>1</cat><value>1.0</value></relriskfordeath><relriskfordeath><age>66</age><sex>0</sex><cat>2</cat><value>1.15</value></relriskfordeath><relriskfordeath><age>66</age><sex>0</sex><cat>3</cat><value>1.4</value></relriskfordeath><relriskfordeath><age>66</age><sex>1</sex><cat>1</cat><value>1.0</value></relriskfordeath><relriskfordeath><age>66</age><sex>1</sex><cat>2</cat><value>1.12</value></relriskfordeath><relriskfordeath><age>66</age><sex>1</sex><cat>3</cat><value>1.35</value></relriskfordeath><relriskfordeath><age>67</age><sex>0</sex><cat>1</cat><value>1.0</value></relriskfordeath><relriskfordeath><age>67</age><sex>0</sex><cat>2</cat><value>1.15</value></relriskfordeath><relriskfordeath><age>67</age><sex>0</sex><cat>3</cat><value>1.4</value></relriskfordeath><relriskfordeath><age>67</age><sex>1</sex><cat>1</cat><value>1.0</value></relriskfordeath><relriskfordeath><age>67</age><sex>1</sex><cat>2</cat><value>1.12</value></relriskfordeath><relriskfordeath><age>67</age><sex>1</sex><cat>3</cat><value>1.35</value></relriskfordeath><relriskfordeath><age>68</age><sex>0</sex><cat>1</cat><value>1.0</value></relriskfordeath><relriskfordeath><age>68</age><sex>0</sex><cat>2</cat><value>1.15</value></relriskfordeath><relriskfordeath><age>68</age><sex>0</sex><cat>3</cat><value>1.4</value></relriskfordeath><relriskfordeath><age>68</age><sex>1</sex><cat>1</cat><value>1.0</value></relriskfordeath><relriskfordeath><age>68</age><sex>1</sex><cat>2</cat><value>1.12</value></relriskfordeath><relriskfordeath><age>68</age><sex>1</sex><cat>3</cat><value>1.35</value></relriskfordeath><relriskfordeath><age>69</age><sex>0</sex><cat>1</cat><value>1.0</value></relriskfordeath><relriskfordeath><age>69</age><sex>0</sex><cat>2</cat><value>1.15</value></relriskfordeath><relriskfordeath><age>69</age><sex>0</sex><cat>3</cat><value>1.4</value></relriskfordeath><relriskfordeath><age>69</age><sex>1</sex><cat>1</cat><value>1.0</value></relriskfordeath><relriskfordeath><age>69</age><sex>1</sex><cat>2</cat><value>1.12</value></relriskfordeath><relriskfordeath><age>69</age><sex>1</sex><cat>3</cat><value>1.35</value></relriskfordeath><relriskfordeath><age>70</age><sex>0</sex><cat>1</cat><value>1.0</value></relriskfordeath><relriskfordeath><age>70</age><sex>0</sex><cat>2</cat><value>1.12</value></relriskfordeath><relriskfordeath><age>70</age><sex>0</sex><cat>3</cat><value>1.3</value></relriskfordeath><relriskfordeath><age>70</age><sex>1</sex><cat>1</cat><value>1.0</value></relriskfordeath><relriskfordeath><age>70</age><sex>1</sex><cat>2</cat><value>1.1</value></relriskfordeath><relriskfordeath><age>70</age><sex>1</sex><cat>3</cat><value>1.2</value></relriskfordeath><relriskfordeath><age>71</age><sex>0</sex><cat>1</cat><value>1.0</value></relriskfordeath><relriskfordeath><age>71</age><sex>0</sex><cat>2</cat><value>1.12</value></relriskfordeath><relriskfordeath><age>71</age><sex>0</sex><cat>3</cat><value>1.3</value></relriskfordeath><relriskfordeath><age>71</age><sex>1</sex><cat>1</cat><value>1.0</value></relriskfordeath><relriskfordeath><age>71</age><sex>1</sex><cat>2</cat><value>1.1</value></relriskfordeath><relriskfordeath><age>71</age><sex>1</sex><cat>3</cat><value>1.2</value></relriskfordeath><relriskfordeath><age>72</age><sex>0</sex><cat>1</cat><value>1.0</value></relriskfordeath><relriskfordeath><age>72</age><sex>0</sex><cat>2</cat><value>1.12</value></relriskfordeath><relriskfordeath><age>72</age><sex>0</sex><cat>3</cat><value>1.3</value></relriskfordeath><relriskfordeath><age>72</age><sex>1</sex><cat>1</cat><value>1.0</value></relriskfordeath><relriskfordeath><age>72</age><sex>1</sex><cat>2</cat><value>1.1</value></relriskfordeath><relriskfordeath><age>72</age><sex>1</sex><cat>3</cat><value>1.2</value></relriskfordeath><relriskfordeath><age>73</age><sex>0</sex><cat>1</cat><value>1.0</value></relriskfordeath><relriskfordeath><age>73</age><sex>0</sex><cat>2</cat><value>1.12</value></relriskfordeath><relriskfordeath><age>73</age><sex>0</sex><cat>3</cat><value>1.3</value></relriskfordeath><relriskfordeath><age>73</age><sex>1</sex><cat>1</cat><value>1.0</value></relriskfordeath><relriskfordeath><age>73</age><sex>1</sex><cat>2</cat><value>1.1</value></relriskfordeath><relriskfordeath><age>73</age><sex>1</sex><cat>3</cat><value>1.2</value></relriskfordeath><relriskfordeath><age>74</age><sex>0</sex><cat>1</cat><value>1.0</value></relriskfordeath><relriskfordeath><age>74</age><sex>0</sex><cat>2</cat><value>1.12</value></relriskfordeath><relriskfordeath><age>74</age><sex>0</sex><cat>3</cat><value>1.3</value></relriskfordeath><relriskfordeath><age>74</age><sex>1</sex><cat>1</cat><value>1.0</value></relriskfordeath><relriskfordeath><age>74</age><sex>1</sex><cat>2</cat><value>1.1</value></relriskfordeath><relriskfordeath><age>74</age><sex>1</sex><cat>3</cat><value>1.2</value></relriskfordeath><relriskfordeath><age>75</age><sex>0</sex><cat>1</cat><value>1.0</value></relriskfordeath><relriskfordeath><age>75</age><sex>0</sex><cat>2</cat><value>1.12</value></relriskfordeath><relriskfordeath><age>75</age><sex>0</sex><cat>3</cat><value>1.3</value></relriskfordeath><relriskfordeath><age>75</age><sex>1</sex><cat>1</cat><value>1.0</value></relriskfordeath><relriskfordeath><age>75</age><sex>1</sex><cat>2</cat><value>1.1</value></relriskfordeath><relriskfordeath><age>75</age><sex>1</sex><cat>3</cat><value>1.2</value></relriskfordeath><relriskfordeath><age>76</age><sex>0</sex><cat>1</cat><value>1.0</value></relriskfordeath><relriskfordeath><age>76</age><sex>0</sex><cat>2</cat><value>1.12</value></relriskfordeath><relriskfordeath><age>76</age><sex>0</sex><cat>3</cat><value>1.3</value></relriskfordeath><relriskfordeath><age>76</age><sex>1</sex><cat>1</cat><value>1.0</value></relriskfordeath><relriskfordeath><age>76</age><sex>1</sex><cat>2</cat><value>1.1</value></relriskfordeath><relriskfordeath><age>76</age><sex>1</sex><cat>3</cat><value>1.2</value></relriskfordeath><relriskfordeath><age>77</age><sex>0</sex><cat>1</cat><value>1.0</value></relriskfordeath><relriskfordeath><age>77</age><sex>0</sex><cat>2</cat><value>1.12</value></relriskfordeath><relriskfordeath><age>77</age><sex>0</sex><cat>3</cat><value>1.3</value></relriskfordeath><relriskfordeath><age>77</age><sex>1</sex><cat>1</cat><value>1.0</value></relriskfordeath><relriskfordeath><age>77</age><sex>1</sex><cat>2</cat><value>1.1</value></relriskfordeath><relriskfordeath><age>77</age><sex>1</sex><cat>3</cat><value>1.2</value></relriskfordeath><relriskfordeath><age>78</age><sex>0</sex><cat>1</cat><value>1.0</value></relriskfordeath><relriskfordeath><age>78</age><sex>0</sex><cat>2</cat><value>1.12</value></relriskfordeath><relriskfordeath><age>78</age><sex>0</sex><cat>3</cat><value>1.3</value></relriskfordeath><relriskfordeath><age>78</age><sex>1</sex><cat>1</cat><value>1.0</value></relriskfordeath><relriskfordeath><age>78</age><sex>1</sex><cat>2</cat><value>1.1</value></relriskfordeath><relriskfordeath><age>78</age><sex>1</sex><cat>3</cat><value>1.2</value></relriskfordeath><relriskfordeath><age>79</age><sex>0</sex><cat>1</cat><value>1.0</value></relriskfordeath><relriskfordeath><age>79</age><sex>0</sex><cat>2</cat><value>1.12</value></relriskfordeath><relriskfordeath><age>79</age><sex>0</sex><cat>3</cat><value>1.3</value></relriskfordeath><relriskfordeath><age>79</age><sex>1</sex><cat>1</cat><value>1.0</value></relriskfordeath><relriskfordeath><age>79</age><sex>1</sex><cat>2</cat><value>1.1</value></relriskfordeath><relriskfordeath><age>79</age><sex>1</sex><cat>3</cat><value>1.2</value></relriskfordeath><relriskfordeath><age>80</age><sex>0</sex><cat>1</cat><value>1.0</value></relriskfordeath><relriskfordeath><age>80</age><sex>0</sex><cat>2</cat><value>1.1</value></relriskfordeath><relriskfordeath><age>80</age><sex>0</sex><cat>3</cat><value>1.2</value></relriskfordeath><relriskfordeath><age>80</age><sex>1</sex><cat>1</cat><value>1.0</value></relriskfordeath><relriskfordeath><age>80</age><sex>1</sex><cat>2</cat><value>1.05</value></relriskfordeath><relriskfordeath><age>80</age><sex>1</sex><cat>3</cat><value>1.1</value></relriskfordeath><relriskfordeath><age>81</age><sex>0</sex><cat>1</cat><value>1.0</value></relriskfordeath><relriskfordeath><age>81</age><sex>0</sex><cat>2</cat><value>1.1</value></relriskfordeath><relriskfordeath><age>81</age><sex>0</sex><cat>3</cat><value>1.2</value></relriskfordeath><relriskfordeath><age>81</age><sex>1</sex><cat>1</cat><value>1.0</value></relriskfordeath><relriskfordeath><age>81</age><sex>1</sex><cat>2</cat><value>1.05</value></relriskfordeath><relriskfordeath><age>81</age><sex>1</sex><cat>3</cat><value>1.1</value></relriskfordeath><relriskfordeath><age>82</age><sex>0</sex><cat>1</cat><value>1.0</value></relriskfordeath><relriskfordeath><age>82</age><sex>0</sex><cat>2</cat><value>1.1</value></relriskfordeath><relriskfordeath><age>82</age><sex>0</sex><cat>3</cat><value>1.2</value></relriskfordeath><relriskfordeath><age>82</age><sex>1</sex><cat>1</cat><value>1.0</value></relriskfordeath><relriskfordeath><age>82</age><sex>1</sex><cat>2</cat><value>1.05</value></relriskfordeath><relriskfordeath><age>82</age><sex>1</sex><cat>3</cat><value>1.1</value></relriskfordeath><relriskfordeath><age>83</age><sex>0</sex><cat>1</cat><value>1.0</value></relriskfordeath><relriskfordeath><age>83</age><sex>0</sex><cat>2</cat><value>1.1</value></relriskfordeath><relriskfordeath><age>83</age><sex>0</sex><cat>3</cat><value>1.2</value></relriskfordeath><relriskfordeath><age>83</age><sex>1</sex><cat>1</cat><value>1.0</value></relriskfordeath><relriskfordeath><age>83</age><sex>1</sex><cat>2</cat><value>1.05</value></relriskfordeath><relriskfordeath><age>83</age><sex>1</sex><cat>3</cat><value>1.1</value></relriskfordeath><relriskfordeath><age>84</age><sex>0</sex><cat>1</cat><value>1.0</value></relriskfordeath><relriskfordeath><age>84</age><sex>0</sex><cat>2</cat><value>1.1</value></relriskfordeath><relriskfordeath><age>84</age><sex>0</sex><cat>3</cat><value>1.2</value></relriskfordeath><relriskfordeath><age>84</age><sex>1</sex><cat>1</cat><value>1.0</value></relriskfordeath><relriskfordeath><age>84</age><sex>1</sex><cat>2</cat><value>1.05</value></relriskfordeath><relriskfordeath><age>84</age><sex>1</sex><cat>3</cat><value>1.1</value></relriskfordeath><relriskfordeath><age>85</age><sex>0</sex><cat>1</cat><value>1.0</value></relriskfordeath><relriskfordeath><age>85</age><sex>0</sex><cat>2</cat><value>1.1</value></relriskfordeath><relriskfordeath><age>85</age><sex>0</sex><cat>3</cat><value>1.2</value></relriskfordeath><relriskfordeath><age>85</age><sex>1</sex><cat>1</cat><value>1.0</value></relriskfordeath><relriskfordeath><age>85</age><sex>1</sex><cat>2</cat><value>1.05</value></relriskfordeath><relriskfordeath><age>85</age><sex>1</sex><cat>3</cat><value>1.1</value></relriskfordeath><relriskfordeath><age>86</age><sex>0</sex><cat>1</cat><value>1.0</value></relriskfordeath><relriskfordeath><age>86</age><sex>0</sex><cat>2</cat><value>1.1</value></relriskfordeath><relriskfordeath><age>86</age><sex>0</sex><cat>3</cat><value>1.2</value></relriskfordeath><relriskfordeath><age>86</age><sex>1</sex><cat>1</cat><value>1.0</value></relriskfordeath><relriskfordeath><age>86</age><sex>1</sex><cat>2</cat><value>1.05</value></relriskfordeath><relriskfordeath><age>86</age><sex>1</sex><cat>3</cat><value>1.1</value></relriskfordeath><relriskfordeath><age>87</age><sex>0</sex><cat>1</cat><value>1.0</value></relriskfordeath><relriskfordeath><age>87</age><sex>0</sex><cat>2</cat><value>1.1</value></relriskfordeath><relriskfordeath><age>87</age><sex>0</sex><cat>3</cat><value>1.2</value></relriskfordeath><relriskfordeath><age>87</age><sex>1</sex><cat>1</cat><value>1.0</value></relriskfordeath><relriskfordeath><age>87</age><sex>1</sex><cat>2</cat><value>1.05</value></relriskfordeath><relriskfordeath><age>87</age><sex>1</sex><cat>3</cat><value>1.1</value></relriskfordeath><relriskfordeath><age>88</age><sex>0</sex><cat>1</cat><value>1.0</value></relriskfordeath><relriskfordeath><age>88</age><sex>0</sex><cat>2</cat><value>1.1</value></relriskfordeath><relriskfordeath><age>88</age><sex>0</sex><cat>3</cat><value>1.2</value></relriskfordeath><relriskfordeath><age>88</age><sex>1</sex><cat>1</cat><value>1.0</value></relriskfordeath><relriskfordeath><age>88</age><sex>1</sex><cat>2</cat><value>1.05</value></relriskfordeath><relriskfordeath><age>88</age><sex>1</sex><cat>3</cat><value>1.1</value></relriskfordeath><relriskfordeath><age>89</age><sex>0</sex><cat>1</cat><value>1.0</value></relriskfordeath><relriskfordeath><age>89</age><sex>0</sex><cat>2</cat><value>1.1</value></relriskfordeath><relriskfordeath><age>89</age><sex>0</sex><cat>3</cat><value>1.2</value></relriskfordeath><relriskfordeath><age>89</age><sex>1</sex><cat>1</cat><value>1.0</value></relriskfordeath><relriskfordeath><age>89</age><sex>1</sex><cat>2</cat><value>1.05</value></relriskfordeath><relriskfordeath><age>89</age><sex>1</sex><cat>3</cat><value>1.1</value></relriskfordeath><relriskfordeath><age>90</age><sex>0</sex><cat>1</cat><value>1.0</value></relriskfordeath><relriskfordeath><age>90</age><sex>0</sex><cat>2</cat><value>1.1</value></relriskfordeath><relriskfordeath><age>90</age><sex>0</sex><cat>3</cat><value>1.2</value></relriskfordeath><relriskfordeath><age>90</age><sex>1</sex><cat>1</cat><value>1.0</value></relriskfordeath><relriskfordeath><age>90</age><sex>1</sex><cat>2</cat><value>1.05</value></relriskfordeath><relriskfordeath><age>90</age><sex>1</sex><cat>3</cat><value>1.1</value></relriskfordeath><relriskfordeath><age>91</age><sex>0</sex><cat>1</cat><value>1.0</value></relriskfordeath><relriskfordeath><age>91</age><sex>0</sex><cat>2</cat><value>1.1</value></relriskfordeath><relriskfordeath><age>91</age><sex>0</sex><cat>3</cat><value>1.2</value></relriskfordeath><relriskfordeath><age>91</age><sex>1</sex><cat>1</cat><value>1.0</value></relriskfordeath><relriskfordeath><age>91</age><sex>1</sex><cat>2</cat><value>1.05</value></relriskfordeath><relriskfordeath><age>91</age><sex>1</sex><cat>3</cat><value>1.1</value></relriskfordeath><relriskfordeath><age>92</age><sex>0</sex><cat>1</cat><value>1.0</value></relriskfordeath><relriskfordeath><age>92</age><sex>0</sex><cat>2</cat><value>1.1</value></relriskfordeath><relriskfordeath><age>92</age><sex>0</sex><cat>3</cat><value>1.2</value></relriskfordeath><relriskfordeath><age>92</age><sex>1</sex><cat>1</cat><value>1.0</value></relriskfordeath><relriskfordeath><age>92</age><sex>1</sex><cat>2</cat><value>1.05</value></relriskfordeath><relriskfordeath><age>92</age><sex>1</sex><cat>3</cat><value>1.1</value></relriskfordeath><relriskfordeath><age>93</age><sex>0</sex><cat>1</cat><value>1.0</value></relriskfordeath><relriskfordeath><age>93</age><sex>0</sex><cat>2</cat><value>1.1</value></relriskfordeath><relriskfordeath><age>93</age><sex>0</sex><cat>3</cat><value>1.2</value></relriskfordeath><relriskfordeath><age>93</age><sex>1</sex><cat>1</cat><value>1.0</value></relriskfordeath><relriskfordeath><age>93</age><sex>1</sex><cat>2</cat><value>1.05</value></relriskfordeath><relriskfordeath><age>93</age><sex>1</sex><cat>3</cat><value>1.1</value></relriskfordeath><relriskfordeath><age>94</age><sex>0</sex><cat>1</cat><value>1.0</value></relriskfordeath><relriskfordeath><age>94</age><sex>0</sex><cat>2</cat><value>1.1</value></relriskfordeath><relriskfordeath><age>94</age><sex>0</sex><cat>3</cat><value>1.2</value></relriskfordeath><relriskfordeath><age>94</age><sex>1</sex><cat>1</cat><value>1.0</value></relriskfordeath><relriskfordeath><age>94</age><sex>1</sex><cat>2</cat><value>1.05</value></relriskfordeath><relriskfordeath><age>94</age><sex>1</sex><cat>3</cat><value>1.1</value></relriskfordeath><relriskfordeath><age>95</age><sex>0</sex><cat>1</cat><value>1.0</value></relriskfordeath><relriskfordeath><age>95</age><sex>0</sex><cat>2</cat><value>1.1</value></relriskfordeath><relriskfordeath><age>95</age><sex>0</sex><cat>3</cat><value>1.2</value></relriskfordeath><relriskfordeath><age>95</age><sex>1</sex><cat>1</cat><value>1.0</value></relriskfordeath><relriskfordeath><age>95</age><sex>1</sex><cat>2</cat><value>1.05</value></relriskfordeath><relriskfordeath><age>95</age><sex>1</sex><cat>3</cat><value>1.1</value></relriskfordeath></relrisksfordeath_categorical>