<?xml version="1.0"?><diseaseprevalences><prevalence><age>0</age><sex>0</sex><percent>0.0</percent></prevalence><prevalence><age>0</age><sex>1</sex><percent>0.0</percent></prevalence><prevalence><age>1</age><sex>0</sex><percent>0.0</percent></prevalence><prevalence><age>1</age><sex>1</sex><percent>0.0</percent></prevalence><prevalence><age>2</age><sex>0</sex><percent>0.0</percent></prevalence><prevalence><age>2</age><sex>1</sex><percent>0.0</percent></prevalence><prevalence><age>3</age><sex>0</sex><percent>0.0</percent></prevalence><prevalence><age>3</age><sex>1</sex><percent>0.0</percent></prevalence><prevalence><age>4</age><sex>0</sex><percent>0.0</percent></prevalence><prevalence><age>4</age><sex>1</sex><percent>0.0</percent></prevalence><prevalence><age>5</age><sex>0</sex><percent>0.0</percent></prevalence><prevalence><age>5</age><sex>1</sex><percent>0.0</percent></prevalence><prevalence><age>6</age><sex>0</sex><percent>0.0</percent></prevalence><prevalence><age>6</age><sex>1</sex><percent>0.0</percent></prevalence><prevalence><age>7</age><sex>0</sex><percent>0.0</percent></prevalence><prevalence><age>7</age><sex>1</sex><percent>0.0</percent></prevalence><prevalence><age>8</age><sex>0</sex><percent>0.0</percent></prevalence><prevalence><age>8</age><sex>1</sex><percent>0.0</percent></prevalence><prevalence><age>9</age><sex>0</sex><percent>0.0</percent></prevalence><prevalence><age>9</age><sex>1</sex><percent>0.0</percent></prevalence><prevalence><age>10</age><sex>0</sex><percent>0.0</percent></prevalence><prevalence><age>10</age><sex>1</sex><percent>0.0</percent></prevalence><prevalence><age>11</age><sex>0</sex><percent>0.0</percent></prevalence><prevalence><age>11</age><sex>1</sex><percent>0.0</percent></prevalence><prevalence><age>12</age><sex>0</sex><percent>0.0</percent></prevalence><prevalence><age>12</age><sex>1</sex><percent>0.0</percent></prevalence><prevalence><age>13</age><sex>0</sex><percent>0.0</percent></prevalence><prevalence><age>13</age><sex>1</sex><percent>0.0</percent></prevalence><prevalence><age>14</age><sex>0</sex><percent>0.0</percent></prevalence><prevalence><age>14</age><sex>1</sex><percent>0.0</percent></prevalence><prevalence><age>15</age><sex>0</sex><percent>1.0E-4</percent></prevalence><prevalence><age>15</age><sex>1</sex><percent>1.5E-4</percent></prevalence><prevalence><age>16</age><sex>0</sex><percent>1.1E-4</percent></prevalence><prevalence><age>16</age><sex>1</sex><percent>1.8E-4</percent></prevalence><prevalence><age>17</age><sex>0</sex><percent>1.3E-4</percent></prevalence><prevalence><age>17</age><sex>1</sex><percent>2.3E-4</percent></prevalence><prevalence><age>18</age><sex>0</sex><percent>1.7E-4</percent></prevalence><prevalence><age>18</age><sex>1</sex><percent>2.9E-4</percent></prevalence><prevalence><age>19</age><sex>0</sex><percent>2.3E-4</percent></prevalence><prevalence><age>19</age><sex>1</sex><percent>3.5E-4</percent></prevalence><prevalence><age>20</age><sex>0</sex><percent>3.2E-4</percent></prevalence><prevalence><age>20</age><sex>1</sex><percent>3.9E-4</percent></prevalence><prevalence><age>21</age><sex>0</sex><percent>4.4E-4</percent></prevalence><prevalence><age>21</age><sex>1</sex><percent>4.3E-4</percent></prevalence><prevalence><age>22</age><sex>0</sex><percent>5.8E-4</percent></prevalence><prevalence><age>22</age><sex>1</sex><percent>4.8E-4</percent></prevalence><prevalence><age>23</age><sex>0</sex><percent>7.2E-4</percent></prevalence><prevalence><age>23</age><sex>1</sex><percent>5.5E-4</percent></prevalence><prevalence><age>24</age><sex>0</sex><percent>8.5E-4</percent></prevalence><prevalence><age>24</age><sex>1</sex><percent>6.6E-4</percent></prevalence><prevalence><age>25</age><sex>0</sex><percent>9.5E-4</percent></prevalence><prevalence><age>25</age><sex>1</sex><percent>8.1E-4</percent></prevalence><prevalence><age>26</age><sex>0</sex><percent>0.0010</percent></prevalence><prevalence><age>26</age><sex>1</sex><percent>0.00102</percent></prevalence><prevalence><age>27</age><sex>0</sex><percent>0.00103</percent></prevalence><prevalence><age>27</age><sex>1</sex><percent>0.00124</percent></prevalence><prevalence><age>28</age><sex>0</sex><percent>0.00104</percent></prevalence><prevalence><age>28</age><sex>1</sex><percent>0.00145</percent></prevalence><prevalence><age>29</age><sex>0</sex><percent>0.00106</percent></prevalence><prevalence><age>29</age><sex>1</sex><percent>0.00161</percent></prevalence><prevalence><age>30</age><sex>0</sex><percent>0.00112</percent></prevalence><prevalence><age>30</age><sex>1</sex><percent>0.00169</percent></prevalence><prevalence><age>31</age><sex>0</sex><percent>0.00125</percent></prevalence><prevalence><age>31</age><sex>1</sex><percent>0.00169</percent></prevalence><prevalence><age>32</age><sex>0</sex><percent>0.00146</percent></prevalence><prevalence><age>32</age><sex>1</sex><percent>0.00165</percent></prevalence><prevalence><age>33</age><sex>0</sex><percent>0.00179</percent></prevalence><prevalence><age>33</age><sex>1</sex><percent>0.00161</percent></prevalence><prevalence><age>34</age><sex>0</sex><percent>0.00227</percent></prevalence><prevalence><age>34</age><sex>1</sex><percent>0.0016</percent></prevalence><prevalence><age>35</age><sex>0</sex><percent>0.00293</percent></prevalence><prevalence><age>35</age><sex>1</sex><percent>0.00168</percent></prevalence><prevalence><age>36</age><sex>0</sex><percent>0.00381</percent></prevalence><prevalence><age>36</age><sex>1</sex><percent>0.00188</percent></prevalence><prevalence><age>37</age><sex>0</sex><percent>0.00494</percent></prevalence><prevalence><age>37</age><sex>1</sex><percent>0.00223</percent></prevalence><prevalence><age>38</age><sex>0</sex><percent>0.00638</percent></prevalence><prevalence><age>38</age><sex>1</sex><percent>0.0028</percent></prevalence><prevalence><age>39</age><sex>0</sex><percent>0.00821</percent></prevalence><prevalence><age>39</age><sex>1</sex><percent>0.00368</percent></prevalence><prevalence><age>40</age><sex>0</sex><percent>0.01065</percent></prevalence><prevalence><age>40</age><sex>1</sex><percent>0.00498</percent></prevalence><prevalence><age>41</age><sex>0</sex><percent>0.01391</percent></prevalence><prevalence><age>41</age><sex>1</sex><percent>0.0068</percent></prevalence><prevalence><age>42</age><sex>0</sex><percent>0.0182</percent></prevalence><prevalence><age>42</age><sex>1</sex><percent>0.00923</percent></prevalence><prevalence><age>43</age><sex>0</sex><percent>0.0236</percent></prevalence><prevalence><age>43</age><sex>1</sex><percent>0.01217</percent></prevalence><prevalence><age>44</age><sex>0</sex><percent>0.03003</percent></prevalence><prevalence><age>44</age><sex>1</sex><percent>0.01539</percent></prevalence><prevalence><age>45</age><sex>0</sex><percent>0.03729</percent></prevalence><prevalence><age>45</age><sex>1</sex><percent>0.01861</percent></prevalence><prevalence><age>46</age><sex>0</sex><percent>0.04526</percent></prevalence><prevalence><age>46</age><sex>1</sex><percent>0.02165</percent></prevalence><prevalence><age>47</age><sex>0</sex><percent>0.05398</percent></prevalence><prevalence><age>47</age><sex>1</sex><percent>0.02453</percent></prevalence><prevalence><age>48</age><sex>0</sex><percent>0.06373</percent></prevalence><prevalence><age>48</age><sex>1</sex><percent>0.02747</percent></prevalence><prevalence><age>49</age><sex>0</sex><percent>0.07488</percent></prevalence><prevalence><age>49</age><sex>1</sex><percent>0.03072</percent></prevalence><prevalence><age>50</age><sex>0</sex><percent>0.08774</percent></prevalence><prevalence><age>50</age><sex>1</sex><percent>0.0344</percent></prevalence><prevalence><age>51</age><sex>0</sex><percent>0.10256</percent></prevalence><prevalence><age>51</age><sex>1</sex><percent>0.03853</percent></prevalence><prevalence><age>52</age><sex>0</sex><percent>0.11949</percent></prevalence><prevalence><age>52</age><sex>1</sex><percent>0.04304</percent></prevalence><prevalence><age>53</age><sex>0</sex><percent>0.13858</percent></prevalence><prevalence><age>53</age><sex>1</sex><percent>0.0478</percent></prevalence><prevalence><age>54</age><sex>0</sex><percent>0.1598</percent></prevalence><prevalence><age>54</age><sex>1</sex><percent>0.05272</percent></prevalence><prevalence><age>55</age><sex>0</sex><percent>0.18303</percent></prevalence><prevalence><age>55</age><sex>1</sex><percent>0.05774</percent></prevalence><prevalence><age>56</age><sex>0</sex><percent>0.20811</percent></prevalence><prevalence><age>56</age><sex>1</sex><percent>0.06287</percent></prevalence><prevalence><age>57</age><sex>0</sex><percent>0.23474</percent></prevalence><prevalence><age>57</age><sex>1</sex><percent>0.06811</percent></prevalence><prevalence><age>58</age><sex>0</sex><percent>0.26254</percent></prevalence><prevalence><age>58</age><sex>1</sex><percent>0.07348</percent></prevalence><prevalence><age>59</age><sex>0</sex><percent>0.29111</percent></prevalence><prevalence><age>59</age><sex>1</sex><percent>0.07899</percent></prevalence><prevalence><age>60</age><sex>0</sex><percent>0.32022</percent></prevalence><prevalence><age>60</age><sex>1</sex><percent>0.08459</percent></prevalence><prevalence><age>61</age><sex>0</sex><percent>0.34978</percent></prevalence><prevalence><age>61</age><sex>1</sex><percent>0.09025</percent></prevalence><prevalence><age>62</age><sex>0</sex><percent>0.37988</percent></prevalence><prevalence><age>62</age><sex>1</sex><percent>0.09589</percent></prevalence><prevalence><age>63</age><sex>0</sex><percent>0.41076</percent></prevalence><prevalence><age>63</age><sex>1</sex><percent>0.10142</percent></prevalence><prevalence><age>64</age><sex>0</sex><percent>0.44248</percent></prevalence><prevalence><age>64</age><sex>1</sex><percent>0.1068</percent></prevalence><prevalence><age>65</age><sex>0</sex><percent>0.47475</percent></prevalence><prevalence><age>65</age><sex>1</sex><percent>0.11202</percent></prevalence><prevalence><age>66</age><sex>0</sex><percent>0.50699</percent></prevalence><prevalence><age>66</age><sex>1</sex><percent>0.11712</percent></prevalence><prevalence><age>67</age><sex>0</sex><percent>0.53841</percent></prevalence><prevalence><age>67</age><sex>1</sex><percent>0.12217</percent></prevalence><prevalence><age>68</age><sex>0</sex><percent>0.56812</percent></prevalence><prevalence><age>68</age><sex>1</sex><percent>0.12728</percent></prevalence><prevalence><age>69</age><sex>0</sex><percent>0.59556</percent></prevalence><prevalence><age>69</age><sex>1</sex><percent>0.13252</percent></prevalence><prevalence><age>70</age><sex>0</sex><percent>0.62078</percent></prevalence><prevalence><age>70</age><sex>1</sex><percent>0.13788</percent></prevalence><prevalence><age>71</age><sex>0</sex><percent>0.64427</percent></prevalence><prevalence><age>71</age><sex>1</sex><percent>0.14336</percent></prevalence><prevalence><age>72</age><sex>0</sex><percent>0.66681</percent></prevalence><prevalence><age>72</age><sex>1</sex><percent>0.14887</percent></prevalence><prevalence><age>73</age><sex>0</sex><percent>0.68925</percent></prevalence><prevalence><age>73</age><sex>1</sex><percent>0.15436</percent></prevalence><prevalence><age>74</age><sex>0</sex><percent>0.71188</percent></prevalence><prevalence><age>74</age><sex>1</sex><percent>0.1597</percent></prevalence><prevalence><age>75</age><sex>0</sex><percent>0.734</percent></prevalence><prevalence><age>75</age><sex>1</sex><percent>0.16475</percent></prevalence><prevalence><age>76</age><sex>0</sex><percent>0.75413</percent></prevalence><prevalence><age>76</age><sex>1</sex><percent>0.16933</percent></prevalence><prevalence><age>77</age><sex>0</sex><percent>0.77023</percent></prevalence><prevalence><age>77</age><sex>1</sex><percent>0.17324</percent></prevalence><prevalence><age>78</age><sex>0</sex><percent>0.78005</percent></prevalence><prevalence><age>78</age><sex>1</sex><percent>0.17626</percent></prevalence><prevalence><age>79</age><sex>0</sex><percent>0.7823</percent></prevalence><prevalence><age>79</age><sex>1</sex><percent>0.17828</percent></prevalence><prevalence><age>80</age><sex>0</sex><percent>0.77731</percent></prevalence><prevalence><age>80</age><sex>1</sex><percent>0.17934</percent></prevalence><prevalence><age>81</age><sex>0</sex><percent>0.76656</percent></prevalence><prevalence><age>81</age><sex>1</sex><percent>0.1796</percent></prevalence><prevalence><age>82</age><sex>0</sex><percent>0.7521</percent></prevalence><prevalence><age>82</age><sex>1</sex><percent>0.17929</percent></prevalence><prevalence><age>83</age><sex>0</sex><percent>0.73604</percent></prevalence><prevalence><age>83</age><sex>1</sex><percent>0.17869</percent></prevalence><prevalence><age>84</age><sex>0</sex><percent>0.71987</percent></prevalence><prevalence><age>84</age><sex>1</sex><percent>0.178</percent></prevalence><prevalence><age>85</age><sex>0</sex><percent>0.70426</percent></prevalence><prevalence><age>85</age><sex>1</sex><percent>0.17736</percent></prevalence><prevalence><age>86</age><sex>0</sex><percent>0.68941</percent></prevalence><prevalence><age>86</age><sex>1</sex><percent>0.17684</percent></prevalence><prevalence><age>87</age><sex>0</sex><percent>0.67547</percent></prevalence><prevalence><age>87</age><sex>1</sex><percent>0.17647</percent></prevalence><prevalence><age>88</age><sex>0</sex><percent>0.66258</percent></prevalence><prevalence><age>88</age><sex>1</sex><percent>0.17624</percent></prevalence><prevalence><age>89</age><sex>0</sex><percent>0.65072</percent></prevalence><prevalence><age>89</age><sex>1</sex><percent>0.17612</percent></prevalence><prevalence><age>90</age><sex>0</sex><percent>0.63955</percent></prevalence><prevalence><age>90</age><sex>1</sex><percent>0.17601</percent></prevalence><prevalence><age>91</age><sex>0</sex><percent>0.62842</percent></prevalence><prevalence><age>91</age><sex>1</sex><percent>0.17579</percent></prevalence><prevalence><age>92</age><sex>0</sex><percent>0.61651</percent></prevalence><prevalence><age>92</age><sex>1</sex><percent>0.17533</percent></prevalence><prevalence><age>93</age><sex>0</sex><percent>0.60302</percent></prevalence><prevalence><age>93</age><sex>1</sex><percent>0.17448</percent></prevalence><prevalence><age>94</age><sex>0</sex><percent>0.58757</percent></prevalence><prevalence><age>94</age><sex>1</sex><percent>0.17318</percent></prevalence><prevalence><age>95</age><sex>0</sex><percent>0.54785</percent></prevalence><prevalence><age>95</age><sex>1</sex><percent>0.16821</percent></prevalence></diseaseprevalences>