<?xml version="1.0"?><diseaseprevalences><prevalence><age>0</age><sex>0</sex><percent>0.0</percent></prevalence><prevalence><age>0</age><sex>1</sex><percent>0.0</percent></prevalence><prevalence><age>1</age><sex>0</sex><percent>0.0</percent></prevalence><prevalence><age>1</age><sex>1</sex><percent>0.0</percent></prevalence><prevalence><age>2</age><sex>0</sex><percent>0.0</percent></prevalence><prevalence><age>2</age><sex>1</sex><percent>0.0</percent></prevalence><prevalence><age>3</age><sex>0</sex><percent>0.0</percent></prevalence><prevalence><age>3</age><sex>1</sex><percent>0.0</percent></prevalence><prevalence><age>4</age><sex>0</sex><percent>0.0</percent></prevalence><prevalence><age>4</age><sex>1</sex><percent>0.0</percent></prevalence><prevalence><age>5</age><sex>0</sex><percent>0.0</percent></prevalence><prevalence><age>5</age><sex>1</sex><percent>0.0</percent></prevalence><prevalence><age>6</age><sex>0</sex><percent>0.0</percent></prevalence><prevalence><age>6</age><sex>1</sex><percent>0.0</percent></prevalence><prevalence><age>7</age><sex>0</sex><percent>0.0</percent></prevalence><prevalence><age>7</age><sex>1</sex><percent>0.0</percent></prevalence><prevalence><age>8</age><sex>0</sex><percent>0.0</percent></prevalence><prevalence><age>8</age><sex>1</sex><percent>0.0</percent></prevalence><prevalence><age>9</age><sex>0</sex><percent>0.0</percent></prevalence><prevalence><age>9</age><sex>1</sex><percent>0.0</percent></prevalence><prevalence><age>10</age><sex>0</sex><percent>0.0</percent></prevalence><prevalence><age>10</age><sex>1</sex><percent>0.0</percent></prevalence><prevalence><age>11</age><sex>0</sex><percent>0.0</percent></prevalence><prevalence><age>11</age><sex>1</sex><percent>0.0</percent></prevalence><prevalence><age>12</age><sex>0</sex><percent>0.0</percent></prevalence><prevalence><age>12</age><sex>1</sex><percent>0.0</percent></prevalence><prevalence><age>13</age><sex>0</sex><percent>0.0</percent></prevalence><prevalence><age>13</age><sex>1</sex><percent>0.0</percent></prevalence><prevalence><age>14</age><sex>0</sex><percent>0.0</percent></prevalence><prevalence><age>14</age><sex>1</sex><percent>0.0</percent></prevalence><prevalence><age>15</age><sex>0</sex><percent>0.0</percent></prevalence><prevalence><age>15</age><sex>1</sex><percent>0.0</percent></prevalence><prevalence><age>16</age><sex>0</sex><percent>0.0</percent></prevalence><prevalence><age>16</age><sex>1</sex><percent>0.0</percent></prevalence><prevalence><age>17</age><sex>0</sex><percent>0.0</percent></prevalence><prevalence><age>17</age><sex>1</sex><percent>0.0</percent></prevalence><prevalence><age>18</age><sex>0</sex><percent>0.0</percent></prevalence><prevalence><age>18</age><sex>1</sex><percent>0.0</percent></prevalence><prevalence><age>19</age><sex>0</sex><percent>0.0</percent></prevalence><prevalence><age>19</age><sex>1</sex><percent>0.0</percent></prevalence><prevalence><age>20</age><sex>0</sex><percent>0.0</percent></prevalence><prevalence><age>20</age><sex>1</sex><percent>0.0</percent></prevalence><prevalence><age>21</age><sex>0</sex><percent>0.0</percent></prevalence><prevalence><age>21</age><sex>1</sex><percent>0.0</percent></prevalence><prevalence><age>22</age><sex>0</sex><percent>0.0</percent></prevalence><prevalence><age>22</age><sex>1</sex><percent>0.0</percent></prevalence><prevalence><age>23</age><sex>0</sex><percent>0.0</percent></prevalence><prevalence><age>23</age><sex>1</sex><percent>0.0</percent></prevalence><prevalence><age>24</age><sex>0</sex><percent>0.0</percent></prevalence><prevalence><age>24</age><sex>1</sex><percent>0.0</percent></prevalence><prevalence><age>25</age><sex>0</sex><percent>0.0</percent></prevalence><prevalence><age>25</age><sex>1</sex><percent>0.0</percent></prevalence><prevalence><age>26</age><sex>0</sex><percent>0.0</percent></prevalence><prevalence><age>26</age><sex>1</sex><percent>0.0</percent></prevalence><prevalence><age>27</age><sex>0</sex><percent>0.0</percent></prevalence><prevalence><age>27</age><sex>1</sex><percent>0.0</percent></prevalence><prevalence><age>28</age><sex>0</sex><percent>0.0</percent></prevalence><prevalence><age>28</age><sex>1</sex><percent>0.0</percent></prevalence><prevalence><age>29</age><sex>0</sex><percent>0.0</percent></prevalence><prevalence><age>29</age><sex>1</sex><percent>0.0</percent></prevalence><prevalence><age>30</age><sex>0</sex><percent>0.0</percent></prevalence><prevalence><age>30</age><sex>1</sex><percent>0.0</percent></prevalence><prevalence><age>31</age><sex>0</sex><percent>0.0</percent></prevalence><prevalence><age>31</age><sex>1</sex><percent>0.0</percent></prevalence><prevalence><age>32</age><sex>0</sex><percent>0.0</percent></prevalence><prevalence><age>32</age><sex>1</sex><percent>0.0</percent></prevalence><prevalence><age>33</age><sex>0</sex><percent>0.0</percent></prevalence><prevalence><age>33</age><sex>1</sex><percent>0.0</percent></prevalence><prevalence><age>34</age><sex>0</sex><percent>0.0</percent></prevalence><prevalence><age>34</age><sex>1</sex><percent>0.0</percent></prevalence><prevalence><age>35</age><sex>0</sex><percent>0.0</percent></prevalence><prevalence><age>35</age><sex>1</sex><percent>0.0</percent></prevalence><prevalence><age>36</age><sex>0</sex><percent>0.0257031</percent></prevalence><prevalence><age>36</age><sex>1</sex><percent>0.0166194</percent></prevalence><prevalence><age>37</age><sex>0</sex><percent>0.0534219</percent></prevalence><prevalence><age>37</age><sex>1</sex><percent>0.0342686</percent></prevalence><prevalence><age>38</age><sex>0</sex><percent>0.0833989</percent></prevalence><prevalence><age>38</age><sex>1</sex><percent>0.0530892</percent></prevalence><prevalence><age>39</age><sex>0</sex><percent>0.1159038</percent></prevalence><prevalence><age>39</age><sex>1</sex><percent>0.0732398</percent></prevalence><prevalence><age>40</age><sex>0</sex><percent>0.1512361</percent></prevalence><prevalence><age>40</age><sex>1</sex><percent>0.094898</percent></prevalence><prevalence><age>41</age><sex>0</sex><percent>0.1897281</percent></prevalence><prevalence><age>41</age><sex>1</sex><percent>0.1182629</percent></prevalence><prevalence><age>42</age><sex>0</sex><percent>0.2317481</percent></prevalence><prevalence><age>42</age><sex>1</sex><percent>0.1435577</percent></prevalence><prevalence><age>43</age><sex>0</sex><percent>0.2777037</percent></prevalence><prevalence><age>43</age><sex>1</sex><percent>0.1710334</percent></prevalence><prevalence><age>44</age><sex>0</sex><percent>0.3280452</percent></prevalence><prevalence><age>44</age><sex>1</sex><percent>0.2009714</percent></prevalence><prevalence><age>45</age><sex>0</sex><percent>0.3832689</percent></prevalence><prevalence><age>45</age><sex>1</sex><percent>0.2336878</percent></prevalence><prevalence><age>46</age><sex>0</sex><percent>0.4439213</percent></prevalence><prevalence><age>46</age><sex>1</sex><percent>0.2695372</percent></prevalence><prevalence><age>47</age><sex>0</sex><percent>0.5106018</percent></prevalence><prevalence><age>47</age><sex>1</sex><percent>0.308917</percent></prevalence><prevalence><age>48</age><sex>0</sex><percent>0.5839668</percent></prevalence><prevalence><age>48</age><sex>1</sex><percent>0.3522722</percent></prevalence><prevalence><age>49</age><sex>0</sex><percent>0.6647329</percent></prevalence><prevalence><age>49</age><sex>1</sex><percent>0.4001004</percent></prevalence><prevalence><age>50</age><sex>0</sex><percent>0.7536794</percent></prevalence><prevalence><age>50</age><sex>1</sex><percent>0.452957</percent></prevalence><prevalence><age>51</age><sex>0</sex><percent>0.8516512</percent></prevalence><prevalence><age>51</age><sex>1</sex><percent>0.5114606</percent></prevalence><prevalence><age>52</age><sex>0</sex><percent>0.9595605</percent></prevalence><prevalence><age>52</age><sex>1</sex><percent>0.5762984</percent></prevalence><prevalence><age>53</age><sex>0</sex><percent>1.0783874</percent></prevalence><prevalence><age>53</age><sex>1</sex><percent>0.648232</percent></prevalence><prevalence><age>54</age><sex>0</sex><percent>1.2091805</percent></prevalence><prevalence><age>54</age><sex>1</sex><percent>0.7281023</percent></prevalence><prevalence><age>55</age><sex>0</sex><percent>1.3530546</percent></prevalence><prevalence><age>55</age><sex>1</sex><percent>0.816835</percent></prevalence><prevalence><age>56</age><sex>0</sex><percent>1.5111885</percent></prevalence><prevalence><age>56</age><sex>1</sex><percent>0.9154441</percent></prevalence><prevalence><age>57</age><sex>0</sex><percent>1.6848189</percent></prevalence><prevalence><age>57</age><sex>1</sex><percent>1.0250357</percent></prevalence><prevalence><age>58</age><sex>0</sex><percent>1.8752339</percent></prevalence><prevalence><age>58</age><sex>1</sex><percent>1.1468099</percent></prevalence><prevalence><age>59</age><sex>0</sex><percent>2.0837624</percent></prevalence><prevalence><age>59</age><sex>1</sex><percent>1.2820605</percent></prevalence><prevalence><age>60</age><sex>0</sex><percent>2.3117616</percent></prevalence><prevalence><age>60</age><sex>1</sex><percent>1.4321729</percent></prevalence><prevalence><age>61</age><sex>0</sex><percent>2.5605993</percent></prevalence><prevalence><age>61</age><sex>1</sex><percent>1.5986186</percent></prevalence><prevalence><age>62</age><sex>0</sex><percent>2.831635</percent></prevalence><prevalence><age>62</age><sex>1</sex><percent>1.7829463</percent></prevalence><prevalence><age>63</age><sex>0</sex><percent>3.1261942</percent></prevalence><prevalence><age>63</age><sex>1</sex><percent>1.9867682</percent></prevalence><prevalence><age>64</age><sex>0</sex><percent>3.4455397</percent></prevalence><prevalence><age>64</age><sex>1</sex><percent>2.211741</percent></prevalence><prevalence><age>65</age><sex>0</sex><percent>3.7908382</percent></prevalence><prevalence><age>65</age><sex>1</sex><percent>2.4595401</percent></prevalence><prevalence><age>66</age><sex>0</sex><percent>4.1631203</percent></prevalence><prevalence><age>66</age><sex>1</sex><percent>2.7318277</percent></prevalence><prevalence><age>67</age><sex>0</sex><percent>4.563238</percent></prevalence><prevalence><age>67</age><sex>1</sex><percent>3.0302117</percent></prevalence><prevalence><age>68</age><sex>0</sex><percent>4.9918156</percent></prevalence><prevalence><age>68</age><sex>1</sex><percent>3.3561945</percent></prevalence><prevalence><age>69</age><sex>0</sex><percent>5.4491954</percent></prevalence><prevalence><age>69</age><sex>1</sex><percent>3.711115</percent></prevalence><prevalence><age>70</age><sex>0</sex><percent>5.9353805</percent></prevalence><prevalence><age>70</age><sex>1</sex><percent>4.096075</percent></prevalence><prevalence><age>71</age><sex>0</sex><percent>6.4499726</percent></prevalence><prevalence><age>71</age><sex>1</sex><percent>4.51186</percent></prevalence><prevalence><age>72</age><sex>0</sex><percent>6.99211</percent></prevalence><prevalence><age>72</age><sex>1</sex><percent>4.9588413</percent></prevalence><prevalence><age>73</age><sex>0</sex><percent>7.560396</percent></prevalence><prevalence><age>73</age><sex>1</sex><percent>5.4368753</percent></prevalence><prevalence><age>74</age><sex>0</sex><percent>8.152839</percent></prevalence><prevalence><age>74</age><sex>1</sex><percent>5.945186</percent></prevalence><prevalence><age>75</age><sex>0</sex><percent>8.766781</percent></prevalence><prevalence><age>75</age><sex>1</sex><percent>6.48224</percent></prevalence><prevalence><age>76</age><sex>0</sex><percent>9.398838</percent></prevalence><prevalence><age>76</age><sex>1</sex><percent>7.045614</percent></prevalence><prevalence><age>77</age><sex>0</sex><percent>10.044847</percent></prevalence><prevalence><age>77</age><sex>1</sex><percent>7.631861</percent></prevalence><prevalence><age>78</age><sex>0</sex><percent>10.699807</percent></prevalence><prevalence><age>78</age><sex>1</sex><percent>8.236373</percent></prevalence><prevalence><age>79</age><sex>0</sex><percent>11.35785</percent></prevalence><prevalence><age>79</age><sex>1</sex><percent>8.853251</percent></prevalence><prevalence><age>80</age><sex>0</sex><percent>12.012212</percent></prevalence><prevalence><age>80</age><sex>1</sex><percent>9.475188</percent></prevalence><prevalence><age>81</age><sex>0</sex><percent>12.655223</percent></prevalence><prevalence><age>81</age><sex>1</sex><percent>10.093372</percent></prevalence><prevalence><age>82</age><sex>0</sex><percent>13.278321</percent></prevalence><prevalence><age>82</age><sex>1</sex><percent>10.697423</percent></prevalence><prevalence><age>83</age><sex>0</sex><percent>13.872086</percent></prevalence><prevalence><age>83</age><sex>1</sex><percent>11.275376</percent></prevalence><prevalence><age>84</age><sex>0</sex><percent>14.426298</percent></prevalence><prevalence><age>84</age><sex>1</sex><percent>11.81373</percent></prevalence><prevalence><age>85</age><sex>0</sex><percent>14.930037</percent></prevalence><prevalence><age>85</age><sex>1</sex><percent>12.297579</percent></prevalence><prevalence><age>86</age><sex>0</sex><percent>15.371803</percent></prevalence><prevalence><age>86</age><sex>1</sex><percent>12.710857</percent></prevalence><prevalence><age>87</age><sex>0</sex><percent>15.7396965</percent></prevalence><prevalence><age>87</age><sex>1</sex><percent>13.036736</percent></prevalence><prevalence><age>88</age><sex>0</sex><percent>16.021622</percent></prevalence><prevalence><age>88</age><sex>1</sex><percent>13.2581835</percent></prevalence><prevalence><age>89</age><sex>0</sex><percent>16.205559</percent></prevalence><prevalence><age>89</age><sex>1</sex><percent>13.358773</percent></prevalence><prevalence><age>90</age><sex>0</sex><percent>16.279892</percent></prevalence><prevalence><age>90</age><sex>1</sex><percent>13.323725</percent></prevalence><prevalence><age>91</age><sex>0</sex><percent>16.233791</percent></prevalence><prevalence><age>91</age><sex>1</sex><percent>13.141247</percent></prevalence><prevalence><age>92</age><sex>0</sex><percent>16.057686</percent></prevalence><prevalence><age>92</age><sex>1</sex><percent>12.804137</percent></prevalence><prevalence><age>93</age><sex>0</sex><percent>15.74379</percent></prevalence><prevalence><age>93</age><sex>1</sex><percent>12.311584</percent></prevalence><prevalence><age>94</age><sex>0</sex><percent>15.286727</percent></prevalence><prevalence><age>94</age><sex>1</sex><percent>11.670978</percent></prevalence><prevalence><age>95</age><sex>0</sex><percent>14.684219</percent></prevalence><prevalence><age>95</age><sex>1</sex><percent>10.89943</percent></prevalence></diseaseprevalences>