<?xml version="1.0"?><overalldisability><weight><age>0</age><sex>0</sex><percent>3.193355</percent></weight><weight><age>0</age><sex>1</sex><percent>2.863775</percent></weight><weight><age>1</age><sex>0</sex><percent>3.235439</percent></weight><weight><age>1</age><sex>1</sex><percent>2.933404</percent></weight><weight><age>2</age><sex>0</sex><percent>3.278058</percent></weight><weight><age>2</age><sex>1</sex><percent>3.004674</percent></weight><weight><age>3</age><sex>0</sex><percent>3.32122</percent></weight><weight><age>3</age><sex>1</sex><percent>3.077621</percent></weight><weight><age>4</age><sex>0</sex><percent>3.36493</percent></weight><weight><age>4</age><sex>1</sex><percent>3.152281</percent></weight><weight><age>5</age><sex>0</sex><percent>3.409203</percent></weight><weight><age>5</age><sex>1</sex><percent>3.228674</percent></weight><weight><age>6</age><sex>0</sex><percent>3.454071</percent></weight><weight><age>6</age><sex>1</sex><percent>3.306775</percent></weight><weight><age>7</age><sex>0</sex><percent>3.49957</percent></weight><weight><age>7</age><sex>1</sex><percent>3.386551</percent></weight><weight><age>8</age><sex>0</sex><percent>3.545738</percent></weight><weight><age>8</age><sex>1</sex><percent>3.467962</percent></weight><weight><age>9</age><sex>0</sex><percent>3.592614</percent></weight><weight><age>9</age><sex>1</sex><percent>3.550962</percent></weight><weight><age>10</age><sex>0</sex><percent>3.640239</percent></weight><weight><age>10</age><sex>1</sex><percent>3.635498</percent></weight><weight><age>11</age><sex>0</sex><percent>3.688655</percent></weight><weight><age>11</age><sex>1</sex><percent>3.72151</percent></weight><weight><age>12</age><sex>0</sex><percent>3.737907</percent></weight><weight><age>12</age><sex>1</sex><percent>3.808933</percent></weight><weight><age>13</age><sex>0</sex><percent>3.78804</percent></weight><weight><age>13</age><sex>1</sex><percent>3.897693</percent></weight><weight><age>14</age><sex>0</sex><percent>3.839103</percent></weight><weight><age>14</age><sex>1</sex><percent>3.98771</percent></weight><weight><age>15</age><sex>0</sex><percent>3.891145</percent></weight><weight><age>15</age><sex>1</sex><percent>4.078894</percent></weight><weight><age>16</age><sex>0</sex><percent>3.944219</percent></weight><weight><age>16</age><sex>1</sex><percent>4.17115</percent></weight><weight><age>17</age><sex>0</sex><percent>3.998377</percent></weight><weight><age>17</age><sex>1</sex><percent>4.264372</percent></weight><weight><age>18</age><sex>0</sex><percent>4.053678</percent></weight><weight><age>18</age><sex>1</sex><percent>4.358449</percent></weight><weight><age>19</age><sex>0</sex><percent>4.110178</percent></weight><weight><age>19</age><sex>1</sex><percent>4.453258</percent></weight><weight><age>20</age><sex>0</sex><percent>4.167939</percent></weight><weight><age>20</age><sex>1</sex><percent>4.548671</percent></weight><weight><age>21</age><sex>0</sex><percent>4.227024</percent></weight><weight><age>21</age><sex>1</sex><percent>4.64455</percent></weight><weight><age>22</age><sex>0</sex><percent>4.287499</percent></weight><weight><age>22</age><sex>1</sex><percent>4.740747</percent></weight><weight><age>23</age><sex>0</sex><percent>4.349433</percent></weight><weight><age>23</age><sex>1</sex><percent>4.837109</percent></weight><weight><age>24</age><sex>0</sex><percent>4.412898</percent></weight><weight><age>24</age><sex>1</sex><percent>4.93347</percent></weight><weight><age>25</age><sex>0</sex><percent>4.477967</percent></weight><weight><age>25</age><sex>1</sex><percent>5.02966</percent></weight><weight><age>26</age><sex>0</sex><percent>4.544719</percent></weight><weight><age>26</age><sex>1</sex><percent>5.125498</percent></weight><weight><age>27</age><sex>0</sex><percent>4.613339</percent></weight><weight><age>27</age><sex>1</sex><percent>5.220962</percent></weight><weight><age>28</age><sex>0</sex><percent>4.684336</percent></weight><weight><age>28</age><sex>1</sex><percent>5.316528</percent></weight><weight><age>29</age><sex>0</sex><percent>4.758305</percent></weight><weight><age>29</age><sex>1</sex><percent>5.412805</percent></weight><weight><age>30</age><sex>0</sex><percent>4.835877</percent></weight><weight><age>30</age><sex>1</sex><percent>5.510443</percent></weight><weight><age>31</age><sex>0</sex><percent>4.917723</percent></weight><weight><age>31</age><sex>1</sex><percent>5.610141</percent></weight><weight><age>32</age><sex>0</sex><percent>5.004554</percent></weight><weight><age>32</age><sex>1</sex><percent>5.71264</percent></weight><weight><age>33</age><sex>0</sex><percent>5.097131</percent></weight><weight><age>33</age><sex>1</sex><percent>5.818734</percent></weight><weight><age>34</age><sex>0</sex><percent>5.196269</percent></weight><weight><age>34</age><sex>1</sex><percent>5.929266</percent></weight><weight><age>35</age><sex>0</sex><percent>5.302843</percent></weight><weight><age>35</age><sex>1</sex><percent>6.045139</percent></weight><weight><age>36</age><sex>0</sex><percent>5.417798</percent></weight><weight><age>36</age><sex>1</sex><percent>6.167317</percent></weight><weight><age>37</age><sex>0</sex><percent>5.542161</percent></weight><weight><age>37</age><sex>1</sex><percent>6.296835</percent></weight><weight><age>38</age><sex>0</sex><percent>5.677045</percent></weight><weight><age>38</age><sex>1</sex><percent>6.434806</percent></weight><weight><age>39</age><sex>0</sex><percent>5.82367</percent></weight><weight><age>39</age><sex>1</sex><percent>6.582428</percent></weight><weight><age>40</age><sex>0</sex><percent>5.983373</percent></weight><weight><age>40</age><sex>1</sex><percent>6.741002</percent></weight><weight><age>41</age><sex>0</sex><percent>6.157625</percent></weight><weight><age>41</age><sex>1</sex><percent>6.911939</percent></weight><weight><age>42</age><sex>0</sex><percent>6.348051</percent></weight><weight><age>42</age><sex>1</sex><percent>7.096778</percent></weight><weight><age>43</age><sex>0</sex><percent>6.55645</percent></weight><weight><age>43</age><sex>1</sex><percent>7.297203</percent></weight><weight><age>44</age><sex>0</sex><percent>6.784825</percent></weight><weight><age>44</age><sex>1</sex><percent>7.515064</percent></weight><weight><age>45</age><sex>0</sex><percent>7.035401</percent></weight><weight><age>45</age><sex>1</sex><percent>7.752398</percent></weight><weight><age>46</age><sex>0</sex><percent>7.310669</percent></weight><weight><age>46</age><sex>1</sex><percent>8.011459</percent></weight><weight><age>47</age><sex>0</sex><percent>7.613412</percent></weight><weight><age>47</age><sex>1</sex><percent>8.294741</percent></weight><weight><age>48</age><sex>0</sex><percent>7.946693</percent></weight><weight><age>48</age><sex>1</sex><percent>8.604963</percent></weight><weight><age>49</age><sex>0</sex><percent>8.31258</percent></weight><weight><age>49</age><sex>1</sex><percent>8.94382</percent></weight><weight><age>50</age><sex>0</sex><percent>8.711898</percent></weight><weight><age>50</age><sex>1</sex><percent>9.311774</percent></weight><weight><age>51</age><sex>0</sex><percent>9.145329</percent></weight><weight><age>51</age><sex>1</sex><percent>9.709171</percent></weight><weight><age>52</age><sex>0</sex><percent>9.613424</percent></weight><weight><age>52</age><sex>1</sex><percent>10.136252</percent></weight><weight><age>53</age><sex>0</sex><percent>10.116544</percent></weight><weight><age>53</age><sex>1</sex><percent>10.593117</percent></weight><weight><age>54</age><sex>0</sex><percent>10.654808</percent></weight><weight><age>54</age><sex>1</sex><percent>11.079691</percent></weight><weight><age>55</age><sex>0</sex><percent>11.228032</percent></weight><weight><age>55</age><sex>1</sex><percent>11.595682</percent></weight><weight><age>56</age><sex>0</sex><percent>11.835675</percent></weight><weight><age>56</age><sex>1</sex><percent>12.140539</percent></weight><weight><age>57</age><sex>0</sex><percent>12.476774</percent></weight><weight><age>57</age><sex>1</sex><percent>12.713419</percent></weight><weight><age>58</age><sex>0</sex><percent>13.149896</percent></weight><weight><age>58</age><sex>1</sex><percent>13.313145</percent></weight><weight><age>59</age><sex>0</sex><percent>13.853083</percent></weight><weight><age>59</age><sex>1</sex><percent>13.938175</percent></weight><weight><age>60</age><sex>0</sex><percent>14.583807</percent></weight><weight><age>60</age><sex>1</sex><percent>14.586569</percent></weight><weight><age>61</age><sex>0</sex><percent>15.338938</percent></weight><weight><age>61</age><sex>1</sex><percent>15.255966</percent></weight><weight><age>62</age><sex>0</sex><percent>16.114717</percent></weight><weight><age>62</age><sex>1</sex><percent>15.943565</percent></weight><weight><age>63</age><sex>0</sex><percent>16.90675</percent></weight><weight><age>63</age><sex>1</sex><percent>16.646112</percent></weight><weight><age>64</age><sex>0</sex><percent>17.709997</percent></weight><weight><age>64</age><sex>1</sex><percent>17.359898</percent></weight><weight><age>65</age><sex>0</sex><percent>18.518812</percent></weight><weight><age>65</age><sex>1</sex><percent>18.08076</percent></weight><weight><age>66</age><sex>0</sex><percent>19.326954</percent></weight><weight><age>66</age><sex>1</sex><percent>18.80411</percent></weight><weight><age>67</age><sex>0</sex><percent>20.127647</percent></weight><weight><age>67</age><sex>1</sex><percent>19.52494</percent></weight><weight><age>68</age><sex>0</sex><percent>20.913643</percent></weight><weight><age>68</age><sex>1</sex><percent>20.237873</percent></weight><weight><age>69</age><sex>0</sex><percent>21.677292</percent></weight><weight><age>69</age><sex>1</sex><percent>20.937193</percent></weight><weight><age>70</age><sex>0</sex><percent>22.41145</percent></weight><weight><age>70</age><sex>1</sex><percent>21.61754</percent></weight><weight><age>71</age><sex>0</sex><percent>23.113384</percent></weight><weight><age>71</age><sex>1</sex><percent>22.276922</percent></weight><weight><age>72</age><sex>0</sex><percent>23.78222</percent></weight><weight><age>72</age><sex>1</sex><percent>22.914724</percent></weight><weight><age>73</age><sex>0</sex><percent>24.417482</percent></weight><weight><age>73</age><sex>1</sex><percent>23.530588</percent></weight><weight><age>74</age><sex>0</sex><percent>25.019068</percent></weight><weight><age>74</age><sex>1</sex><percent>24.12439</percent></weight><weight><age>75</age><sex>0</sex><percent>25.587225</percent></weight><weight><age>75</age><sex>1</sex><percent>24.696238</percent></weight><weight><age>76</age><sex>0</sex><percent>26.122522</percent></weight><weight><age>76</age><sex>1</sex><percent>25.246452</percent></weight><weight><age>77</age><sex>0</sex><percent>26.625814</percent></weight><weight><age>77</age><sex>1</sex><percent>25.77555</percent></weight><weight><age>78</age><sex>0</sex><percent>27.098225</percent></weight><weight><age>78</age><sex>1</sex><percent>26.284231</percent></weight><weight><age>79</age><sex>0</sex><percent>27.541103</percent></weight><weight><age>79</age><sex>1</sex><percent>26.773367</percent></weight><weight><age>80</age><sex>0</sex><percent>27.956018</percent></weight><weight><age>80</age><sex>1</sex><percent>27.243979</percent></weight><weight><age>81</age><sex>0</sex><percent>28.34472</percent></weight><weight><age>81</age><sex>1</sex><percent>27.697231</percent></weight><weight><age>82</age><sex>0</sex><percent>28.709126</percent></weight><weight><age>82</age><sex>1</sex><percent>28.13442</percent></weight><weight><age>83</age><sex>0</sex><percent>29.051294</percent></weight><weight><age>83</age><sex>1</sex><percent>28.556955</percent></weight><weight><age>84</age><sex>0</sex><percent>29.373417</percent></weight><weight><age>84</age><sex>1</sex><percent>28.966354</percent></weight><weight><age>85</age><sex>0</sex><percent>29.67779</percent></weight><weight><age>85</age><sex>1</sex><percent>29.36423</percent></weight><weight><age>86</age><sex>0</sex><percent>29.96681</percent></weight><weight><age>86</age><sex>1</sex><percent>29.752283</percent></weight><weight><age>87</age><sex>0</sex><percent>30.242962</percent></weight><weight><age>87</age><sex>1</sex><percent>30.132296</percent></weight><weight><age>88</age><sex>0</sex><percent>30.508802</percent></weight><weight><age>88</age><sex>1</sex><percent>30.506124</percent></weight><weight><age>89</age><sex>0</sex><percent>30.766958</percent></weight><weight><age>89</age><sex>1</sex><percent>30.87569</percent></weight><weight><age>90</age><sex>0</sex><percent>31.020111</percent></weight><weight><age>90</age><sex>1</sex><percent>31.242983</percent></weight><weight><age>91</age><sex>0</sex><percent>31.271006</percent></weight><weight><age>91</age><sex>1</sex><percent>31.610043</percent></weight><weight><age>92</age><sex>0</sex><percent>31.522188</percent></weight><weight><age>92</age><sex>1</sex><percent>31.978786</percent></weight><weight><age>93</age><sex>0</sex><percent>31.774452</percent></weight><weight><age>93</age><sex>1</sex><percent>32.349796</percent></weight><weight><age>94</age><sex>0</sex><percent>32.02779</percent></weight><weight><age>94</age><sex>1</sex><percent>32.723038</percent></weight><weight><age>95</age><sex>0</sex><percent>32.282192</percent></weight><weight><age>95</age><sex>1</sex><percent>33.098476</percent></weight></overalldisability>