<?xml version="1.0"?><newborns><sexratio>1.0</sexratio><startingYear>2009</startingYear><amounts><amount><year>2009</year><number>63069</number></amount><amount><year>2010</year><number>62372</number></amount><amount><year>2011</year><number>61569</number></amount><amount><year>2012</year><number>60664</number></amount><amount><year>2013</year><number>59600</number></amount><amount><year>2014</year><number>58427</number></amount><amount><year>2015</year><number>57114</number></amount><amount><year>2016</year><number>55666</number></amount><amount><year>2017</year><number>54126</number></amount><amount><year>2018</year><number>52518</number></amount><amount><year>2019</year><number>50868</number></amount><amount><year>2020</year><number>49229</number></amount><amount><year>2021</year><number>47635</number></amount><amount><year>2022</year><number>46141</number></amount><amount><year>2023</year><number>44802</number></amount><amount><year>2024</year><number>43678</number></amount><amount><year>2025</year><number>42761</number></amount><amount><year>2026</year><number>42085</number></amount><amount><year>2027</year><number>41623</number></amount><amount><year>2028</year><number>41358</number></amount><amount><year>2029</year><number>41231</number></amount><amount><year>2030</year><number>41231</number></amount><amount><year>2031</year><number>41279</number></amount><amount><year>2032</year><number>41393</number></amount><amount><year>2033</year><number>41492</number></amount><amount><year>2034</year><number>41589</number></amount><amount><year>2035</year><number>41628</number></amount><amount><year>2036</year><number>41618</number></amount><amount><year>2037</year><number>41514</number></amount><amount><year>2038</year><number>41325</number></amount></amounts></newborns>