<?xml version="1.0"?>
<populationsize>
<size>
<age>0</age>
<sex>0</sex>
<number>34707</number>
</size>

<size>
<age>0</age>
<sex>1</sex>
<number>32731</number>
</size>

<size>
<age>1</age>
<sex>0</sex>
<number>34176</number>
</size>

<size>
<age>1</age>
<sex>1</sex>
<number>32295</number>
</size>

<size>
<age>2</age>
<sex>0</sex>
<number>34295</number>
</size>

<size>
<age>2</age>
<sex>1</sex>
<number>31904</number>
</size>

<size>
<age>3</age>
<sex>0</sex>
<number>34649</number>
</size>

<size>
<age>3</age>
<sex>1</sex>
<number>32727</number>
</size>

<size>
<age>4</age>
<sex>0</sex>
<number>34138</number>
</size>

<size>
<age>4</age>
<sex>1</sex>
<number>32398</number>
</size>

<size>
<age>5</age>
<sex>0</sex>
<number>34824</number>
</size>

<size>
<age>5</age>
<sex>1</sex>
<number>33204</number>
</size>

<size>
<age>6</age>
<sex>0</sex>
<number>31140</number>
</size>

<size>
<age>6</age>
<sex>1</sex>
<number>29643</number>
</size>

<size>
<age>7</age>
<sex>0</sex>
<number>30669</number>
</size>

<size>
<age>7</age>
<sex>1</sex>
<number>28509</number>
</size>

<size>
<age>8</age>
<sex>0</sex>
<number>34082</number>
</size>

<size>
<age>8</age>
<sex>1</sex>
<number>32243</number>
</size>

<size>
<age>9</age>
<sex>0</sex>
<number>33847</number>
</size>

<size>
<age>9</age>
<sex>1</sex>
<number>32570</number>
</size>

<size>
<age>10</age>
<sex>0</sex>
<number>37327</number>
</size>

<size>
<age>10</age>
<sex>1</sex>
<number>35858</number>
</size>

<size>
<age>11</age>
<sex>0</sex>
<number>40361</number>
</size>

<size>
<age>11</age>
<sex>1</sex>
<number>38135</number>
</size>

<size>
<age>12</age>
<sex>0</sex>
<number>42491</number>
</size>

<size>
<age>12</age>
<sex>1</sex>
<number>40059</number>
</size>

<size>
<age>13</age>
<sex>0</sex>
<number>45360</number>
</size>

<size>
<age>13</age>
<sex>1</sex>
<number>42728</number>
</size>

<size>
<age>14</age>
<sex>0</sex>
<number>49317</number>
</size>

<size>
<age>14</age>
<sex>1</sex>
<number>46824</number>
</size>

<size>
<age>15</age>
<sex>0</sex>
<number>51765</number>
</size>

<size>
<age>15</age>
<sex>1</sex>
<number>49440</number>
</size>

<size>
<age>16</age>
<sex>0</sex>
<number>53341</number>
</size>

<size>
<age>16</age>
<sex>1</sex>
<number>50425</number>
</size>

<size>
<age>17</age>
<sex>0</sex>
<number>52724</number>
</size>

<size>
<age>17</age>
<sex>1</sex>
<number>50499</number>
</size>

<size>
<age>18</age>
<sex>0</sex>
<number>54517</number>
</size>

<size>
<age>18</age>
<sex>1</sex>
<number>52174</number>
</size>

<size>
<age>19</age>
<sex>0</sex>
<number>53714</number>
</size>

<size>
<age>19</age>
<sex>1</sex>
<number>51141</number>
</size>

<size>
<age>20</age>
<sex>0</sex>
<number>54969</number>
</size>

<size>
<age>20</age>
<sex>1</sex>
<number>51724</number>
</size>

<size>
<age>21</age>
<sex>0</sex>
<number>54919</number>
</size>

<size>
<age>21</age>
<sex>1</sex>
<number>52324</number>
</size>

<size>
<age>22</age>
<sex>0</sex>
<number>55612</number>
</size>

<size>
<age>22</age>
<sex>1</sex>
<number>52608</number>
</size>

<size>
<age>23</age>
<sex>0</sex>
<number>56443</number>
</size>

<size>
<age>23</age>
<sex>1</sex>
<number>53413</number>
</size>

<size>
<age>24</age>
<sex>0</sex>
<number>56699</number>
</size>

<size>
<age>24</age>
<sex>1</sex>
<number>53653</number>
</size>

<size>
<age>25</age>
<sex>0</sex>
<number>59387</number>
</size>

<size>
<age>25</age>
<sex>1</sex>
<number>56150</number>
</size>

<size>
<age>26</age>
<sex>0</sex>
<number>58429</number>
</size>

<size>
<age>26</age>
<sex>1</sex>
<number>56033</number>
</size>

<size>
<age>27</age>
<sex>0</sex>
<number>59862</number>
</size>

<size>
<age>27</age>
<sex>1</sex>
<number>57193</number>
</size>

<size>
<age>28</age>
<sex>0</sex>
<number>60620</number>
</size>

<size>
<age>28</age>
<sex>1</sex>
<number>57572</number>
</size>

<size>
<age>29</age>
<sex>0</sex>
<number>60340</number>
</size>

<size>
<age>29</age>
<sex>1</sex>
<number>57775</number>
</size>

<size>
<age>30</age>
<sex>0</sex>
<number>61435</number>
</size>

<size>
<age>30</age>
<sex>1</sex>
<number>59356</number>
</size>

<size>
<age>31</age>
<sex>0</sex>
<number>57238</number>
</size>

<size>
<age>31</age>
<sex>1</sex>
<number>55881</number>
</size>

<size>
<age>32</age>
<sex>0</sex>
<number>54110</number>
</size>

<size>
<age>32</age>
<sex>1</sex>
<number>51902</number>
</size>

<size>
<age>33</age>
<sex>0</sex>
<number>55557</number>
</size>

<size>
<age>33</age>
<sex>1</sex>
<number>53582</number>
</size>

<size>
<age>34</age>
<sex>0</sex>
<number>57260</number>
</size>

<size>
<age>34</age>
<sex>1</sex>
<number>54833</number>
</size>

<size>
<age>35</age>
<sex>0</sex>
<number>58470</number>
</size>

<size>
<age>35</age>
<sex>1</sex>
<number>56922</number>
</size>

<size>
<age>36</age>
<sex>0</sex>
<number>57049</number>
</size>

<size>
<age>36</age>
<sex>1</sex>
<number>55987</number>
</size>

<size>
<age>37</age>
<sex>0</sex>
<number>50013</number>
</size>

<size>
<age>37</age>
<sex>1</sex>
<number>49139</number>
</size>

<size>
<age>38</age>
<sex>0</sex>
<number>49536</number>
</size>

<size>
<age>38</age>
<sex>1</sex>
<number>48419</number>
</size>

<size>
<age>39</age>
<sex>0</sex>
<number>50313</number>
</size>

<size>
<age>39</age>
<sex>1</sex>
<number>49570</number>
</size>

<size>
<age>40</age>
<sex>0</sex>
<number>52233</number>
</size>

<size>
<age>40</age>
<sex>1</sex>
<number>51824</number>
</size>

<size>
<age>41</age>
<sex>0</sex>
<number>52682</number>
</size>

<size>
<age>41</age>
<sex>1</sex>
<number>52378</number>
</size>

<size>
<age>42</age>
<sex>0</sex>
<number>52766</number>
</size>

<size>
<age>42</age>
<sex>1</sex>
<number>52983</number>
</size>

<size>
<age>43</age>
<sex>0</sex>
<number>54430</number>
</size>

<size>
<age>43</age>
<sex>1</sex>
<number>54328</number>
</size>

<size>
<age>44</age>
<sex>0</sex>
<number>54392</number>
</size>

<size>
<age>44</age>
<sex>1</sex>
<number>54317</number>
</size>

<size>
<age>45</age>
<sex>0</sex>
<number>53002</number>
</size>

<size>
<age>45</age>
<sex>1</sex>
<number>53425</number>
</size>

<size>
<age>46</age>
<sex>0</sex>
<number>53157</number>
</size>

<size>
<age>46</age>
<sex>1</sex>
<number>54544</number>
</size>

<size>
<age>47</age>
<sex>0</sex>
<number>53447</number>
</size>

<size>
<age>47</age>
<sex>1</sex>
<number>54944</number>
</size>

<size>
<age>48</age>
<sex>0</sex>
<number>55329</number>
</size>

<size>
<age>48</age>
<sex>1</sex>
<number>56895</number>
</size>

<size>
<age>49</age>
<sex>0</sex>
<number>55005</number>
</size>

<size>
<age>49</age>
<sex>1</sex>
<number>57586</number>
</size>

<size>
<age>50</age>
<sex>0</sex>
<number>53641</number>
</size>

<size>
<age>50</age>
<sex>1</sex>
<number>55742</number>
</size>

<size>
<age>51</age>
<sex>0</sex>
<number>54152</number>
</size>

<size>
<age>51</age>
<sex>1</sex>
<number>56841</number>
</size>

<size>
<age>52</age>
<sex>0</sex>
<number>53214</number>
</size>

<size>
<age>52</age>
<sex>1</sex>
<number>56718</number>
</size>

<size>
<age>53</age>
<sex>0</sex>
<number>51528</number>
</size>

<size>
<age>53</age>
<sex>1</sex>
<number>55208</number>
</size>

<size>
<age>54</age>
<sex>0</sex>
<number>58417</number>
</size>

<size>
<age>54</age>
<sex>1</sex>
<number>63227</number>
</size>

<size>
<age>55</age>
<sex>0</sex>
<number>56077</number>
</size>

<size>
<age>55</age>
<sex>1</sex>
<number>60932</number>
</size>

<size>
<age>56</age>
<sex>0</sex>
<number>53747</number>
</size>

<size>
<age>56</age>
<sex>1</sex>
<number>59135</number>
</size>

<size>
<age>57</age>
<sex>0</sex>
<number>50965</number>
</size>

<size>
<age>57</age>
<sex>1</sex>
<number>56672</number>
</size>

<size>
<age>58</age>
<sex>0</sex>
<number>52800</number>
</size>

<size>
<age>58</age>
<sex>1</sex>
<number>58749</number>
</size>

<size>
<age>59</age>
<sex>0</sex>
<number>46373</number>
</size>

<size>
<age>59</age>
<sex>1</sex>
<number>53241</number>
</size>

<size>
<age>60</age>
<sex>0</sex>
<number>42318</number>
</size>

<size>
<age>60</age>
<sex>1</sex>
<number>48538</number>
</size>

<size>
<age>61</age>
<sex>0</sex>
<number>41594</number>
</size>

<size>
<age>61</age>
<sex>1</sex>
<number>48608</number>
</size>

<size>
<age>62</age>
<sex>0</sex>
<number>40602</number>
</size>

<size>
<age>62</age>
<sex>1</sex>
<number>47858</number>
</size>

<size>
<age>63</age>
<sex>0</sex>
<number>38354</number>
</size>

<size>
<age>63</age>
<sex>1</sex>
<number>46038</number>
</size>

<size>
<age>64</age>
<sex>0</sex>
<number>38085</number>
</size>

<size>
<age>64</age>
<sex>1</sex>
<number>45943</number>
</size>

<size>
<age>65</age>
<sex>0</sex>
<number>35256</number>
</size>

<size>
<age>65</age>
<sex>1</sex>
<number>43617</number>
</size>

<size>
<age>66</age>
<sex>0</sex>
<number>35319</number>
</size>

<size>
<age>66</age>
<sex>1</sex>
<number>44108</number>
</size>

<size>
<age>67</age>
<sex>0</sex>
<number>35698</number>
</size>

<size>
<age>67</age>
<sex>1</sex>
<number>44538</number>
</size>

<size>
<age>68</age>
<sex>0</sex>
<number>36666</number>
</size>

<size>
<age>68</age>
<sex>1</sex>
<number>46913</number>
</size>

<size>
<age>69</age>
<sex>0</sex>
<number>35200</number>
</size>

<size>
<age>69</age>
<sex>1</sex>
<number>45197</number>
</size>

<size>
<age>70</age>
<sex>0</sex>
<number>37773</number>
</size>

<size>
<age>70</age>
<sex>1</sex>
<number>49742</number>
</size>

<size>
<age>71</age>
<sex>0</sex>
<number>35087</number>
</size>

<size>
<age>71</age>
<sex>1</sex>
<number>46640</number>
</size>

<size>
<age>72</age>
<sex>0</sex>
<number>34738</number>
</size>

<size>
<age>72</age>
<sex>1</sex>
<number>46626</number>
</size>

<size>
<age>73</age>
<sex>0</sex>
<number>29880</number>
</size>

<size>
<age>73</age>
<sex>1</sex>
<number>40426</number>
</size>

<size>
<age>74</age>
<sex>0</sex>
<number>30095</number>
</size>

<size>
<age>74</age>
<sex>1</sex>
<number>41923</number>
</size>

<size>
<age>75</age>
<sex>0</sex>
<number>26866</number>
</size>

<size>
<age>75</age>
<sex>1</sex>
<number>37498</number>
</size>

<size>
<age>76</age>
<sex>0</sex>
<number>25661</number>
</size>

<size>
<age>76</age>
<sex>1</sex>
<number>37480</number>
</size>

<size>
<age>77</age>
<sex>0</sex>
<number>22712</number>
</size>

<size>
<age>77</age>
<sex>1</sex>
<number>33963</number>
</size>

<size>
<age>78</age>
<sex>0</sex>
<number>23134</number>
</size>

<size>
<age>78</age>
<sex>1</sex>
<number>34670</number>
</size>

<size>
<age>79</age>
<sex>0</sex>
<number>19938</number>
</size>

<size>
<age>79</age>
<sex>1</sex>
<number>30962</number>
</size>

<size>
<age>80</age>
<sex>0</sex>
<number>18205</number>
</size>

<size>
<age>80</age>
<sex>1</sex>
<number>29150</number>
</size>

<size>
<age>81</age>
<sex>0</sex>
<number>14564</number>
</size>

<size>
<age>81</age>
<sex>1</sex>
<number>24064</number>
</size>

<size>
<age>82</age>
<sex>0</sex>
<number>12979</number>
</size>

<size>
<age>82</age>
<sex>1</sex>
<number>22510</number>
</size>

<size>
<age>83</age>
<sex>0</sex>
<number>11210</number>
</size>

<size>
<age>83</age>
<sex>1</sex>
<number>18760</number>
</size>

<size>
<age>84</age>
<sex>0</sex>
<number>9003</number>
</size>

<size>
<age>84</age>
<sex>1</sex>
<number>15685</number>
</size>

<size>
<age>85</age>
<sex>0</sex>
<number>6883</number>
</size>

<size>
<age>85</age>
<sex>1</sex>
<number>11674</number>
</size>

<size>
<age>86</age>
<sex>0</sex>
<number>3437</number>
</size>

<size>
<age>86</age>
<sex>1</sex>
<number>6005</number>
</size>

<size>
<age>87</age>
<sex>0</sex>
<number>2093</number>
</size>

<size>
<age>87</age>
<sex>1</sex>
<number>3528</number>
</size>

<size>
<age>88</age>
<sex>0</sex>
<number>1994</number>
</size>

<size>
<age>88</age>
<sex>1</sex>
<number>3594</number>
</size>

<size>
<age>89</age>
<sex>0</sex>
<number>2790</number>
</size>

<size>
<age>89</age>
<sex>1</sex>
<number>5010</number>
</size>

<size>
<age>90</age>
<sex>0</sex>
<number>2494</number>
</size>

<size>
<age>90</age>
<sex>1</sex>
<number>4498</number>
</size>

<size>
<age>91</age>
<sex>0</sex>
<number>969</number>
</size>

<size>
<age>91</age>
<sex>1</sex>
<number>1838</number>
</size>

<size>
<age>92</age>
<sex>0</sex>
<number>1031</number>
</size>

<size>
<age>92</age>
<sex>1</sex>
<number>2404</number>
</size>

<size>
<age>93</age>
<sex>0</sex>
<number>704</number>
</size>

<size>
<age>93</age>
<sex>1</sex>
<number>1403</number>
</size>

<size>
<age>94</age>
<sex>0</sex>
<number>504</number>
</size>

<size>
<age>94</age>
<sex>1</sex>
<number>1106</number>
</size>

<size>
<age>95</age>
<sex>0</sex>
<number>278</number>
</size>

<size>
<age>95</age>
<sex>1</sex>
<number>597</number>
</size>

</populationsize>
