<?xml version="1.0"?><overalldisability><weight><age>0</age><sex>0</sex><percent>2.277627</percent></weight><weight><age>0</age><sex>1</sex><percent>1.983711</percent></weight><weight><age>1</age><sex>0</sex><percent>2.316818</percent></weight><weight><age>1</age><sex>1</sex><percent>2.059833</percent></weight><weight><age>2</age><sex>0</sex><percent>2.356668</percent></weight><weight><age>2</age><sex>1</sex><percent>2.138814</percent></weight><weight><age>3</age><sex>0</sex><percent>2.397186</percent></weight><weight><age>3</age><sex>1</sex><percent>2.220754</percent></weight><weight><age>4</age><sex>0</sex><percent>2.438383</percent></weight><weight><age>4</age><sex>1</sex><percent>2.305759</percent></weight><weight><age>5</age><sex>0</sex><percent>2.480254</percent></weight><weight><age>5</age><sex>1</sex><percent>2.393892</percent></weight><weight><age>6</age><sex>0</sex><percent>2.522757</percent></weight><weight><age>6</age><sex>1</sex><percent>2.48511</percent></weight><weight><age>7</age><sex>0</sex><percent>2.565842</percent></weight><weight><age>7</age><sex>1</sex><percent>2.579334</percent></weight><weight><age>8</age><sex>0</sex><percent>2.609455</percent></weight><weight><age>8</age><sex>1</sex><percent>2.676463</percent></weight><weight><age>9</age><sex>0</sex><percent>2.653538</percent></weight><weight><age>9</age><sex>1</sex><percent>2.77637</percent></weight><weight><age>10</age><sex>0</sex><percent>2.69803</percent></weight><weight><age>10</age><sex>1</sex><percent>2.878903</percent></weight><weight><age>11</age><sex>0</sex><percent>2.742863</percent></weight><weight><age>11</age><sex>1</sex><percent>2.983878</percent></weight><weight><age>12</age><sex>0</sex><percent>2.787969</percent></weight><weight><age>12</age><sex>1</sex><percent>3.091086</percent></weight><weight><age>13</age><sex>0</sex><percent>2.833272</percent></weight><weight><age>13</age><sex>1</sex><percent>3.200282</percent></weight><weight><age>14</age><sex>0</sex><percent>2.878695</percent></weight><weight><age>14</age><sex>1</sex><percent>3.31119</percent></weight><weight><age>15</age><sex>0</sex><percent>2.924154</percent></weight><weight><age>15</age><sex>1</sex><percent>3.4235</percent></weight><weight><age>16</age><sex>0</sex><percent>2.969562</percent></weight><weight><age>16</age><sex>1</sex><percent>3.536868</percent></weight><weight><age>17</age><sex>0</sex><percent>3.014828</percent></weight><weight><age>17</age><sex>1</sex><percent>3.650913</percent></weight><weight><age>18</age><sex>0</sex><percent>3.059856</percent></weight><weight><age>18</age><sex>1</sex><percent>3.765223</percent></weight><weight><age>19</age><sex>0</sex><percent>3.104546</percent></weight><weight><age>19</age><sex>1</sex><percent>3.879347</percent></weight><weight><age>20</age><sex>0</sex><percent>3.148795</percent></weight><weight><age>20</age><sex>1</sex><percent>3.992803</percent></weight><weight><age>21</age><sex>0</sex><percent>3.192495</percent></weight><weight><age>21</age><sex>1</sex><percent>4.105074</percent></weight><weight><age>22</age><sex>0</sex><percent>3.235536</percent></weight><weight><age>22</age><sex>1</sex><percent>4.215615</percent></weight><weight><age>23</age><sex>0</sex><percent>3.277801</percent></weight><weight><age>23</age><sex>1</sex><percent>4.32385</percent></weight><weight><age>24</age><sex>0</sex><percent>3.319174</percent></weight><weight><age>24</age><sex>1</sex><percent>4.429178</percent></weight><weight><age>25</age><sex>0</sex><percent>3.359533</percent></weight><weight><age>25</age><sex>1</sex><percent>4.530975</percent></weight><weight><age>26</age><sex>0</sex><percent>3.398755</percent></weight><weight><age>26</age><sex>1</sex><percent>4.628598</percent></weight><weight><age>27</age><sex>0</sex><percent>3.436883</percent></weight><weight><age>27</age><sex>1</sex><percent>4.721662</percent></weight><weight><age>28</age><sex>0</sex><percent>3.474471</percent></weight><weight><age>28</age><sex>1</sex><percent>4.810609</percent></weight><weight><age>29</age><sex>0</sex><percent>3.512197</percent></weight><weight><age>29</age><sex>1</sex><percent>4.896102</percent></weight><weight><age>30</age><sex>0</sex><percent>3.550763</percent></weight><weight><age>30</age><sex>1</sex><percent>4.978874</percent></weight><weight><age>31</age><sex>0</sex><percent>3.590906</percent></weight><weight><age>31</age><sex>1</sex><percent>5.059726</percent></weight><weight><age>32</age><sex>0</sex><percent>3.633391</percent></weight><weight><age>32</age><sex>1</sex><percent>5.13952</percent></weight><weight><age>33</age><sex>0</sex><percent>3.679023</percent></weight><weight><age>33</age><sex>1</sex><percent>5.219178</percent></weight><weight><age>34</age><sex>0</sex><percent>3.728645</percent></weight><weight><age>34</age><sex>1</sex><percent>5.299677</percent></weight><weight><age>35</age><sex>0</sex><percent>3.783151</percent></weight><weight><age>35</age><sex>1</sex><percent>5.382057</percent></weight><weight><age>36</age><sex>0</sex><percent>3.843492</percent></weight><weight><age>36</age><sex>1</sex><percent>5.467416</percent></weight><weight><age>37</age><sex>0</sex><percent>3.910689</percent></weight><weight><age>37</age><sex>1</sex><percent>5.556916</percent></weight><weight><age>38</age><sex>0</sex><percent>3.985844</percent></weight><weight><age>38</age><sex>1</sex><percent>5.651794</percent></weight><weight><age>39</age><sex>0</sex><percent>4.07016</percent></weight><weight><age>39</age><sex>1</sex><percent>5.753363</percent></weight><weight><age>40</age><sex>0</sex><percent>4.164959</percent></weight><weight><age>40</age><sex>1</sex><percent>5.863029</percent></weight><weight><age>41</age><sex>0</sex><percent>4.271703</percent></weight><weight><age>41</age><sex>1</sex><percent>5.982304</percent></weight><weight><age>42</age><sex>0</sex><percent>4.392026</percent></weight><weight><age>42</age><sex>1</sex><percent>6.112823</percent></weight><weight><age>43</age><sex>0</sex><percent>4.527761</percent></weight><weight><age>43</age><sex>1</sex><percent>6.256364</percent></weight><weight><age>44</age><sex>0</sex><percent>4.680983</percent></weight><weight><age>44</age><sex>1</sex><percent>6.414875</percent></weight><weight><age>45</age><sex>0</sex><percent>4.854051</percent></weight><weight><age>45</age><sex>1</sex><percent>6.590502</percent></weight><weight><age>46</age><sex>0</sex><percent>5.049664</percent></weight><weight><age>46</age><sex>1</sex><percent>6.785624</percent></weight><weight><age>47</age><sex>0</sex><percent>5.27092</percent></weight><weight><age>47</age><sex>1</sex><percent>7.002895</percent></weight><weight><age>48</age><sex>0</sex><percent>5.521336</percent></weight><weight><age>48</age><sex>1</sex><percent>7.245229</percent></weight><weight><age>49</age><sex>0</sex><percent>5.803552</percent></weight><weight><age>49</age><sex>1</sex><percent>7.514495</percent></weight><weight><age>50</age><sex>0</sex><percent>6.119063</percent></weight><weight><age>50</age><sex>1</sex><percent>7.811319</percent></weight><weight><age>51</age><sex>0</sex><percent>6.469362</percent></weight><weight><age>51</age><sex>1</sex><percent>8.136275</percent></weight><weight><age>52</age><sex>0</sex><percent>6.855948</percent></weight><weight><age>52</age><sex>1</sex><percent>8.489918</percent></weight><weight><age>53</age><sex>0</sex><percent>7.280258</percent></weight><weight><age>53</age><sex>1</sex><percent>8.872743</percent></weight><weight><age>54</age><sex>0</sex><percent>7.743608</percent></weight><weight><age>54</age><sex>1</sex><percent>9.285151</percent></weight><weight><age>55</age><sex>0</sex><percent>8.247112</percent></weight><weight><age>55</age><sex>1</sex><percent>9.727413</percent></weight><weight><age>56</age><sex>0</sex><percent>8.791598</percent></weight><weight><age>56</age><sex>1</sex><percent>10.19963</percent></weight><weight><age>57</age><sex>0</sex><percent>9.377521</percent></weight><weight><age>57</age><sex>1</sex><percent>10.70167</percent></weight><weight><age>58</age><sex>0</sex><percent>10.00487</percent></weight><weight><age>58</age><sex>1</sex><percent>11.23319</percent></weight><weight><age>59</age><sex>0</sex><percent>10.67306</percent></weight><weight><age>59</age><sex>1</sex><percent>11.79349</percent></weight><weight><age>60</age><sex>0</sex><percent>11.38085</percent></weight><weight><age>60</age><sex>1</sex><percent>12.38157</percent></weight><weight><age>61</age><sex>0</sex><percent>12.12624</percent></weight><weight><age>61</age><sex>1</sex><percent>12.99605</percent></weight><weight><age>62</age><sex>0</sex><percent>12.90639</percent></weight><weight><age>62</age><sex>1</sex><percent>13.63512</percent></weight><weight><age>63</age><sex>0</sex><percent>13.71758</percent></weight><weight><age>63</age><sex>1</sex><percent>14.29652</percent></weight><weight><age>64</age><sex>0</sex><percent>14.5551</percent></weight><weight><age>64</age><sex>1</sex><percent>14.97755</percent></weight><weight><age>65</age><sex>0</sex><percent>15.41329</percent></weight><weight><age>65</age><sex>1</sex><percent>15.67501</percent></weight><weight><age>66</age><sex>0</sex><percent>16.2855</percent></weight><weight><age>66</age><sex>1</sex><percent>16.3852</percent></weight><weight><age>67</age><sex>0</sex><percent>17.16412</percent></weight><weight><age>67</age><sex>1</sex><percent>17.10394</percent></weight><weight><age>68</age><sex>0</sex><percent>18.04067</percent></weight><weight><age>68</age><sex>1</sex><percent>17.82659</percent></weight><weight><age>69</age><sex>0</sex><percent>18.90584</percent></weight><weight><age>69</age><sex>1</sex><percent>18.54802</percent></weight><weight><age>70</age><sex>0</sex><percent>19.75059</percent></weight><weight><age>70</age><sex>1</sex><percent>19.26329</percent></weight><weight><age>71</age><sex>0</sex><percent>20.57072</percent></weight><weight><age>71</age><sex>1</sex><percent>19.97037</percent></weight><weight><age>72</age><sex>0</sex><percent>21.36411</percent></weight><weight><age>72</age><sex>1</sex><percent>20.6684</percent></weight><weight><age>73</age><sex>0</sex><percent>22.12916</percent></weight><weight><age>73</age><sex>1</sex><percent>21.3567</percent></weight><weight><age>74</age><sex>0</sex><percent>22.86473</percent></weight><weight><age>74</age><sex>1</sex><percent>22.03479</percent></weight><weight><age>75</age><sex>0</sex><percent>23.57014</percent></weight><weight><age>75</age><sex>1</sex><percent>22.70235</percent></weight><weight><age>76</age><sex>0</sex><percent>24.24514</percent></weight><weight><age>76</age><sex>1</sex><percent>23.35925</percent></weight><weight><age>77</age><sex>0</sex><percent>24.88989</percent></weight><weight><age>77</age><sex>1</sex><percent>24.00551</percent></weight><weight><age>78</age><sex>0</sex><percent>25.50492</percent></weight><weight><age>78</age><sex>1</sex><percent>24.64134</percent></weight><weight><age>79</age><sex>0</sex><percent>26.09109</percent></weight><weight><age>79</age><sex>1</sex><percent>25.26707</percent></weight><weight><age>80</age><sex>0</sex><percent>26.64959</percent></weight><weight><age>80</age><sex>1</sex><percent>25.88319</percent></weight><weight><age>81</age><sex>0</sex><percent>27.18189</percent></weight><weight><age>81</age><sex>1</sex><percent>26.49035</percent></weight><weight><age>82</age><sex>0</sex><percent>27.68971</percent></weight><weight><age>82</age><sex>1</sex><percent>27.0893</percent></weight><weight><age>83</age><sex>0</sex><percent>28.17499</percent></weight><weight><age>83</age><sex>1</sex><percent>27.68093</percent></weight><weight><age>84</age><sex>0</sex><percent>28.63989</percent></weight><weight><age>84</age><sex>1</sex><percent>28.26625</percent></weight><weight><age>85</age><sex>0</sex><percent>29.08675</percent></weight><weight><age>85</age><sex>1</sex><percent>28.84635</percent></weight><weight><age>86</age><sex>0</sex><percent>29.51805</percent></weight><weight><age>86</age><sex>1</sex><percent>29.42246</percent></weight><weight><age>87</age><sex>0</sex><percent>29.93644</percent></weight><weight><age>87</age><sex>1</sex><percent>29.99588</percent></weight><weight><age>88</age><sex>0</sex><percent>30.3447</percent></weight><weight><age>88</age><sex>1</sex><percent>30.56801</percent></weight><weight><age>89</age><sex>0</sex><percent>30.74571</percent></weight><weight><age>89</age><sex>1</sex><percent>31.14032</percent></weight><weight><age>90</age><sex>0</sex><percent>31.14246</percent></weight><weight><age>90</age><sex>1</sex><percent>31.71438</percent></weight><weight><age>91</age><sex>0</sex><percent>31.53806</percent></weight><weight><age>91</age><sex>1</sex><percent>32.29181</percent></weight><weight><age>92</age><sex>0</sex><percent>31.93541</percent></weight><weight><age>92</age><sex>1</sex><percent>32.87416</percent></weight><weight><age>93</age><sex>0</sex><percent>32.3354</percent></weight><weight><age>93</age><sex>1</sex><percent>33.46181</percent></weight><weight><age>94</age><sex>0</sex><percent>32.73798</percent></weight><weight><age>94</age><sex>1</sex><percent>34.05464</percent></weight><weight><age>95</age><sex>0</sex><percent>33.14313</percent></weight><weight><age>95</age><sex>1</sex><percent>34.65251</percent></weight></overalldisability>