<?xml version="1.0"?><newborns><sexratio>1.0</sexratio><startingYear>2009</startingYear><amounts><amount><year>2009</year><number>108920</number></amount><amount><year>2010</year><number>109035</number></amount><amount><year>2011</year><number>109180</number></amount><amount><year>2012</year><number>109355</number></amount><amount><year>2013</year><number>109572</number></amount><amount><year>2014</year><number>109806</number></amount><amount><year>2015</year><number>110070</number></amount><amount><year>2016</year><number>110343</number></amount><amount><year>2017</year><number>110567</number></amount><amount><year>2018</year><number>110745</number></amount><amount><year>2019</year><number>110829</number></amount><amount><year>2020</year><number>110800</number></amount><amount><year>2021</year><number>110639</number></amount><amount><year>2022</year><number>110360</number></amount><amount><year>2023</year><number>109953</number></amount><amount><year>2024</year><number>109538</number></amount><amount><year>2025</year><number>109048</number></amount><amount><year>2026</year><number>108509</number></amount><amount><year>2027</year><number>107959</number></amount><amount><year>2028</year><number>107404</number></amount><amount><year>2029</year><number>106849</number></amount><amount><year>2030</year><number>106297</number></amount><amount><year>2031</year><number>105771</number></amount><amount><year>2032</year><number>105261</number></amount><amount><year>2033</year><number>104800</number></amount><amount><year>2034</year><number>104363</number></amount><amount><year>2035</year><number>103984</number></amount><amount><year>2036</year><number>103672</number></amount><amount><year>2037</year><number>103422</number></amount><amount><year>2038</year><number>103247</number></amount></amounts></newborns>