<?xml version="1.0"?>
<populationsize>
<size>
<age>0</age>
<sex>0</sex>
<number>59546</number>
</size>

<size>
<age>0</age>
<sex>1</sex>
<number>56342</number>
</size>

<size>
<age>1</age>
<sex>0</sex>
<number>57866</number>
</size>

<size>
<age>1</age>
<sex>1</sex>
<number>55637</number>
</size>

<size>
<age>2</age>
<sex>0</sex>
<number>57854</number>
</size>

<size>
<age>2</age>
<sex>1</sex>
<number>55095</number>
</size>

<size>
<age>3</age>
<sex>0</sex>
<number>58826</number>
</size>

<size>
<age>3</age>
<sex>1</sex>
<number>56589</number>
</size>

<size>
<age>4</age>
<sex>0</sex>
<number>59915</number>
</size>

<size>
<age>4</age>
<sex>1</sex>
<number>57189</number>
</size>

<size>
<age>5</age>
<sex>0</sex>
<number>59065</number>
</size>

<size>
<age>5</age>
<sex>1</sex>
<number>56854</number>
</size>

<size>
<age>6</age>
<sex>0</sex>
<number>59860</number>
</size>

<size>
<age>6</age>
<sex>1</sex>
<number>57137</number>
</size>

<size>
<age>7</age>
<sex>0</sex>
<number>60702</number>
</size>

<size>
<age>7</age>
<sex>1</sex>
<number>58107</number>
</size>

<size>
<age>8</age>
<sex>0</sex>
<number>60717</number>
</size>

<size>
<age>8</age>
<sex>1</sex>
<number>58476</number>
</size>

<size>
<age>9</age>
<sex>0</sex>
<number>60389</number>
</size>

<size>
<age>9</age>
<sex>1</sex>
<number>57807</number>
</size>

<size>
<age>10</age>
<sex>0</sex>
<number>61257</number>
</size>

<size>
<age>10</age>
<sex>1</sex>
<number>57937</number>
</size>

<size>
<age>11</age>
<sex>0</sex>
<number>63228</number>
</size>

<size>
<age>11</age>
<sex>1</sex>
<number>60669</number>
</size>

<size>
<age>12</age>
<sex>0</sex>
<number>65615</number>
</size>

<size>
<age>12</age>
<sex>1</sex>
<number>62787</number>
</size>

<size>
<age>13</age>
<sex>0</sex>
<number>66652</number>
</size>

<size>
<age>13</age>
<sex>1</sex>
<number>63704</number>
</size>

<size>
<age>14</age>
<sex>0</sex>
<number>65999</number>
</size>

<size>
<age>14</age>
<sex>1</sex>
<number>63037</number>
</size>

<size>
<age>15</age>
<sex>0</sex>
<number>64641</number>
</size>

<size>
<age>15</age>
<sex>1</sex>
<number>61765</number>
</size>

<size>
<age>16</age>
<sex>0</sex>
<number>64201</number>
</size>

<size>
<age>16</age>
<sex>1</sex>
<number>61294</number>
</size>

<size>
<age>17</age>
<sex>0</sex>
<number>62997</number>
</size>

<size>
<age>17</age>
<sex>1</sex>
<number>60177</number>
</size>

<size>
<age>18</age>
<sex>0</sex>
<number>63232</number>
</size>

<size>
<age>18</age>
<sex>1</sex>
<number>60283</number>
</size>

<size>
<age>19</age>
<sex>0</sex>
<number>61126</number>
</size>

<size>
<age>19</age>
<sex>1</sex>
<number>59467</number>
</size>

<size>
<age>20</age>
<sex>0</sex>
<number>61995</number>
</size>

<size>
<age>20</age>
<sex>1</sex>
<number>60800</number>
</size>

<size>
<age>21</age>
<sex>0</sex>
<number>62917</number>
</size>

<size>
<age>21</age>
<sex>1</sex>
<number>61829</number>
</size>

<size>
<age>22</age>
<sex>0</sex>
<number>64711</number>
</size>

<size>
<age>22</age>
<sex>1</sex>
<number>63737</number>
</size>

<size>
<age>23</age>
<sex>0</sex>
<number>66649</number>
</size>

<size>
<age>23</age>
<sex>1</sex>
<number>65675</number>
</size>

<size>
<age>24</age>
<sex>0</sex>
<number>66708</number>
</size>

<size>
<age>24</age>
<sex>1</sex>
<number>66744</number>
</size>

<size>
<age>25</age>
<sex>0</sex>
<number>67215</number>
</size>

<size>
<age>25</age>
<sex>1</sex>
<number>65658</number>
</size>

<size>
<age>26</age>
<sex>0</sex>
<number>66192</number>
</size>

<size>
<age>26</age>
<sex>1</sex>
<number>65722</number>
</size>

<size>
<age>27</age>
<sex>0</sex>
<number>65878</number>
</size>

<size>
<age>27</age>
<sex>1</sex>
<number>65397</number>
</size>

<size>
<age>28</age>
<sex>0</sex>
<number>65773</number>
</size>

<size>
<age>28</age>
<sex>1</sex>
<number>64734</number>
</size>

<size>
<age>29</age>
<sex>0</sex>
<number>65116</number>
</size>

<size>
<age>29</age>
<sex>1</sex>
<number>64077</number>
</size>

<size>
<age>30</age>
<sex>0</sex>
<number>67847</number>
</size>

<size>
<age>30</age>
<sex>1</sex>
<number>66470</number>
</size>

<size>
<age>31</age>
<sex>0</sex>
<number>70541</number>
</size>

<size>
<age>31</age>
<sex>1</sex>
<number>68826</number>
</size>

<size>
<age>32</age>
<sex>0</sex>
<number>73395</number>
</size>

<size>
<age>32</age>
<sex>1</sex>
<number>71855</number>
</size>

<size>
<age>33</age>
<sex>0</sex>
<number>75225</number>
</size>

<size>
<age>33</age>
<sex>1</sex>
<number>74225</number>
</size>

<size>
<age>34</age>
<sex>0</sex>
<number>76560</number>
</size>

<size>
<age>34</age>
<sex>1</sex>
<number>74553</number>
</size>

<size>
<age>35</age>
<sex>0</sex>
<number>76273</number>
</size>

<size>
<age>35</age>
<sex>1</sex>
<number>74516</number>
</size>

<size>
<age>36</age>
<sex>0</sex>
<number>76220</number>
</size>

<size>
<age>36</age>
<sex>1</sex>
<number>74464</number>
</size>

<size>
<age>37</age>
<sex>0</sex>
<number>77637</number>
</size>

<size>
<age>37</age>
<sex>1</sex>
<number>74977</number>
</size>

<size>
<age>38</age>
<sex>0</sex>
<number>79884</number>
</size>

<size>
<age>38</age>
<sex>1</sex>
<number>77791</number>
</size>

<size>
<age>39</age>
<sex>0</sex>
<number>82312</number>
</size>

<size>
<age>39</age>
<sex>1</sex>
<number>79645</number>
</size>

<size>
<age>40</age>
<sex>0</sex>
<number>84700</number>
</size>

<size>
<age>40</age>
<sex>1</sex>
<number>82638</number>
</size>

<size>
<age>41</age>
<sex>0</sex>
<number>83264</number>
</size>

<size>
<age>41</age>
<sex>1</sex>
<number>81344</number>
</size>

<size>
<age>42</age>
<sex>0</sex>
<number>81656</number>
</size>

<size>
<age>42</age>
<sex>1</sex>
<number>79806</number>
</size>

<size>
<age>43</age>
<sex>0</sex>
<number>81442</number>
</size>

<size>
<age>43</age>
<sex>1</sex>
<number>80458</number>
</size>

<size>
<age>44</age>
<sex>0</sex>
<number>80728</number>
</size>

<size>
<age>44</age>
<sex>1</sex>
<number>78956</number>
</size>

<size>
<age>45</age>
<sex>0</sex>
<number>80757</number>
</size>

<size>
<age>45</age>
<sex>1</sex>
<number>79957</number>
</size>

<size>
<age>46</age>
<sex>0</sex>
<number>79308</number>
</size>

<size>
<age>46</age>
<sex>1</sex>
<number>77780</number>
</size>

<size>
<age>47</age>
<sex>0</sex>
<number>77771</number>
</size>

<size>
<age>47</age>
<sex>1</sex>
<number>76277</number>
</size>

<size>
<age>48</age>
<sex>0</sex>
<number>75850</number>
</size>

<size>
<age>48</age>
<sex>1</sex>
<number>75503</number>
</size>

<size>
<age>49</age>
<sex>0</sex>
<number>74645</number>
</size>

<size>
<age>49</age>
<sex>1</sex>
<number>74614</number>
</size>

<size>
<age>50</age>
<sex>0</sex>
<number>73376</number>
</size>

<size>
<age>50</age>
<sex>1</sex>
<number>72965</number>
</size>

<size>
<age>51</age>
<sex>0</sex>
<number>71868</number>
</size>

<size>
<age>51</age>
<sex>1</sex>
<number>70895</number>
</size>

<size>
<age>52</age>
<sex>0</sex>
<number>71428</number>
</size>

<size>
<age>52</age>
<sex>1</sex>
<number>70327</number>
</size>

<size>
<age>53</age>
<sex>0</sex>
<number>68143</number>
</size>

<size>
<age>53</age>
<sex>1</sex>
<number>67877</number>
</size>

<size>
<age>54</age>
<sex>0</sex>
<number>68389</number>
</size>

<size>
<age>54</age>
<sex>1</sex>
<number>68224</number>
</size>

<size>
<age>55</age>
<sex>0</sex>
<number>68137</number>
</size>

<size>
<age>55</age>
<sex>1</sex>
<number>67324</number>
</size>

<size>
<age>56</age>
<sex>0</sex>
<number>68251</number>
</size>

<size>
<age>56</age>
<sex>1</sex>
<number>68523</number>
</size>

<size>
<age>57</age>
<sex>0</sex>
<number>67498</number>
</size>

<size>
<age>57</age>
<sex>1</sex>
<number>67664</number>
</size>

<size>
<age>58</age>
<sex>0</sex>
<number>67499</number>
</size>

<size>
<age>58</age>
<sex>1</sex>
<number>67603</number>
</size>

<size>
<age>59</age>
<sex>0</sex>
<number>56221</number>
</size>

<size>
<age>59</age>
<sex>1</sex>
<number>57766</number>
</size>

<size>
<age>60</age>
<sex>0</sex>
<number>55791</number>
</size>

<size>
<age>60</age>
<sex>1</sex>
<number>57357</number>
</size>

<size>
<age>61</age>
<sex>0</sex>
<number>52532</number>
</size>

<size>
<age>61</age>
<sex>1</sex>
<number>54381</number>
</size>

<size>
<age>62</age>
<sex>0</sex>
<number>45962</number>
</size>

<size>
<age>62</age>
<sex>1</sex>
<number>47781</number>
</size>

<size>
<age>63</age>
<sex>0</sex>
<number>41434</number>
</size>

<size>
<age>63</age>
<sex>1</sex>
<number>43961</number>
</size>

<size>
<age>64</age>
<sex>0</sex>
<number>45692</number>
</size>

<size>
<age>64</age>
<sex>1</sex>
<number>49245</number>
</size>

<size>
<age>65</age>
<sex>0</sex>
<number>48641</number>
</size>

<size>
<age>65</age>
<sex>1</sex>
<number>53515</number>
</size>

<size>
<age>66</age>
<sex>0</sex>
<number>49044</number>
</size>

<size>
<age>66</age>
<sex>1</sex>
<number>54268</number>
</size>

<size>
<age>67</age>
<sex>0</sex>
<number>46909</number>
</size>

<size>
<age>67</age>
<sex>1</sex>
<number>51746</number>
</size>

<size>
<age>68</age>
<sex>0</sex>
<number>44728</number>
</size>

<size>
<age>68</age>
<sex>1</sex>
<number>50978</number>
</size>

<size>
<age>69</age>
<sex>0</sex>
<number>43621</number>
</size>

<size>
<age>69</age>
<sex>1</sex>
<number>50541</number>
</size>

<size>
<age>70</age>
<sex>0</sex>
<number>43520</number>
</size>

<size>
<age>70</age>
<sex>1</sex>
<number>51397</number>
</size>

<size>
<age>71</age>
<sex>0</sex>
<number>42685</number>
</size>

<size>
<age>71</age>
<sex>1</sex>
<number>51048</number>
</size>

<size>
<age>72</age>
<sex>0</sex>
<number>42826</number>
</size>

<size>
<age>72</age>
<sex>1</sex>
<number>53090</number>
</size>

<size>
<age>73</age>
<sex>0</sex>
<number>41660</number>
</size>

<size>
<age>73</age>
<sex>1</sex>
<number>52842</number>
</size>

<size>
<age>74</age>
<sex>0</sex>
<number>39927</number>
</size>

<size>
<age>74</age>
<sex>1</sex>
<number>52756</number>
</size>

<size>
<age>75</age>
<sex>0</sex>
<number>35860</number>
</size>

<size>
<age>75</age>
<sex>1</sex>
<number>48699</number>
</size>

<size>
<age>76</age>
<sex>0</sex>
<number>33609</number>
</size>

<size>
<age>76</age>
<sex>1</sex>
<number>47226</number>
</size>

<size>
<age>77</age>
<sex>0</sex>
<number>31303</number>
</size>

<size>
<age>77</age>
<sex>1</sex>
<number>45012</number>
</size>

<size>
<age>78</age>
<sex>0</sex>
<number>29129</number>
</size>

<size>
<age>78</age>
<sex>1</sex>
<number>44400</number>
</size>

<size>
<age>79</age>
<sex>0</sex>
<number>27735</number>
</size>

<size>
<age>79</age>
<sex>1</sex>
<number>43133</number>
</size>

<size>
<age>80</age>
<sex>0</sex>
<number>25181</number>
</size>

<size>
<age>80</age>
<sex>1</sex>
<number>40923</number>
</size>

<size>
<age>81</age>
<sex>0</sex>
<number>22662</number>
</size>

<size>
<age>81</age>
<sex>1</sex>
<number>39125</number>
</size>

<size>
<age>82</age>
<sex>0</sex>
<number>20016</number>
</size>

<size>
<age>82</age>
<sex>1</sex>
<number>35854</number>
</size>

<size>
<age>83</age>
<sex>0</sex>
<number>18005</number>
</size>

<size>
<age>83</age>
<sex>1</sex>
<number>33853</number>
</size>

<size>
<age>84</age>
<sex>0</sex>
<number>15427</number>
</size>

<size>
<age>84</age>
<sex>1</sex>
<number>31027</number>
</size>

<size>
<age>85</age>
<sex>0</sex>
<number>10109</number>
</size>

<size>
<age>85</age>
<sex>1</sex>
<number>21242</number>
</size>

<size>
<age>86</age>
<sex>0</sex>
<number>5895</number>
</size>

<size>
<age>86</age>
<sex>1</sex>
<number>13676</number>
</size>

<size>
<age>87</age>
<sex>0</sex>
<number>4729</number>
</size>

<size>
<age>87</age>
<sex>1</sex>
<number>11951</number>
</size>

<size>
<age>88</age>
<sex>0</sex>
<number>4624</number>
</size>

<size>
<age>88</age>
<sex>1</sex>
<number>11663</number>
</size>

<size>
<age>89</age>
<sex>0</sex>
<number>4398</number>
</size>

<size>
<age>89</age>
<sex>1</sex>
<number>12170</number>
</size>

<size>
<age>90</age>
<sex>0</sex>
<number>4070</number>
</size>

<size>
<age>90</age>
<sex>1</sex>
<number>11973</number>
</size>

<size>
<age>91</age>
<sex>0</sex>
<number>3069</number>
</size>

<size>
<age>91</age>
<sex>1</sex>
<number>10040</number>
</size>

<size>
<age>92</age>
<sex>0</sex>
<number>2264</number>
</size>

<size>
<age>92</age>
<sex>1</sex>
<number>7865</number>
</size>

<size>
<age>93</age>
<sex>0</sex>
<number>1494</number>
</size>

<size>
<age>93</age>
<sex>1</sex>
<number>5889</number>
</size>

<size>
<age>94</age>
<sex>0</sex>
<number>1122</number>
</size>

<size>
<age>94</age>
<sex>1</sex>
<number>4666</number>
</size>

<size>
<age>95</age>
<sex>0</sex>
<number>707</number>
</size>

<size>
<age>95</age>
<sex>1</sex>
<number>3256</number>
</size>

</populationsize>
