<?xml version="1.0"?><diseaseincidences><incidence><age>0</age><sex>0</sex><value>0.0</value></incidence><incidence><age>0</age><sex>1</sex><value>0.0</value></incidence><incidence><age>1</age><sex>0</sex><value>0.0</value></incidence><incidence><age>1</age><sex>1</sex><value>0.0</value></incidence><incidence><age>2</age><sex>0</sex><value>0.0</value></incidence><incidence><age>2</age><sex>1</sex><value>0.0</value></incidence><incidence><age>3</age><sex>0</sex><value>0.0</value></incidence><incidence><age>3</age><sex>1</sex><value>0.0</value></incidence><incidence><age>4</age><sex>0</sex><value>0.0</value></incidence><incidence><age>4</age><sex>1</sex><value>0.0</value></incidence><incidence><age>5</age><sex>0</sex><value>0.0</value></incidence><incidence><age>5</age><sex>1</sex><value>0.0</value></incidence><incidence><age>6</age><sex>0</sex><value>0.0</value></incidence><incidence><age>6</age><sex>1</sex><value>0.0</value></incidence><incidence><age>7</age><sex>0</sex><value>0.0</value></incidence><incidence><age>7</age><sex>1</sex><value>0.0</value></incidence><incidence><age>8</age><sex>0</sex><value>0.0</value></incidence><incidence><age>8</age><sex>1</sex><value>0.0</value></incidence><incidence><age>9</age><sex>0</sex><value>0.0</value></incidence><incidence><age>9</age><sex>1</sex><value>0.0</value></incidence><incidence><age>10</age><sex>0</sex><value>0.0</value></incidence><incidence><age>10</age><sex>1</sex><value>0.0</value></incidence><incidence><age>11</age><sex>0</sex><value>0.0</value></incidence><incidence><age>11</age><sex>1</sex><value>0.0</value></incidence><incidence><age>12</age><sex>0</sex><value>0.0</value></incidence><incidence><age>12</age><sex>1</sex><value>0.0</value></incidence><incidence><age>13</age><sex>0</sex><value>0.0</value></incidence><incidence><age>13</age><sex>1</sex><value>0.0</value></incidence><incidence><age>14</age><sex>0</sex><value>0.0</value></incidence><incidence><age>14</age><sex>1</sex><value>0.0</value></incidence><incidence><age>15</age><sex>0</sex><value>0.0</value></incidence><incidence><age>15</age><sex>1</sex><value>0.0</value></incidence><incidence><age>16</age><sex>0</sex><value>0.0</value></incidence><incidence><age>16</age><sex>1</sex><value>0.0</value></incidence><incidence><age>17</age><sex>0</sex><value>0.0</value></incidence><incidence><age>17</age><sex>1</sex><value>0.0</value></incidence><incidence><age>18</age><sex>0</sex><value>0.0</value></incidence><incidence><age>18</age><sex>1</sex><value>0.0</value></incidence><incidence><age>19</age><sex>0</sex><value>0.0</value></incidence><incidence><age>19</age><sex>1</sex><value>0.0</value></incidence><incidence><age>20</age><sex>0</sex><value>0.0</value></incidence><incidence><age>20</age><sex>1</sex><value>0.0</value></incidence><incidence><age>21</age><sex>0</sex><value>0.0</value></incidence><incidence><age>21</age><sex>1</sex><value>0.0</value></incidence><incidence><age>22</age><sex>0</sex><value>0.0</value></incidence><incidence><age>22</age><sex>1</sex><value>0.0</value></incidence><incidence><age>23</age><sex>0</sex><value>0.0</value></incidence><incidence><age>23</age><sex>1</sex><value>0.0</value></incidence><incidence><age>24</age><sex>0</sex><value>0.0</value></incidence><incidence><age>24</age><sex>1</sex><value>0.0</value></incidence><incidence><age>25</age><sex>0</sex><value>0.0</value></incidence><incidence><age>25</age><sex>1</sex><value>0.0</value></incidence><incidence><age>26</age><sex>0</sex><value>0.0</value></incidence><incidence><age>26</age><sex>1</sex><value>0.0</value></incidence><incidence><age>27</age><sex>0</sex><value>0.0</value></incidence><incidence><age>27</age><sex>1</sex><value>0.0</value></incidence><incidence><age>28</age><sex>0</sex><value>0.0</value></incidence><incidence><age>28</age><sex>1</sex><value>0.0</value></incidence><incidence><age>29</age><sex>0</sex><value>0.0</value></incidence><incidence><age>29</age><sex>1</sex><value>0.0</value></incidence><incidence><age>30</age><sex>0</sex><value>6.31E-4</value></incidence><incidence><age>30</age><sex>1</sex><value>4.396E-4</value></incidence><incidence><age>31</age><sex>0</sex><value>7.186E-4</value></incidence><incidence><age>31</age><sex>1</sex><value>4.899E-4</value></incidence><incidence><age>32</age><sex>0</sex><value>8.158E-4</value></incidence><incidence><age>32</age><sex>1</sex><value>5.458E-4</value></incidence><incidence><age>33</age><sex>0</sex><value>9.232E-4</value></incidence><incidence><age>33</age><sex>1</sex><value>6.077E-4</value></incidence><incidence><age>34</age><sex>0</sex><value>0.0010415</value></incidence><incidence><age>34</age><sex>1</sex><value>6.763E-4</value></incidence><incidence><age>35</age><sex>0</sex><value>0.0011712</value></incidence><incidence><age>35</age><sex>1</sex><value>7.523E-4</value></incidence><incidence><age>36</age><sex>0</sex><value>0.0013127</value></incidence><incidence><age>36</age><sex>1</sex><value>8.361E-4</value></incidence><incidence><age>37</age><sex>0</sex><value>0.0014664</value></incidence><incidence><age>37</age><sex>1</sex><value>9.285E-4</value></incidence><incidence><age>38</age><sex>0</sex><value>0.0016326</value></incidence><incidence><age>38</age><sex>1</sex><value>0.0010302</value></incidence><incidence><age>39</age><sex>0</sex><value>0.0018115</value></incidence><incidence><age>39</age><sex>1</sex><value>0.0011418</value></incidence><incidence><age>40</age><sex>0</sex><value>0.002003</value></incidence><incidence><age>40</age><sex>1</sex><value>0.001264</value></incidence><incidence><age>41</age><sex>0</sex><value>0.002207</value></incidence><incidence><age>41</age><sex>1</sex><value>0.0013976</value></incidence><incidence><age>42</age><sex>0</sex><value>0.0024231</value></incidence><incidence><age>42</age><sex>1</sex><value>0.0015431</value></incidence><incidence><age>43</age><sex>0</sex><value>0.0026509</value></incidence><incidence><age>43</age><sex>1</sex><value>0.0017012</value></incidence><incidence><age>44</age><sex>0</sex><value>0.0028895</value></incidence><incidence><age>44</age><sex>1</sex><value>0.0018724</value></incidence><incidence><age>45</age><sex>0</sex><value>0.003138</value></incidence><incidence><age>45</age><sex>1</sex><value>0.0020571</value></incidence><incidence><age>46</age><sex>0</sex><value>0.0033952</value></incidence><incidence><age>46</age><sex>1</sex><value>0.0022558</value></incidence><incidence><age>47</age><sex>0</sex><value>0.0036597</value></incidence><incidence><age>47</age><sex>1</sex><value>0.0024687</value></incidence><incidence><age>48</age><sex>0</sex><value>0.00393</value></incidence><incidence><age>48</age><sex>1</sex><value>0.0026957</value></incidence><incidence><age>49</age><sex>0</sex><value>0.0042042</value></incidence><incidence><age>49</age><sex>1</sex><value>0.002937</value></incidence><incidence><age>50</age><sex>0</sex><value>0.0044804</value></incidence><incidence><age>50</age><sex>1</sex><value>0.003192</value></incidence><incidence><age>51</age><sex>0</sex><value>0.0047566</value></incidence><incidence><age>51</age><sex>1</sex><value>0.0034602</value></incidence><incidence><age>52</age><sex>0</sex><value>0.0050305</value></incidence><incidence><age>52</age><sex>1</sex><value>0.003741</value></incidence><incidence><age>53</age><sex>0</sex><value>0.0052999</value></incidence><incidence><age>53</age><sex>1</sex><value>0.0040331</value></incidence><incidence><age>54</age><sex>0</sex><value>0.0055627</value></incidence><incidence><age>54</age><sex>1</sex><value>0.0043352</value></incidence><incidence><age>55</age><sex>0</sex><value>0.0058166</value></incidence><incidence><age>55</age><sex>1</sex><value>0.0046457</value></incidence><incidence><age>56</age><sex>0</sex><value>0.0060595</value></incidence><incidence><age>56</age><sex>1</sex><value>0.0049626</value></incidence><incidence><age>57</age><sex>0</sex><value>0.0062897</value></incidence><incidence><age>57</age><sex>1</sex><value>0.0052838</value></incidence><incidence><age>58</age><sex>0</sex><value>0.0065052</value></incidence><incidence><age>58</age><sex>1</sex><value>0.0056068</value></incidence><incidence><age>59</age><sex>0</sex><value>0.0067047</value></incidence><incidence><age>59</age><sex>1</sex><value>0.005929</value></incidence><incidence><age>60</age><sex>0</sex><value>0.0068871</value></incidence><incidence><age>60</age><sex>1</sex><value>0.0062476</value></incidence><incidence><age>61</age><sex>0</sex><value>0.0070514</value></incidence><incidence><age>61</age><sex>1</sex><value>0.0065598</value></incidence><incidence><age>62</age><sex>0</sex><value>0.0071973</value></incidence><incidence><age>62</age><sex>1</sex><value>0.0068628</value></incidence><incidence><age>63</age><sex>0</sex><value>0.0073247</value></incidence><incidence><age>63</age><sex>1</sex><value>0.0071536</value></incidence><incidence><age>64</age><sex>0</sex><value>0.0074339</value></incidence><incidence><age>64</age><sex>1</sex><value>0.0074298</value></incidence><incidence><age>65</age><sex>0</sex><value>0.0075258</value></incidence><incidence><age>65</age><sex>1</sex><value>0.007689</value></incidence><incidence><age>66</age><sex>0</sex><value>0.0076015</value></incidence><incidence><age>66</age><sex>1</sex><value>0.0079291</value></incidence><incidence><age>67</age><sex>0</sex><value>0.0076626</value></incidence><incidence><age>67</age><sex>1</sex><value>0.0081487</value></incidence><incidence><age>68</age><sex>0</sex><value>0.0077113</value></incidence><incidence><age>68</age><sex>1</sex><value>0.0083467</value></incidence><incidence><age>69</age><sex>0</sex><value>0.0077498</value></incidence><incidence><age>69</age><sex>1</sex><value>0.0085228</value></incidence><incidence><age>70</age><sex>0</sex><value>0.0077809</value></incidence><incidence><age>70</age><sex>1</sex><value>0.0086773</value></incidence><incidence><age>71</age><sex>0</sex><value>0.0078079</value></incidence><incidence><age>71</age><sex>1</sex><value>0.0088111</value></incidence><incidence><age>72</age><sex>0</sex><value>0.0078341</value></incidence><incidence><age>72</age><sex>1</sex><value>0.0089262</value></incidence><incidence><age>73</age><sex>0</sex><value>0.0078633</value></incidence><incidence><age>73</age><sex>1</sex><value>0.0090251</value></incidence><incidence><age>74</age><sex>0</sex><value>0.0078996</value></incidence><incidence><age>74</age><sex>1</sex><value>0.0091112</value></incidence><incidence><age>75</age><sex>0</sex><value>0.0079471</value></incidence><incidence><age>75</age><sex>1</sex><value>0.0091887</value></incidence><incidence><age>76</age><sex>0</sex><value>0.0080104</value></incidence><incidence><age>76</age><sex>1</sex><value>0.0092623</value></incidence><incidence><age>77</age><sex>0</sex><value>0.0080942</value></incidence><incidence><age>77</age><sex>1</sex><value>0.0093377</value></incidence><incidence><age>78</age><sex>0</sex><value>0.0082034</value></incidence><incidence><age>78</age><sex>1</sex><value>0.0094208</value></incidence><incidence><age>79</age><sex>0</sex><value>0.0083429</value></incidence><incidence><age>79</age><sex>1</sex><value>0.0095181</value></incidence><incidence><age>80</age><sex>0</sex><value>0.0085178</value></incidence><incidence><age>80</age><sex>1</sex><value>0.0096365</value></incidence><incidence><age>81</age><sex>0</sex><value>0.0087335</value></incidence><incidence><age>81</age><sex>1</sex><value>0.0097829</value></incidence><incidence><age>82</age><sex>0</sex><value>0.0089951</value></incidence><incidence><age>82</age><sex>1</sex><value>0.0099639</value></incidence><incidence><age>83</age><sex>0</sex><value>0.0093079</value></incidence><incidence><age>83</age><sex>1</sex><value>0.0101861</value></incidence><incidence><age>84</age><sex>0</sex><value>0.0096772</value></incidence><incidence><age>84</age><sex>1</sex><value>0.0104552</value></incidence><incidence><age>85</age><sex>0</sex><value>0.0101083</value></incidence><incidence><age>85</age><sex>1</sex><value>0.0107758</value></incidence><incidence><age>86</age><sex>0</sex><value>0.0106061</value></incidence><incidence><age>86</age><sex>1</sex><value>0.0111511</value></incidence><incidence><age>87</age><sex>0</sex><value>0.0111756</value></incidence><incidence><age>87</age><sex>1</sex><value>0.0115823</value></incidence><incidence><age>88</age><sex>0</sex><value>0.0118213</value></incidence><incidence><age>88</age><sex>1</sex><value>0.0120682</value></incidence><incidence><age>89</age><sex>0</sex><value>0.0125476</value></incidence><incidence><age>89</age><sex>1</sex><value>0.0126044</value></incidence><incidence><age>90</age><sex>0</sex><value>0.0133584</value></incidence><incidence><age>90</age><sex>1</sex><value>0.0131831</value></incidence><incidence><age>91</age><sex>0</sex><value>0.014257</value></incidence><incidence><age>91</age><sex>1</sex><value>0.0137924</value></incidence><incidence><age>92</age><sex>0</sex><value>0.0152462</value></incidence><incidence><age>92</age><sex>1</sex><value>0.0144158</value></incidence><incidence><age>93</age><sex>0</sex><value>0.0163281</value></incidence><incidence><age>93</age><sex>1</sex><value>0.015032</value></incidence><incidence><age>94</age><sex>0</sex><value>0.0175039</value></incidence><incidence><age>94</age><sex>1</sex><value>0.0156151</value></incidence><incidence><age>95</age><sex>0</sex><value>0.0187742</value></incidence><incidence><age>95</age><sex>1</sex><value>0.0161343</value></incidence></diseaseincidences>