<?xml version="1.0"?><diseaseprevalences><prevalence><age>0</age><sex>0</sex><percent>0.0</percent></prevalence><prevalence><age>0</age><sex>1</sex><percent>0.0</percent></prevalence><prevalence><age>1</age><sex>0</sex><percent>0.0</percent></prevalence><prevalence><age>1</age><sex>1</sex><percent>0.0</percent></prevalence><prevalence><age>2</age><sex>0</sex><percent>0.0</percent></prevalence><prevalence><age>2</age><sex>1</sex><percent>0.0</percent></prevalence><prevalence><age>3</age><sex>0</sex><percent>0.0</percent></prevalence><prevalence><age>3</age><sex>1</sex><percent>0.0</percent></prevalence><prevalence><age>4</age><sex>0</sex><percent>0.0</percent></prevalence><prevalence><age>4</age><sex>1</sex><percent>0.0</percent></prevalence><prevalence><age>5</age><sex>0</sex><percent>0.0</percent></prevalence><prevalence><age>5</age><sex>1</sex><percent>0.0</percent></prevalence><prevalence><age>6</age><sex>0</sex><percent>0.0</percent></prevalence><prevalence><age>6</age><sex>1</sex><percent>0.0</percent></prevalence><prevalence><age>7</age><sex>0</sex><percent>0.0</percent></prevalence><prevalence><age>7</age><sex>1</sex><percent>0.0</percent></prevalence><prevalence><age>8</age><sex>0</sex><percent>0.0</percent></prevalence><prevalence><age>8</age><sex>1</sex><percent>0.0</percent></prevalence><prevalence><age>9</age><sex>0</sex><percent>0.0</percent></prevalence><prevalence><age>9</age><sex>1</sex><percent>0.0</percent></prevalence><prevalence><age>10</age><sex>0</sex><percent>0.0</percent></prevalence><prevalence><age>10</age><sex>1</sex><percent>0.0</percent></prevalence><prevalence><age>11</age><sex>0</sex><percent>0.0</percent></prevalence><prevalence><age>11</age><sex>1</sex><percent>0.0</percent></prevalence><prevalence><age>12</age><sex>0</sex><percent>0.0</percent></prevalence><prevalence><age>12</age><sex>1</sex><percent>0.0</percent></prevalence><prevalence><age>13</age><sex>0</sex><percent>0.0</percent></prevalence><prevalence><age>13</age><sex>1</sex><percent>0.0</percent></prevalence><prevalence><age>14</age><sex>0</sex><percent>0.0</percent></prevalence><prevalence><age>14</age><sex>1</sex><percent>0.0</percent></prevalence><prevalence><age>15</age><sex>0</sex><percent>0.0</percent></prevalence><prevalence><age>15</age><sex>1</sex><percent>0.0</percent></prevalence><prevalence><age>16</age><sex>0</sex><percent>0.0</percent></prevalence><prevalence><age>16</age><sex>1</sex><percent>0.0</percent></prevalence><prevalence><age>17</age><sex>0</sex><percent>0.0</percent></prevalence><prevalence><age>17</age><sex>1</sex><percent>1.0E-5</percent></prevalence><prevalence><age>18</age><sex>0</sex><percent>0.0</percent></prevalence><prevalence><age>18</age><sex>1</sex><percent>3.0E-5</percent></prevalence><prevalence><age>19</age><sex>0</sex><percent>0.0</percent></prevalence><prevalence><age>19</age><sex>1</sex><percent>4.0E-5</percent></prevalence><prevalence><age>20</age><sex>0</sex><percent>0.0</percent></prevalence><prevalence><age>20</age><sex>1</sex><percent>6.0E-5</percent></prevalence><prevalence><age>21</age><sex>0</sex><percent>0.0</percent></prevalence><prevalence><age>21</age><sex>1</sex><percent>7.0E-5</percent></prevalence><prevalence><age>22</age><sex>0</sex><percent>1.0E-5</percent></prevalence><prevalence><age>22</age><sex>1</sex><percent>7.0E-5</percent></prevalence><prevalence><age>23</age><sex>0</sex><percent>3.0E-5</percent></prevalence><prevalence><age>23</age><sex>1</sex><percent>8.0E-5</percent></prevalence><prevalence><age>24</age><sex>0</sex><percent>5.0E-5</percent></prevalence><prevalence><age>24</age><sex>1</sex><percent>8.0E-5</percent></prevalence><prevalence><age>25</age><sex>0</sex><percent>7.0E-5</percent></prevalence><prevalence><age>25</age><sex>1</sex><percent>8.0E-5</percent></prevalence><prevalence><age>26</age><sex>0</sex><percent>8.0E-5</percent></prevalence><prevalence><age>26</age><sex>1</sex><percent>8.0E-5</percent></prevalence><prevalence><age>27</age><sex>0</sex><percent>9.0E-5</percent></prevalence><prevalence><age>27</age><sex>1</sex><percent>8.0E-5</percent></prevalence><prevalence><age>28</age><sex>0</sex><percent>1.0E-4</percent></prevalence><prevalence><age>28</age><sex>1</sex><percent>8.0E-5</percent></prevalence><prevalence><age>29</age><sex>0</sex><percent>1.1E-4</percent></prevalence><prevalence><age>29</age><sex>1</sex><percent>9.0E-5</percent></prevalence><prevalence><age>30</age><sex>0</sex><percent>1.3E-4</percent></prevalence><prevalence><age>30</age><sex>1</sex><percent>1.0E-4</percent></prevalence><prevalence><age>31</age><sex>0</sex><percent>1.6E-4</percent></prevalence><prevalence><age>31</age><sex>1</sex><percent>1.1E-4</percent></prevalence><prevalence><age>32</age><sex>0</sex><percent>1.9E-4</percent></prevalence><prevalence><age>32</age><sex>1</sex><percent>1.2E-4</percent></prevalence><prevalence><age>33</age><sex>0</sex><percent>2.4E-4</percent></prevalence><prevalence><age>33</age><sex>1</sex><percent>1.4E-4</percent></prevalence><prevalence><age>34</age><sex>0</sex><percent>3.1E-4</percent></prevalence><prevalence><age>34</age><sex>1</sex><percent>1.7E-4</percent></prevalence><prevalence><age>35</age><sex>0</sex><percent>4.0E-4</percent></prevalence><prevalence><age>35</age><sex>1</sex><percent>2.1E-4</percent></prevalence><prevalence><age>36</age><sex>0</sex><percent>5.2E-4</percent></prevalence><prevalence><age>36</age><sex>1</sex><percent>2.7E-4</percent></prevalence><prevalence><age>37</age><sex>0</sex><percent>6.8E-4</percent></prevalence><prevalence><age>37</age><sex>1</sex><percent>3.6E-4</percent></prevalence><prevalence><age>38</age><sex>0</sex><percent>8.7E-4</percent></prevalence><prevalence><age>38</age><sex>1</sex><percent>4.7E-4</percent></prevalence><prevalence><age>39</age><sex>0</sex><percent>0.00111</percent></prevalence><prevalence><age>39</age><sex>1</sex><percent>6.2E-4</percent></prevalence><prevalence><age>40</age><sex>0</sex><percent>0.0014</percent></prevalence><prevalence><age>40</age><sex>1</sex><percent>7.9E-4</percent></prevalence><prevalence><age>41</age><sex>0</sex><percent>0.00175</percent></prevalence><prevalence><age>41</age><sex>1</sex><percent>0.0010</percent></prevalence><prevalence><age>42</age><sex>0</sex><percent>0.00217</percent></prevalence><prevalence><age>42</age><sex>1</sex><percent>0.00122</percent></prevalence><prevalence><age>43</age><sex>0</sex><percent>0.00269</percent></prevalence><prevalence><age>43</age><sex>1</sex><percent>0.00145</percent></prevalence><prevalence><age>44</age><sex>0</sex><percent>0.00332</percent></prevalence><prevalence><age>44</age><sex>1</sex><percent>0.00169</percent></prevalence><prevalence><age>45</age><sex>0</sex><percent>0.00407</percent></prevalence><prevalence><age>45</age><sex>1</sex><percent>0.00194</percent></prevalence><prevalence><age>46</age><sex>0</sex><percent>0.00496</percent></prevalence><prevalence><age>46</age><sex>1</sex><percent>0.00222</percent></prevalence><prevalence><age>47</age><sex>0</sex><percent>0.00597</percent></prevalence><prevalence><age>47</age><sex>1</sex><percent>0.00257</percent></prevalence><prevalence><age>48</age><sex>0</sex><percent>0.00712</percent></prevalence><prevalence><age>48</age><sex>1</sex><percent>0.00301</percent></prevalence><prevalence><age>49</age><sex>0</sex><percent>0.0084</percent></prevalence><prevalence><age>49</age><sex>1</sex><percent>0.0036</percent></prevalence><prevalence><age>50</age><sex>0</sex><percent>0.00983</percent></prevalence><prevalence><age>50</age><sex>1</sex><percent>0.00435</percent></prevalence><prevalence><age>51</age><sex>0</sex><percent>0.01142</percent></prevalence><prevalence><age>51</age><sex>1</sex><percent>0.00528</percent></prevalence><prevalence><age>52</age><sex>0</sex><percent>0.01316</percent></prevalence><prevalence><age>52</age><sex>1</sex><percent>0.00638</percent></prevalence><prevalence><age>53</age><sex>0</sex><percent>0.01504</percent></prevalence><prevalence><age>53</age><sex>1</sex><percent>0.00757</percent></prevalence><prevalence><age>54</age><sex>0</sex><percent>0.01705</percent></prevalence><prevalence><age>54</age><sex>1</sex><percent>0.0088</percent></prevalence><prevalence><age>55</age><sex>0</sex><percent>0.01916</percent></prevalence><prevalence><age>55</age><sex>1</sex><percent>0.01003</percent></prevalence><prevalence><age>56</age><sex>0</sex><percent>0.02135</percent></prevalence><prevalence><age>56</age><sex>1</sex><percent>0.01122</percent></prevalence><prevalence><age>57</age><sex>0</sex><percent>0.02361</percent></prevalence><prevalence><age>57</age><sex>1</sex><percent>0.01241</percent></prevalence><prevalence><age>58</age><sex>0</sex><percent>0.02593</percent></prevalence><prevalence><age>58</age><sex>1</sex><percent>0.01363</percent></prevalence><prevalence><age>59</age><sex>0</sex><percent>0.02832</percent></prevalence><prevalence><age>59</age><sex>1</sex><percent>0.01494</percent></prevalence><prevalence><age>60</age><sex>0</sex><percent>0.03079</percent></prevalence><prevalence><age>60</age><sex>1</sex><percent>0.01634</percent></prevalence><prevalence><age>61</age><sex>0</sex><percent>0.03332</percent></prevalence><prevalence><age>61</age><sex>1</sex><percent>0.01784</percent></prevalence><prevalence><age>62</age><sex>0</sex><percent>0.03594</percent></prevalence><prevalence><age>62</age><sex>1</sex><percent>0.01938</percent></prevalence><prevalence><age>63</age><sex>0</sex><percent>0.03863</percent></prevalence><prevalence><age>63</age><sex>1</sex><percent>0.02095</percent></prevalence><prevalence><age>64</age><sex>0</sex><percent>0.0414</percent></prevalence><prevalence><age>64</age><sex>1</sex><percent>0.02249</percent></prevalence><prevalence><age>65</age><sex>0</sex><percent>0.04428</percent></prevalence><prevalence><age>65</age><sex>1</sex><percent>0.02401</percent></prevalence><prevalence><age>66</age><sex>0</sex><percent>0.04729</percent></prevalence><prevalence><age>66</age><sex>1</sex><percent>0.0255</percent></prevalence><prevalence><age>67</age><sex>0</sex><percent>0.05045</percent></prevalence><prevalence><age>67</age><sex>1</sex><percent>0.02694</percent></prevalence><prevalence><age>68</age><sex>0</sex><percent>0.05374</percent></prevalence><prevalence><age>68</age><sex>1</sex><percent>0.02832</percent></prevalence><prevalence><age>69</age><sex>0</sex><percent>0.05716</percent></prevalence><prevalence><age>69</age><sex>1</sex><percent>0.02961</percent></prevalence><prevalence><age>70</age><sex>0</sex><percent>0.06064</percent></prevalence><prevalence><age>70</age><sex>1</sex><percent>0.03077</percent></prevalence><prevalence><age>71</age><sex>0</sex><percent>0.06413</percent></prevalence><prevalence><age>71</age><sex>1</sex><percent>0.0318</percent></prevalence><prevalence><age>72</age><sex>0</sex><percent>0.0676</percent></prevalence><prevalence><age>72</age><sex>1</sex><percent>0.03271</percent></prevalence><prevalence><age>73</age><sex>0</sex><percent>0.07099</percent></prevalence><prevalence><age>73</age><sex>1</sex><percent>0.03355</percent></prevalence><prevalence><age>74</age><sex>0</sex><percent>0.07429</percent></prevalence><prevalence><age>74</age><sex>1</sex><percent>0.03437</percent></prevalence><prevalence><age>75</age><sex>0</sex><percent>0.07747</percent></prevalence><prevalence><age>75</age><sex>1</sex><percent>0.03519</percent></prevalence><prevalence><age>76</age><sex>0</sex><percent>0.0805</percent></prevalence><prevalence><age>76</age><sex>1</sex><percent>0.03604</percent></prevalence><prevalence><age>77</age><sex>0</sex><percent>0.08333</percent></prevalence><prevalence><age>77</age><sex>1</sex><percent>0.03692</percent></prevalence><prevalence><age>78</age><sex>0</sex><percent>0.0859</percent></prevalence><prevalence><age>78</age><sex>1</sex><percent>0.03783</percent></prevalence><prevalence><age>79</age><sex>0</sex><percent>0.08816</percent></prevalence><prevalence><age>79</age><sex>1</sex><percent>0.03869</percent></prevalence><prevalence><age>80</age><sex>0</sex><percent>0.09005</percent></prevalence><prevalence><age>80</age><sex>1</sex><percent>0.0394</percent></prevalence><prevalence><age>81</age><sex>0</sex><percent>0.09148</percent></prevalence><prevalence><age>81</age><sex>1</sex><percent>0.03982</percent></prevalence><prevalence><age>82</age><sex>0</sex><percent>0.0924</percent></prevalence><prevalence><age>82</age><sex>1</sex><percent>0.03981</percent></prevalence><prevalence><age>83</age><sex>0</sex><percent>0.09275</percent></prevalence><prevalence><age>83</age><sex>1</sex><percent>0.03925</percent></prevalence><prevalence><age>84</age><sex>0</sex><percent>0.09257</percent></prevalence><prevalence><age>84</age><sex>1</sex><percent>0.03818</percent></prevalence><prevalence><age>85</age><sex>0</sex><percent>0.09198</percent></prevalence><prevalence><age>85</age><sex>1</sex><percent>0.03679</percent></prevalence><prevalence><age>86</age><sex>0</sex><percent>0.09114</percent></prevalence><prevalence><age>86</age><sex>1</sex><percent>0.03531</percent></prevalence><prevalence><age>87</age><sex>0</sex><percent>0.09028</percent></prevalence><prevalence><age>87</age><sex>1</sex><percent>0.03397</percent></prevalence><prevalence><age>88</age><sex>0</sex><percent>0.08955</percent></prevalence><prevalence><age>88</age><sex>1</sex><percent>0.03291</percent></prevalence><prevalence><age>89</age><sex>0</sex><percent>0.08903</percent></prevalence><prevalence><age>89</age><sex>1</sex><percent>0.03214</percent></prevalence><prevalence><age>90</age><sex>0</sex><percent>0.0886</percent></prevalence><prevalence><age>90</age><sex>1</sex><percent>0.0315</percent></prevalence><prevalence><age>91</age><sex>0</sex><percent>0.08806</percent></prevalence><prevalence><age>91</age><sex>1</sex><percent>0.0308</percent></prevalence><prevalence><age>92</age><sex>0</sex><percent>0.08715</percent></prevalence><prevalence><age>92</age><sex>1</sex><percent>0.02985</percent></prevalence><prevalence><age>93</age><sex>0</sex><percent>0.08565</percent></prevalence><prevalence><age>93</age><sex>1</sex><percent>0.02853</percent></prevalence><prevalence><age>94</age><sex>0</sex><percent>0.08349</percent></prevalence><prevalence><age>94</age><sex>1</sex><percent>0.02683</percent></prevalence><prevalence><age>95</age><sex>0</sex><percent>0.07565</percent></prevalence><prevalence><age>95</age><sex>1</sex><percent>0.02186</percent></prevalence></diseaseprevalences>