<?xml version="1.0"?><excessmortality><unittype>Rate</unittype><parametertype>Acutely Fatal</parametertype><mortalities><mortality><age>0</age><sex>0</sex><unit>0.0</unit><acutelyfatal>0.0</acutelyfatal><curedfraction>0.0</curedfraction></mortality><mortality><age>0</age><sex>1</sex><unit>0.0</unit><acutelyfatal>0.0</acutelyfatal><curedfraction>0.0</curedfraction></mortality><mortality><age>1</age><sex>0</sex><unit>0.0</unit><acutelyfatal>0.0</acutelyfatal><curedfraction>0.0</curedfraction></mortality><mortality><age>1</age><sex>1</sex><unit>0.0</unit><acutelyfatal>0.0</acutelyfatal><curedfraction>0.0</curedfraction></mortality><mortality><age>2</age><sex>0</sex><unit>0.0</unit><acutelyfatal>0.0</acutelyfatal><curedfraction>0.0</curedfraction></mortality><mortality><age>2</age><sex>1</sex><unit>0.0</unit><acutelyfatal>0.0</acutelyfatal><curedfraction>0.0</curedfraction></mortality><mortality><age>3</age><sex>0</sex><unit>0.0</unit><acutelyfatal>0.0</acutelyfatal><curedfraction>0.0</curedfraction></mortality><mortality><age>3</age><sex>1</sex><unit>0.0</unit><acutelyfatal>0.0</acutelyfatal><curedfraction>0.0</curedfraction></mortality><mortality><age>4</age><sex>0</sex><unit>0.0</unit><acutelyfatal>0.0</acutelyfatal><curedfraction>0.0</curedfraction></mortality><mortality><age>4</age><sex>1</sex><unit>0.0</unit><acutelyfatal>0.0</acutelyfatal><curedfraction>0.0</curedfraction></mortality><mortality><age>5</age><sex>0</sex><unit>0.0</unit><acutelyfatal>0.0</acutelyfatal><curedfraction>0.0</curedfraction></mortality><mortality><age>5</age><sex>1</sex><unit>0.0</unit><acutelyfatal>0.0</acutelyfatal><curedfraction>0.0</curedfraction></mortality><mortality><age>6</age><sex>0</sex><unit>0.0</unit><acutelyfatal>0.0</acutelyfatal><curedfraction>0.0</curedfraction></mortality><mortality><age>6</age><sex>1</sex><unit>0.0</unit><acutelyfatal>0.0</acutelyfatal><curedfraction>0.0</curedfraction></mortality><mortality><age>7</age><sex>0</sex><unit>0.0</unit><acutelyfatal>0.0</acutelyfatal><curedfraction>0.0</curedfraction></mortality><mortality><age>7</age><sex>1</sex><unit>0.0</unit><acutelyfatal>0.0</acutelyfatal><curedfraction>0.0</curedfraction></mortality><mortality><age>8</age><sex>0</sex><unit>0.0</unit><acutelyfatal>0.0</acutelyfatal><curedfraction>0.0</curedfraction></mortality><mortality><age>8</age><sex>1</sex><unit>0.0</unit><acutelyfatal>0.0</acutelyfatal><curedfraction>0.0</curedfraction></mortality><mortality><age>9</age><sex>0</sex><unit>0.0</unit><acutelyfatal>0.0</acutelyfatal><curedfraction>0.0</curedfraction></mortality><mortality><age>9</age><sex>1</sex><unit>0.0</unit><acutelyfatal>0.0</acutelyfatal><curedfraction>0.0</curedfraction></mortality><mortality><age>10</age><sex>0</sex><unit>0.0</unit><acutelyfatal>0.0</acutelyfatal><curedfraction>0.0</curedfraction></mortality><mortality><age>10</age><sex>1</sex><unit>0.0</unit><acutelyfatal>0.0</acutelyfatal><curedfraction>0.0</curedfraction></mortality><mortality><age>11</age><sex>0</sex><unit>0.0</unit><acutelyfatal>0.0</acutelyfatal><curedfraction>0.0</curedfraction></mortality><mortality><age>11</age><sex>1</sex><unit>0.0</unit><acutelyfatal>0.0</acutelyfatal><curedfraction>0.0</curedfraction></mortality><mortality><age>12</age><sex>0</sex><unit>0.0</unit><acutelyfatal>0.0</acutelyfatal><curedfraction>0.0</curedfraction></mortality><mortality><age>12</age><sex>1</sex><unit>0.0</unit><acutelyfatal>0.0</acutelyfatal><curedfraction>0.0</curedfraction></mortality><mortality><age>13</age><sex>0</sex><unit>0.0</unit><acutelyfatal>0.0</acutelyfatal><curedfraction>0.0</curedfraction></mortality><mortality><age>13</age><sex>1</sex><unit>0.0</unit><acutelyfatal>0.0</acutelyfatal><curedfraction>0.0</curedfraction></mortality><mortality><age>14</age><sex>0</sex><unit>0.0</unit><acutelyfatal>0.0</acutelyfatal><curedfraction>0.0</curedfraction></mortality><mortality><age>14</age><sex>1</sex><unit>0.0</unit><acutelyfatal>0.0</acutelyfatal><curedfraction>0.0</curedfraction></mortality><mortality><age>15</age><sex>0</sex><unit>1.712E-4</unit><acutelyfatal>0.0</acutelyfatal><curedfraction>0.0</curedfraction></mortality><mortality><age>15</age><sex>1</sex><unit>0.001802</unit><acutelyfatal>0.0</acutelyfatal><curedfraction>0.0</curedfraction></mortality><mortality><age>16</age><sex>0</sex><unit>1.378E-4</unit><acutelyfatal>0.0</acutelyfatal><curedfraction>0.0</curedfraction></mortality><mortality><age>16</age><sex>1</sex><unit>0.0043891</unit><acutelyfatal>0.0</acutelyfatal><curedfraction>0.0</curedfraction></mortality><mortality><age>17</age><sex>0</sex><unit>0.0</unit><acutelyfatal>0.0</acutelyfatal><curedfraction>0.0</curedfraction></mortality><mortality><age>17</age><sex>1</sex><unit>0.0086906</unit><acutelyfatal>0.0</acutelyfatal><curedfraction>0.0</curedfraction></mortality><mortality><age>18</age><sex>0</sex><unit>0.0</unit><acutelyfatal>0.0</acutelyfatal><curedfraction>0.0</curedfraction></mortality><mortality><age>18</age><sex>1</sex><unit>0.0152767</unit><acutelyfatal>0.0</acutelyfatal><curedfraction>0.0</curedfraction></mortality><mortality><age>19</age><sex>0</sex><unit>2.49E-4</unit><acutelyfatal>0.0</acutelyfatal><curedfraction>0.0</curedfraction></mortality><mortality><age>19</age><sex>1</sex><unit>0.025267</unit><acutelyfatal>0.0</acutelyfatal><curedfraction>0.0</curedfraction></mortality><mortality><age>20</age><sex>0</sex><unit>0.0019117</unit><acutelyfatal>0.0</acutelyfatal><curedfraction>0.0</curedfraction></mortality><mortality><age>20</age><sex>1</sex><unit>0.039919</unit><acutelyfatal>0.0</acutelyfatal><curedfraction>0.0</curedfraction></mortality><mortality><age>21</age><sex>0</sex><unit>0.0055321</unit><acutelyfatal>0.0</acutelyfatal><curedfraction>0.0</curedfraction></mortality><mortality><age>21</age><sex>1</sex><unit>0.0604896</unit><acutelyfatal>0.0</acutelyfatal><curedfraction>0.0</curedfraction></mortality><mortality><age>22</age><sex>0</sex><unit>0.0118094</unit><acutelyfatal>0.0</acutelyfatal><curedfraction>0.0</curedfraction></mortality><mortality><age>22</age><sex>1</sex><unit>0.0882361</unit><acutelyfatal>0.0</acutelyfatal><curedfraction>0.0</curedfraction></mortality><mortality><age>23</age><sex>0</sex><unit>0.0215133</unit><acutelyfatal>0.0</acutelyfatal><curedfraction>0.0</curedfraction></mortality><mortality><age>23</age><sex>1</sex><unit>0.1232228</unit><acutelyfatal>0.0</acutelyfatal><curedfraction>0.0</curedfraction></mortality><mortality><age>24</age><sex>0</sex><unit>0.0356954</unit><acutelyfatal>0.0</acutelyfatal><curedfraction>0.0</curedfraction></mortality><mortality><age>24</age><sex>1</sex><unit>0.1607426</unit><acutelyfatal>0.0</acutelyfatal><curedfraction>0.0</curedfraction></mortality><mortality><age>25</age><sex>0</sex><unit>0.055478</unit><acutelyfatal>0.0</acutelyfatal><curedfraction>0.0</curedfraction></mortality><mortality><age>25</age><sex>1</sex><unit>0.1948953</unit><acutelyfatal>0.0</acutelyfatal><curedfraction>0.0</curedfraction></mortality><mortality><age>26</age><sex>0</sex><unit>0.0819833</unit><acutelyfatal>0.0</acutelyfatal><curedfraction>0.0</curedfraction></mortality><mortality><age>26</age><sex>1</sex><unit>0.2197811</unit><acutelyfatal>0.0</acutelyfatal><curedfraction>0.0</curedfraction></mortality><mortality><age>27</age><sex>0</sex><unit>0.1163334</unit><acutelyfatal>0.0</acutelyfatal><curedfraction>0.0</curedfraction></mortality><mortality><age>27</age><sex>1</sex><unit>0.2294998</unit><acutelyfatal>0.0</acutelyfatal><curedfraction>0.0</curedfraction></mortality><mortality><age>28</age><sex>0</sex><unit>0.1584991</unit><acutelyfatal>0.0</acutelyfatal><curedfraction>0.0</curedfraction></mortality><mortality><age>28</age><sex>1</sex><unit>0.220387</unit><acutelyfatal>0.0</acutelyfatal><curedfraction>0.0</curedfraction></mortality><mortality><age>29</age><sex>0</sex><unit>0.2038449</unit><acutelyfatal>0.0</acutelyfatal><curedfraction>0.0</curedfraction></mortality><mortality><age>29</age><sex>1</sex><unit>0.1977208</unit><acutelyfatal>0.0</acutelyfatal><curedfraction>0.0</curedfraction></mortality><mortality><age>30</age><sex>0</sex><unit>0.2465838</unit><acutelyfatal>0.0</acutelyfatal><curedfraction>0.0</curedfraction></mortality><mortality><age>30</age><sex>1</sex><unit>0.1690146</unit><acutelyfatal>0.0</acutelyfatal><curedfraction>0.0</curedfraction></mortality><mortality><age>31</age><sex>0</sex><unit>0.2809288</unit><acutelyfatal>0.0</acutelyfatal><curedfraction>0.0</curedfraction></mortality><mortality><age>31</age><sex>1</sex><unit>0.141782</unit><acutelyfatal>0.0</acutelyfatal><curedfraction>0.0</curedfraction></mortality><mortality><age>32</age><sex>0</sex><unit>0.301093</unit><acutelyfatal>0.0</acutelyfatal><curedfraction>0.0</curedfraction></mortality><mortality><age>32</age><sex>1</sex><unit>0.1235368</unit><acutelyfatal>0.0</acutelyfatal><curedfraction>0.0</curedfraction></mortality><mortality><age>33</age><sex>0</sex><unit>0.3033791</unit><acutelyfatal>0.0</acutelyfatal><curedfraction>0.0</curedfraction></mortality><mortality><age>33</age><sex>1</sex><unit>0.1198879</unit><acutelyfatal>0.0</acutelyfatal><curedfraction>0.0</curedfraction></mortality><mortality><age>34</age><sex>0</sex><unit>0.292448</unit><acutelyfatal>0.0</acutelyfatal><curedfraction>0.0</curedfraction></mortality><mortality><age>34</age><sex>1</sex><unit>0.1288263</unit><acutelyfatal>0.0</acutelyfatal><curedfraction>0.0</curedfraction></mortality><mortality><age>35</age><sex>0</sex><unit>0.2750505</unit><acutelyfatal>0.0</acutelyfatal><curedfraction>0.0</curedfraction></mortality><mortality><age>35</age><sex>1</sex><unit>0.1464387</unit><acutelyfatal>0.0</acutelyfatal><curedfraction>0.0</curedfraction></mortality><mortality><age>36</age><sex>0</sex><unit>0.2579372</unit><acutelyfatal>0.0</acutelyfatal><curedfraction>0.0</curedfraction></mortality><mortality><age>36</age><sex>1</sex><unit>0.1688117</unit><acutelyfatal>0.0</acutelyfatal><curedfraction>0.0</curedfraction></mortality><mortality><age>37</age><sex>0</sex><unit>0.2478588</unit><acutelyfatal>0.0</acutelyfatal><curedfraction>0.0</curedfraction></mortality><mortality><age>37</age><sex>1</sex><unit>0.1920317</unit><acutelyfatal>0.0</acutelyfatal><curedfraction>0.0</curedfraction></mortality><mortality><age>38</age><sex>0</sex><unit>0.2499776</unit><acutelyfatal>0.0</acutelyfatal><curedfraction>0.0</curedfraction></mortality><mortality><age>38</age><sex>1</sex><unit>0.2129032</unit><acutelyfatal>0.0</acutelyfatal><curedfraction>0.0</curedfraction></mortality><mortality><age>39</age><sex>0</sex><unit>0.2631028</unit><acutelyfatal>0.0</acutelyfatal><curedfraction>0.0</curedfraction></mortality><mortality><age>39</age><sex>1</sex><unit>0.2311027</unit><acutelyfatal>0.0</acutelyfatal><curedfraction>0.0</curedfraction></mortality><mortality><age>40</age><sex>0</sex><unit>0.284455</unit><acutelyfatal>0.0</acutelyfatal><curedfraction>0.0</curedfraction></mortality><mortality><age>40</age><sex>1</sex><unit>0.2470245</unit><acutelyfatal>0.0</acutelyfatal><curedfraction>0.0</curedfraction></mortality><mortality><age>41</age><sex>0</sex><unit>0.311255</unit><acutelyfatal>0.0</acutelyfatal><curedfraction>0.0</curedfraction></mortality><mortality><age>41</age><sex>1</sex><unit>0.2610627</unit><acutelyfatal>0.0</acutelyfatal><curedfraction>0.0</curedfraction></mortality><mortality><age>42</age><sex>0</sex><unit>0.3407235</unit><acutelyfatal>0.0</acutelyfatal><curedfraction>0.0</curedfraction></mortality><mortality><age>42</age><sex>1</sex><unit>0.2736118</unit><acutelyfatal>0.0</acutelyfatal><curedfraction>0.0</curedfraction></mortality><mortality><age>43</age><sex>0</sex><unit>0.3704606</unit><acutelyfatal>0.0</acutelyfatal><curedfraction>0.0</curedfraction></mortality><mortality><age>43</age><sex>1</sex><unit>0.2850978</unit><acutelyfatal>0.0</acutelyfatal><curedfraction>0.0</curedfraction></mortality><mortality><age>44</age><sex>0</sex><unit>0.3995842</unit><acutelyfatal>0.0</acutelyfatal><curedfraction>0.0</curedfraction></mortality><mortality><age>44</age><sex>1</sex><unit>0.2960746</unit><acutelyfatal>0.0</acutelyfatal><curedfraction>0.0</curedfraction></mortality><mortality><age>45</age><sex>0</sex><unit>0.4275915</unit><acutelyfatal>0.0</acutelyfatal><curedfraction>0.0</curedfraction></mortality><mortality><age>45</age><sex>1</sex><unit>0.3071276</unit><acutelyfatal>0.0</acutelyfatal><curedfraction>0.0</curedfraction></mortality><mortality><age>46</age><sex>0</sex><unit>0.4539799</unit><acutelyfatal>0.0</acutelyfatal><curedfraction>0.0</curedfraction></mortality><mortality><age>46</age><sex>1</sex><unit>0.3188426</unit><acutelyfatal>0.0</acutelyfatal><curedfraction>0.0</curedfraction></mortality><mortality><age>47</age><sex>0</sex><unit>0.4782465</unit><acutelyfatal>0.0</acutelyfatal><curedfraction>0.0</curedfraction></mortality><mortality><age>47</age><sex>1</sex><unit>0.331805</unit><acutelyfatal>0.0</acutelyfatal><curedfraction>0.0</curedfraction></mortality><mortality><age>48</age><sex>0</sex><unit>0.4998477</unit><acutelyfatal>0.0</acutelyfatal><curedfraction>0.0</curedfraction></mortality><mortality><age>48</age><sex>1</sex><unit>0.3462727</unit><acutelyfatal>0.0</acutelyfatal><curedfraction>0.0</curedfraction></mortality><mortality><age>49</age><sex>0</sex><unit>0.5180757</unit><acutelyfatal>0.0</acutelyfatal><curedfraction>0.0</curedfraction></mortality><mortality><age>49</age><sex>1</sex><unit>0.3611918</unit><acutelyfatal>0.0</acutelyfatal><curedfraction>0.0</curedfraction></mortality><mortality><age>50</age><sex>0</sex><unit>0.5321819</unit><acutelyfatal>0.0</acutelyfatal><curedfraction>0.0</curedfraction></mortality><mortality><age>50</age><sex>1</sex><unit>0.3751808</unit><acutelyfatal>0.0</acutelyfatal><curedfraction>0.0</curedfraction></mortality><mortality><age>51</age><sex>0</sex><unit>0.5414176</unit><acutelyfatal>0.0</acutelyfatal><curedfraction>0.0</curedfraction></mortality><mortality><age>51</age><sex>1</sex><unit>0.386858</unit><acutelyfatal>0.0</acutelyfatal><curedfraction>0.0</curedfraction></mortality><mortality><age>52</age><sex>0</sex><unit>0.5450341</unit><acutelyfatal>0.0</acutelyfatal><curedfraction>0.0</curedfraction></mortality><mortality><age>52</age><sex>1</sex><unit>0.3948418</unit><acutelyfatal>0.0</acutelyfatal><curedfraction>0.0</curedfraction></mortality><mortality><age>53</age><sex>0</sex><unit>0.5426998</unit><acutelyfatal>0.0</acutelyfatal><curedfraction>0.0</curedfraction></mortality><mortality><age>53</age><sex>1</sex><unit>0.3980822</unit><acutelyfatal>0.0</acutelyfatal><curedfraction>0.0</curedfraction></mortality><mortality><age>54</age><sex>0</sex><unit>0.5357511</unit><acutelyfatal>0.0</acutelyfatal><curedfraction>0.0</curedfraction></mortality><mortality><age>54</age><sex>1</sex><unit>0.3968563</unit><acutelyfatal>0.0</acutelyfatal><curedfraction>0.0</curedfraction></mortality><mortality><age>55</age><sex>0</sex><unit>0.5259417</unit><acutelyfatal>0.0</acutelyfatal><curedfraction>0.0</curedfraction></mortality><mortality><age>55</age><sex>1</sex><unit>0.3917724</unit><acutelyfatal>0.0</acutelyfatal><curedfraction>0.0</curedfraction></mortality><mortality><age>56</age><sex>0</sex><unit>0.5150251</unit><acutelyfatal>0.0</acutelyfatal><curedfraction>0.0</curedfraction></mortality><mortality><age>56</age><sex>1</sex><unit>0.3834393</unit><acutelyfatal>0.0</acutelyfatal><curedfraction>0.0</curedfraction></mortality><mortality><age>57</age><sex>0</sex><unit>0.5047548</unit><acutelyfatal>0.0</acutelyfatal><curedfraction>0.0</curedfraction></mortality><mortality><age>57</age><sex>1</sex><unit>0.3724654</unit><acutelyfatal>0.0</acutelyfatal><curedfraction>0.0</curedfraction></mortality><mortality><age>58</age><sex>0</sex><unit>0.4964607</unit><acutelyfatal>0.0</acutelyfatal><curedfraction>0.0</curedfraction></mortality><mortality><age>58</age><sex>1</sex><unit>0.3595103</unit><acutelyfatal>0.0</acutelyfatal><curedfraction>0.0</curedfraction></mortality><mortality><age>59</age><sex>0</sex><unit>0.4897773</unit><acutelyfatal>0.0</acutelyfatal><curedfraction>0.0</curedfraction></mortality><mortality><age>59</age><sex>1</sex><unit>0.3454372</unit><acutelyfatal>0.0</acutelyfatal><curedfraction>0.0</curedfraction></mortality><mortality><age>60</age><sex>0</sex><unit>0.4839155</unit><acutelyfatal>0.0</acutelyfatal><curedfraction>0.0</curedfraction></mortality><mortality><age>60</age><sex>1</sex><unit>0.3311606</unit><acutelyfatal>0.0</acutelyfatal><curedfraction>0.0</curedfraction></mortality><mortality><age>61</age><sex>0</sex><unit>0.4780861</unit><acutelyfatal>0.0</acutelyfatal><curedfraction>0.0</curedfraction></mortality><mortality><age>61</age><sex>1</sex><unit>0.3175947</unit><acutelyfatal>0.0</acutelyfatal><curedfraction>0.0</curedfraction></mortality><mortality><age>62</age><sex>0</sex><unit>0.4715</unit><acutelyfatal>0.0</acutelyfatal><curedfraction>0.0</curedfraction></mortality><mortality><age>62</age><sex>1</sex><unit>0.3056537</unit><acutelyfatal>0.0</acutelyfatal><curedfraction>0.0</curedfraction></mortality><mortality><age>63</age><sex>0</sex><unit>0.4637628</unit><acutelyfatal>0.0</acutelyfatal><curedfraction>0.0</curedfraction></mortality><mortality><age>63</age><sex>1</sex><unit>0.2961088</unit><acutelyfatal>0.0</acutelyfatal><curedfraction>0.0</curedfraction></mortality><mortality><age>64</age><sex>0</sex><unit>0.4560597</unit><acutelyfatal>0.0</acutelyfatal><curedfraction>0.0</curedfraction></mortality><mortality><age>64</age><sex>1</sex><unit>0.2891585</unit><acutelyfatal>0.0</acutelyfatal><curedfraction>0.0</curedfraction></mortality><mortality><age>65</age><sex>0</sex><unit>0.4499707</unit><acutelyfatal>0.0</acutelyfatal><curedfraction>0.0</curedfraction></mortality><mortality><age>65</age><sex>1</sex><unit>0.2848581</unit><acutelyfatal>0.0</acutelyfatal><curedfraction>0.0</curedfraction></mortality><mortality><age>66</age><sex>0</sex><unit>0.4470758</unit><acutelyfatal>0.0</acutelyfatal><curedfraction>0.0</curedfraction></mortality><mortality><age>66</age><sex>1</sex><unit>0.2832629</unit><acutelyfatal>0.0</acutelyfatal><curedfraction>0.0</curedfraction></mortality><mortality><age>67</age><sex>0</sex><unit>0.4489551</unit><acutelyfatal>0.0</acutelyfatal><curedfraction>0.0</curedfraction></mortality><mortality><age>67</age><sex>1</sex><unit>0.2844282</unit><acutelyfatal>0.0</acutelyfatal><curedfraction>0.0</curedfraction></mortality><mortality><age>68</age><sex>0</sex><unit>0.4564963</unit><acutelyfatal>0.0</acutelyfatal><curedfraction>0.0</curedfraction></mortality><mortality><age>68</age><sex>1</sex><unit>0.2882453</unit><acutelyfatal>0.0</acutelyfatal><curedfraction>0.0</curedfraction></mortality><mortality><age>69</age><sex>0</sex><unit>0.4678188</unit><acutelyfatal>0.0</acutelyfatal><curedfraction>0.0</curedfraction></mortality><mortality><age>69</age><sex>1</sex><unit>0.2939495</unit><acutelyfatal>0.0</acutelyfatal><curedfraction>0.0</curedfraction></mortality><mortality><age>70</age><sex>0</sex><unit>0.4803497</unit><acutelyfatal>0.0</acutelyfatal><curedfraction>0.0</curedfraction></mortality><mortality><age>70</age><sex>1</sex><unit>0.3006119</unit><acutelyfatal>0.0</acutelyfatal><curedfraction>0.0</curedfraction></mortality><mortality><age>71</age><sex>0</sex><unit>0.4915161</unit><acutelyfatal>0.0</acutelyfatal><curedfraction>0.0</curedfraction></mortality><mortality><age>71</age><sex>1</sex><unit>0.3073039</unit><acutelyfatal>0.0</acutelyfatal><curedfraction>0.0</curedfraction></mortality><mortality><age>72</age><sex>0</sex><unit>0.4987453</unit><acutelyfatal>0.0</acutelyfatal><curedfraction>0.0</curedfraction></mortality><mortality><age>72</age><sex>1</sex><unit>0.3130966</unit><acutelyfatal>0.0</acutelyfatal><curedfraction>0.0</curedfraction></mortality><mortality><age>73</age><sex>0</sex><unit>0.5002424</unit><acutelyfatal>0.0</acutelyfatal><curedfraction>0.0</curedfraction></mortality><mortality><age>73</age><sex>1</sex><unit>0.3173408</unit><acutelyfatal>0.0</acutelyfatal><curedfraction>0.0</curedfraction></mortality><mortality><age>74</age><sex>0</sex><unit>0.4973243</unit><acutelyfatal>0.0</acutelyfatal><curedfraction>0.0</curedfraction></mortality><mortality><age>74</age><sex>1</sex><unit>0.3205048</unit><acutelyfatal>0.0</acutelyfatal><curedfraction>0.0</curedfraction></mortality><mortality><age>75</age><sex>0</sex><unit>0.492086</unit><acutelyfatal>0.0</acutelyfatal><curedfraction>0.0</curedfraction></mortality><mortality><age>75</age><sex>1</sex><unit>0.3233365</unit><acutelyfatal>0.0</acutelyfatal><curedfraction>0.0</curedfraction></mortality><mortality><age>76</age><sex>0</sex><unit>0.4866224</unit><acutelyfatal>0.0</acutelyfatal><curedfraction>0.0</curedfraction></mortality><mortality><age>76</age><sex>1</sex><unit>0.326584</unit><acutelyfatal>0.0</acutelyfatal><curedfraction>0.0</curedfraction></mortality><mortality><age>77</age><sex>0</sex><unit>0.4830286</unit><acutelyfatal>0.0</acutelyfatal><curedfraction>0.0</curedfraction></mortality><mortality><age>77</age><sex>1</sex><unit>0.3309949</unit><acutelyfatal>0.0</acutelyfatal><curedfraction>0.0</curedfraction></mortality><mortality><age>78</age><sex>0</sex><unit>0.4827286</unit><acutelyfatal>0.0</acutelyfatal><curedfraction>0.0</curedfraction></mortality><mortality><age>78</age><sex>1</sex><unit>0.3370633</unit><acutelyfatal>0.0</acutelyfatal><curedfraction>0.0</curedfraction></mortality><mortality><age>79</age><sex>0</sex><unit>0.4844638</unit><acutelyfatal>0.0</acutelyfatal><curedfraction>0.0</curedfraction></mortality><mortality><age>79</age><sex>1</sex><unit>0.3442669</unit><acutelyfatal>0.0</acutelyfatal><curedfraction>0.0</curedfraction></mortality><mortality><age>80</age><sex>0</sex><unit>0.4863043</unit><acutelyfatal>0.0</acutelyfatal><curedfraction>0.0</curedfraction></mortality><mortality><age>80</age><sex>1</sex><unit>0.3518294</unit><acutelyfatal>0.0</acutelyfatal><curedfraction>0.0</curedfraction></mortality><mortality><age>81</age><sex>0</sex><unit>0.4863208</unit><acutelyfatal>0.0</acutelyfatal><curedfraction>0.0</curedfraction></mortality><mortality><age>81</age><sex>1</sex><unit>0.3589747</unit><acutelyfatal>0.0</acutelyfatal><curedfraction>0.0</curedfraction></mortality><mortality><age>82</age><sex>0</sex><unit>0.4825835</unit><acutelyfatal>0.0</acutelyfatal><curedfraction>0.0</curedfraction></mortality><mortality><age>82</age><sex>1</sex><unit>0.3649266</unit><acutelyfatal>0.0</acutelyfatal><curedfraction>0.0</curedfraction></mortality><mortality><age>83</age><sex>0</sex><unit>0.4738182</unit><acutelyfatal>0.0</acutelyfatal><curedfraction>0.0</curedfraction></mortality><mortality><age>83</age><sex>1</sex><unit>0.3691125</unit><acutelyfatal>0.0</acutelyfatal><curedfraction>0.0</curedfraction></mortality><mortality><age>84</age><sex>0</sex><unit>0.4613729</unit><acutelyfatal>0.0</acutelyfatal><curedfraction>0.0</curedfraction></mortality><mortality><age>84</age><sex>1</sex><unit>0.3717758</unit><acutelyfatal>0.0</acutelyfatal><curedfraction>0.0</curedfraction></mortality><mortality><age>85</age><sex>0</sex><unit>0.4472507</unit><acutelyfatal>0.0</acutelyfatal><curedfraction>0.0</curedfraction></mortality><mortality><age>85</age><sex>1</sex><unit>0.3733634</unit><acutelyfatal>0.0</acutelyfatal><curedfraction>0.0</curedfraction></mortality><mortality><age>86</age><sex>0</sex><unit>0.4334549</unit><acutelyfatal>0.0</acutelyfatal><curedfraction>0.0</curedfraction></mortality><mortality><age>86</age><sex>1</sex><unit>0.3743223</unit><acutelyfatal>0.0</acutelyfatal><curedfraction>0.0</curedfraction></mortality><mortality><age>87</age><sex>0</sex><unit>0.4219887</unit><acutelyfatal>0.0</acutelyfatal><curedfraction>0.0</curedfraction></mortality><mortality><age>87</age><sex>1</sex><unit>0.3750996</unit><acutelyfatal>0.0</acutelyfatal><curedfraction>0.0</curedfraction></mortality><mortality><age>88</age><sex>0</sex><unit>0.4143728</unit><acutelyfatal>0.0</acutelyfatal><curedfraction>0.0</curedfraction></mortality><mortality><age>88</age><sex>1</sex><unit>0.3760714</unit><acutelyfatal>0.0</acutelyfatal><curedfraction>0.0</curedfraction></mortality><mortality><age>89</age><sex>0</sex><unit>0.4101972</unit><acutelyfatal>0.0</acutelyfatal><curedfraction>0.0</curedfraction></mortality><mortality><age>89</age><sex>1</sex><unit>0.3773305</unit><acutelyfatal>0.0</acutelyfatal><curedfraction>0.0</curedfraction></mortality><mortality><age>90</age><sex>0</sex><unit>0.4085692</unit><acutelyfatal>0.0</acutelyfatal><curedfraction>0.0</curedfraction></mortality><mortality><age>90</age><sex>1</sex><unit>0.3788988</unit><acutelyfatal>0.0</acutelyfatal><curedfraction>0.0</curedfraction></mortality><mortality><age>91</age><sex>0</sex><unit>0.4085962</unit><acutelyfatal>0.0</acutelyfatal><curedfraction>0.0</curedfraction></mortality><mortality><age>91</age><sex>1</sex><unit>0.3807981</unit><acutelyfatal>0.0</acutelyfatal><curedfraction>0.0</curedfraction></mortality><mortality><age>92</age><sex>0</sex><unit>0.4093855</unit><acutelyfatal>0.0</acutelyfatal><curedfraction>0.0</curedfraction></mortality><mortality><age>92</age><sex>1</sex><unit>0.3830504</unit><acutelyfatal>0.0</acutelyfatal><curedfraction>0.0</curedfraction></mortality><mortality><age>93</age><sex>0</sex><unit>0.4101925</unit><acutelyfatal>0.0</acutelyfatal><curedfraction>0.0</curedfraction></mortality><mortality><age>93</age><sex>1</sex><unit>0.3856507</unit><acutelyfatal>0.0</acutelyfatal><curedfraction>0.0</curedfraction></mortality><mortality><age>94</age><sex>0</sex><unit>0.4108636</unit><acutelyfatal>0.0</acutelyfatal><curedfraction>0.0</curedfraction></mortality><mortality><age>94</age><sex>1</sex><unit>0.3884873</unit><acutelyfatal>0.0</acutelyfatal><curedfraction>0.0</curedfraction></mortality><mortality><age>95</age><sex>0</sex><unit>0.4118273</unit><acutelyfatal>0.0</acutelyfatal><curedfraction>0.0</curedfraction></mortality><mortality><age>95</age><sex>1</sex><unit>0.3976563</unit><acutelyfatal>0.0</acutelyfatal><curedfraction>0.0</curedfraction></mortality></mortalities></excessmortality>