<?xml version="1.0"?><diseaseincidences><incidence><age>0</age><sex>0</sex><value>0.0</value></incidence><incidence><age>0</age><sex>1</sex><value>0.0</value></incidence><incidence><age>1</age><sex>0</sex><value>0.0</value></incidence><incidence><age>1</age><sex>1</sex><value>0.0</value></incidence><incidence><age>2</age><sex>0</sex><value>0.0</value></incidence><incidence><age>2</age><sex>1</sex><value>0.0</value></incidence><incidence><age>3</age><sex>0</sex><value>0.0</value></incidence><incidence><age>3</age><sex>1</sex><value>0.0</value></incidence><incidence><age>4</age><sex>0</sex><value>0.0</value></incidence><incidence><age>4</age><sex>1</sex><value>0.0</value></incidence><incidence><age>5</age><sex>0</sex><value>0.0</value></incidence><incidence><age>5</age><sex>1</sex><value>0.0</value></incidence><incidence><age>6</age><sex>0</sex><value>0.0</value></incidence><incidence><age>6</age><sex>1</sex><value>0.0</value></incidence><incidence><age>7</age><sex>0</sex><value>0.0</value></incidence><incidence><age>7</age><sex>1</sex><value>0.0</value></incidence><incidence><age>8</age><sex>0</sex><value>0.0</value></incidence><incidence><age>8</age><sex>1</sex><value>0.0</value></incidence><incidence><age>9</age><sex>0</sex><value>0.0</value></incidence><incidence><age>9</age><sex>1</sex><value>0.0</value></incidence><incidence><age>10</age><sex>0</sex><value>0.0</value></incidence><incidence><age>10</age><sex>1</sex><value>0.0</value></incidence><incidence><age>11</age><sex>0</sex><value>0.0</value></incidence><incidence><age>11</age><sex>1</sex><value>0.0</value></incidence><incidence><age>12</age><sex>0</sex><value>0.0</value></incidence><incidence><age>12</age><sex>1</sex><value>0.0</value></incidence><incidence><age>13</age><sex>0</sex><value>0.0</value></incidence><incidence><age>13</age><sex>1</sex><value>0.0</value></incidence><incidence><age>14</age><sex>0</sex><value>0.0</value></incidence><incidence><age>14</age><sex>1</sex><value>0.0</value></incidence><incidence><age>15</age><sex>0</sex><value>2.2E-6</value></incidence><incidence><age>15</age><sex>1</sex><value>2.2E-6</value></incidence><incidence><age>16</age><sex>0</sex><value>2.5E-6</value></incidence><incidence><age>16</age><sex>1</sex><value>2.5E-6</value></incidence><incidence><age>17</age><sex>0</sex><value>2.6E-6</value></incidence><incidence><age>17</age><sex>1</sex><value>2.9E-6</value></incidence><incidence><age>18</age><sex>0</sex><value>2.7E-6</value></incidence><incidence><age>18</age><sex>1</sex><value>3.2E-6</value></incidence><incidence><age>19</age><sex>0</sex><value>2.6E-6</value></incidence><incidence><age>19</age><sex>1</sex><value>3.5E-6</value></incidence><incidence><age>20</age><sex>0</sex><value>2.5E-6</value></incidence><incidence><age>20</age><sex>1</sex><value>3.6E-6</value></incidence><incidence><age>21</age><sex>0</sex><value>2.3E-6</value></incidence><incidence><age>21</age><sex>1</sex><value>3.7E-6</value></incidence><incidence><age>22</age><sex>0</sex><value>2.2E-6</value></incidence><incidence><age>22</age><sex>1</sex><value>3.8E-6</value></incidence><incidence><age>23</age><sex>0</sex><value>2.2E-6</value></incidence><incidence><age>23</age><sex>1</sex><value>3.7E-6</value></incidence><incidence><age>24</age><sex>0</sex><value>2.3E-6</value></incidence><incidence><age>24</age><sex>1</sex><value>3.5E-6</value></incidence><incidence><age>25</age><sex>0</sex><value>2.6E-6</value></incidence><incidence><age>25</age><sex>1</sex><value>3.4E-6</value></incidence><incidence><age>26</age><sex>0</sex><value>3.0E-6</value></incidence><incidence><age>26</age><sex>1</sex><value>3.4E-6</value></incidence><incidence><age>27</age><sex>0</sex><value>3.8E-6</value></incidence><incidence><age>27</age><sex>1</sex><value>3.5E-6</value></incidence><incidence><age>28</age><sex>0</sex><value>4.9E-6</value></incidence><incidence><age>28</age><sex>1</sex><value>3.7E-6</value></incidence><incidence><age>29</age><sex>0</sex><value>6.2E-6</value></incidence><incidence><age>29</age><sex>1</sex><value>4.2E-6</value></incidence><incidence><age>30</age><sex>0</sex><value>8.0E-6</value></incidence><incidence><age>30</age><sex>1</sex><value>4.7E-6</value></incidence><incidence><age>31</age><sex>0</sex><value>1.01E-5</value></incidence><incidence><age>31</age><sex>1</sex><value>5.4E-6</value></incidence><incidence><age>32</age><sex>0</sex><value>1.25E-5</value></incidence><incidence><age>32</age><sex>1</sex><value>6.2E-6</value></incidence><incidence><age>33</age><sex>0</sex><value>1.54E-5</value></incidence><incidence><age>33</age><sex>1</sex><value>7.0E-6</value></incidence><incidence><age>34</age><sex>0</sex><value>1.92E-5</value></incidence><incidence><age>34</age><sex>1</sex><value>7.9E-6</value></incidence><incidence><age>35</age><sex>0</sex><value>2.45E-5</value></incidence><incidence><age>35</age><sex>1</sex><value>9.0E-6</value></incidence><incidence><age>36</age><sex>0</sex><value>3.18E-5</value></incidence><incidence><age>36</age><sex>1</sex><value>1.02E-5</value></incidence><incidence><age>37</age><sex>0</sex><value>4.16E-5</value></incidence><incidence><age>37</age><sex>1</sex><value>1.17E-5</value></incidence><incidence><age>38</age><sex>0</sex><value>5.44E-5</value></incidence><incidence><age>38</age><sex>1</sex><value>1.34E-5</value></incidence><incidence><age>39</age><sex>0</sex><value>6.98E-5</value></incidence><incidence><age>39</age><sex>1</sex><value>1.54E-5</value></incidence><incidence><age>40</age><sex>0</sex><value>8.76E-5</value></incidence><incidence><age>40</age><sex>1</sex><value>1.78E-5</value></incidence><incidence><age>41</age><sex>0</sex><value>1.07E-4</value></incidence><incidence><age>41</age><sex>1</sex><value>2.07E-5</value></incidence><incidence><age>42</age><sex>0</sex><value>1.29E-4</value></incidence><incidence><age>42</age><sex>1</sex><value>2.41E-5</value></incidence><incidence><age>43</age><sex>0</sex><value>1.52E-4</value></incidence><incidence><age>43</age><sex>1</sex><value>2.81E-5</value></incidence><incidence><age>44</age><sex>0</sex><value>1.76E-4</value></incidence><incidence><age>44</age><sex>1</sex><value>3.24E-5</value></incidence><incidence><age>45</age><sex>0</sex><value>2.03E-4</value></incidence><incidence><age>45</age><sex>1</sex><value>3.69E-5</value></incidence><incidence><age>46</age><sex>0</sex><value>2.32E-4</value></incidence><incidence><age>46</age><sex>1</sex><value>4.14E-5</value></incidence><incidence><age>47</age><sex>0</sex><value>2.64E-4</value></incidence><incidence><age>47</age><sex>1</sex><value>4.54E-5</value></incidence><incidence><age>48</age><sex>0</sex><value>2.99E-4</value></incidence><incidence><age>48</age><sex>1</sex><value>4.9E-5</value></incidence><incidence><age>49</age><sex>0</sex><value>3.36E-4</value></incidence><incidence><age>49</age><sex>1</sex><value>5.21E-5</value></incidence><incidence><age>50</age><sex>0</sex><value>3.71E-4</value></incidence><incidence><age>50</age><sex>1</sex><value>5.49E-5</value></incidence><incidence><age>51</age><sex>0</sex><value>4.02E-4</value></incidence><incidence><age>51</age><sex>1</sex><value>5.75E-5</value></incidence><incidence><age>52</age><sex>0</sex><value>4.28E-4</value></incidence><incidence><age>52</age><sex>1</sex><value>5.99E-5</value></incidence><incidence><age>53</age><sex>0</sex><value>4.47E-4</value></incidence><incidence><age>53</age><sex>1</sex><value>6.22E-5</value></incidence><incidence><age>54</age><sex>0</sex><value>4.59E-4</value></incidence><incidence><age>54</age><sex>1</sex><value>6.47E-5</value></incidence><incidence><age>55</age><sex>0</sex><value>4.66E-4</value></incidence><incidence><age>55</age><sex>1</sex><value>6.72E-5</value></incidence><incidence><age>56</age><sex>0</sex><value>4.71E-4</value></incidence><incidence><age>56</age><sex>1</sex><value>7.0E-5</value></incidence><incidence><age>57</age><sex>0</sex><value>4.74E-4</value></incidence><incidence><age>57</age><sex>1</sex><value>7.32E-5</value></incidence><incidence><age>58</age><sex>0</sex><value>4.78E-4</value></incidence><incidence><age>58</age><sex>1</sex><value>7.66E-5</value></incidence><incidence><age>59</age><sex>0</sex><value>4.81E-4</value></incidence><incidence><age>59</age><sex>1</sex><value>8.03E-5</value></incidence><incidence><age>60</age><sex>0</sex><value>4.83E-4</value></incidence><incidence><age>60</age><sex>1</sex><value>8.41E-5</value></incidence><incidence><age>61</age><sex>0</sex><value>4.84E-4</value></incidence><incidence><age>61</age><sex>1</sex><value>8.76E-5</value></incidence><incidence><age>62</age><sex>0</sex><value>4.82E-4</value></incidence><incidence><age>62</age><sex>1</sex><value>9.09E-5</value></incidence><incidence><age>63</age><sex>0</sex><value>4.77E-4</value></incidence><incidence><age>63</age><sex>1</sex><value>9.37E-5</value></incidence><incidence><age>64</age><sex>0</sex><value>4.7E-4</value></incidence><incidence><age>64</age><sex>1</sex><value>9.62E-5</value></incidence><incidence><age>65</age><sex>0</sex><value>4.61E-4</value></incidence><incidence><age>65</age><sex>1</sex><value>9.85E-5</value></incidence><incidence><age>66</age><sex>0</sex><value>4.51E-4</value></incidence><incidence><age>66</age><sex>1</sex><value>1.01E-4</value></incidence><incidence><age>67</age><sex>0</sex><value>4.4E-4</value></incidence><incidence><age>67</age><sex>1</sex><value>1.04E-4</value></incidence><incidence><age>68</age><sex>0</sex><value>4.3E-4</value></incidence><incidence><age>68</age><sex>1</sex><value>1.07E-4</value></incidence><incidence><age>69</age><sex>0</sex><value>4.21E-4</value></incidence><incidence><age>69</age><sex>1</sex><value>1.1E-4</value></incidence><incidence><age>70</age><sex>0</sex><value>4.12E-4</value></incidence><incidence><age>70</age><sex>1</sex><value>1.14E-4</value></incidence><incidence><age>71</age><sex>0</sex><value>4.02E-4</value></incidence><incidence><age>71</age><sex>1</sex><value>1.19E-4</value></incidence><incidence><age>72</age><sex>0</sex><value>3.93E-4</value></incidence><incidence><age>72</age><sex>1</sex><value>1.24E-4</value></incidence><incidence><age>73</age><sex>0</sex><value>3.83E-4</value></incidence><incidence><age>73</age><sex>1</sex><value>1.29E-4</value></incidence><incidence><age>74</age><sex>0</sex><value>3.75E-4</value></incidence><incidence><age>74</age><sex>1</sex><value>1.35E-4</value></incidence><incidence><age>75</age><sex>0</sex><value>3.68E-4</value></incidence><incidence><age>75</age><sex>1</sex><value>1.42E-4</value></incidence><incidence><age>76</age><sex>0</sex><value>3.66E-4</value></incidence><incidence><age>76</age><sex>1</sex><value>1.48E-4</value></incidence><incidence><age>77</age><sex>0</sex><value>3.7E-4</value></incidence><incidence><age>77</age><sex>1</sex><value>1.53E-4</value></incidence><incidence><age>78</age><sex>0</sex><value>3.8E-4</value></incidence><incidence><age>78</age><sex>1</sex><value>1.58E-4</value></incidence><incidence><age>79</age><sex>0</sex><value>3.94E-4</value></incidence><incidence><age>79</age><sex>1</sex><value>1.63E-4</value></incidence><incidence><age>80</age><sex>0</sex><value>4.12E-4</value></incidence><incidence><age>80</age><sex>1</sex><value>1.68E-4</value></incidence><incidence><age>81</age><sex>0</sex><value>4.3E-4</value></incidence><incidence><age>81</age><sex>1</sex><value>1.75E-4</value></incidence><incidence><age>82</age><sex>0</sex><value>4.46E-4</value></incidence><incidence><age>82</age><sex>1</sex><value>1.84E-4</value></incidence><incidence><age>83</age><sex>0</sex><value>4.59E-4</value></incidence><incidence><age>83</age><sex>1</sex><value>1.94E-4</value></incidence><incidence><age>84</age><sex>0</sex><value>4.69E-4</value></incidence><incidence><age>84</age><sex>1</sex><value>2.07E-4</value></incidence><incidence><age>85</age><sex>0</sex><value>4.77E-4</value></incidence><incidence><age>85</age><sex>1</sex><value>2.19E-4</value></incidence><incidence><age>86</age><sex>0</sex><value>4.82E-4</value></incidence><incidence><age>86</age><sex>1</sex><value>2.3E-4</value></incidence><incidence><age>87</age><sex>0</sex><value>4.86E-4</value></incidence><incidence><age>87</age><sex>1</sex><value>2.39E-4</value></incidence><incidence><age>88</age><sex>0</sex><value>4.88E-4</value></incidence><incidence><age>88</age><sex>1</sex><value>2.45E-4</value></incidence><incidence><age>89</age><sex>0</sex><value>4.89E-4</value></incidence><incidence><age>89</age><sex>1</sex><value>2.48E-4</value></incidence><incidence><age>90</age><sex>0</sex><value>4.9E-4</value></incidence><incidence><age>90</age><sex>1</sex><value>2.48E-4</value></incidence><incidence><age>91</age><sex>0</sex><value>4.9E-4</value></incidence><incidence><age>91</age><sex>1</sex><value>2.48E-4</value></incidence><incidence><age>92</age><sex>0</sex><value>4.9E-4</value></incidence><incidence><age>92</age><sex>1</sex><value>2.47E-4</value></incidence><incidence><age>93</age><sex>0</sex><value>4.9E-4</value></incidence><incidence><age>93</age><sex>1</sex><value>2.47E-4</value></incidence><incidence><age>94</age><sex>0</sex><value>4.9E-4</value></incidence><incidence><age>94</age><sex>1</sex><value>2.46E-4</value></incidence><incidence><age>95</age><sex>0</sex><value>4.9E-4</value></incidence><incidence><age>95</age><sex>1</sex><value>2.47E-4</value></incidence></diseaseincidences>