<?xml version="1.0"?><riskfactorprevalences_categorical><prevalence><age>0</age><sex>0</sex><cat>1</cat><percent>100.0</percent></prevalence><prevalence><age>0</age><sex>0</sex><cat>2</cat><percent>0.0</percent></prevalence><prevalence><age>0</age><sex>0</sex><cat>3</cat><percent>0.0</percent></prevalence><prevalence><age>0</age><sex>1</sex><cat>1</cat><percent>100.0</percent></prevalence><prevalence><age>0</age><sex>1</sex><cat>2</cat><percent>0.0</percent></prevalence><prevalence><age>0</age><sex>1</sex><cat>3</cat><percent>0.0</percent></prevalence><prevalence><age>1</age><sex>0</sex><cat>1</cat><percent>100.0</percent></prevalence><prevalence><age>1</age><sex>0</sex><cat>2</cat><percent>0.0</percent></prevalence><prevalence><age>1</age><sex>0</sex><cat>3</cat><percent>0.0</percent></prevalence><prevalence><age>1</age><sex>1</sex><cat>1</cat><percent>100.0</percent></prevalence><prevalence><age>1</age><sex>1</sex><cat>2</cat><percent>0.0</percent></prevalence><prevalence><age>1</age><sex>1</sex><cat>3</cat><percent>0.0</percent></prevalence><prevalence><age>2</age><sex>0</sex><cat>1</cat><percent>100.0</percent></prevalence><prevalence><age>2</age><sex>0</sex><cat>2</cat><percent>0.0</percent></prevalence><prevalence><age>2</age><sex>0</sex><cat>3</cat><percent>0.0</percent></prevalence><prevalence><age>2</age><sex>1</sex><cat>1</cat><percent>100.0</percent></prevalence><prevalence><age>2</age><sex>1</sex><cat>2</cat><percent>0.0</percent></prevalence><prevalence><age>2</age><sex>1</sex><cat>3</cat><percent>0.0</percent></prevalence><prevalence><age>3</age><sex>0</sex><cat>1</cat><percent>100.0</percent></prevalence><prevalence><age>3</age><sex>0</sex><cat>2</cat><percent>0.0</percent></prevalence><prevalence><age>3</age><sex>0</sex><cat>3</cat><percent>0.0</percent></prevalence><prevalence><age>3</age><sex>1</sex><cat>1</cat><percent>100.0</percent></prevalence><prevalence><age>3</age><sex>1</sex><cat>2</cat><percent>0.0</percent></prevalence><prevalence><age>3</age><sex>1</sex><cat>3</cat><percent>0.0</percent></prevalence><prevalence><age>4</age><sex>0</sex><cat>1</cat><percent>100.0</percent></prevalence><prevalence><age>4</age><sex>0</sex><cat>2</cat><percent>0.0</percent></prevalence><prevalence><age>4</age><sex>0</sex><cat>3</cat><percent>0.0</percent></prevalence><prevalence><age>4</age><sex>1</sex><cat>1</cat><percent>100.0</percent></prevalence><prevalence><age>4</age><sex>1</sex><cat>2</cat><percent>0.0</percent></prevalence><prevalence><age>4</age><sex>1</sex><cat>3</cat><percent>0.0</percent></prevalence><prevalence><age>5</age><sex>0</sex><cat>1</cat><percent>100.0</percent></prevalence><prevalence><age>5</age><sex>0</sex><cat>2</cat><percent>0.0</percent></prevalence><prevalence><age>5</age><sex>0</sex><cat>3</cat><percent>0.0</percent></prevalence><prevalence><age>5</age><sex>1</sex><cat>1</cat><percent>100.0</percent></prevalence><prevalence><age>5</age><sex>1</sex><cat>2</cat><percent>0.0</percent></prevalence><prevalence><age>5</age><sex>1</sex><cat>3</cat><percent>0.0</percent></prevalence><prevalence><age>6</age><sex>0</sex><cat>1</cat><percent>100.0</percent></prevalence><prevalence><age>6</age><sex>0</sex><cat>2</cat><percent>0.0</percent></prevalence><prevalence><age>6</age><sex>0</sex><cat>3</cat><percent>0.0</percent></prevalence><prevalence><age>6</age><sex>1</sex><cat>1</cat><percent>100.0</percent></prevalence><prevalence><age>6</age><sex>1</sex><cat>2</cat><percent>0.0</percent></prevalence><prevalence><age>6</age><sex>1</sex><cat>3</cat><percent>0.0</percent></prevalence><prevalence><age>7</age><sex>0</sex><cat>1</cat><percent>100.0</percent></prevalence><prevalence><age>7</age><sex>0</sex><cat>2</cat><percent>0.0</percent></prevalence><prevalence><age>7</age><sex>0</sex><cat>3</cat><percent>0.0</percent></prevalence><prevalence><age>7</age><sex>1</sex><cat>1</cat><percent>100.0</percent></prevalence><prevalence><age>7</age><sex>1</sex><cat>2</cat><percent>0.0</percent></prevalence><prevalence><age>7</age><sex>1</sex><cat>3</cat><percent>0.0</percent></prevalence><prevalence><age>8</age><sex>0</sex><cat>1</cat><percent>100.0</percent></prevalence><prevalence><age>8</age><sex>0</sex><cat>2</cat><percent>0.0</percent></prevalence><prevalence><age>8</age><sex>0</sex><cat>3</cat><percent>0.0</percent></prevalence><prevalence><age>8</age><sex>1</sex><cat>1</cat><percent>100.0</percent></prevalence><prevalence><age>8</age><sex>1</sex><cat>2</cat><percent>0.0</percent></prevalence><prevalence><age>8</age><sex>1</sex><cat>3</cat><percent>0.0</percent></prevalence><prevalence><age>9</age><sex>0</sex><cat>1</cat><percent>100.0</percent></prevalence><prevalence><age>9</age><sex>0</sex><cat>2</cat><percent>0.0</percent></prevalence><prevalence><age>9</age><sex>0</sex><cat>3</cat><percent>0.0</percent></prevalence><prevalence><age>9</age><sex>1</sex><cat>1</cat><percent>100.0</percent></prevalence><prevalence><age>9</age><sex>1</sex><cat>2</cat><percent>0.0</percent></prevalence><prevalence><age>9</age><sex>1</sex><cat>3</cat><percent>0.0</percent></prevalence><prevalence><age>10</age><sex>0</sex><cat>1</cat><percent>100.0</percent></prevalence><prevalence><age>10</age><sex>0</sex><cat>2</cat><percent>0.0</percent></prevalence><prevalence><age>10</age><sex>0</sex><cat>3</cat><percent>0.0</percent></prevalence><prevalence><age>10</age><sex>1</sex><cat>1</cat><percent>100.0</percent></prevalence><prevalence><age>10</age><sex>1</sex><cat>2</cat><percent>0.0</percent></prevalence><prevalence><age>10</age><sex>1</sex><cat>3</cat><percent>0.0</percent></prevalence><prevalence><age>11</age><sex>0</sex><cat>1</cat><percent>100.0</percent></prevalence><prevalence><age>11</age><sex>0</sex><cat>2</cat><percent>0.0</percent></prevalence><prevalence><age>11</age><sex>0</sex><cat>3</cat><percent>0.0</percent></prevalence><prevalence><age>11</age><sex>1</sex><cat>1</cat><percent>100.0</percent></prevalence><prevalence><age>11</age><sex>1</sex><cat>2</cat><percent>0.0</percent></prevalence><prevalence><age>11</age><sex>1</sex><cat>3</cat><percent>0.0</percent></prevalence><prevalence><age>12</age><sex>0</sex><cat>1</cat><percent>100.0</percent></prevalence><prevalence><age>12</age><sex>0</sex><cat>2</cat><percent>0.0</percent></prevalence><prevalence><age>12</age><sex>0</sex><cat>3</cat><percent>0.0</percent></prevalence><prevalence><age>12</age><sex>1</sex><cat>1</cat><percent>100.0</percent></prevalence><prevalence><age>12</age><sex>1</sex><cat>2</cat><percent>0.0</percent></prevalence><prevalence><age>12</age><sex>1</sex><cat>3</cat><percent>0.0</percent></prevalence><prevalence><age>13</age><sex>0</sex><cat>1</cat><percent>100.0</percent></prevalence><prevalence><age>13</age><sex>0</sex><cat>2</cat><percent>0.0</percent></prevalence><prevalence><age>13</age><sex>0</sex><cat>3</cat><percent>0.0</percent></prevalence><prevalence><age>13</age><sex>1</sex><cat>1</cat><percent>100.0</percent></prevalence><prevalence><age>13</age><sex>1</sex><cat>2</cat><percent>0.0</percent></prevalence><prevalence><age>13</age><sex>1</sex><cat>3</cat><percent>0.0</percent></prevalence><prevalence><age>14</age><sex>0</sex><cat>1</cat><percent>100.0</percent></prevalence><prevalence><age>14</age><sex>0</sex><cat>2</cat><percent>0.0</percent></prevalence><prevalence><age>14</age><sex>0</sex><cat>3</cat><percent>0.0</percent></prevalence><prevalence><age>14</age><sex>1</sex><cat>1</cat><percent>100.0</percent></prevalence><prevalence><age>14</age><sex>1</sex><cat>2</cat><percent>0.0</percent></prevalence><prevalence><age>14</age><sex>1</sex><cat>3</cat><percent>0.0</percent></prevalence><prevalence><age>15</age><sex>0</sex><cat>1</cat><percent>100.0</percent></prevalence><prevalence><age>15</age><sex>0</sex><cat>2</cat><percent>0.0</percent></prevalence><prevalence><age>15</age><sex>0</sex><cat>3</cat><percent>0.0</percent></prevalence><prevalence><age>15</age><sex>1</sex><cat>1</cat><percent>100.0</percent></prevalence><prevalence><age>15</age><sex>1</sex><cat>2</cat><percent>0.0</percent></prevalence><prevalence><age>15</age><sex>1</sex><cat>3</cat><percent>0.0</percent></prevalence><prevalence><age>16</age><sex>0</sex><cat>1</cat><percent>61.643837</percent></prevalence><prevalence><age>16</age><sex>0</sex><cat>2</cat><percent>4.109589</percent></prevalence><prevalence><age>16</age><sex>0</sex><cat>3</cat><percent>34.246574</percent></prevalence><prevalence><age>16</age><sex>1</sex><cat>1</cat><percent>61.320755</percent></prevalence><prevalence><age>16</age><sex>1</sex><cat>2</cat><percent>8.490566</percent></prevalence><prevalence><age>16</age><sex>1</sex><cat>3</cat><percent>30.188679</percent></prevalence><prevalence><age>17</age><sex>0</sex><cat>1</cat><percent>59.406635</percent></prevalence><prevalence><age>17</age><sex>0</sex><cat>2</cat><percent>5.263043</percent></prevalence><prevalence><age>17</age><sex>0</sex><cat>3</cat><percent>35.330322</percent></prevalence><prevalence><age>17</age><sex>1</sex><cat>1</cat><percent>58.76676</percent></prevalence><prevalence><age>17</age><sex>1</sex><cat>2</cat><percent>9.967355</percent></prevalence><prevalence><age>17</age><sex>1</sex><cat>3</cat><percent>31.265886</percent></prevalence><prevalence><age>18</age><sex>0</sex><cat>1</cat><percent>57.169434</percent></prevalence><prevalence><age>18</age><sex>0</sex><cat>2</cat><percent>6.4164968</percent></prevalence><prevalence><age>18</age><sex>0</sex><cat>3</cat><percent>36.414066</percent></prevalence><prevalence><age>18</age><sex>1</sex><cat>1</cat><percent>56.212765</percent></prevalence><prevalence><age>18</age><sex>1</sex><cat>2</cat><percent>11.444142</percent></prevalence><prevalence><age>18</age><sex>1</sex><cat>3</cat><percent>32.343094</percent></prevalence><prevalence><age>19</age><sex>0</sex><cat>1</cat><percent>54.932236</percent></prevalence><prevalence><age>19</age><sex>0</sex><cat>2</cat><percent>7.5699506</percent></prevalence><prevalence><age>19</age><sex>0</sex><cat>3</cat><percent>37.497814</percent></prevalence><prevalence><age>19</age><sex>1</sex><cat>1</cat><percent>53.65877</percent></prevalence><prevalence><age>19</age><sex>1</sex><cat>2</cat><percent>12.920931</percent></prevalence><prevalence><age>19</age><sex>1</sex><cat>3</cat><percent>33.4203</percent></prevalence><prevalence><age>20</age><sex>0</sex><cat>1</cat><percent>52.695034</percent></prevalence><prevalence><age>20</age><sex>0</sex><cat>2</cat><percent>8.723404</percent></prevalence><prevalence><age>20</age><sex>0</sex><cat>3</cat><percent>38.581562</percent></prevalence><prevalence><age>20</age><sex>1</sex><cat>1</cat><percent>51.104774</percent></prevalence><prevalence><age>20</age><sex>1</sex><cat>2</cat><percent>14.397719</percent></prevalence><prevalence><age>20</age><sex>1</sex><cat>3</cat><percent>34.497505</percent></prevalence><prevalence><age>21</age><sex>0</sex><cat>1</cat><percent>51.8816</percent></prevalence><prevalence><age>21</age><sex>0</sex><cat>2</cat><percent>9.441022</percent></prevalence><prevalence><age>21</age><sex>0</sex><cat>3</cat><percent>38.67738</percent></prevalence><prevalence><age>21</age><sex>1</sex><cat>1</cat><percent>50.27164</percent></prevalence><prevalence><age>21</age><sex>1</sex><cat>2</cat><percent>15.080343</percent></prevalence><prevalence><age>21</age><sex>1</sex><cat>3</cat><percent>34.648014</percent></prevalence><prevalence><age>22</age><sex>0</sex><cat>1</cat><percent>51.06816</percent></prevalence><prevalence><age>22</age><sex>0</sex><cat>2</cat><percent>10.15864</percent></prevalence><prevalence><age>22</age><sex>0</sex><cat>3</cat><percent>38.773197</percent></prevalence><prevalence><age>22</age><sex>1</sex><cat>1</cat><percent>49.438507</percent></prevalence><prevalence><age>22</age><sex>1</sex><cat>2</cat><percent>15.762967</percent></prevalence><prevalence><age>22</age><sex>1</sex><cat>3</cat><percent>34.798527</percent></prevalence><prevalence><age>23</age><sex>0</sex><cat>1</cat><percent>50.254726</percent></prevalence><prevalence><age>23</age><sex>0</sex><cat>2</cat><percent>10.876258</percent></prevalence><prevalence><age>23</age><sex>0</sex><cat>3</cat><percent>38.86902</percent></prevalence><prevalence><age>23</age><sex>1</sex><cat>1</cat><percent>48.605373</percent></prevalence><prevalence><age>23</age><sex>1</sex><cat>2</cat><percent>16.445591</percent></prevalence><prevalence><age>23</age><sex>1</sex><cat>3</cat><percent>34.949036</percent></prevalence><prevalence><age>24</age><sex>0</sex><cat>1</cat><percent>49.441288</percent></prevalence><prevalence><age>24</age><sex>0</sex><cat>2</cat><percent>11.593875</percent></prevalence><prevalence><age>24</age><sex>0</sex><cat>3</cat><percent>38.964836</percent></prevalence><prevalence><age>24</age><sex>1</sex><cat>1</cat><percent>47.77224</percent></prevalence><prevalence><age>24</age><sex>1</sex><cat>2</cat><percent>17.128214</percent></prevalence><prevalence><age>24</age><sex>1</sex><cat>3</cat><percent>35.099545</percent></prevalence><prevalence><age>25</age><sex>0</sex><cat>1</cat><percent>48.627853</percent></prevalence><prevalence><age>25</age><sex>0</sex><cat>2</cat><percent>12.311493</percent></prevalence><prevalence><age>25</age><sex>0</sex><cat>3</cat><percent>39.060654</percent></prevalence><prevalence><age>25</age><sex>1</sex><cat>1</cat><percent>46.939106</percent></prevalence><prevalence><age>25</age><sex>1</sex><cat>2</cat><percent>17.810839</percent></prevalence><prevalence><age>25</age><sex>1</sex><cat>3</cat><percent>35.250053</percent></prevalence><prevalence><age>26</age><sex>0</sex><cat>1</cat><percent>47.814415</percent></prevalence><prevalence><age>26</age><sex>0</sex><cat>2</cat><percent>13.029111</percent></prevalence><prevalence><age>26</age><sex>0</sex><cat>3</cat><percent>39.156475</percent></prevalence><prevalence><age>26</age><sex>1</sex><cat>1</cat><percent>46.105972</percent></prevalence><prevalence><age>26</age><sex>1</sex><cat>2</cat><percent>18.493464</percent></prevalence><prevalence><age>26</age><sex>1</sex><cat>3</cat><percent>35.400566</percent></prevalence><prevalence><age>27</age><sex>0</sex><cat>1</cat><percent>47.00098</percent></prevalence><prevalence><age>27</age><sex>0</sex><cat>2</cat><percent>13.746728</percent></prevalence><prevalence><age>27</age><sex>0</sex><cat>3</cat><percent>39.252293</percent></prevalence><prevalence><age>27</age><sex>1</sex><cat>1</cat><percent>45.27284</percent></prevalence><prevalence><age>27</age><sex>1</sex><cat>2</cat><percent>19.176086</percent></prevalence><prevalence><age>27</age><sex>1</sex><cat>3</cat><percent>35.551075</percent></prevalence><prevalence><age>28</age><sex>0</sex><cat>1</cat><percent>46.187542</percent></prevalence><prevalence><age>28</age><sex>0</sex><cat>2</cat><percent>14.464346</percent></prevalence><prevalence><age>28</age><sex>0</sex><cat>3</cat><percent>39.34811</percent></prevalence><prevalence><age>28</age><sex>1</sex><cat>1</cat><percent>44.439705</percent></prevalence><prevalence><age>28</age><sex>1</sex><cat>2</cat><percent>19.858711</percent></prevalence><prevalence><age>28</age><sex>1</sex><cat>3</cat><percent>35.701584</percent></prevalence><prevalence><age>29</age><sex>0</sex><cat>1</cat><percent>45.374107</percent></prevalence><prevalence><age>29</age><sex>0</sex><cat>2</cat><percent>15.181964</percent></prevalence><prevalence><age>29</age><sex>0</sex><cat>3</cat><percent>39.44393</percent></prevalence><prevalence><age>29</age><sex>1</sex><cat>1</cat><percent>43.60657</percent></prevalence><prevalence><age>29</age><sex>1</sex><cat>2</cat><percent>20.541334</percent></prevalence><prevalence><age>29</age><sex>1</sex><cat>3</cat><percent>35.852093</percent></prevalence><prevalence><age>30</age><sex>0</sex><cat>1</cat><percent>44.56067</percent></prevalence><prevalence><age>30</age><sex>0</sex><cat>2</cat><percent>15.899582</percent></prevalence><prevalence><age>30</age><sex>0</sex><cat>3</cat><percent>39.53975</percent></prevalence><prevalence><age>30</age><sex>1</sex><cat>1</cat><percent>42.773438</percent></prevalence><prevalence><age>30</age><sex>1</sex><cat>2</cat><percent>21.223959</percent></prevalence><prevalence><age>30</age><sex>1</sex><cat>3</cat><percent>36.002605</percent></prevalence><prevalence><age>31</age><sex>0</sex><cat>1</cat><percent>43.462265</percent></prevalence><prevalence><age>31</age><sex>0</sex><cat>2</cat><percent>16.904182</percent></prevalence><prevalence><age>31</age><sex>0</sex><cat>3</cat><percent>39.633553</percent></prevalence><prevalence><age>31</age><sex>1</sex><cat>1</cat><percent>42.038036</percent></prevalence><prevalence><age>31</age><sex>1</sex><cat>2</cat><percent>21.478394</percent></prevalence><prevalence><age>31</age><sex>1</sex><cat>3</cat><percent>36.48357</percent></prevalence><prevalence><age>32</age><sex>0</sex><cat>1</cat><percent>42.363865</percent></prevalence><prevalence><age>32</age><sex>0</sex><cat>2</cat><percent>17.908783</percent></prevalence><prevalence><age>32</age><sex>0</sex><cat>3</cat><percent>39.727352</percent></prevalence><prevalence><age>32</age><sex>1</sex><cat>1</cat><percent>41.30264</percent></prevalence><prevalence><age>32</age><sex>1</sex><cat>2</cat><percent>21.732828</percent></prevalence><prevalence><age>32</age><sex>1</sex><cat>3</cat><percent>36.964535</percent></prevalence><prevalence><age>33</age><sex>0</sex><cat>1</cat><percent>41.26546</percent></prevalence><prevalence><age>33</age><sex>0</sex><cat>2</cat><percent>18.913383</percent></prevalence><prevalence><age>33</age><sex>0</sex><cat>3</cat><percent>39.821156</percent></prevalence><prevalence><age>33</age><sex>1</sex><cat>1</cat><percent>40.567238</percent></prevalence><prevalence><age>33</age><sex>1</sex><cat>2</cat><percent>21.987263</percent></prevalence><prevalence><age>33</age><sex>1</sex><cat>3</cat><percent>37.4455</percent></prevalence><prevalence><age>34</age><sex>0</sex><cat>1</cat><percent>40.167057</percent></prevalence><prevalence><age>34</age><sex>0</sex><cat>2</cat><percent>19.917984</percent></prevalence><prevalence><age>34</age><sex>0</sex><cat>3</cat><percent>39.91496</percent></prevalence><prevalence><age>34</age><sex>1</sex><cat>1</cat><percent>39.83184</percent></prevalence><prevalence><age>34</age><sex>1</sex><cat>2</cat><percent>22.2417</percent></prevalence><prevalence><age>34</age><sex>1</sex><cat>3</cat><percent>37.926464</percent></prevalence><prevalence><age>35</age><sex>0</sex><cat>1</cat><percent>39.068657</percent></prevalence><prevalence><age>35</age><sex>0</sex><cat>2</cat><percent>20.922585</percent></prevalence><prevalence><age>35</age><sex>0</sex><cat>3</cat><percent>40.00876</percent></prevalence><prevalence><age>35</age><sex>1</sex><cat>1</cat><percent>39.09644</percent></prevalence><prevalence><age>35</age><sex>1</sex><cat>2</cat><percent>22.496134</percent></prevalence><prevalence><age>35</age><sex>1</sex><cat>3</cat><percent>38.40743</percent></prevalence><prevalence><age>36</age><sex>0</sex><cat>1</cat><percent>37.970253</percent></prevalence><prevalence><age>36</age><sex>0</sex><cat>2</cat><percent>21.927185</percent></prevalence><prevalence><age>36</age><sex>0</sex><cat>3</cat><percent>40.102562</percent></prevalence><prevalence><age>36</age><sex>1</sex><cat>1</cat><percent>38.36104</percent></prevalence><prevalence><age>36</age><sex>1</sex><cat>2</cat><percent>22.750568</percent></prevalence><prevalence><age>36</age><sex>1</sex><cat>3</cat><percent>38.888393</percent></prevalence><prevalence><age>37</age><sex>0</sex><cat>1</cat><percent>36.87185</percent></prevalence><prevalence><age>37</age><sex>0</sex><cat>2</cat><percent>22.931786</percent></prevalence><prevalence><age>37</age><sex>0</sex><cat>3</cat><percent>40.196365</percent></prevalence><prevalence><age>37</age><sex>1</sex><cat>1</cat><percent>37.62564</percent></prevalence><prevalence><age>37</age><sex>1</sex><cat>2</cat><percent>23.005003</percent></prevalence><prevalence><age>37</age><sex>1</sex><cat>3</cat><percent>39.369358</percent></prevalence><prevalence><age>38</age><sex>0</sex><cat>1</cat><percent>35.77345</percent></prevalence><prevalence><age>38</age><sex>0</sex><cat>2</cat><percent>23.936386</percent></prevalence><prevalence><age>38</age><sex>0</sex><cat>3</cat><percent>40.290165</percent></prevalence><prevalence><age>38</age><sex>1</sex><cat>1</cat><percent>36.89024</percent></prevalence><prevalence><age>38</age><sex>1</sex><cat>2</cat><percent>23.25944</percent></prevalence><prevalence><age>38</age><sex>1</sex><cat>3</cat><percent>39.850323</percent></prevalence><prevalence><age>39</age><sex>0</sex><cat>1</cat><percent>34.675045</percent></prevalence><prevalence><age>39</age><sex>0</sex><cat>2</cat><percent>24.940987</percent></prevalence><prevalence><age>39</age><sex>0</sex><cat>3</cat><percent>40.38397</percent></prevalence><prevalence><age>39</age><sex>1</sex><cat>1</cat><percent>36.15484</percent></prevalence><prevalence><age>39</age><sex>1</sex><cat>2</cat><percent>23.513874</percent></prevalence><prevalence><age>39</age><sex>1</sex><cat>3</cat><percent>40.331287</percent></prevalence><prevalence><age>40</age><sex>0</sex><cat>1</cat><percent>33.57664</percent></prevalence><prevalence><age>40</age><sex>0</sex><cat>2</cat><percent>25.945587</percent></prevalence><prevalence><age>40</age><sex>0</sex><cat>3</cat><percent>40.47777</percent></prevalence><prevalence><age>40</age><sex>1</sex><cat>1</cat><percent>35.41944</percent></prevalence><prevalence><age>40</age><sex>1</sex><cat>2</cat><percent>23.768309</percent></prevalence><prevalence><age>40</age><sex>1</sex><cat>3</cat><percent>40.812252</percent></prevalence><prevalence><age>41</age><sex>0</sex><cat>1</cat><percent>32.745644</percent></prevalence><prevalence><age>41</age><sex>0</sex><cat>2</cat><percent>26.31103</percent></prevalence><prevalence><age>41</age><sex>0</sex><cat>3</cat><percent>40.943325</percent></prevalence><prevalence><age>41</age><sex>1</sex><cat>1</cat><percent>35.962196</percent></prevalence><prevalence><age>41</age><sex>1</sex><cat>2</cat><percent>23.597763</percent></prevalence><prevalence><age>41</age><sex>1</sex><cat>3</cat><percent>40.44004</percent></prevalence><prevalence><age>42</age><sex>0</sex><cat>1</cat><percent>31.914648</percent></prevalence><prevalence><age>42</age><sex>0</sex><cat>2</cat><percent>26.67647</percent></prevalence><prevalence><age>42</age><sex>0</sex><cat>3</cat><percent>41.408882</percent></prevalence><prevalence><age>42</age><sex>1</sex><cat>1</cat><percent>36.50495</percent></prevalence><prevalence><age>42</age><sex>1</sex><cat>2</cat><percent>23.427216</percent></prevalence><prevalence><age>42</age><sex>1</sex><cat>3</cat><percent>40.067833</percent></prevalence><prevalence><age>43</age><sex>0</sex><cat>1</cat><percent>31.083649</percent></prevalence><prevalence><age>43</age><sex>0</sex><cat>2</cat><percent>27.04191</percent></prevalence><prevalence><age>43</age><sex>0</sex><cat>3</cat><percent>41.87444</percent></prevalence><prevalence><age>43</age><sex>1</sex><cat>1</cat><percent>37.047707</percent></prevalence><prevalence><age>43</age><sex>1</sex><cat>2</cat><percent>23.256668</percent></prevalence><prevalence><age>43</age><sex>1</sex><cat>3</cat><percent>39.695625</percent></prevalence><prevalence><age>44</age><sex>0</sex><cat>1</cat><percent>30.252651</percent></prevalence><prevalence><age>44</age><sex>0</sex><cat>2</cat><percent>27.407352</percent></prevalence><prevalence><age>44</age><sex>0</sex><cat>3</cat><percent>42.339996</percent></prevalence><prevalence><age>44</age><sex>1</sex><cat>1</cat><percent>37.59046</percent></prevalence><prevalence><age>44</age><sex>1</sex><cat>2</cat><percent>23.086123</percent></prevalence><prevalence><age>44</age><sex>1</sex><cat>3</cat><percent>39.323418</percent></prevalence><prevalence><age>45</age><sex>0</sex><cat>1</cat><percent>29.421654</percent></prevalence><prevalence><age>45</age><sex>0</sex><cat>2</cat><percent>27.772793</percent></prevalence><prevalence><age>45</age><sex>0</sex><cat>3</cat><percent>42.805553</percent></prevalence><prevalence><age>45</age><sex>1</sex><cat>1</cat><percent>38.133217</percent></prevalence><prevalence><age>45</age><sex>1</sex><cat>2</cat><percent>22.915575</percent></prevalence><prevalence><age>45</age><sex>1</sex><cat>3</cat><percent>38.951206</percent></prevalence><prevalence><age>46</age><sex>0</sex><cat>1</cat><percent>28.590656</percent></prevalence><prevalence><age>46</age><sex>0</sex><cat>2</cat><percent>28.138235</percent></prevalence><prevalence><age>46</age><sex>0</sex><cat>3</cat><percent>43.271107</percent></prevalence><prevalence><age>46</age><sex>1</sex><cat>1</cat><percent>38.675972</percent></prevalence><prevalence><age>46</age><sex>1</sex><cat>2</cat><percent>22.74503</percent></prevalence><prevalence><age>46</age><sex>1</sex><cat>3</cat><percent>38.579</percent></prevalence><prevalence><age>47</age><sex>0</sex><cat>1</cat><percent>27.759659</percent></prevalence><prevalence><age>47</age><sex>0</sex><cat>2</cat><percent>28.503675</percent></prevalence><prevalence><age>47</age><sex>0</sex><cat>3</cat><percent>43.736664</percent></prevalence><prevalence><age>47</age><sex>1</sex><cat>1</cat><percent>39.218727</percent></prevalence><prevalence><age>47</age><sex>1</sex><cat>2</cat><percent>22.574482</percent></prevalence><prevalence><age>47</age><sex>1</sex><cat>3</cat><percent>38.20679</percent></prevalence><prevalence><age>48</age><sex>0</sex><cat>1</cat><percent>26.928661</percent></prevalence><prevalence><age>48</age><sex>0</sex><cat>2</cat><percent>28.869118</percent></prevalence><prevalence><age>48</age><sex>0</sex><cat>3</cat><percent>44.20222</percent></prevalence><prevalence><age>48</age><sex>1</sex><cat>1</cat><percent>39.761482</percent></prevalence><prevalence><age>48</age><sex>1</sex><cat>2</cat><percent>22.403934</percent></prevalence><prevalence><age>48</age><sex>1</sex><cat>3</cat><percent>37.83458</percent></prevalence><prevalence><age>49</age><sex>0</sex><cat>1</cat><percent>26.097664</percent></prevalence><prevalence><age>49</age><sex>0</sex><cat>2</cat><percent>29.234558</percent></prevalence><prevalence><age>49</age><sex>0</sex><cat>3</cat><percent>44.667778</percent></prevalence><prevalence><age>49</age><sex>1</sex><cat>1</cat><percent>40.304237</percent></prevalence><prevalence><age>49</age><sex>1</sex><cat>2</cat><percent>22.233389</percent></prevalence><prevalence><age>49</age><sex>1</sex><cat>3</cat><percent>37.46237</percent></prevalence><prevalence><age>50</age><sex>0</sex><cat>1</cat><percent>25.266666</percent></prevalence><prevalence><age>50</age><sex>0</sex><cat>2</cat><percent>29.6</percent></prevalence><prevalence><age>50</age><sex>0</sex><cat>3</cat><percent>45.133335</percent></prevalence><prevalence><age>50</age><sex>1</sex><cat>1</cat><percent>40.846996</percent></prevalence><prevalence><age>50</age><sex>1</sex><cat>2</cat><percent>22.062841</percent></prevalence><prevalence><age>50</age><sex>1</sex><cat>3</cat><percent>37.090164</percent></prevalence><prevalence><age>51</age><sex>0</sex><cat>1</cat><percent>24.85579</percent></prevalence><prevalence><age>51</age><sex>0</sex><cat>2</cat><percent>30.64</percent></prevalence><prevalence><age>51</age><sex>0</sex><cat>3</cat><percent>44.50421</percent></prevalence><prevalence><age>51</age><sex>1</sex><cat>1</cat><percent>40.53961</percent></prevalence><prevalence><age>51</age><sex>1</sex><cat>2</cat><percent>22.59329</percent></prevalence><prevalence><age>51</age><sex>1</sex><cat>3</cat><percent>36.8671</percent></prevalence><prevalence><age>52</age><sex>0</sex><cat>1</cat><percent>24.444912</percent></prevalence><prevalence><age>52</age><sex>0</sex><cat>2</cat><percent>31.68</percent></prevalence><prevalence><age>52</age><sex>0</sex><cat>3</cat><percent>43.875088</percent></prevalence><prevalence><age>52</age><sex>1</sex><cat>1</cat><percent>40.232227</percent></prevalence><prevalence><age>52</age><sex>1</sex><cat>2</cat><percent>23.12374</percent></prevalence><prevalence><age>52</age><sex>1</sex><cat>3</cat><percent>36.644035</percent></prevalence><prevalence><age>53</age><sex>0</sex><cat>1</cat><percent>24.034035</percent></prevalence><prevalence><age>53</age><sex>0</sex><cat>2</cat><percent>32.72</percent></prevalence><prevalence><age>53</age><sex>0</sex><cat>3</cat><percent>43.245964</percent></prevalence><prevalence><age>53</age><sex>1</sex><cat>1</cat><percent>39.924843</percent></prevalence><prevalence><age>53</age><sex>1</sex><cat>2</cat><percent>23.654186</percent></prevalence><prevalence><age>53</age><sex>1</sex><cat>3</cat><percent>36.42097</percent></prevalence><prevalence><age>54</age><sex>0</sex><cat>1</cat><percent>23.623158</percent></prevalence><prevalence><age>54</age><sex>0</sex><cat>2</cat><percent>33.76</percent></prevalence><prevalence><age>54</age><sex>0</sex><cat>3</cat><percent>42.61684</percent></prevalence><prevalence><age>54</age><sex>1</sex><cat>1</cat><percent>39.61746</percent></prevalence><prevalence><age>54</age><sex>1</sex><cat>2</cat><percent>24.184635</percent></prevalence><prevalence><age>54</age><sex>1</sex><cat>3</cat><percent>36.197906</percent></prevalence><prevalence><age>55</age><sex>0</sex><cat>1</cat><percent>23.21228</percent></prevalence><prevalence><age>55</age><sex>0</sex><cat>2</cat><percent>34.8</percent></prevalence><prevalence><age>55</age><sex>0</sex><cat>3</cat><percent>41.98772</percent></prevalence><prevalence><age>55</age><sex>1</sex><cat>1</cat><percent>39.310074</percent></prevalence><prevalence><age>55</age><sex>1</sex><cat>2</cat><percent>24.715084</percent></prevalence><prevalence><age>55</age><sex>1</sex><cat>3</cat><percent>35.974842</percent></prevalence><prevalence><age>56</age><sex>0</sex><cat>1</cat><percent>22.801403</percent></prevalence><prevalence><age>56</age><sex>0</sex><cat>2</cat><percent>35.84</percent></prevalence><prevalence><age>56</age><sex>0</sex><cat>3</cat><percent>41.358597</percent></prevalence><prevalence><age>56</age><sex>1</sex><cat>1</cat><percent>39.00269</percent></prevalence><prevalence><age>56</age><sex>1</sex><cat>2</cat><percent>25.245531</percent></prevalence><prevalence><age>56</age><sex>1</sex><cat>3</cat><percent>35.751778</percent></prevalence><prevalence><age>57</age><sex>0</sex><cat>1</cat><percent>22.390526</percent></prevalence><prevalence><age>57</age><sex>0</sex><cat>2</cat><percent>36.88</percent></prevalence><prevalence><age>57</age><sex>0</sex><cat>3</cat><percent>40.729473</percent></prevalence><prevalence><age>57</age><sex>1</sex><cat>1</cat><percent>38.695305</percent></prevalence><prevalence><age>57</age><sex>1</sex><cat>2</cat><percent>25.77598</percent></prevalence><prevalence><age>57</age><sex>1</sex><cat>3</cat><percent>35.528713</percent></prevalence><prevalence><age>58</age><sex>0</sex><cat>1</cat><percent>21.979649</percent></prevalence><prevalence><age>58</age><sex>0</sex><cat>2</cat><percent>37.92</percent></prevalence><prevalence><age>58</age><sex>0</sex><cat>3</cat><percent>40.10035</percent></prevalence><prevalence><age>58</age><sex>1</sex><cat>1</cat><percent>38.38792</percent></prevalence><prevalence><age>58</age><sex>1</sex><cat>2</cat><percent>26.306429</percent></prevalence><prevalence><age>58</age><sex>1</sex><cat>3</cat><percent>35.30565</percent></prevalence><prevalence><age>59</age><sex>0</sex><cat>1</cat><percent>21.568771</percent></prevalence><prevalence><age>59</age><sex>0</sex><cat>2</cat><percent>38.96</percent></prevalence><prevalence><age>59</age><sex>0</sex><cat>3</cat><percent>39.47123</percent></prevalence><prevalence><age>59</age><sex>1</sex><cat>1</cat><percent>38.080536</percent></prevalence><prevalence><age>59</age><sex>1</sex><cat>2</cat><percent>26.836878</percent></prevalence><prevalence><age>59</age><sex>1</sex><cat>3</cat><percent>35.082584</percent></prevalence><prevalence><age>60</age><sex>0</sex><cat>1</cat><percent>21.157894</percent></prevalence><prevalence><age>60</age><sex>0</sex><cat>2</cat><percent>40.0</percent></prevalence><prevalence><age>60</age><sex>0</sex><cat>3</cat><percent>38.842106</percent></prevalence><prevalence><age>60</age><sex>1</sex><cat>1</cat><percent>37.77315</percent></prevalence><prevalence><age>60</age><sex>1</sex><cat>2</cat><percent>27.367325</percent></prevalence><prevalence><age>60</age><sex>1</sex><cat>3</cat><percent>34.85952</percent></prevalence><prevalence><age>61</age><sex>0</sex><cat>1</cat><percent>20.545174</percent></prevalence><prevalence><age>61</age><sex>0</sex><cat>2</cat><percent>40.938652</percent></prevalence><prevalence><age>61</age><sex>0</sex><cat>3</cat><percent>38.51618</percent></prevalence><prevalence><age>61</age><sex>1</sex><cat>1</cat><percent>37.78705</percent></prevalence><prevalence><age>61</age><sex>1</sex><cat>2</cat><percent>27.941032</percent></prevalence><prevalence><age>61</age><sex>1</sex><cat>3</cat><percent>34.27192</percent></prevalence><prevalence><age>62</age><sex>0</sex><cat>1</cat><percent>19.932451</percent></prevalence><prevalence><age>62</age><sex>0</sex><cat>2</cat><percent>41.8773</percent></prevalence><prevalence><age>62</age><sex>0</sex><cat>3</cat><percent>38.19025</percent></prevalence><prevalence><age>62</age><sex>1</sex><cat>1</cat><percent>37.80094</percent></prevalence><prevalence><age>62</age><sex>1</sex><cat>2</cat><percent>28.51474</percent></prevalence><prevalence><age>62</age><sex>1</sex><cat>3</cat><percent>33.68432</percent></prevalence><prevalence><age>63</age><sex>0</sex><cat>1</cat><percent>19.319729</percent></prevalence><prevalence><age>63</age><sex>0</sex><cat>2</cat><percent>42.815952</percent></prevalence><prevalence><age>63</age><sex>0</sex><cat>3</cat><percent>37.86432</percent></prevalence><prevalence><age>63</age><sex>1</sex><cat>1</cat><percent>37.814835</percent></prevalence><prevalence><age>63</age><sex>1</sex><cat>2</cat><percent>29.088448</percent></prevalence><prevalence><age>63</age><sex>1</sex><cat>3</cat><percent>33.09672</percent></prevalence><prevalence><age>64</age><sex>0</sex><cat>1</cat><percent>18.707006</percent></prevalence><prevalence><age>64</age><sex>0</sex><cat>2</cat><percent>43.7546</percent></prevalence><prevalence><age>64</age><sex>0</sex><cat>3</cat><percent>37.53839</percent></prevalence><prevalence><age>64</age><sex>1</sex><cat>1</cat><percent>37.828728</percent></prevalence><prevalence><age>64</age><sex>1</sex><cat>2</cat><percent>29.662153</percent></prevalence><prevalence><age>64</age><sex>1</sex><cat>3</cat><percent>32.50912</percent></prevalence><prevalence><age>65</age><sex>0</sex><cat>1</cat><percent>18.094284</percent></prevalence><prevalence><age>65</age><sex>0</sex><cat>2</cat><percent>44.693253</percent></prevalence><prevalence><age>65</age><sex>0</sex><cat>3</cat><percent>37.212463</percent></prevalence><prevalence><age>65</age><sex>1</sex><cat>1</cat><percent>37.84262</percent></prevalence><prevalence><age>65</age><sex>1</sex><cat>2</cat><percent>30.23586</percent></prevalence><prevalence><age>65</age><sex>1</sex><cat>3</cat><percent>31.921518</percent></prevalence><prevalence><age>66</age><sex>0</sex><cat>1</cat><percent>17.481564</percent></prevalence><prevalence><age>66</age><sex>0</sex><cat>2</cat><percent>45.6319</percent></prevalence><prevalence><age>66</age><sex>0</sex><cat>3</cat><percent>36.886536</percent></prevalence><prevalence><age>66</age><sex>1</sex><cat>1</cat><percent>37.856514</percent></prevalence><prevalence><age>66</age><sex>1</sex><cat>2</cat><percent>30.809568</percent></prevalence><prevalence><age>66</age><sex>1</sex><cat>3</cat><percent>31.333918</percent></prevalence><prevalence><age>67</age><sex>0</sex><cat>1</cat><percent>16.868841</percent></prevalence><prevalence><age>67</age><sex>0</sex><cat>2</cat><percent>46.570553</percent></prevalence><prevalence><age>67</age><sex>0</sex><cat>3</cat><percent>36.560608</percent></prevalence><prevalence><age>67</age><sex>1</sex><cat>1</cat><percent>37.870407</percent></prevalence><prevalence><age>67</age><sex>1</sex><cat>2</cat><percent>31.383274</percent></prevalence><prevalence><age>67</age><sex>1</sex><cat>3</cat><percent>30.746319</percent></prevalence><prevalence><age>68</age><sex>0</sex><cat>1</cat><percent>16.256119</percent></prevalence><prevalence><age>68</age><sex>0</sex><cat>2</cat><percent>47.5092</percent></prevalence><prevalence><age>68</age><sex>0</sex><cat>3</cat><percent>36.23468</percent></prevalence><prevalence><age>68</age><sex>1</sex><cat>1</cat><percent>37.8843</percent></prevalence><prevalence><age>68</age><sex>1</sex><cat>2</cat><percent>31.956982</percent></prevalence><prevalence><age>68</age><sex>1</sex><cat>3</cat><percent>30.158718</percent></prevalence><prevalence><age>69</age><sex>0</sex><cat>1</cat><percent>15.643396</percent></prevalence><prevalence><age>69</age><sex>0</sex><cat>2</cat><percent>48.447853</percent></prevalence><prevalence><age>69</age><sex>0</sex><cat>3</cat><percent>35.90875</percent></prevalence><prevalence><age>69</age><sex>1</sex><cat>1</cat><percent>37.898193</percent></prevalence><prevalence><age>69</age><sex>1</sex><cat>2</cat><percent>32.53069</percent></prevalence><prevalence><age>69</age><sex>1</sex><cat>3</cat><percent>29.571117</percent></prevalence><prevalence><age>70</age><sex>0</sex><cat>1</cat><percent>15.030675</percent></prevalence><prevalence><age>70</age><sex>0</sex><cat>2</cat><percent>49.3865</percent></prevalence><prevalence><age>70</age><sex>0</sex><cat>3</cat><percent>35.58282</percent></prevalence><prevalence><age>70</age><sex>1</sex><cat>1</cat><percent>37.912086</percent></prevalence><prevalence><age>70</age><sex>1</sex><cat>2</cat><percent>33.104397</percent></prevalence><prevalence><age>70</age><sex>1</sex><cat>3</cat><percent>28.983517</percent></prevalence><prevalence><age>71</age><sex>0</sex><cat>1</cat><percent>15.5505085</percent></prevalence><prevalence><age>71</age><sex>0</sex><cat>2</cat><percent>49.715027</percent></prevalence><prevalence><age>71</age><sex>0</sex><cat>3</cat><percent>34.734463</percent></prevalence><prevalence><age>71</age><sex>1</sex><cat>1</cat><percent>39.758633</percent></prevalence><prevalence><age>71</age><sex>1</sex><cat>2</cat><percent>32.472527</percent></prevalence><prevalence><age>71</age><sex>1</sex><cat>3</cat><percent>27.768839</percent></prevalence><prevalence><age>72</age><sex>0</sex><cat>1</cat><percent>16.070341</percent></prevalence><prevalence><age>72</age><sex>0</sex><cat>2</cat><percent>50.043552</percent></prevalence><prevalence><age>72</age><sex>0</sex><cat>3</cat><percent>33.886105</percent></prevalence><prevalence><age>72</age><sex>1</sex><cat>1</cat><percent>41.60518</percent></prevalence><prevalence><age>72</age><sex>1</sex><cat>2</cat><percent>31.84066</percent></prevalence><prevalence><age>72</age><sex>1</sex><cat>3</cat><percent>26.55416</percent></prevalence><prevalence><age>73</age><sex>0</sex><cat>1</cat><percent>16.590176</percent></prevalence><prevalence><age>73</age><sex>0</sex><cat>2</cat><percent>50.372078</percent></prevalence><prevalence><age>73</age><sex>0</sex><cat>3</cat><percent>33.037746</percent></prevalence><prevalence><age>73</age><sex>1</sex><cat>1</cat><percent>43.451725</percent></prevalence><prevalence><age>73</age><sex>1</sex><cat>2</cat><percent>31.208792</percent></prevalence><prevalence><age>73</age><sex>1</sex><cat>3</cat><percent>25.339481</percent></prevalence><prevalence><age>74</age><sex>0</sex><cat>1</cat><percent>17.110008</percent></prevalence><prevalence><age>74</age><sex>0</sex><cat>2</cat><percent>50.700603</percent></prevalence><prevalence><age>74</age><sex>0</sex><cat>3</cat><percent>32.18939</percent></prevalence><prevalence><age>74</age><sex>1</sex><cat>1</cat><percent>45.298275</percent></prevalence><prevalence><age>74</age><sex>1</sex><cat>2</cat><percent>30.576923</percent></prevalence><prevalence><age>74</age><sex>1</sex><cat>3</cat><percent>24.124804</percent></prevalence><prevalence><age>75</age><sex>0</sex><cat>1</cat><percent>17.62984</percent></prevalence><prevalence><age>75</age><sex>0</sex><cat>2</cat><percent>51.02913</percent></prevalence><prevalence><age>75</age><sex>0</sex><cat>3</cat><percent>31.34103</percent></prevalence><prevalence><age>75</age><sex>1</sex><cat>1</cat><percent>47.14482</percent></prevalence><prevalence><age>75</age><sex>1</sex><cat>2</cat><percent>29.945055</percent></prevalence><prevalence><age>75</age><sex>1</sex><cat>3</cat><percent>22.910126</percent></prevalence><prevalence><age>76</age><sex>0</sex><cat>1</cat><percent>18.149675</percent></prevalence><prevalence><age>76</age><sex>0</sex><cat>2</cat><percent>51.357655</percent></prevalence><prevalence><age>76</age><sex>0</sex><cat>3</cat><percent>30.49267</percent></prevalence><prevalence><age>76</age><sex>1</sex><cat>1</cat><percent>48.991367</percent></prevalence><prevalence><age>76</age><sex>1</sex><cat>2</cat><percent>29.313187</percent></prevalence><prevalence><age>76</age><sex>1</sex><cat>3</cat><percent>21.695448</percent></prevalence><prevalence><age>77</age><sex>0</sex><cat>1</cat><percent>18.669508</percent></prevalence><prevalence><age>77</age><sex>0</sex><cat>2</cat><percent>51.68618</percent></prevalence><prevalence><age>77</age><sex>0</sex><cat>3</cat><percent>29.644312</percent></prevalence><prevalence><age>77</age><sex>1</sex><cat>1</cat><percent>50.837914</percent></prevalence><prevalence><age>77</age><sex>1</sex><cat>2</cat><percent>28.681318</percent></prevalence><prevalence><age>77</age><sex>1</sex><cat>3</cat><percent>20.48077</percent></prevalence><prevalence><age>78</age><sex>0</sex><cat>1</cat><percent>19.18934</percent></prevalence><prevalence><age>78</age><sex>0</sex><cat>2</cat><percent>52.014706</percent></prevalence><prevalence><age>78</age><sex>0</sex><cat>3</cat><percent>28.795954</percent></prevalence><prevalence><age>78</age><sex>1</sex><cat>1</cat><percent>52.68446</percent></prevalence><prevalence><age>78</age><sex>1</sex><cat>2</cat><percent>28.04945</percent></prevalence><prevalence><age>78</age><sex>1</sex><cat>3</cat><percent>19.26609</percent></prevalence><prevalence><age>79</age><sex>0</sex><cat>1</cat><percent>19.709175</percent></prevalence><prevalence><age>79</age><sex>0</sex><cat>2</cat><percent>52.34323</percent></prevalence><prevalence><age>79</age><sex>0</sex><cat>3</cat><percent>27.947596</percent></prevalence><prevalence><age>79</age><sex>1</sex><cat>1</cat><percent>54.531006</percent></prevalence><prevalence><age>79</age><sex>1</sex><cat>2</cat><percent>27.417582</percent></prevalence><prevalence><age>79</age><sex>1</sex><cat>3</cat><percent>18.051413</percent></prevalence><prevalence><age>80</age><sex>0</sex><cat>1</cat><percent>20.229008</percent></prevalence><prevalence><age>80</age><sex>0</sex><cat>2</cat><percent>52.671757</percent></prevalence><prevalence><age>80</age><sex>0</sex><cat>3</cat><percent>27.099237</percent></prevalence><prevalence><age>80</age><sex>1</sex><cat>1</cat><percent>56.377552</percent></prevalence><prevalence><age>80</age><sex>1</sex><cat>2</cat><percent>26.785715</percent></prevalence><prevalence><age>80</age><sex>1</sex><cat>3</cat><percent>16.836735</percent></prevalence><prevalence><age>81</age><sex>0</sex><cat>1</cat><percent>19.075672</percent></prevalence><prevalence><age>81</age><sex>0</sex><cat>2</cat><percent>54.361103</percent></prevalence><prevalence><age>81</age><sex>0</sex><cat>3</cat><percent>26.563227</percent></prevalence><prevalence><age>81</age><sex>1</sex><cat>1</cat><percent>58.073128</percent></prevalence><prevalence><age>81</age><sex>1</sex><cat>2</cat><percent>26.107143</percent></prevalence><prevalence><age>81</age><sex>1</sex><cat>3</cat><percent>15.819728</percent></prevalence><prevalence><age>82</age><sex>0</sex><cat>1</cat><percent>17.922337</percent></prevalence><prevalence><age>82</age><sex>0</sex><cat>2</cat><percent>56.05045</percent></prevalence><prevalence><age>82</age><sex>0</sex><cat>3</cat><percent>26.027216</percent></prevalence><prevalence><age>82</age><sex>1</sex><cat>1</cat><percent>59.768707</percent></prevalence><prevalence><age>82</age><sex>1</sex><cat>2</cat><percent>25.428572</percent></prevalence><prevalence><age>82</age><sex>1</sex><cat>3</cat><percent>14.802721</percent></prevalence><prevalence><age>83</age><sex>0</sex><cat>1</cat><percent>16.769001</percent></prevalence><prevalence><age>83</age><sex>0</sex><cat>2</cat><percent>57.739796</percent></prevalence><prevalence><age>83</age><sex>0</sex><cat>3</cat><percent>25.491205</percent></prevalence><prevalence><age>83</age><sex>1</sex><cat>1</cat><percent>61.464287</percent></prevalence><prevalence><age>83</age><sex>1</sex><cat>2</cat><percent>24.75</percent></prevalence><prevalence><age>83</age><sex>1</sex><cat>3</cat><percent>13.785714</percent></prevalence><prevalence><age>84</age><sex>0</sex><cat>1</cat><percent>15.615665</percent></prevalence><prevalence><age>84</age><sex>0</sex><cat>2</cat><percent>59.429142</percent></prevalence><prevalence><age>84</age><sex>0</sex><cat>3</cat><percent>24.955194</percent></prevalence><prevalence><age>84</age><sex>1</sex><cat>1</cat><percent>63.159863</percent></prevalence><prevalence><age>84</age><sex>1</sex><cat>2</cat><percent>24.071428</percent></prevalence><prevalence><age>84</age><sex>1</sex><cat>3</cat><percent>12.768707</percent></prevalence><prevalence><age>85</age><sex>0</sex><cat>1</cat><percent>14.46233</percent></prevalence><prevalence><age>85</age><sex>0</sex><cat>2</cat><percent>61.11849</percent></prevalence><prevalence><age>85</age><sex>0</sex><cat>3</cat><percent>24.419184</percent></prevalence><prevalence><age>85</age><sex>1</sex><cat>1</cat><percent>64.855446</percent></prevalence><prevalence><age>85</age><sex>1</sex><cat>2</cat><percent>23.392857</percent></prevalence><prevalence><age>85</age><sex>1</sex><cat>3</cat><percent>11.7517</percent></prevalence><prevalence><age>86</age><sex>0</sex><cat>1</cat><percent>13.308994</percent></prevalence><prevalence><age>86</age><sex>0</sex><cat>2</cat><percent>62.80783</percent></prevalence><prevalence><age>86</age><sex>0</sex><cat>3</cat><percent>23.883173</percent></prevalence><prevalence><age>86</age><sex>1</sex><cat>1</cat><percent>66.55102</percent></prevalence><prevalence><age>86</age><sex>1</sex><cat>2</cat><percent>22.714285</percent></prevalence><prevalence><age>86</age><sex>1</sex><cat>3</cat><percent>10.734694</percent></prevalence><prevalence><age>87</age><sex>0</sex><cat>1</cat><percent>12.155659</percent></prevalence><prevalence><age>87</age><sex>0</sex><cat>2</cat><percent>64.49718</percent></prevalence><prevalence><age>87</age><sex>0</sex><cat>3</cat><percent>23.347162</percent></prevalence><prevalence><age>87</age><sex>1</sex><cat>1</cat><percent>68.2466</percent></prevalence><prevalence><age>87</age><sex>1</sex><cat>2</cat><percent>22.035715</percent></prevalence><prevalence><age>87</age><sex>1</sex><cat>3</cat><percent>9.717687</percent></prevalence><prevalence><age>88</age><sex>0</sex><cat>1</cat><percent>11.002323</percent></prevalence><prevalence><age>88</age><sex>0</sex><cat>2</cat><percent>66.18652</percent></prevalence><prevalence><age>88</age><sex>0</sex><cat>3</cat><percent>22.811152</percent></prevalence><prevalence><age>88</age><sex>1</sex><cat>1</cat><percent>69.94218</percent></prevalence><prevalence><age>88</age><sex>1</sex><cat>2</cat><percent>21.357143</percent></prevalence><prevalence><age>88</age><sex>1</sex><cat>3</cat><percent>8.700681</percent></prevalence><prevalence><age>89</age><sex>0</sex><cat>1</cat><percent>9.848988</percent></prevalence><prevalence><age>89</age><sex>0</sex><cat>2</cat><percent>67.87587</percent></prevalence><prevalence><age>89</age><sex>0</sex><cat>3</cat><percent>22.27514</percent></prevalence><prevalence><age>89</age><sex>1</sex><cat>1</cat><percent>71.63776</percent></prevalence><prevalence><age>89</age><sex>1</sex><cat>2</cat><percent>20.678572</percent></prevalence><prevalence><age>89</age><sex>1</sex><cat>3</cat><percent>7.6836734</percent></prevalence><prevalence><age>90</age><sex>0</sex><cat>1</cat><percent>8.695652</percent></prevalence><prevalence><age>90</age><sex>0</sex><cat>2</cat><percent>69.565216</percent></prevalence><prevalence><age>90</age><sex>0</sex><cat>3</cat><percent>21.73913</percent></prevalence><prevalence><age>90</age><sex>1</sex><cat>1</cat><percent>73.333336</percent></prevalence><prevalence><age>90</age><sex>1</sex><cat>2</cat><percent>20.0</percent></prevalence><prevalence><age>90</age><sex>1</sex><cat>3</cat><percent>6.6666665</percent></prevalence><prevalence><age>91</age><sex>0</sex><cat>1</cat><percent>10.826087</percent></prevalence><prevalence><age>91</age><sex>0</sex><cat>2</cat><percent>68.608696</percent></prevalence><prevalence><age>91</age><sex>0</sex><cat>3</cat><percent>20.565218</percent></prevalence><prevalence><age>91</age><sex>1</sex><cat>1</cat><percent>73.7</percent></prevalence><prevalence><age>91</age><sex>1</sex><cat>2</cat><percent>19.8</percent></prevalence><prevalence><age>91</age><sex>1</sex><cat>3</cat><percent>6.5</percent></prevalence><prevalence><age>92</age><sex>0</sex><cat>1</cat><percent>12.956522</percent></prevalence><prevalence><age>92</age><sex>0</sex><cat>2</cat><percent>67.652176</percent></prevalence><prevalence><age>92</age><sex>0</sex><cat>3</cat><percent>19.391304</percent></prevalence><prevalence><age>92</age><sex>1</sex><cat>1</cat><percent>74.066666</percent></prevalence><prevalence><age>92</age><sex>1</sex><cat>2</cat><percent>19.6</percent></prevalence><prevalence><age>92</age><sex>1</sex><cat>3</cat><percent>6.3333335</percent></prevalence><prevalence><age>93</age><sex>0</sex><cat>1</cat><percent>15.086956</percent></prevalence><prevalence><age>93</age><sex>0</sex><cat>2</cat><percent>66.695656</percent></prevalence><prevalence><age>93</age><sex>0</sex><cat>3</cat><percent>18.217392</percent></prevalence><prevalence><age>93</age><sex>1</sex><cat>1</cat><percent>74.433334</percent></prevalence><prevalence><age>93</age><sex>1</sex><cat>2</cat><percent>19.4</percent></prevalence><prevalence><age>93</age><sex>1</sex><cat>3</cat><percent>6.1666665</percent></prevalence><prevalence><age>94</age><sex>0</sex><cat>1</cat><percent>17.217392</percent></prevalence><prevalence><age>94</age><sex>0</sex><cat>2</cat><percent>65.73913</percent></prevalence><prevalence><age>94</age><sex>0</sex><cat>3</cat><percent>17.043478</percent></prevalence><prevalence><age>94</age><sex>1</sex><cat>1</cat><percent>74.8</percent></prevalence><prevalence><age>94</age><sex>1</sex><cat>2</cat><percent>19.2</percent></prevalence><prevalence><age>94</age><sex>1</sex><cat>3</cat><percent>6.0</percent></prevalence><prevalence><age>95</age><sex>0</sex><cat>1</cat><percent>19.347826</percent></prevalence><prevalence><age>95</age><sex>0</sex><cat>2</cat><percent>64.78261</percent></prevalence><prevalence><age>95</age><sex>0</sex><cat>3</cat><percent>15.869565</percent></prevalence><prevalence><age>95</age><sex>1</sex><cat>1</cat><percent>75.166664</percent></prevalence><prevalence><age>95</age><sex>1</sex><cat>2</cat><percent>19.0</percent></prevalence><prevalence><age>95</age><sex>1</sex><cat>3</cat><percent>5.8333335</percent></prevalence></riskfactorprevalences_categorical>