<?xml version="1.0"?><riskfactorprevalences_categorical><prevalence><age>0</age><sex>0</sex><cat>1</cat><percent>100.0</percent></prevalence><prevalence><age>0</age><sex>0</sex><cat>2</cat><percent>0.0</percent></prevalence><prevalence><age>0</age><sex>0</sex><cat>3</cat><percent>0.0</percent></prevalence><prevalence><age>0</age><sex>1</sex><cat>1</cat><percent>100.0</percent></prevalence><prevalence><age>0</age><sex>1</sex><cat>2</cat><percent>0.0</percent></prevalence><prevalence><age>0</age><sex>1</sex><cat>3</cat><percent>0.0</percent></prevalence><prevalence><age>1</age><sex>0</sex><cat>1</cat><percent>100.0</percent></prevalence><prevalence><age>1</age><sex>0</sex><cat>2</cat><percent>0.0</percent></prevalence><prevalence><age>1</age><sex>0</sex><cat>3</cat><percent>0.0</percent></prevalence><prevalence><age>1</age><sex>1</sex><cat>1</cat><percent>100.0</percent></prevalence><prevalence><age>1</age><sex>1</sex><cat>2</cat><percent>0.0</percent></prevalence><prevalence><age>1</age><sex>1</sex><cat>3</cat><percent>0.0</percent></prevalence><prevalence><age>2</age><sex>0</sex><cat>1</cat><percent>100.0</percent></prevalence><prevalence><age>2</age><sex>0</sex><cat>2</cat><percent>0.0</percent></prevalence><prevalence><age>2</age><sex>0</sex><cat>3</cat><percent>0.0</percent></prevalence><prevalence><age>2</age><sex>1</sex><cat>1</cat><percent>100.0</percent></prevalence><prevalence><age>2</age><sex>1</sex><cat>2</cat><percent>0.0</percent></prevalence><prevalence><age>2</age><sex>1</sex><cat>3</cat><percent>0.0</percent></prevalence><prevalence><age>3</age><sex>0</sex><cat>1</cat><percent>100.0</percent></prevalence><prevalence><age>3</age><sex>0</sex><cat>2</cat><percent>0.0</percent></prevalence><prevalence><age>3</age><sex>0</sex><cat>3</cat><percent>0.0</percent></prevalence><prevalence><age>3</age><sex>1</sex><cat>1</cat><percent>100.0</percent></prevalence><prevalence><age>3</age><sex>1</sex><cat>2</cat><percent>0.0</percent></prevalence><prevalence><age>3</age><sex>1</sex><cat>3</cat><percent>0.0</percent></prevalence><prevalence><age>4</age><sex>0</sex><cat>1</cat><percent>100.0</percent></prevalence><prevalence><age>4</age><sex>0</sex><cat>2</cat><percent>0.0</percent></prevalence><prevalence><age>4</age><sex>0</sex><cat>3</cat><percent>0.0</percent></prevalence><prevalence><age>4</age><sex>1</sex><cat>1</cat><percent>100.0</percent></prevalence><prevalence><age>4</age><sex>1</sex><cat>2</cat><percent>0.0</percent></prevalence><prevalence><age>4</age><sex>1</sex><cat>3</cat><percent>0.0</percent></prevalence><prevalence><age>5</age><sex>0</sex><cat>1</cat><percent>100.0</percent></prevalence><prevalence><age>5</age><sex>0</sex><cat>2</cat><percent>0.0</percent></prevalence><prevalence><age>5</age><sex>0</sex><cat>3</cat><percent>0.0</percent></prevalence><prevalence><age>5</age><sex>1</sex><cat>1</cat><percent>100.0</percent></prevalence><prevalence><age>5</age><sex>1</sex><cat>2</cat><percent>0.0</percent></prevalence><prevalence><age>5</age><sex>1</sex><cat>3</cat><percent>0.0</percent></prevalence><prevalence><age>6</age><sex>0</sex><cat>1</cat><percent>100.0</percent></prevalence><prevalence><age>6</age><sex>0</sex><cat>2</cat><percent>0.0</percent></prevalence><prevalence><age>6</age><sex>0</sex><cat>3</cat><percent>0.0</percent></prevalence><prevalence><age>6</age><sex>1</sex><cat>1</cat><percent>100.0</percent></prevalence><prevalence><age>6</age><sex>1</sex><cat>2</cat><percent>0.0</percent></prevalence><prevalence><age>6</age><sex>1</sex><cat>3</cat><percent>0.0</percent></prevalence><prevalence><age>7</age><sex>0</sex><cat>1</cat><percent>100.0</percent></prevalence><prevalence><age>7</age><sex>0</sex><cat>2</cat><percent>0.0</percent></prevalence><prevalence><age>7</age><sex>0</sex><cat>3</cat><percent>0.0</percent></prevalence><prevalence><age>7</age><sex>1</sex><cat>1</cat><percent>100.0</percent></prevalence><prevalence><age>7</age><sex>1</sex><cat>2</cat><percent>0.0</percent></prevalence><prevalence><age>7</age><sex>1</sex><cat>3</cat><percent>0.0</percent></prevalence><prevalence><age>8</age><sex>0</sex><cat>1</cat><percent>100.0</percent></prevalence><prevalence><age>8</age><sex>0</sex><cat>2</cat><percent>0.0</percent></prevalence><prevalence><age>8</age><sex>0</sex><cat>3</cat><percent>0.0</percent></prevalence><prevalence><age>8</age><sex>1</sex><cat>1</cat><percent>100.0</percent></prevalence><prevalence><age>8</age><sex>1</sex><cat>2</cat><percent>0.0</percent></prevalence><prevalence><age>8</age><sex>1</sex><cat>3</cat><percent>0.0</percent></prevalence><prevalence><age>9</age><sex>0</sex><cat>1</cat><percent>100.0</percent></prevalence><prevalence><age>9</age><sex>0</sex><cat>2</cat><percent>0.0</percent></prevalence><prevalence><age>9</age><sex>0</sex><cat>3</cat><percent>0.0</percent></prevalence><prevalence><age>9</age><sex>1</sex><cat>1</cat><percent>100.0</percent></prevalence><prevalence><age>9</age><sex>1</sex><cat>2</cat><percent>0.0</percent></prevalence><prevalence><age>9</age><sex>1</sex><cat>3</cat><percent>0.0</percent></prevalence><prevalence><age>10</age><sex>0</sex><cat>1</cat><percent>100.0</percent></prevalence><prevalence><age>10</age><sex>0</sex><cat>2</cat><percent>0.0</percent></prevalence><prevalence><age>10</age><sex>0</sex><cat>3</cat><percent>0.0</percent></prevalence><prevalence><age>10</age><sex>1</sex><cat>1</cat><percent>100.0</percent></prevalence><prevalence><age>10</age><sex>1</sex><cat>2</cat><percent>0.0</percent></prevalence><prevalence><age>10</age><sex>1</sex><cat>3</cat><percent>0.0</percent></prevalence><prevalence><age>11</age><sex>0</sex><cat>1</cat><percent>100.0</percent></prevalence><prevalence><age>11</age><sex>0</sex><cat>2</cat><percent>0.0</percent></prevalence><prevalence><age>11</age><sex>0</sex><cat>3</cat><percent>0.0</percent></prevalence><prevalence><age>11</age><sex>1</sex><cat>1</cat><percent>100.0</percent></prevalence><prevalence><age>11</age><sex>1</sex><cat>2</cat><percent>0.0</percent></prevalence><prevalence><age>11</age><sex>1</sex><cat>3</cat><percent>0.0</percent></prevalence><prevalence><age>12</age><sex>0</sex><cat>1</cat><percent>100.0</percent></prevalence><prevalence><age>12</age><sex>0</sex><cat>2</cat><percent>0.0</percent></prevalence><prevalence><age>12</age><sex>0</sex><cat>3</cat><percent>0.0</percent></prevalence><prevalence><age>12</age><sex>1</sex><cat>1</cat><percent>100.0</percent></prevalence><prevalence><age>12</age><sex>1</sex><cat>2</cat><percent>0.0</percent></prevalence><prevalence><age>12</age><sex>1</sex><cat>3</cat><percent>0.0</percent></prevalence><prevalence><age>13</age><sex>0</sex><cat>1</cat><percent>100.0</percent></prevalence><prevalence><age>13</age><sex>0</sex><cat>2</cat><percent>0.0</percent></prevalence><prevalence><age>13</age><sex>0</sex><cat>3</cat><percent>0.0</percent></prevalence><prevalence><age>13</age><sex>1</sex><cat>1</cat><percent>100.0</percent></prevalence><prevalence><age>13</age><sex>1</sex><cat>2</cat><percent>0.0</percent></prevalence><prevalence><age>13</age><sex>1</sex><cat>3</cat><percent>0.0</percent></prevalence><prevalence><age>14</age><sex>0</sex><cat>1</cat><percent>100.0</percent></prevalence><prevalence><age>14</age><sex>0</sex><cat>2</cat><percent>0.0</percent></prevalence><prevalence><age>14</age><sex>0</sex><cat>3</cat><percent>0.0</percent></prevalence><prevalence><age>14</age><sex>1</sex><cat>1</cat><percent>100.0</percent></prevalence><prevalence><age>14</age><sex>1</sex><cat>2</cat><percent>0.0</percent></prevalence><prevalence><age>14</age><sex>1</sex><cat>3</cat><percent>0.0</percent></prevalence><prevalence><age>15</age><sex>0</sex><cat>1</cat><percent>100.0</percent></prevalence><prevalence><age>15</age><sex>0</sex><cat>2</cat><percent>0.0</percent></prevalence><prevalence><age>15</age><sex>0</sex><cat>3</cat><percent>0.0</percent></prevalence><prevalence><age>15</age><sex>1</sex><cat>1</cat><percent>100.0</percent></prevalence><prevalence><age>15</age><sex>1</sex><cat>2</cat><percent>0.0</percent></prevalence><prevalence><age>15</age><sex>1</sex><cat>3</cat><percent>0.0</percent></prevalence><prevalence><age>16</age><sex>0</sex><cat>1</cat><percent>58.31145</percent></prevalence><prevalence><age>16</age><sex>0</sex><cat>2</cat><percent>12.242525</percent></prevalence><prevalence><age>16</age><sex>0</sex><cat>3</cat><percent>29.446026</percent></prevalence><prevalence><age>16</age><sex>1</sex><cat>1</cat><percent>57.633945</percent></prevalence><prevalence><age>16</age><sex>1</sex><cat>2</cat><percent>15.615275</percent></prevalence><prevalence><age>16</age><sex>1</sex><cat>3</cat><percent>26.750778</percent></prevalence><prevalence><age>17</age><sex>0</sex><cat>1</cat><percent>53.795513</percent></prevalence><prevalence><age>17</age><sex>0</sex><cat>2</cat><percent>13.622615</percent></prevalence><prevalence><age>17</age><sex>0</sex><cat>3</cat><percent>32.58187</percent></prevalence><prevalence><age>17</age><sex>1</sex><cat>1</cat><percent>54.236298</percent></prevalence><prevalence><age>17</age><sex>1</sex><cat>2</cat><percent>16.577736</percent></prevalence><prevalence><age>17</age><sex>1</sex><cat>3</cat><percent>29.185965</percent></prevalence><prevalence><age>18</age><sex>0</sex><cat>1</cat><percent>49.27958</percent></prevalence><prevalence><age>18</age><sex>0</sex><cat>2</cat><percent>15.002706</percent></prevalence><prevalence><age>18</age><sex>0</sex><cat>3</cat><percent>35.717716</percent></prevalence><prevalence><age>18</age><sex>1</sex><cat>1</cat><percent>50.838654</percent></prevalence><prevalence><age>18</age><sex>1</sex><cat>2</cat><percent>17.540197</percent></prevalence><prevalence><age>18</age><sex>1</sex><cat>3</cat><percent>31.621151</percent></prevalence><prevalence><age>19</age><sex>0</sex><cat>1</cat><percent>44.763645</percent></prevalence><prevalence><age>19</age><sex>0</sex><cat>2</cat><percent>16.382795</percent></prevalence><prevalence><age>19</age><sex>0</sex><cat>3</cat><percent>38.85356</percent></prevalence><prevalence><age>19</age><sex>1</sex><cat>1</cat><percent>47.441006</percent></prevalence><prevalence><age>19</age><sex>1</sex><cat>2</cat><percent>18.502657</percent></prevalence><prevalence><age>19</age><sex>1</sex><cat>3</cat><percent>34.05634</percent></prevalence><prevalence><age>20</age><sex>0</sex><cat>1</cat><percent>40.247707</percent></prevalence><prevalence><age>20</age><sex>0</sex><cat>2</cat><percent>17.762886</percent></prevalence><prevalence><age>20</age><sex>0</sex><cat>3</cat><percent>41.989407</percent></prevalence><prevalence><age>20</age><sex>1</sex><cat>1</cat><percent>44.043358</percent></prevalence><prevalence><age>20</age><sex>1</sex><cat>2</cat><percent>19.465118</percent></prevalence><prevalence><age>20</age><sex>1</sex><cat>3</cat><percent>36.491524</percent></prevalence><prevalence><age>21</age><sex>0</sex><cat>1</cat><percent>40.08387</percent></prevalence><prevalence><age>21</age><sex>0</sex><cat>2</cat><percent>18.144545</percent></prevalence><prevalence><age>21</age><sex>0</sex><cat>3</cat><percent>41.771584</percent></prevalence><prevalence><age>21</age><sex>1</sex><cat>1</cat><percent>44.18172</percent></prevalence><prevalence><age>21</age><sex>1</sex><cat>2</cat><percent>19.940424</percent></prevalence><prevalence><age>21</age><sex>1</sex><cat>3</cat><percent>35.877853</percent></prevalence><prevalence><age>22</age><sex>0</sex><cat>1</cat><percent>39.920033</percent></prevalence><prevalence><age>22</age><sex>0</sex><cat>2</cat><percent>18.526205</percent></prevalence><prevalence><age>22</age><sex>0</sex><cat>3</cat><percent>41.55376</percent></prevalence><prevalence><age>22</age><sex>1</sex><cat>1</cat><percent>44.320087</percent></prevalence><prevalence><age>22</age><sex>1</sex><cat>2</cat><percent>20.41573</percent></prevalence><prevalence><age>22</age><sex>1</sex><cat>3</cat><percent>35.264183</percent></prevalence><prevalence><age>23</age><sex>0</sex><cat>1</cat><percent>39.756195</percent></prevalence><prevalence><age>23</age><sex>0</sex><cat>2</cat><percent>18.907864</percent></prevalence><prevalence><age>23</age><sex>0</sex><cat>3</cat><percent>41.335938</percent></prevalence><prevalence><age>23</age><sex>1</sex><cat>1</cat><percent>44.45845</percent></prevalence><prevalence><age>23</age><sex>1</sex><cat>2</cat><percent>20.891037</percent></prevalence><prevalence><age>23</age><sex>1</sex><cat>3</cat><percent>34.650513</percent></prevalence><prevalence><age>24</age><sex>0</sex><cat>1</cat><percent>39.59236</percent></prevalence><prevalence><age>24</age><sex>0</sex><cat>2</cat><percent>19.289524</percent></prevalence><prevalence><age>24</age><sex>0</sex><cat>3</cat><percent>41.11812</percent></prevalence><prevalence><age>24</age><sex>1</sex><cat>1</cat><percent>44.596817</percent></prevalence><prevalence><age>24</age><sex>1</sex><cat>2</cat><percent>21.366343</percent></prevalence><prevalence><age>24</age><sex>1</sex><cat>3</cat><percent>34.036842</percent></prevalence><prevalence><age>25</age><sex>0</sex><cat>1</cat><percent>39.428524</percent></prevalence><prevalence><age>25</age><sex>0</sex><cat>2</cat><percent>19.671185</percent></prevalence><prevalence><age>25</age><sex>0</sex><cat>3</cat><percent>40.900295</percent></prevalence><prevalence><age>25</age><sex>1</sex><cat>1</cat><percent>44.73518</percent></prevalence><prevalence><age>25</age><sex>1</sex><cat>2</cat><percent>21.841648</percent></prevalence><prevalence><age>25</age><sex>1</sex><cat>3</cat><percent>33.423172</percent></prevalence><prevalence><age>26</age><sex>0</sex><cat>1</cat><percent>39.264687</percent></prevalence><prevalence><age>26</age><sex>0</sex><cat>2</cat><percent>20.052843</percent></prevalence><prevalence><age>26</age><sex>0</sex><cat>3</cat><percent>40.682472</percent></prevalence><prevalence><age>26</age><sex>1</sex><cat>1</cat><percent>44.873547</percent></prevalence><prevalence><age>26</age><sex>1</sex><cat>2</cat><percent>22.316954</percent></prevalence><prevalence><age>26</age><sex>1</sex><cat>3</cat><percent>32.8095</percent></prevalence><prevalence><age>27</age><sex>0</sex><cat>1</cat><percent>39.10085</percent></prevalence><prevalence><age>27</age><sex>0</sex><cat>2</cat><percent>20.434504</percent></prevalence><prevalence><age>27</age><sex>0</sex><cat>3</cat><percent>40.46465</percent></prevalence><prevalence><age>27</age><sex>1</sex><cat>1</cat><percent>45.01191</percent></prevalence><prevalence><age>27</age><sex>1</sex><cat>2</cat><percent>22.792261</percent></prevalence><prevalence><age>27</age><sex>1</sex><cat>3</cat><percent>32.19583</percent></prevalence><prevalence><age>28</age><sex>0</sex><cat>1</cat><percent>38.93701</percent></prevalence><prevalence><age>28</age><sex>0</sex><cat>2</cat><percent>20.816162</percent></prevalence><prevalence><age>28</age><sex>0</sex><cat>3</cat><percent>40.246826</percent></prevalence><prevalence><age>28</age><sex>1</sex><cat>1</cat><percent>45.150276</percent></prevalence><prevalence><age>28</age><sex>1</sex><cat>2</cat><percent>23.267567</percent></prevalence><prevalence><age>28</age><sex>1</sex><cat>3</cat><percent>31.582159</percent></prevalence><prevalence><age>29</age><sex>0</sex><cat>1</cat><percent>38.773174</percent></prevalence><prevalence><age>29</age><sex>0</sex><cat>2</cat><percent>21.197823</percent></prevalence><prevalence><age>29</age><sex>0</sex><cat>3</cat><percent>40.029003</percent></prevalence><prevalence><age>29</age><sex>1</sex><cat>1</cat><percent>45.28864</percent></prevalence><prevalence><age>29</age><sex>1</sex><cat>2</cat><percent>23.742872</percent></prevalence><prevalence><age>29</age><sex>1</sex><cat>3</cat><percent>30.968489</percent></prevalence><prevalence><age>30</age><sex>0</sex><cat>1</cat><percent>38.609337</percent></prevalence><prevalence><age>30</age><sex>0</sex><cat>2</cat><percent>21.579481</percent></prevalence><prevalence><age>30</age><sex>0</sex><cat>3</cat><percent>39.81118</percent></prevalence><prevalence><age>30</age><sex>1</sex><cat>1</cat><percent>45.427002</percent></prevalence><prevalence><age>30</age><sex>1</sex><cat>2</cat><percent>24.21818</percent></prevalence><prevalence><age>30</age><sex>1</sex><cat>3</cat><percent>30.354818</percent></prevalence><prevalence><age>31</age><sex>0</sex><cat>1</cat><percent>37.72164</percent></prevalence><prevalence><age>31</age><sex>0</sex><cat>2</cat><percent>22.337797</percent></prevalence><prevalence><age>31</age><sex>0</sex><cat>3</cat><percent>39.940563</percent></prevalence><prevalence><age>31</age><sex>1</sex><cat>1</cat><percent>43.967884</percent></prevalence><prevalence><age>31</age><sex>1</sex><cat>2</cat><percent>25.356066</percent></prevalence><prevalence><age>31</age><sex>1</sex><cat>3</cat><percent>30.67605</percent></prevalence><prevalence><age>32</age><sex>0</sex><cat>1</cat><percent>36.833942</percent></prevalence><prevalence><age>32</age><sex>0</sex><cat>2</cat><percent>23.096113</percent></prevalence><prevalence><age>32</age><sex>0</sex><cat>3</cat><percent>40.069942</percent></prevalence><prevalence><age>32</age><sex>1</sex><cat>1</cat><percent>42.508766</percent></prevalence><prevalence><age>32</age><sex>1</sex><cat>2</cat><percent>26.49395</percent></prevalence><prevalence><age>32</age><sex>1</sex><cat>3</cat><percent>30.997284</percent></prevalence><prevalence><age>33</age><sex>0</sex><cat>1</cat><percent>35.946247</percent></prevalence><prevalence><age>33</age><sex>0</sex><cat>2</cat><percent>23.85443</percent></prevalence><prevalence><age>33</age><sex>0</sex><cat>3</cat><percent>40.19932</percent></prevalence><prevalence><age>33</age><sex>1</sex><cat>1</cat><percent>41.04965</percent></prevalence><prevalence><age>33</age><sex>1</sex><cat>2</cat><percent>27.631836</percent></prevalence><prevalence><age>33</age><sex>1</sex><cat>3</cat><percent>31.318518</percent></prevalence><prevalence><age>34</age><sex>0</sex><cat>1</cat><percent>35.05855</percent></prevalence><prevalence><age>34</age><sex>0</sex><cat>2</cat><percent>24.612745</percent></prevalence><prevalence><age>34</age><sex>0</sex><cat>3</cat><percent>40.328705</percent></prevalence><prevalence><age>34</age><sex>1</sex><cat>1</cat><percent>39.590527</percent></prevalence><prevalence><age>34</age><sex>1</sex><cat>2</cat><percent>28.769722</percent></prevalence><prevalence><age>34</age><sex>1</sex><cat>3</cat><percent>31.63975</percent></prevalence><prevalence><age>35</age><sex>0</sex><cat>1</cat><percent>34.170853</percent></prevalence><prevalence><age>35</age><sex>0</sex><cat>2</cat><percent>25.371061</percent></prevalence><prevalence><age>35</age><sex>0</sex><cat>3</cat><percent>40.458084</percent></prevalence><prevalence><age>35</age><sex>1</sex><cat>1</cat><percent>38.13141</percent></prevalence><prevalence><age>35</age><sex>1</sex><cat>2</cat><percent>29.907608</percent></prevalence><prevalence><age>35</age><sex>1</sex><cat>3</cat><percent>31.960983</percent></prevalence><prevalence><age>36</age><sex>0</sex><cat>1</cat><percent>33.283157</percent></prevalence><prevalence><age>36</age><sex>0</sex><cat>2</cat><percent>26.129377</percent></prevalence><prevalence><age>36</age><sex>0</sex><cat>3</cat><percent>40.587463</percent></prevalence><prevalence><age>36</age><sex>1</sex><cat>1</cat><percent>36.67229</percent></prevalence><prevalence><age>36</age><sex>1</sex><cat>2</cat><percent>31.045492</percent></prevalence><prevalence><age>36</age><sex>1</sex><cat>3</cat><percent>32.282215</percent></prevalence><prevalence><age>37</age><sex>0</sex><cat>1</cat><percent>32.395462</percent></prevalence><prevalence><age>37</age><sex>0</sex><cat>2</cat><percent>26.887693</percent></prevalence><prevalence><age>37</age><sex>0</sex><cat>3</cat><percent>40.716846</percent></prevalence><prevalence><age>37</age><sex>1</sex><cat>1</cat><percent>35.213173</percent></prevalence><prevalence><age>37</age><sex>1</sex><cat>2</cat><percent>32.18338</percent></prevalence><prevalence><age>37</age><sex>1</sex><cat>3</cat><percent>32.60345</percent></prevalence><prevalence><age>38</age><sex>0</sex><cat>1</cat><percent>31.507765</percent></prevalence><prevalence><age>38</age><sex>0</sex><cat>2</cat><percent>27.64601</percent></prevalence><prevalence><age>38</age><sex>0</sex><cat>3</cat><percent>40.846226</percent></prevalence><prevalence><age>38</age><sex>1</sex><cat>1</cat><percent>33.75405</percent></prevalence><prevalence><age>38</age><sex>1</sex><cat>2</cat><percent>33.321266</percent></prevalence><prevalence><age>38</age><sex>1</sex><cat>3</cat><percent>32.924683</percent></prevalence><prevalence><age>39</age><sex>0</sex><cat>1</cat><percent>30.620068</percent></prevalence><prevalence><age>39</age><sex>0</sex><cat>2</cat><percent>28.404325</percent></prevalence><prevalence><age>39</age><sex>0</sex><cat>3</cat><percent>40.97561</percent></prevalence><prevalence><age>39</age><sex>1</sex><cat>1</cat><percent>32.294933</percent></prevalence><prevalence><age>39</age><sex>1</sex><cat>2</cat><percent>34.45915</percent></prevalence><prevalence><age>39</age><sex>1</sex><cat>3</cat><percent>33.245914</percent></prevalence><prevalence><age>40</age><sex>0</sex><cat>1</cat><percent>29.73237</percent></prevalence><prevalence><age>40</age><sex>0</sex><cat>2</cat><percent>29.162642</percent></prevalence><prevalence><age>40</age><sex>0</sex><cat>3</cat><percent>41.10499</percent></prevalence><prevalence><age>40</age><sex>1</sex><cat>1</cat><percent>30.835815</percent></prevalence><prevalence><age>40</age><sex>1</sex><cat>2</cat><percent>35.597034</percent></prevalence><prevalence><age>40</age><sex>1</sex><cat>3</cat><percent>33.56715</percent></prevalence><prevalence><age>41</age><sex>0</sex><cat>1</cat><percent>28.839794</percent></prevalence><prevalence><age>41</age><sex>0</sex><cat>2</cat><percent>30.645405</percent></prevalence><prevalence><age>41</age><sex>0</sex><cat>3</cat><percent>40.5148</percent></prevalence><prevalence><age>41</age><sex>1</sex><cat>1</cat><percent>30.826616</percent></prevalence><prevalence><age>41</age><sex>1</sex><cat>2</cat><percent>36.14096</percent></prevalence><prevalence><age>41</age><sex>1</sex><cat>3</cat><percent>33.032425</percent></prevalence><prevalence><age>42</age><sex>0</sex><cat>1</cat><percent>27.947216</percent></prevalence><prevalence><age>42</age><sex>0</sex><cat>2</cat><percent>32.128166</percent></prevalence><prevalence><age>42</age><sex>0</sex><cat>3</cat><percent>39.924618</percent></prevalence><prevalence><age>42</age><sex>1</sex><cat>1</cat><percent>30.81742</percent></prevalence><prevalence><age>42</age><sex>1</sex><cat>2</cat><percent>36.684883</percent></prevalence><prevalence><age>42</age><sex>1</sex><cat>3</cat><percent>32.497696</percent></prevalence><prevalence><age>43</age><sex>0</sex><cat>1</cat><percent>27.054638</percent></prevalence><prevalence><age>43</age><sex>0</sex><cat>2</cat><percent>33.61093</percent></prevalence><prevalence><age>43</age><sex>0</sex><cat>3</cat><percent>39.33443</percent></prevalence><prevalence><age>43</age><sex>1</sex><cat>1</cat><percent>30.80822</percent></prevalence><prevalence><age>43</age><sex>1</sex><cat>2</cat><percent>37.22881</percent></prevalence><prevalence><age>43</age><sex>1</sex><cat>3</cat><percent>31.962973</percent></prevalence><prevalence><age>44</age><sex>0</sex><cat>1</cat><percent>26.162062</percent></prevalence><prevalence><age>44</age><sex>0</sex><cat>2</cat><percent>35.093693</percent></prevalence><prevalence><age>44</age><sex>0</sex><cat>3</cat><percent>38.744244</percent></prevalence><prevalence><age>44</age><sex>1</sex><cat>1</cat><percent>30.799023</percent></prevalence><prevalence><age>44</age><sex>1</sex><cat>2</cat><percent>37.77273</percent></prevalence><prevalence><age>44</age><sex>1</sex><cat>3</cat><percent>31.428246</percent></prevalence><prevalence><age>45</age><sex>0</sex><cat>1</cat><percent>25.269484</percent></prevalence><prevalence><age>45</age><sex>0</sex><cat>2</cat><percent>36.576458</percent></prevalence><prevalence><age>45</age><sex>0</sex><cat>3</cat><percent>38.15406</percent></prevalence><prevalence><age>45</age><sex>1</sex><cat>1</cat><percent>30.789824</percent></prevalence><prevalence><age>45</age><sex>1</sex><cat>2</cat><percent>38.316654</percent></prevalence><prevalence><age>45</age><sex>1</sex><cat>3</cat><percent>30.89352</percent></prevalence><prevalence><age>46</age><sex>0</sex><cat>1</cat><percent>24.376905</percent></prevalence><prevalence><age>46</age><sex>0</sex><cat>2</cat><percent>38.05922</percent></prevalence><prevalence><age>46</age><sex>0</sex><cat>3</cat><percent>37.563873</percent></prevalence><prevalence><age>46</age><sex>1</sex><cat>1</cat><percent>30.780626</percent></prevalence><prevalence><age>46</age><sex>1</sex><cat>2</cat><percent>38.86058</percent></prevalence><prevalence><age>46</age><sex>1</sex><cat>3</cat><percent>30.358795</percent></prevalence><prevalence><age>47</age><sex>0</sex><cat>1</cat><percent>23.484327</percent></prevalence><prevalence><age>47</age><sex>0</sex><cat>2</cat><percent>39.541985</percent></prevalence><prevalence><age>47</age><sex>0</sex><cat>3</cat><percent>36.97369</percent></prevalence><prevalence><age>47</age><sex>1</sex><cat>1</cat><percent>30.771427</percent></prevalence><prevalence><age>47</age><sex>1</sex><cat>2</cat><percent>39.404503</percent></prevalence><prevalence><age>47</age><sex>1</sex><cat>3</cat><percent>29.824068</percent></prevalence><prevalence><age>48</age><sex>0</sex><cat>1</cat><percent>22.591751</percent></prevalence><prevalence><age>48</age><sex>0</sex><cat>2</cat><percent>41.024746</percent></prevalence><prevalence><age>48</age><sex>0</sex><cat>3</cat><percent>36.383503</percent></prevalence><prevalence><age>48</age><sex>1</sex><cat>1</cat><percent>30.76223</percent></prevalence><prevalence><age>48</age><sex>1</sex><cat>2</cat><percent>39.94843</percent></prevalence><prevalence><age>48</age><sex>1</sex><cat>3</cat><percent>29.289343</percent></prevalence><prevalence><age>49</age><sex>0</sex><cat>1</cat><percent>21.699173</percent></prevalence><prevalence><age>49</age><sex>0</sex><cat>2</cat><percent>42.50751</percent></prevalence><prevalence><age>49</age><sex>0</sex><cat>3</cat><percent>35.793316</percent></prevalence><prevalence><age>49</age><sex>1</sex><cat>1</cat><percent>30.75303</percent></prevalence><prevalence><age>49</age><sex>1</sex><cat>2</cat><percent>40.49235</percent></prevalence><prevalence><age>49</age><sex>1</sex><cat>3</cat><percent>28.754618</percent></prevalence><prevalence><age>50</age><sex>0</sex><cat>1</cat><percent>20.806595</percent></prevalence><prevalence><age>50</age><sex>0</sex><cat>2</cat><percent>43.990273</percent></prevalence><prevalence><age>50</age><sex>0</sex><cat>3</cat><percent>35.203133</percent></prevalence><prevalence><age>50</age><sex>1</sex><cat>1</cat><percent>30.743834</percent></prevalence><prevalence><age>50</age><sex>1</sex><cat>2</cat><percent>41.036274</percent></prevalence><prevalence><age>50</age><sex>1</sex><cat>3</cat><percent>28.21989</percent></prevalence><prevalence><age>51</age><sex>0</sex><cat>1</cat><percent>20.51317</percent></prevalence><prevalence><age>51</age><sex>0</sex><cat>2</cat><percent>44.80967</percent></prevalence><prevalence><age>51</age><sex>0</sex><cat>3</cat><percent>34.677162</percent></prevalence><prevalence><age>51</age><sex>1</sex><cat>1</cat><percent>31.786924</percent></prevalence><prevalence><age>51</age><sex>1</sex><cat>2</cat><percent>40.821907</percent></prevalence><prevalence><age>51</age><sex>1</sex><cat>3</cat><percent>27.391167</percent></prevalence><prevalence><age>52</age><sex>0</sex><cat>1</cat><percent>20.219746</percent></prevalence><prevalence><age>52</age><sex>0</sex><cat>2</cat><percent>45.629063</percent></prevalence><prevalence><age>52</age><sex>0</sex><cat>3</cat><percent>34.15119</percent></prevalence><prevalence><age>52</age><sex>1</sex><cat>1</cat><percent>32.830017</percent></prevalence><prevalence><age>52</age><sex>1</sex><cat>2</cat><percent>40.60754</percent></prevalence><prevalence><age>52</age><sex>1</sex><cat>3</cat><percent>26.562443</percent></prevalence><prevalence><age>53</age><sex>0</sex><cat>1</cat><percent>19.926321</percent></prevalence><prevalence><age>53</age><sex>0</sex><cat>2</cat><percent>46.44846</percent></prevalence><prevalence><age>53</age><sex>0</sex><cat>3</cat><percent>33.62522</percent></prevalence><prevalence><age>53</age><sex>1</sex><cat>1</cat><percent>33.873108</percent></prevalence><prevalence><age>53</age><sex>1</sex><cat>2</cat><percent>40.393173</percent></prevalence><prevalence><age>53</age><sex>1</sex><cat>3</cat><percent>25.733719</percent></prevalence><prevalence><age>54</age><sex>0</sex><cat>1</cat><percent>19.632896</percent></prevalence><prevalence><age>54</age><sex>0</sex><cat>2</cat><percent>47.267853</percent></prevalence><prevalence><age>54</age><sex>0</sex><cat>3</cat><percent>33.09925</percent></prevalence><prevalence><age>54</age><sex>1</sex><cat>1</cat><percent>34.9162</percent></prevalence><prevalence><age>54</age><sex>1</sex><cat>2</cat><percent>40.178806</percent></prevalence><prevalence><age>54</age><sex>1</sex><cat>3</cat><percent>24.904995</percent></prevalence><prevalence><age>55</age><sex>0</sex><cat>1</cat><percent>19.339472</percent></prevalence><prevalence><age>55</age><sex>0</sex><cat>2</cat><percent>48.08725</percent></prevalence><prevalence><age>55</age><sex>0</sex><cat>3</cat><percent>32.57328</percent></prevalence><prevalence><age>55</age><sex>1</sex><cat>1</cat><percent>35.95929</percent></prevalence><prevalence><age>55</age><sex>1</sex><cat>2</cat><percent>39.96444</percent></prevalence><prevalence><age>55</age><sex>1</sex><cat>3</cat><percent>24.07627</percent></prevalence><prevalence><age>56</age><sex>0</sex><cat>1</cat><percent>19.046047</percent></prevalence><prevalence><age>56</age><sex>0</sex><cat>2</cat><percent>48.906643</percent></prevalence><prevalence><age>56</age><sex>0</sex><cat>3</cat><percent>32.04731</percent></prevalence><prevalence><age>56</age><sex>1</sex><cat>1</cat><percent>37.00238</percent></prevalence><prevalence><age>56</age><sex>1</sex><cat>2</cat><percent>39.750072</percent></prevalence><prevalence><age>56</age><sex>1</sex><cat>3</cat><percent>23.247545</percent></prevalence><prevalence><age>57</age><sex>0</sex><cat>1</cat><percent>18.752623</percent></prevalence><prevalence><age>57</age><sex>0</sex><cat>2</cat><percent>49.72604</percent></prevalence><prevalence><age>57</age><sex>0</sex><cat>3</cat><percent>31.521338</percent></prevalence><prevalence><age>57</age><sex>1</sex><cat>1</cat><percent>38.045475</percent></prevalence><prevalence><age>57</age><sex>1</sex><cat>2</cat><percent>39.535706</percent></prevalence><prevalence><age>57</age><sex>1</sex><cat>3</cat><percent>22.418821</percent></prevalence><prevalence><age>58</age><sex>0</sex><cat>1</cat><percent>18.459198</percent></prevalence><prevalence><age>58</age><sex>0</sex><cat>2</cat><percent>50.545433</percent></prevalence><prevalence><age>58</age><sex>0</sex><cat>3</cat><percent>30.995367</percent></prevalence><prevalence><age>58</age><sex>1</sex><cat>1</cat><percent>39.088566</percent></prevalence><prevalence><age>58</age><sex>1</sex><cat>2</cat><percent>39.32134</percent></prevalence><prevalence><age>58</age><sex>1</sex><cat>3</cat><percent>21.590097</percent></prevalence><prevalence><age>59</age><sex>0</sex><cat>1</cat><percent>18.165773</percent></prevalence><prevalence><age>59</age><sex>0</sex><cat>2</cat><percent>51.36483</percent></prevalence><prevalence><age>59</age><sex>0</sex><cat>3</cat><percent>30.469397</percent></prevalence><prevalence><age>59</age><sex>1</sex><cat>1</cat><percent>40.131657</percent></prevalence><prevalence><age>59</age><sex>1</sex><cat>2</cat><percent>39.10697</percent></prevalence><prevalence><age>59</age><sex>1</sex><cat>3</cat><percent>20.761374</percent></prevalence><prevalence><age>60</age><sex>0</sex><cat>1</cat><percent>17.872349</percent></prevalence><prevalence><age>60</age><sex>0</sex><cat>2</cat><percent>52.184223</percent></prevalence><prevalence><age>60</age><sex>0</sex><cat>3</cat><percent>29.943426</percent></prevalence><prevalence><age>60</age><sex>1</sex><cat>1</cat><percent>41.174747</percent></prevalence><prevalence><age>60</age><sex>1</sex><cat>2</cat><percent>38.892605</percent></prevalence><prevalence><age>60</age><sex>1</sex><cat>3</cat><percent>19.93265</percent></prevalence><prevalence><age>61</age><sex>0</sex><cat>1</cat><percent>16.95569</percent></prevalence><prevalence><age>61</age><sex>0</sex><cat>2</cat><percent>53.83409</percent></prevalence><prevalence><age>61</age><sex>0</sex><cat>3</cat><percent>29.21022</percent></prevalence><prevalence><age>61</age><sex>1</sex><cat>1</cat><percent>42.112415</percent></prevalence><prevalence><age>61</age><sex>1</sex><cat>2</cat><percent>38.283646</percent></prevalence><prevalence><age>61</age><sex>1</sex><cat>3</cat><percent>19.603943</percent></prevalence><prevalence><age>62</age><sex>0</sex><cat>1</cat><percent>16.03903</percent></prevalence><prevalence><age>62</age><sex>0</sex><cat>2</cat><percent>55.483955</percent></prevalence><prevalence><age>62</age><sex>0</sex><cat>3</cat><percent>28.477015</percent></prevalence><prevalence><age>62</age><sex>1</sex><cat>1</cat><percent>43.05008</percent></prevalence><prevalence><age>62</age><sex>1</sex><cat>2</cat><percent>37.674683</percent></prevalence><prevalence><age>62</age><sex>1</sex><cat>3</cat><percent>19.275234</percent></prevalence><prevalence><age>63</age><sex>0</sex><cat>1</cat><percent>15.122371</percent></prevalence><prevalence><age>63</age><sex>0</sex><cat>2</cat><percent>57.13382</percent></prevalence><prevalence><age>63</age><sex>0</sex><cat>3</cat><percent>27.743809</percent></prevalence><prevalence><age>63</age><sex>1</sex><cat>1</cat><percent>43.987747</percent></prevalence><prevalence><age>63</age><sex>1</sex><cat>2</cat><percent>37.065723</percent></prevalence><prevalence><age>63</age><sex>1</sex><cat>3</cat><percent>18.946527</percent></prevalence><prevalence><age>64</age><sex>0</sex><cat>1</cat><percent>14.20571</percent></prevalence><prevalence><age>64</age><sex>0</sex><cat>2</cat><percent>58.783688</percent></prevalence><prevalence><age>64</age><sex>0</sex><cat>3</cat><percent>27.010603</percent></prevalence><prevalence><age>64</age><sex>1</sex><cat>1</cat><percent>44.925415</percent></prevalence><prevalence><age>64</age><sex>1</sex><cat>2</cat><percent>36.456764</percent></prevalence><prevalence><age>64</age><sex>1</sex><cat>3</cat><percent>18.61782</percent></prevalence><prevalence><age>65</age><sex>0</sex><cat>1</cat><percent>13.289051</percent></prevalence><prevalence><age>65</age><sex>0</sex><cat>2</cat><percent>60.43355</percent></prevalence><prevalence><age>65</age><sex>0</sex><cat>3</cat><percent>26.277395</percent></prevalence><prevalence><age>65</age><sex>1</sex><cat>1</cat><percent>45.86308</percent></prevalence><prevalence><age>65</age><sex>1</sex><cat>2</cat><percent>35.847805</percent></prevalence><prevalence><age>65</age><sex>1</sex><cat>3</cat><percent>18.289114</percent></prevalence><prevalence><age>66</age><sex>0</sex><cat>1</cat><percent>12.372391</percent></prevalence><prevalence><age>66</age><sex>0</sex><cat>2</cat><percent>62.08342</percent></prevalence><prevalence><age>66</age><sex>0</sex><cat>3</cat><percent>25.54419</percent></prevalence><prevalence><age>66</age><sex>1</sex><cat>1</cat><percent>46.800747</percent></prevalence><prevalence><age>66</age><sex>1</sex><cat>2</cat><percent>35.238846</percent></prevalence><prevalence><age>66</age><sex>1</sex><cat>3</cat><percent>17.960407</percent></prevalence><prevalence><age>67</age><sex>0</sex><cat>1</cat><percent>11.455731</percent></prevalence><prevalence><age>67</age><sex>0</sex><cat>2</cat><percent>63.733284</percent></prevalence><prevalence><age>67</age><sex>0</sex><cat>3</cat><percent>24.810984</percent></prevalence><prevalence><age>67</age><sex>1</sex><cat>1</cat><percent>47.738415</percent></prevalence><prevalence><age>67</age><sex>1</sex><cat>2</cat><percent>34.629887</percent></prevalence><prevalence><age>67</age><sex>1</sex><cat>3</cat><percent>17.6317</percent></prevalence><prevalence><age>68</age><sex>0</sex><cat>1</cat><percent>10.539072</percent></prevalence><prevalence><age>68</age><sex>0</sex><cat>2</cat><percent>65.38315</percent></prevalence><prevalence><age>68</age><sex>0</sex><cat>3</cat><percent>24.077778</percent></prevalence><prevalence><age>68</age><sex>1</sex><cat>1</cat><percent>48.67608</percent></prevalence><prevalence><age>68</age><sex>1</sex><cat>2</cat><percent>34.020927</percent></prevalence><prevalence><age>68</age><sex>1</sex><cat>3</cat><percent>17.302992</percent></prevalence><prevalence><age>69</age><sex>0</sex><cat>1</cat><percent>9.622412</percent></prevalence><prevalence><age>69</age><sex>0</sex><cat>2</cat><percent>67.03301</percent></prevalence><prevalence><age>69</age><sex>0</sex><cat>3</cat><percent>23.344572</percent></prevalence><prevalence><age>69</age><sex>1</sex><cat>1</cat><percent>49.613747</percent></prevalence><prevalence><age>69</age><sex>1</sex><cat>2</cat><percent>33.41197</percent></prevalence><prevalence><age>69</age><sex>1</sex><cat>3</cat><percent>16.974285</percent></prevalence><prevalence><age>70</age><sex>0</sex><cat>1</cat><percent>8.705752</percent></prevalence><prevalence><age>70</age><sex>0</sex><cat>2</cat><percent>68.682884</percent></prevalence><prevalence><age>70</age><sex>0</sex><cat>3</cat><percent>22.611366</percent></prevalence><prevalence><age>70</age><sex>1</sex><cat>1</cat><percent>50.551414</percent></prevalence><prevalence><age>70</age><sex>1</sex><cat>2</cat><percent>32.80301</percent></prevalence><prevalence><age>70</age><sex>1</sex><cat>3</cat><percent>16.645578</percent></prevalence><prevalence><age>71</age><sex>0</sex><cat>1</cat><percent>8.940619</percent></prevalence><prevalence><age>71</age><sex>0</sex><cat>2</cat><percent>68.716</percent></prevalence><prevalence><age>71</age><sex>0</sex><cat>3</cat><percent>22.343378</percent></prevalence><prevalence><age>71</age><sex>1</sex><cat>1</cat><percent>51.76291</percent></prevalence><prevalence><age>71</age><sex>1</sex><cat>2</cat><percent>32.42829</percent></prevalence><prevalence><age>71</age><sex>1</sex><cat>3</cat><percent>15.808798</percent></prevalence><prevalence><age>72</age><sex>0</sex><cat>1</cat><percent>9.1754875</percent></prevalence><prevalence><age>72</age><sex>0</sex><cat>2</cat><percent>68.74912</percent></prevalence><prevalence><age>72</age><sex>0</sex><cat>3</cat><percent>22.075388</percent></prevalence><prevalence><age>72</age><sex>1</sex><cat>1</cat><percent>52.974407</percent></prevalence><prevalence><age>72</age><sex>1</sex><cat>2</cat><percent>32.053577</percent></prevalence><prevalence><age>72</age><sex>1</sex><cat>3</cat><percent>14.972016</percent></prevalence><prevalence><age>73</age><sex>0</sex><cat>1</cat><percent>9.410355</percent></prevalence><prevalence><age>73</age><sex>0</sex><cat>2</cat><percent>68.78225</percent></prevalence><prevalence><age>73</age><sex>0</sex><cat>3</cat><percent>21.8074</percent></prevalence><prevalence><age>73</age><sex>1</sex><cat>1</cat><percent>54.185905</percent></prevalence><prevalence><age>73</age><sex>1</sex><cat>2</cat><percent>31.67886</percent></prevalence><prevalence><age>73</age><sex>1</sex><cat>3</cat><percent>14.135236</percent></prevalence><prevalence><age>74</age><sex>0</sex><cat>1</cat><percent>9.645223</percent></prevalence><prevalence><age>74</age><sex>0</sex><cat>2</cat><percent>68.81537</percent></prevalence><prevalence><age>74</age><sex>0</sex><cat>3</cat><percent>21.539412</percent></prevalence><prevalence><age>74</age><sex>1</sex><cat>1</cat><percent>55.3974</percent></prevalence><prevalence><age>74</age><sex>1</sex><cat>2</cat><percent>31.304144</percent></prevalence><prevalence><age>74</age><sex>1</sex><cat>3</cat><percent>13.298454</percent></prevalence><prevalence><age>75</age><sex>0</sex><cat>1</cat><percent>9.88009</percent></prevalence><prevalence><age>75</age><sex>0</sex><cat>2</cat><percent>68.84849</percent></prevalence><prevalence><age>75</age><sex>0</sex><cat>3</cat><percent>21.271421</percent></prevalence><prevalence><age>75</age><sex>1</sex><cat>1</cat><percent>56.6089</percent></prevalence><prevalence><age>75</age><sex>1</sex><cat>2</cat><percent>30.929428</percent></prevalence><prevalence><age>75</age><sex>1</sex><cat>3</cat><percent>12.461674</percent></prevalence><prevalence><age>76</age><sex>0</sex><cat>1</cat><percent>10.114957</percent></prevalence><prevalence><age>76</age><sex>0</sex><cat>2</cat><percent>68.88161</percent></prevalence><prevalence><age>76</age><sex>0</sex><cat>3</cat><percent>21.003433</percent></prevalence><prevalence><age>76</age><sex>1</sex><cat>1</cat><percent>57.820396</percent></prevalence><prevalence><age>76</age><sex>1</sex><cat>2</cat><percent>30.554712</percent></prevalence><prevalence><age>76</age><sex>1</sex><cat>3</cat><percent>11.624892</percent></prevalence><prevalence><age>77</age><sex>0</sex><cat>1</cat><percent>10.349825</percent></prevalence><prevalence><age>77</age><sex>0</sex><cat>2</cat><percent>68.914734</percent></prevalence><prevalence><age>77</age><sex>0</sex><cat>3</cat><percent>20.735445</percent></prevalence><prevalence><age>77</age><sex>1</sex><cat>1</cat><percent>59.03189</percent></prevalence><prevalence><age>77</age><sex>1</sex><cat>2</cat><percent>30.179996</percent></prevalence><prevalence><age>77</age><sex>1</sex><cat>3</cat><percent>10.788112</percent></prevalence><prevalence><age>78</age><sex>0</sex><cat>1</cat><percent>10.584692</percent></prevalence><prevalence><age>78</age><sex>0</sex><cat>2</cat><percent>68.94785</percent></prevalence><prevalence><age>78</age><sex>0</sex><cat>3</cat><percent>20.467455</percent></prevalence><prevalence><age>78</age><sex>1</sex><cat>1</cat><percent>60.24339</percent></prevalence><prevalence><age>78</age><sex>1</sex><cat>2</cat><percent>29.80528</percent></prevalence><prevalence><age>78</age><sex>1</sex><cat>3</cat><percent>9.95133</percent></prevalence><prevalence><age>79</age><sex>0</sex><cat>1</cat><percent>10.819559</percent></prevalence><prevalence><age>79</age><sex>0</sex><cat>2</cat><percent>68.98097</percent></prevalence><prevalence><age>79</age><sex>0</sex><cat>3</cat><percent>20.199467</percent></prevalence><prevalence><age>79</age><sex>1</sex><cat>1</cat><percent>61.454887</percent></prevalence><prevalence><age>79</age><sex>1</sex><cat>2</cat><percent>29.430565</percent></prevalence><prevalence><age>79</age><sex>1</sex><cat>3</cat><percent>9.114549</percent></prevalence><prevalence><age>80</age><sex>0</sex><cat>1</cat><percent>11.054427</percent></prevalence><prevalence><age>80</age><sex>0</sex><cat>2</cat><percent>69.01409</percent></prevalence><prevalence><age>80</age><sex>0</sex><cat>3</cat><percent>19.931479</percent></prevalence><prevalence><age>80</age><sex>1</sex><cat>1</cat><percent>62.66638</percent></prevalence><prevalence><age>80</age><sex>1</sex><cat>2</cat><percent>29.05585</percent></prevalence><prevalence><age>80</age><sex>1</sex><cat>3</cat><percent>8.277768</percent></prevalence><prevalence><age>81</age><sex>0</sex><cat>1</cat><percent>11.251705</percent></prevalence><prevalence><age>81</age><sex>0</sex><cat>2</cat><percent>69.31339</percent></prevalence><prevalence><age>81</age><sex>0</sex><cat>3</cat><percent>19.434904</percent></prevalence><prevalence><age>81</age><sex>1</sex><cat>1</cat><percent>63.533066</percent></prevalence><prevalence><age>81</age><sex>1</sex><cat>2</cat><percent>28.403055</percent></prevalence><prevalence><age>81</age><sex>1</sex><cat>3</cat><percent>8.06388</percent></prevalence><prevalence><age>82</age><sex>0</sex><cat>1</cat><percent>11.448984</percent></prevalence><prevalence><age>82</age><sex>0</sex><cat>2</cat><percent>69.612686</percent></prevalence><prevalence><age>82</age><sex>0</sex><cat>3</cat><percent>18.93833</percent></prevalence><prevalence><age>82</age><sex>1</sex><cat>1</cat><percent>64.39974</percent></prevalence><prevalence><age>82</age><sex>1</sex><cat>2</cat><percent>27.750263</percent></prevalence><prevalence><age>82</age><sex>1</sex><cat>3</cat><percent>7.8499913</percent></prevalence><prevalence><age>83</age><sex>0</sex><cat>1</cat><percent>11.646263</percent></prevalence><prevalence><age>83</age><sex>0</sex><cat>2</cat><percent>69.91198</percent></prevalence><prevalence><age>83</age><sex>0</sex><cat>3</cat><percent>18.441757</percent></prevalence><prevalence><age>83</age><sex>1</sex><cat>1</cat><percent>65.266426</percent></prevalence><prevalence><age>83</age><sex>1</sex><cat>2</cat><percent>27.097471</percent></prevalence><prevalence><age>83</age><sex>1</sex><cat>3</cat><percent>7.6361027</percent></prevalence><prevalence><age>84</age><sex>0</sex><cat>1</cat><percent>11.843541</percent></prevalence><prevalence><age>84</age><sex>0</sex><cat>2</cat><percent>70.21127</percent></prevalence><prevalence><age>84</age><sex>0</sex><cat>3</cat><percent>17.945183</percent></prevalence><prevalence><age>84</age><sex>1</sex><cat>1</cat><percent>66.13311</percent></prevalence><prevalence><age>84</age><sex>1</sex><cat>2</cat><percent>26.44468</percent></prevalence><prevalence><age>84</age><sex>1</sex><cat>3</cat><percent>7.4222145</percent></prevalence><prevalence><age>85</age><sex>0</sex><cat>1</cat><percent>12.04082</percent></prevalence><prevalence><age>85</age><sex>0</sex><cat>2</cat><percent>70.510574</percent></prevalence><prevalence><age>85</age><sex>0</sex><cat>3</cat><percent>17.448608</percent></prevalence><prevalence><age>85</age><sex>1</sex><cat>1</cat><percent>66.99979</percent></prevalence><prevalence><age>85</age><sex>1</sex><cat>2</cat><percent>25.791885</percent></prevalence><prevalence><age>85</age><sex>1</sex><cat>3</cat><percent>7.208326</percent></prevalence><prevalence><age>86</age><sex>0</sex><cat>1</cat><percent>12.238099</percent></prevalence><prevalence><age>86</age><sex>0</sex><cat>2</cat><percent>70.80987</percent></prevalence><prevalence><age>86</age><sex>0</sex><cat>3</cat><percent>16.952034</percent></prevalence><prevalence><age>86</age><sex>1</sex><cat>1</cat><percent>67.86647</percent></prevalence><prevalence><age>86</age><sex>1</sex><cat>2</cat><percent>25.139093</percent></prevalence><prevalence><age>86</age><sex>1</sex><cat>3</cat><percent>6.9944377</percent></prevalence><prevalence><age>87</age><sex>0</sex><cat>1</cat><percent>12.435377</percent></prevalence><prevalence><age>87</age><sex>0</sex><cat>2</cat><percent>71.10916</percent></prevalence><prevalence><age>87</age><sex>0</sex><cat>3</cat><percent>16.455462</percent></prevalence><prevalence><age>87</age><sex>1</sex><cat>1</cat><percent>68.73315</percent></prevalence><prevalence><age>87</age><sex>1</sex><cat>2</cat><percent>24.486301</percent></prevalence><prevalence><age>87</age><sex>1</sex><cat>3</cat><percent>6.780549</percent></prevalence><prevalence><age>88</age><sex>0</sex><cat>1</cat><percent>12.632656</percent></prevalence><prevalence><age>88</age><sex>0</sex><cat>2</cat><percent>71.408455</percent></prevalence><prevalence><age>88</age><sex>0</sex><cat>3</cat><percent>15.958887</percent></prevalence><prevalence><age>88</age><sex>1</sex><cat>1</cat><percent>69.59983</percent></prevalence><prevalence><age>88</age><sex>1</sex><cat>2</cat><percent>23.83351</percent></prevalence><prevalence><age>88</age><sex>1</sex><cat>3</cat><percent>6.566661</percent></prevalence><prevalence><age>89</age><sex>0</sex><cat>1</cat><percent>12.829935</percent></prevalence><prevalence><age>89</age><sex>0</sex><cat>2</cat><percent>71.707756</percent></prevalence><prevalence><age>89</age><sex>0</sex><cat>3</cat><percent>15.462313</percent></prevalence><prevalence><age>89</age><sex>1</sex><cat>1</cat><percent>70.466515</percent></prevalence><prevalence><age>89</age><sex>1</sex><cat>2</cat><percent>23.180717</percent></prevalence><prevalence><age>89</age><sex>1</sex><cat>3</cat><percent>6.352772</percent></prevalence><prevalence><age>90</age><sex>0</sex><cat>1</cat><percent>13.027213</percent></prevalence><prevalence><age>90</age><sex>0</sex><cat>2</cat><percent>72.00705</percent></prevalence><prevalence><age>90</age><sex>0</sex><cat>3</cat><percent>14.965739</percent></prevalence><prevalence><age>90</age><sex>1</sex><cat>1</cat><percent>71.33319</percent></prevalence><prevalence><age>90</age><sex>1</sex><cat>2</cat><percent>22.527924</percent></prevalence><prevalence><age>90</age><sex>1</sex><cat>3</cat><percent>6.138884</percent></prevalence><prevalence><age>91</age><sex>0</sex><cat>1</cat><percent>13.224492</percent></prevalence><prevalence><age>91</age><sex>0</sex><cat>2</cat><percent>72.30634</percent></prevalence><prevalence><age>91</age><sex>0</sex><cat>3</cat><percent>14.469165</percent></prevalence><prevalence><age>91</age><sex>1</sex><cat>1</cat><percent>72.199875</percent></prevalence><prevalence><age>91</age><sex>1</sex><cat>2</cat><percent>21.875132</percent></prevalence><prevalence><age>91</age><sex>1</sex><cat>3</cat><percent>5.9249954</percent></prevalence><prevalence><age>92</age><sex>0</sex><cat>1</cat><percent>13.421771</percent></prevalence><prevalence><age>92</age><sex>0</sex><cat>2</cat><percent>72.60564</percent></prevalence><prevalence><age>92</age><sex>0</sex><cat>3</cat><percent>13.972591</percent></prevalence><prevalence><age>92</age><sex>1</sex><cat>1</cat><percent>73.06655</percent></prevalence><prevalence><age>92</age><sex>1</sex><cat>2</cat><percent>21.22234</percent></prevalence><prevalence><age>92</age><sex>1</sex><cat>3</cat><percent>5.7111073</percent></prevalence><prevalence><age>93</age><sex>0</sex><cat>1</cat><percent>13.619049</percent></prevalence><prevalence><age>93</age><sex>0</sex><cat>2</cat><percent>72.90493</percent></prevalence><prevalence><age>93</age><sex>0</sex><cat>3</cat><percent>13.476017</percent></prevalence><prevalence><age>93</age><sex>1</sex><cat>1</cat><percent>73.933235</percent></prevalence><prevalence><age>93</age><sex>1</sex><cat>2</cat><percent>20.569548</percent></prevalence><prevalence><age>93</age><sex>1</sex><cat>3</cat><percent>5.4972186</percent></prevalence><prevalence><age>94</age><sex>0</sex><cat>1</cat><percent>13.816328</percent></prevalence><prevalence><age>94</age><sex>0</sex><cat>2</cat><percent>73.20423</percent></prevalence><prevalence><age>94</age><sex>0</sex><cat>3</cat><percent>12.979444</percent></prevalence><prevalence><age>94</age><sex>1</sex><cat>1</cat><percent>74.79991</percent></prevalence><prevalence><age>94</age><sex>1</sex><cat>2</cat><percent>19.916754</percent></prevalence><prevalence><age>94</age><sex>1</sex><cat>3</cat><percent>5.2833304</percent></prevalence><prevalence><age>95</age><sex>0</sex><cat>1</cat><percent>14.013607</percent></prevalence><prevalence><age>95</age><sex>0</sex><cat>2</cat><percent>73.503525</percent></prevalence><prevalence><age>95</age><sex>0</sex><cat>3</cat><percent>12.482869</percent></prevalence><prevalence><age>95</age><sex>1</sex><cat>1</cat><percent>75.666595</percent></prevalence><prevalence><age>95</age><sex>1</sex><cat>2</cat><percent>19.263962</percent></prevalence><prevalence><age>95</age><sex>1</sex><cat>3</cat><percent>5.069442</percent></prevalence></riskfactorprevalences_categorical>