<?xml version="1.0"?><riskfactorprevalences_categorical><prevalence><age>0</age><sex>0</sex><cat>1</cat><percent>100.0</percent></prevalence><prevalence><age>0</age><sex>0</sex><cat>2</cat><percent>0.0</percent></prevalence><prevalence><age>0</age><sex>0</sex><cat>3</cat><percent>0.0</percent></prevalence><prevalence><age>0</age><sex>1</sex><cat>1</cat><percent>100.0</percent></prevalence><prevalence><age>0</age><sex>1</sex><cat>2</cat><percent>0.0</percent></prevalence><prevalence><age>0</age><sex>1</sex><cat>3</cat><percent>0.0</percent></prevalence><prevalence><age>1</age><sex>0</sex><cat>1</cat><percent>100.0</percent></prevalence><prevalence><age>1</age><sex>0</sex><cat>2</cat><percent>0.0</percent></prevalence><prevalence><age>1</age><sex>0</sex><cat>3</cat><percent>0.0</percent></prevalence><prevalence><age>1</age><sex>1</sex><cat>1</cat><percent>100.0</percent></prevalence><prevalence><age>1</age><sex>1</sex><cat>2</cat><percent>0.0</percent></prevalence><prevalence><age>1</age><sex>1</sex><cat>3</cat><percent>0.0</percent></prevalence><prevalence><age>2</age><sex>0</sex><cat>1</cat><percent>100.0</percent></prevalence><prevalence><age>2</age><sex>0</sex><cat>2</cat><percent>0.0</percent></prevalence><prevalence><age>2</age><sex>0</sex><cat>3</cat><percent>0.0</percent></prevalence><prevalence><age>2</age><sex>1</sex><cat>1</cat><percent>100.0</percent></prevalence><prevalence><age>2</age><sex>1</sex><cat>2</cat><percent>0.0</percent></prevalence><prevalence><age>2</age><sex>1</sex><cat>3</cat><percent>0.0</percent></prevalence><prevalence><age>3</age><sex>0</sex><cat>1</cat><percent>100.0</percent></prevalence><prevalence><age>3</age><sex>0</sex><cat>2</cat><percent>0.0</percent></prevalence><prevalence><age>3</age><sex>0</sex><cat>3</cat><percent>0.0</percent></prevalence><prevalence><age>3</age><sex>1</sex><cat>1</cat><percent>100.0</percent></prevalence><prevalence><age>3</age><sex>1</sex><cat>2</cat><percent>0.0</percent></prevalence><prevalence><age>3</age><sex>1</sex><cat>3</cat><percent>0.0</percent></prevalence><prevalence><age>4</age><sex>0</sex><cat>1</cat><percent>100.0</percent></prevalence><prevalence><age>4</age><sex>0</sex><cat>2</cat><percent>0.0</percent></prevalence><prevalence><age>4</age><sex>0</sex><cat>3</cat><percent>0.0</percent></prevalence><prevalence><age>4</age><sex>1</sex><cat>1</cat><percent>100.0</percent></prevalence><prevalence><age>4</age><sex>1</sex><cat>2</cat><percent>0.0</percent></prevalence><prevalence><age>4</age><sex>1</sex><cat>3</cat><percent>0.0</percent></prevalence><prevalence><age>5</age><sex>0</sex><cat>1</cat><percent>100.0</percent></prevalence><prevalence><age>5</age><sex>0</sex><cat>2</cat><percent>0.0</percent></prevalence><prevalence><age>5</age><sex>0</sex><cat>3</cat><percent>0.0</percent></prevalence><prevalence><age>5</age><sex>1</sex><cat>1</cat><percent>100.0</percent></prevalence><prevalence><age>5</age><sex>1</sex><cat>2</cat><percent>0.0</percent></prevalence><prevalence><age>5</age><sex>1</sex><cat>3</cat><percent>0.0</percent></prevalence><prevalence><age>6</age><sex>0</sex><cat>1</cat><percent>100.0</percent></prevalence><prevalence><age>6</age><sex>0</sex><cat>2</cat><percent>0.0</percent></prevalence><prevalence><age>6</age><sex>0</sex><cat>3</cat><percent>0.0</percent></prevalence><prevalence><age>6</age><sex>1</sex><cat>1</cat><percent>100.0</percent></prevalence><prevalence><age>6</age><sex>1</sex><cat>2</cat><percent>0.0</percent></prevalence><prevalence><age>6</age><sex>1</sex><cat>3</cat><percent>0.0</percent></prevalence><prevalence><age>7</age><sex>0</sex><cat>1</cat><percent>100.0</percent></prevalence><prevalence><age>7</age><sex>0</sex><cat>2</cat><percent>0.0</percent></prevalence><prevalence><age>7</age><sex>0</sex><cat>3</cat><percent>0.0</percent></prevalence><prevalence><age>7</age><sex>1</sex><cat>1</cat><percent>100.0</percent></prevalence><prevalence><age>7</age><sex>1</sex><cat>2</cat><percent>0.0</percent></prevalence><prevalence><age>7</age><sex>1</sex><cat>3</cat><percent>0.0</percent></prevalence><prevalence><age>8</age><sex>0</sex><cat>1</cat><percent>100.0</percent></prevalence><prevalence><age>8</age><sex>0</sex><cat>2</cat><percent>0.0</percent></prevalence><prevalence><age>8</age><sex>0</sex><cat>3</cat><percent>0.0</percent></prevalence><prevalence><age>8</age><sex>1</sex><cat>1</cat><percent>100.0</percent></prevalence><prevalence><age>8</age><sex>1</sex><cat>2</cat><percent>0.0</percent></prevalence><prevalence><age>8</age><sex>1</sex><cat>3</cat><percent>0.0</percent></prevalence><prevalence><age>9</age><sex>0</sex><cat>1</cat><percent>100.0</percent></prevalence><prevalence><age>9</age><sex>0</sex><cat>2</cat><percent>0.0</percent></prevalence><prevalence><age>9</age><sex>0</sex><cat>3</cat><percent>0.0</percent></prevalence><prevalence><age>9</age><sex>1</sex><cat>1</cat><percent>100.0</percent></prevalence><prevalence><age>9</age><sex>1</sex><cat>2</cat><percent>0.0</percent></prevalence><prevalence><age>9</age><sex>1</sex><cat>3</cat><percent>0.0</percent></prevalence><prevalence><age>10</age><sex>0</sex><cat>1</cat><percent>100.0</percent></prevalence><prevalence><age>10</age><sex>0</sex><cat>2</cat><percent>0.0</percent></prevalence><prevalence><age>10</age><sex>0</sex><cat>3</cat><percent>0.0</percent></prevalence><prevalence><age>10</age><sex>1</sex><cat>1</cat><percent>100.0</percent></prevalence><prevalence><age>10</age><sex>1</sex><cat>2</cat><percent>0.0</percent></prevalence><prevalence><age>10</age><sex>1</sex><cat>3</cat><percent>0.0</percent></prevalence><prevalence><age>11</age><sex>0</sex><cat>1</cat><percent>100.0</percent></prevalence><prevalence><age>11</age><sex>0</sex><cat>2</cat><percent>0.0</percent></prevalence><prevalence><age>11</age><sex>0</sex><cat>3</cat><percent>0.0</percent></prevalence><prevalence><age>11</age><sex>1</sex><cat>1</cat><percent>100.0</percent></prevalence><prevalence><age>11</age><sex>1</sex><cat>2</cat><percent>0.0</percent></prevalence><prevalence><age>11</age><sex>1</sex><cat>3</cat><percent>0.0</percent></prevalence><prevalence><age>12</age><sex>0</sex><cat>1</cat><percent>100.0</percent></prevalence><prevalence><age>12</age><sex>0</sex><cat>2</cat><percent>0.0</percent></prevalence><prevalence><age>12</age><sex>0</sex><cat>3</cat><percent>0.0</percent></prevalence><prevalence><age>12</age><sex>1</sex><cat>1</cat><percent>100.0</percent></prevalence><prevalence><age>12</age><sex>1</sex><cat>2</cat><percent>0.0</percent></prevalence><prevalence><age>12</age><sex>1</sex><cat>3</cat><percent>0.0</percent></prevalence><prevalence><age>13</age><sex>0</sex><cat>1</cat><percent>100.0</percent></prevalence><prevalence><age>13</age><sex>0</sex><cat>2</cat><percent>0.0</percent></prevalence><prevalence><age>13</age><sex>0</sex><cat>3</cat><percent>0.0</percent></prevalence><prevalence><age>13</age><sex>1</sex><cat>1</cat><percent>100.0</percent></prevalence><prevalence><age>13</age><sex>1</sex><cat>2</cat><percent>0.0</percent></prevalence><prevalence><age>13</age><sex>1</sex><cat>3</cat><percent>0.0</percent></prevalence><prevalence><age>14</age><sex>0</sex><cat>1</cat><percent>100.0</percent></prevalence><prevalence><age>14</age><sex>0</sex><cat>2</cat><percent>0.0</percent></prevalence><prevalence><age>14</age><sex>0</sex><cat>3</cat><percent>0.0</percent></prevalence><prevalence><age>14</age><sex>1</sex><cat>1</cat><percent>100.0</percent></prevalence><prevalence><age>14</age><sex>1</sex><cat>2</cat><percent>0.0</percent></prevalence><prevalence><age>14</age><sex>1</sex><cat>3</cat><percent>0.0</percent></prevalence><prevalence><age>15</age><sex>0</sex><cat>1</cat><percent>100.0</percent></prevalence><prevalence><age>15</age><sex>0</sex><cat>2</cat><percent>0.0</percent></prevalence><prevalence><age>15</age><sex>0</sex><cat>3</cat><percent>0.0</percent></prevalence><prevalence><age>15</age><sex>1</sex><cat>1</cat><percent>100.0</percent></prevalence><prevalence><age>15</age><sex>1</sex><cat>2</cat><percent>0.0</percent></prevalence><prevalence><age>15</age><sex>1</sex><cat>3</cat><percent>0.0</percent></prevalence><prevalence><age>16</age><sex>0</sex><cat>1</cat><percent>83.139534</percent></prevalence><prevalence><age>16</age><sex>0</sex><cat>2</cat><percent>8.72093</percent></prevalence><prevalence><age>16</age><sex>0</sex><cat>3</cat><percent>8.139535</percent></prevalence><prevalence><age>16</age><sex>1</sex><cat>1</cat><percent>76.704544</percent></prevalence><prevalence><age>16</age><sex>1</sex><cat>2</cat><percent>6.534091</percent></prevalence><prevalence><age>16</age><sex>1</sex><cat>3</cat><percent>16.761364</percent></prevalence><prevalence><age>17</age><sex>0</sex><cat>1</cat><percent>79.485275</percent></prevalence><prevalence><age>17</age><sex>0</sex><cat>2</cat><percent>10.502153</percent></prevalence><prevalence><age>17</age><sex>0</sex><cat>3</cat><percent>10.012574</percent></prevalence><prevalence><age>17</age><sex>1</sex><cat>1</cat><percent>73.58954</percent></prevalence><prevalence><age>17</age><sex>1</sex><cat>2</cat><percent>8.908642</percent></prevalence><prevalence><age>17</age><sex>1</sex><cat>3</cat><percent>17.501818</percent></prevalence><prevalence><age>18</age><sex>0</sex><cat>1</cat><percent>75.83101</percent></prevalence><prevalence><age>18</age><sex>0</sex><cat>2</cat><percent>12.283378</percent></prevalence><prevalence><age>18</age><sex>0</sex><cat>3</cat><percent>11.885613</percent></prevalence><prevalence><age>18</age><sex>1</sex><cat>1</cat><percent>70.47453</percent></prevalence><prevalence><age>18</age><sex>1</sex><cat>2</cat><percent>11.283193</percent></prevalence><prevalence><age>18</age><sex>1</sex><cat>3</cat><percent>18.242273</percent></prevalence><prevalence><age>19</age><sex>0</sex><cat>1</cat><percent>72.17675</percent></prevalence><prevalence><age>19</age><sex>0</sex><cat>2</cat><percent>14.064601</percent></prevalence><prevalence><age>19</age><sex>0</sex><cat>3</cat><percent>13.758653</percent></prevalence><prevalence><age>19</age><sex>1</sex><cat>1</cat><percent>67.35953</percent></prevalence><prevalence><age>19</age><sex>1</sex><cat>2</cat><percent>13.657744</percent></prevalence><prevalence><age>19</age><sex>1</sex><cat>3</cat><percent>18.982729</percent></prevalence><prevalence><age>20</age><sex>0</sex><cat>1</cat><percent>68.522484</percent></prevalence><prevalence><age>20</age><sex>0</sex><cat>2</cat><percent>15.845824</percent></prevalence><prevalence><age>20</age><sex>0</sex><cat>3</cat><percent>15.631692</percent></prevalence><prevalence><age>20</age><sex>1</sex><cat>1</cat><percent>64.24452</percent></prevalence><prevalence><age>20</age><sex>1</sex><cat>2</cat><percent>16.032295</percent></prevalence><prevalence><age>20</age><sex>1</sex><cat>3</cat><percent>19.723183</percent></prevalence><prevalence><age>21</age><sex>0</sex><cat>1</cat><percent>67.74131</percent></prevalence><prevalence><age>21</age><sex>0</sex><cat>2</cat><percent>16.660057</percent></prevalence><prevalence><age>21</age><sex>0</sex><cat>3</cat><percent>15.598631</percent></prevalence><prevalence><age>21</age><sex>1</sex><cat>1</cat><percent>63.318115</percent></prevalence><prevalence><age>21</age><sex>1</sex><cat>2</cat><percent>16.821644</percent></prevalence><prevalence><age>21</age><sex>1</sex><cat>3</cat><percent>19.86024</percent></prevalence><prevalence><age>22</age><sex>0</sex><cat>1</cat><percent>66.96014</percent></prevalence><prevalence><age>22</age><sex>0</sex><cat>2</cat><percent>17.47429</percent></prevalence><prevalence><age>22</age><sex>0</sex><cat>3</cat><percent>15.565571</percent></prevalence><prevalence><age>22</age><sex>1</sex><cat>1</cat><percent>62.391712</percent></prevalence><prevalence><age>22</age><sex>1</sex><cat>2</cat><percent>17.610992</percent></prevalence><prevalence><age>22</age><sex>1</sex><cat>3</cat><percent>19.997297</percent></prevalence><prevalence><age>23</age><sex>0</sex><cat>1</cat><percent>66.17897</percent></prevalence><prevalence><age>23</age><sex>0</sex><cat>2</cat><percent>18.288523</percent></prevalence><prevalence><age>23</age><sex>0</sex><cat>3</cat><percent>15.53251</percent></prevalence><prevalence><age>23</age><sex>1</sex><cat>1</cat><percent>61.465305</percent></prevalence><prevalence><age>23</age><sex>1</sex><cat>2</cat><percent>18.400341</percent></prevalence><prevalence><age>23</age><sex>1</sex><cat>3</cat><percent>20.134354</percent></prevalence><prevalence><age>24</age><sex>0</sex><cat>1</cat><percent>65.3978</percent></prevalence><prevalence><age>24</age><sex>0</sex><cat>2</cat><percent>19.102757</percent></prevalence><prevalence><age>24</age><sex>0</sex><cat>3</cat><percent>15.49945</percent></prevalence><prevalence><age>24</age><sex>1</sex><cat>1</cat><percent>60.5389</percent></prevalence><prevalence><age>24</age><sex>1</sex><cat>2</cat><percent>19.18969</percent></prevalence><prevalence><age>24</age><sex>1</sex><cat>3</cat><percent>20.27141</percent></prevalence><prevalence><age>25</age><sex>0</sex><cat>1</cat><percent>64.61662</percent></prevalence><prevalence><age>25</age><sex>0</sex><cat>2</cat><percent>19.916988</percent></prevalence><prevalence><age>25</age><sex>0</sex><cat>3</cat><percent>15.466389</percent></prevalence><prevalence><age>25</age><sex>1</sex><cat>1</cat><percent>59.612495</percent></prevalence><prevalence><age>25</age><sex>1</sex><cat>2</cat><percent>19.979038</percent></prevalence><prevalence><age>25</age><sex>1</sex><cat>3</cat><percent>20.408466</percent></prevalence><prevalence><age>26</age><sex>0</sex><cat>1</cat><percent>63.83545</percent></prevalence><prevalence><age>26</age><sex>0</sex><cat>2</cat><percent>20.731222</percent></prevalence><prevalence><age>26</age><sex>0</sex><cat>3</cat><percent>15.433329</percent></prevalence><prevalence><age>26</age><sex>1</sex><cat>1</cat><percent>58.68609</percent></prevalence><prevalence><age>26</age><sex>1</sex><cat>2</cat><percent>20.768387</percent></prevalence><prevalence><age>26</age><sex>1</sex><cat>3</cat><percent>20.545523</percent></prevalence><prevalence><age>27</age><sex>0</sex><cat>1</cat><percent>63.054276</percent></prevalence><prevalence><age>27</age><sex>0</sex><cat>2</cat><percent>21.545456</percent></prevalence><prevalence><age>27</age><sex>0</sex><cat>3</cat><percent>15.400268</percent></prevalence><prevalence><age>27</age><sex>1</sex><cat>1</cat><percent>57.759686</percent></prevalence><prevalence><age>27</age><sex>1</sex><cat>2</cat><percent>21.557735</percent></prevalence><prevalence><age>27</age><sex>1</sex><cat>3</cat><percent>20.68258</percent></prevalence><prevalence><age>28</age><sex>0</sex><cat>1</cat><percent>62.273106</percent></prevalence><prevalence><age>28</age><sex>0</sex><cat>2</cat><percent>22.359688</percent></prevalence><prevalence><age>28</age><sex>0</sex><cat>3</cat><percent>15.367207</percent></prevalence><prevalence><age>28</age><sex>1</sex><cat>1</cat><percent>56.83328</percent></prevalence><prevalence><age>28</age><sex>1</sex><cat>2</cat><percent>22.347084</percent></prevalence><prevalence><age>28</age><sex>1</sex><cat>3</cat><percent>20.819637</percent></prevalence><prevalence><age>29</age><sex>0</sex><cat>1</cat><percent>61.491932</percent></prevalence><prevalence><age>29</age><sex>0</sex><cat>2</cat><percent>23.173922</percent></prevalence><prevalence><age>29</age><sex>0</sex><cat>3</cat><percent>15.3341465</percent></prevalence><prevalence><age>29</age><sex>1</sex><cat>1</cat><percent>55.906876</percent></prevalence><prevalence><age>29</age><sex>1</sex><cat>2</cat><percent>23.136433</percent></prevalence><prevalence><age>29</age><sex>1</sex><cat>3</cat><percent>20.956694</percent></prevalence><prevalence><age>30</age><sex>0</sex><cat>1</cat><percent>60.71076</percent></prevalence><prevalence><age>30</age><sex>0</sex><cat>2</cat><percent>23.988153</percent></prevalence><prevalence><age>30</age><sex>0</sex><cat>3</cat><percent>15.301085</percent></prevalence><prevalence><age>30</age><sex>1</sex><cat>1</cat><percent>54.98047</percent></prevalence><prevalence><age>30</age><sex>1</sex><cat>2</cat><percent>23.925781</percent></prevalence><prevalence><age>30</age><sex>1</sex><cat>3</cat><percent>21.09375</percent></prevalence><prevalence><age>31</age><sex>0</sex><cat>1</cat><percent>59.030987</percent></prevalence><prevalence><age>31</age><sex>0</sex><cat>2</cat><percent>25.165426</percent></prevalence><prevalence><age>31</age><sex>0</sex><cat>3</cat><percent>15.803586</percent></prevalence><prevalence><age>31</age><sex>1</sex><cat>1</cat><percent>53.742058</percent></prevalence><prevalence><age>31</age><sex>1</sex><cat>2</cat><percent>24.880058</percent></prevalence><prevalence><age>31</age><sex>1</sex><cat>3</cat><percent>21.377884</percent></prevalence><prevalence><age>32</age><sex>0</sex><cat>1</cat><percent>57.351215</percent></prevalence><prevalence><age>32</age><sex>0</sex><cat>2</cat><percent>26.342697</percent></prevalence><prevalence><age>32</age><sex>0</sex><cat>3</cat><percent>16.306086</percent></prevalence><prevalence><age>32</age><sex>1</sex><cat>1</cat><percent>52.503643</percent></prevalence><prevalence><age>32</age><sex>1</sex><cat>2</cat><percent>25.834337</percent></prevalence><prevalence><age>32</age><sex>1</sex><cat>3</cat><percent>21.662018</percent></prevalence><prevalence><age>33</age><sex>0</sex><cat>1</cat><percent>55.671444</percent></prevalence><prevalence><age>33</age><sex>0</sex><cat>2</cat><percent>27.519968</percent></prevalence><prevalence><age>33</age><sex>0</sex><cat>3</cat><percent>16.808586</percent></prevalence><prevalence><age>33</age><sex>1</sex><cat>1</cat><percent>51.265232</percent></prevalence><prevalence><age>33</age><sex>1</sex><cat>2</cat><percent>26.788614</percent></prevalence><prevalence><age>33</age><sex>1</sex><cat>3</cat><percent>21.946152</percent></prevalence><prevalence><age>34</age><sex>0</sex><cat>1</cat><percent>53.991673</percent></prevalence><prevalence><age>34</age><sex>0</sex><cat>2</cat><percent>28.69724</percent></prevalence><prevalence><age>34</age><sex>0</sex><cat>3</cat><percent>17.311087</percent></prevalence><prevalence><age>34</age><sex>1</sex><cat>1</cat><percent>50.02682</percent></prevalence><prevalence><age>34</age><sex>1</sex><cat>2</cat><percent>27.742893</percent></prevalence><prevalence><age>34</age><sex>1</sex><cat>3</cat><percent>22.230286</percent></prevalence><prevalence><age>35</age><sex>0</sex><cat>1</cat><percent>52.3119</percent></prevalence><prevalence><age>35</age><sex>0</sex><cat>2</cat><percent>29.874512</percent></prevalence><prevalence><age>35</age><sex>0</sex><cat>3</cat><percent>17.813587</percent></prevalence><prevalence><age>35</age><sex>1</sex><cat>1</cat><percent>48.78841</percent></prevalence><prevalence><age>35</age><sex>1</sex><cat>2</cat><percent>28.69717</percent></prevalence><prevalence><age>35</age><sex>1</sex><cat>3</cat><percent>22.514421</percent></prevalence><prevalence><age>36</age><sex>0</sex><cat>1</cat><percent>50.63213</percent></prevalence><prevalence><age>36</age><sex>0</sex><cat>2</cat><percent>31.051783</percent></prevalence><prevalence><age>36</age><sex>0</sex><cat>3</cat><percent>18.316086</percent></prevalence><prevalence><age>36</age><sex>1</sex><cat>1</cat><percent>47.549995</percent></prevalence><prevalence><age>36</age><sex>1</sex><cat>2</cat><percent>29.65145</percent></prevalence><prevalence><age>36</age><sex>1</sex><cat>3</cat><percent>22.798555</percent></prevalence><prevalence><age>37</age><sex>0</sex><cat>1</cat><percent>48.95236</percent></prevalence><prevalence><age>37</age><sex>0</sex><cat>2</cat><percent>32.229053</percent></prevalence><prevalence><age>37</age><sex>0</sex><cat>3</cat><percent>18.818586</percent></prevalence><prevalence><age>37</age><sex>1</sex><cat>1</cat><percent>46.311584</percent></prevalence><prevalence><age>37</age><sex>1</sex><cat>2</cat><percent>30.605726</percent></prevalence><prevalence><age>37</age><sex>1</sex><cat>3</cat><percent>23.08269</percent></prevalence><prevalence><age>38</age><sex>0</sex><cat>1</cat><percent>47.272587</percent></prevalence><prevalence><age>38</age><sex>0</sex><cat>2</cat><percent>33.406326</percent></prevalence><prevalence><age>38</age><sex>0</sex><cat>3</cat><percent>19.321087</percent></prevalence><prevalence><age>38</age><sex>1</sex><cat>1</cat><percent>45.073174</percent></prevalence><prevalence><age>38</age><sex>1</sex><cat>2</cat><percent>31.560003</percent></prevalence><prevalence><age>38</age><sex>1</sex><cat>3</cat><percent>23.366823</percent></prevalence><prevalence><age>39</age><sex>0</sex><cat>1</cat><percent>45.592815</percent></prevalence><prevalence><age>39</age><sex>0</sex><cat>2</cat><percent>34.5836</percent></prevalence><prevalence><age>39</age><sex>0</sex><cat>3</cat><percent>19.823587</percent></prevalence><prevalence><age>39</age><sex>1</sex><cat>1</cat><percent>43.834763</percent></prevalence><prevalence><age>39</age><sex>1</sex><cat>2</cat><percent>32.514282</percent></prevalence><prevalence><age>39</age><sex>1</sex><cat>3</cat><percent>23.650957</percent></prevalence><prevalence><age>40</age><sex>0</sex><cat>1</cat><percent>43.913044</percent></prevalence><prevalence><age>40</age><sex>0</sex><cat>2</cat><percent>35.760868</percent></prevalence><prevalence><age>40</age><sex>0</sex><cat>3</cat><percent>20.326088</percent></prevalence><prevalence><age>40</age><sex>1</sex><cat>1</cat><percent>42.596348</percent></prevalence><prevalence><age>40</age><sex>1</sex><cat>2</cat><percent>33.46856</percent></prevalence><prevalence><age>40</age><sex>1</sex><cat>3</cat><percent>23.935091</percent></prevalence><prevalence><age>41</age><sex>0</sex><cat>1</cat><percent>42.500042</percent></prevalence><prevalence><age>41</age><sex>0</sex><cat>2</cat><percent>36.819893</percent></prevalence><prevalence><age>41</age><sex>0</sex><cat>3</cat><percent>20.680065</percent></prevalence><prevalence><age>41</age><sex>1</sex><cat>1</cat><percent>42.427624</percent></prevalence><prevalence><age>41</age><sex>1</sex><cat>2</cat><percent>33.180416</percent></prevalence><prevalence><age>41</age><sex>1</sex><cat>3</cat><percent>24.39196</percent></prevalence><prevalence><age>42</age><sex>0</sex><cat>1</cat><percent>41.087044</percent></prevalence><prevalence><age>42</age><sex>0</sex><cat>2</cat><percent>37.878914</percent></prevalence><prevalence><age>42</age><sex>0</sex><cat>3</cat><percent>21.034044</percent></prevalence><prevalence><age>42</age><sex>1</sex><cat>1</cat><percent>42.258896</percent></prevalence><prevalence><age>42</age><sex>1</sex><cat>2</cat><percent>32.892273</percent></prevalence><prevalence><age>42</age><sex>1</sex><cat>3</cat><percent>24.848831</percent></prevalence><prevalence><age>43</age><sex>0</sex><cat>1</cat><percent>39.67404</percent></prevalence><prevalence><age>43</age><sex>0</sex><cat>2</cat><percent>38.937935</percent></prevalence><prevalence><age>43</age><sex>0</sex><cat>3</cat><percent>21.388023</percent></prevalence><prevalence><age>43</age><sex>1</sex><cat>1</cat><percent>42.09017</percent></prevalence><prevalence><age>43</age><sex>1</sex><cat>2</cat><percent>32.60413</percent></prevalence><prevalence><age>43</age><sex>1</sex><cat>3</cat><percent>25.3057</percent></prevalence><prevalence><age>44</age><sex>0</sex><cat>1</cat><percent>38.26104</percent></prevalence><prevalence><age>44</age><sex>0</sex><cat>2</cat><percent>39.996956</percent></prevalence><prevalence><age>44</age><sex>0</sex><cat>3</cat><percent>21.742002</percent></prevalence><prevalence><age>44</age><sex>1</sex><cat>1</cat><percent>41.921444</percent></prevalence><prevalence><age>44</age><sex>1</sex><cat>2</cat><percent>32.315983</percent></prevalence><prevalence><age>44</age><sex>1</sex><cat>3</cat><percent>25.76257</percent></prevalence><prevalence><age>45</age><sex>0</sex><cat>1</cat><percent>36.84804</percent></prevalence><prevalence><age>45</age><sex>0</sex><cat>2</cat><percent>41.055977</percent></prevalence><prevalence><age>45</age><sex>0</sex><cat>3</cat><percent>22.095982</percent></prevalence><prevalence><age>45</age><sex>1</sex><cat>1</cat><percent>41.75272</percent></prevalence><prevalence><age>45</age><sex>1</sex><cat>2</cat><percent>32.02784</percent></prevalence><prevalence><age>45</age><sex>1</sex><cat>3</cat><percent>26.21944</percent></prevalence><prevalence><age>46</age><sex>0</sex><cat>1</cat><percent>35.43504</percent></prevalence><prevalence><age>46</age><sex>0</sex><cat>2</cat><percent>42.114998</percent></prevalence><prevalence><age>46</age><sex>0</sex><cat>3</cat><percent>22.44996</percent></prevalence><prevalence><age>46</age><sex>1</sex><cat>1</cat><percent>41.583996</percent></prevalence><prevalence><age>46</age><sex>1</sex><cat>2</cat><percent>31.739697</percent></prevalence><prevalence><age>46</age><sex>1</sex><cat>3</cat><percent>26.67631</percent></prevalence><prevalence><age>47</age><sex>0</sex><cat>1</cat><percent>34.022038</percent></prevalence><prevalence><age>47</age><sex>0</sex><cat>2</cat><percent>43.17402</percent></prevalence><prevalence><age>47</age><sex>0</sex><cat>3</cat><percent>22.80394</percent></prevalence><prevalence><age>47</age><sex>1</sex><cat>1</cat><percent>41.415268</percent></prevalence><prevalence><age>47</age><sex>1</sex><cat>2</cat><percent>31.451553</percent></prevalence><prevalence><age>47</age><sex>1</sex><cat>3</cat><percent>27.133179</percent></prevalence><prevalence><age>48</age><sex>0</sex><cat>1</cat><percent>32.60904</percent></prevalence><prevalence><age>48</age><sex>0</sex><cat>2</cat><percent>44.233044</percent></prevalence><prevalence><age>48</age><sex>0</sex><cat>3</cat><percent>23.157919</percent></prevalence><prevalence><age>48</age><sex>1</sex><cat>1</cat><percent>41.246544</percent></prevalence><prevalence><age>48</age><sex>1</sex><cat>2</cat><percent>31.163408</percent></prevalence><prevalence><age>48</age><sex>1</sex><cat>3</cat><percent>27.590048</percent></prevalence><prevalence><age>49</age><sex>0</sex><cat>1</cat><percent>31.196037</percent></prevalence><prevalence><age>49</age><sex>0</sex><cat>2</cat><percent>45.292065</percent></prevalence><prevalence><age>49</age><sex>0</sex><cat>3</cat><percent>23.511898</percent></prevalence><prevalence><age>49</age><sex>1</sex><cat>1</cat><percent>41.077816</percent></prevalence><prevalence><age>49</age><sex>1</sex><cat>2</cat><percent>30.875265</percent></prevalence><prevalence><age>49</age><sex>1</sex><cat>3</cat><percent>28.046919</percent></prevalence><prevalence><age>50</age><sex>0</sex><cat>1</cat><percent>29.783037</percent></prevalence><prevalence><age>50</age><sex>0</sex><cat>2</cat><percent>46.351086</percent></prevalence><prevalence><age>50</age><sex>0</sex><cat>3</cat><percent>23.865877</percent></prevalence><prevalence><age>50</age><sex>1</sex><cat>1</cat><percent>40.909092</percent></prevalence><prevalence><age>50</age><sex>1</sex><cat>2</cat><percent>30.587122</percent></prevalence><prevalence><age>50</age><sex>1</sex><cat>3</cat><percent>28.503788</percent></prevalence><prevalence><age>51</age><sex>0</sex><cat>1</cat><percent>30.153717</percent></prevalence><prevalence><age>51</age><sex>0</sex><cat>2</cat><percent>46.536007</percent></prevalence><prevalence><age>51</age><sex>0</sex><cat>3</cat><percent>23.310276</percent></prevalence><prevalence><age>51</age><sex>1</sex><cat>1</cat><percent>41.881653</percent></prevalence><prevalence><age>51</age><sex>1</sex><cat>2</cat><percent>30.50443</percent></prevalence><prevalence><age>51</age><sex>1</sex><cat>3</cat><percent>27.613916</percent></prevalence><prevalence><age>52</age><sex>0</sex><cat>1</cat><percent>30.524395</percent></prevalence><prevalence><age>52</age><sex>0</sex><cat>2</cat><percent>46.720932</percent></prevalence><prevalence><age>52</age><sex>0</sex><cat>3</cat><percent>22.754675</percent></prevalence><prevalence><age>52</age><sex>1</sex><cat>1</cat><percent>42.854214</percent></prevalence><prevalence><age>52</age><sex>1</sex><cat>2</cat><percent>30.421741</percent></prevalence><prevalence><age>52</age><sex>1</sex><cat>3</cat><percent>26.724047</percent></prevalence><prevalence><age>53</age><sex>0</sex><cat>1</cat><percent>30.895075</percent></prevalence><prevalence><age>53</age><sex>0</sex><cat>2</cat><percent>46.905853</percent></prevalence><prevalence><age>53</age><sex>0</sex><cat>3</cat><percent>22.199072</percent></prevalence><prevalence><age>53</age><sex>1</sex><cat>1</cat><percent>43.826775</percent></prevalence><prevalence><age>53</age><sex>1</sex><cat>2</cat><percent>30.339052</percent></prevalence><prevalence><age>53</age><sex>1</sex><cat>3</cat><percent>25.834175</percent></prevalence><prevalence><age>54</age><sex>0</sex><cat>1</cat><percent>31.265753</percent></prevalence><prevalence><age>54</age><sex>0</sex><cat>2</cat><percent>47.090775</percent></prevalence><prevalence><age>54</age><sex>0</sex><cat>3</cat><percent>21.64347</percent></prevalence><prevalence><age>54</age><sex>1</sex><cat>1</cat><percent>44.79933</percent></prevalence><prevalence><age>54</age><sex>1</sex><cat>2</cat><percent>30.256363</percent></prevalence><prevalence><age>54</age><sex>1</sex><cat>3</cat><percent>24.944304</percent></prevalence><prevalence><age>55</age><sex>0</sex><cat>1</cat><percent>31.636433</percent></prevalence><prevalence><age>55</age><sex>0</sex><cat>2</cat><percent>47.2757</percent></prevalence><prevalence><age>55</age><sex>0</sex><cat>3</cat><percent>21.087868</percent></prevalence><prevalence><age>55</age><sex>1</sex><cat>1</cat><percent>45.771893</percent></prevalence><prevalence><age>55</age><sex>1</sex><cat>2</cat><percent>30.173674</percent></prevalence><prevalence><age>55</age><sex>1</sex><cat>3</cat><percent>24.054432</percent></prevalence><prevalence><age>56</age><sex>0</sex><cat>1</cat><percent>32.00711</percent></prevalence><prevalence><age>56</age><sex>0</sex><cat>2</cat><percent>47.46062</percent></prevalence><prevalence><age>56</age><sex>0</sex><cat>3</cat><percent>20.532267</percent></prevalence><prevalence><age>56</age><sex>1</sex><cat>1</cat><percent>46.744453</percent></prevalence><prevalence><age>56</age><sex>1</sex><cat>2</cat><percent>30.090984</percent></prevalence><prevalence><age>56</age><sex>1</sex><cat>3</cat><percent>23.164562</percent></prevalence><prevalence><age>57</age><sex>0</sex><cat>1</cat><percent>32.377792</percent></prevalence><prevalence><age>57</age><sex>0</sex><cat>2</cat><percent>47.645546</percent></prevalence><prevalence><age>57</age><sex>0</sex><cat>3</cat><percent>19.976665</percent></prevalence><prevalence><age>57</age><sex>1</sex><cat>1</cat><percent>47.717014</percent></prevalence><prevalence><age>57</age><sex>1</sex><cat>2</cat><percent>30.008295</percent></prevalence><prevalence><age>57</age><sex>1</sex><cat>3</cat><percent>22.27469</percent></prevalence><prevalence><age>58</age><sex>0</sex><cat>1</cat><percent>32.74847</percent></prevalence><prevalence><age>58</age><sex>0</sex><cat>2</cat><percent>47.830467</percent></prevalence><prevalence><age>58</age><sex>0</sex><cat>3</cat><percent>19.421062</percent></prevalence><prevalence><age>58</age><sex>1</sex><cat>1</cat><percent>48.689575</percent></prevalence><prevalence><age>58</age><sex>1</sex><cat>2</cat><percent>29.925604</percent></prevalence><prevalence><age>58</age><sex>1</sex><cat>3</cat><percent>21.384819</percent></prevalence><prevalence><age>59</age><sex>0</sex><cat>1</cat><percent>33.11915</percent></prevalence><prevalence><age>59</age><sex>0</sex><cat>2</cat><percent>48.01539</percent></prevalence><prevalence><age>59</age><sex>0</sex><cat>3</cat><percent>18.865461</percent></prevalence><prevalence><age>59</age><sex>1</sex><cat>1</cat><percent>49.662136</percent></prevalence><prevalence><age>59</age><sex>1</sex><cat>2</cat><percent>29.842915</percent></prevalence><prevalence><age>59</age><sex>1</sex><cat>3</cat><percent>20.49495</percent></prevalence><prevalence><age>60</age><sex>0</sex><cat>1</cat><percent>33.489826</percent></prevalence><prevalence><age>60</age><sex>0</sex><cat>2</cat><percent>48.200314</percent></prevalence><prevalence><age>60</age><sex>0</sex><cat>3</cat><percent>18.309858</percent></prevalence><prevalence><age>60</age><sex>1</sex><cat>1</cat><percent>50.634697</percent></prevalence><prevalence><age>60</age><sex>1</sex><cat>2</cat><percent>29.760225</percent></prevalence><prevalence><age>60</age><sex>1</sex><cat>3</cat><percent>19.605078</percent></prevalence><prevalence><age>61</age><sex>0</sex><cat>1</cat><percent>33.30751</percent></prevalence><prevalence><age>61</age><sex>0</sex><cat>2</cat><percent>49.067783</percent></prevalence><prevalence><age>61</age><sex>0</sex><cat>3</cat><percent>17.624706</percent></prevalence><prevalence><age>61</age><sex>1</sex><cat>1</cat><percent>51.933327</percent></prevalence><prevalence><age>61</age><sex>1</sex><cat>2</cat><percent>29.389956</percent></prevalence><prevalence><age>61</age><sex>1</sex><cat>3</cat><percent>18.676718</percent></prevalence><prevalence><age>62</age><sex>0</sex><cat>1</cat><percent>33.125195</percent></prevalence><prevalence><age>62</age><sex>0</sex><cat>2</cat><percent>49.93525</percent></prevalence><prevalence><age>62</age><sex>0</sex><cat>3</cat><percent>16.939554</percent></prevalence><prevalence><age>62</age><sex>1</sex><cat>1</cat><percent>53.231953</percent></prevalence><prevalence><age>62</age><sex>1</sex><cat>2</cat><percent>29.019686</percent></prevalence><prevalence><age>62</age><sex>1</sex><cat>3</cat><percent>17.74836</percent></prevalence><prevalence><age>63</age><sex>0</sex><cat>1</cat><percent>32.94288</percent></prevalence><prevalence><age>63</age><sex>0</sex><cat>2</cat><percent>50.80272</percent></prevalence><prevalence><age>63</age><sex>0</sex><cat>3</cat><percent>16.254402</percent></prevalence><prevalence><age>63</age><sex>1</sex><cat>1</cat><percent>54.530582</percent></prevalence><prevalence><age>63</age><sex>1</sex><cat>2</cat><percent>28.649416</percent></prevalence><prevalence><age>63</age><sex>1</sex><cat>3</cat><percent>16.820002</percent></prevalence><prevalence><age>64</age><sex>0</sex><cat>1</cat><percent>32.760563</percent></prevalence><prevalence><age>64</age><sex>0</sex><cat>2</cat><percent>51.67019</percent></prevalence><prevalence><age>64</age><sex>0</sex><cat>3</cat><percent>15.569249</percent></prevalence><prevalence><age>64</age><sex>1</sex><cat>1</cat><percent>55.829212</percent></prevalence><prevalence><age>64</age><sex>1</sex><cat>2</cat><percent>28.279148</percent></prevalence><prevalence><age>64</age><sex>1</sex><cat>3</cat><percent>15.891643</percent></prevalence><prevalence><age>65</age><sex>0</sex><cat>1</cat><percent>32.578247</percent></prevalence><prevalence><age>65</age><sex>0</sex><cat>2</cat><percent>52.537655</percent></prevalence><prevalence><age>65</age><sex>0</sex><cat>3</cat><percent>14.884096</percent></prevalence><prevalence><age>65</age><sex>1</sex><cat>1</cat><percent>57.12784</percent></prevalence><prevalence><age>65</age><sex>1</sex><cat>2</cat><percent>27.908878</percent></prevalence><prevalence><age>65</age><sex>1</sex><cat>3</cat><percent>14.963284</percent></prevalence><prevalence><age>66</age><sex>0</sex><cat>1</cat><percent>32.39593</percent></prevalence><prevalence><age>66</age><sex>0</sex><cat>2</cat><percent>53.405125</percent></prevalence><prevalence><age>66</age><sex>0</sex><cat>3</cat><percent>14.198944</percent></prevalence><prevalence><age>66</age><sex>1</sex><cat>1</cat><percent>58.426468</percent></prevalence><prevalence><age>66</age><sex>1</sex><cat>2</cat><percent>27.538609</percent></prevalence><prevalence><age>66</age><sex>1</sex><cat>3</cat><percent>14.0349245</percent></prevalence><prevalence><age>67</age><sex>0</sex><cat>1</cat><percent>32.213615</percent></prevalence><prevalence><age>67</age><sex>0</sex><cat>2</cat><percent>54.272594</percent></prevalence><prevalence><age>67</age><sex>0</sex><cat>3</cat><percent>13.513791</percent></prevalence><prevalence><age>67</age><sex>1</sex><cat>1</cat><percent>59.725098</percent></prevalence><prevalence><age>67</age><sex>1</sex><cat>2</cat><percent>27.168339</percent></prevalence><prevalence><age>67</age><sex>1</sex><cat>3</cat><percent>13.106565</percent></prevalence><prevalence><age>68</age><sex>0</sex><cat>1</cat><percent>32.0313</percent></prevalence><prevalence><age>68</age><sex>0</sex><cat>2</cat><percent>55.140064</percent></prevalence><prevalence><age>68</age><sex>0</sex><cat>3</cat><percent>12.828638</percent></prevalence><prevalence><age>68</age><sex>1</sex><cat>1</cat><percent>61.023724</percent></prevalence><prevalence><age>68</age><sex>1</sex><cat>2</cat><percent>26.798069</percent></prevalence><prevalence><age>68</age><sex>1</sex><cat>3</cat><percent>12.178206</percent></prevalence><prevalence><age>69</age><sex>0</sex><cat>1</cat><percent>31.848982</percent></prevalence><prevalence><age>69</age><sex>0</sex><cat>2</cat><percent>56.00753</percent></prevalence><prevalence><age>69</age><sex>0</sex><cat>3</cat><percent>12.143486</percent></prevalence><prevalence><age>69</age><sex>1</sex><cat>1</cat><percent>62.322353</percent></prevalence><prevalence><age>69</age><sex>1</sex><cat>2</cat><percent>26.4278</percent></prevalence><prevalence><age>69</age><sex>1</sex><cat>3</cat><percent>11.249848</percent></prevalence><prevalence><age>70</age><sex>0</sex><cat>1</cat><percent>31.666666</percent></prevalence><prevalence><age>70</age><sex>0</sex><cat>2</cat><percent>56.875</percent></prevalence><prevalence><age>70</age><sex>0</sex><cat>3</cat><percent>11.458333</percent></prevalence><prevalence><age>70</age><sex>1</sex><cat>1</cat><percent>63.620983</percent></prevalence><prevalence><age>70</age><sex>1</sex><cat>2</cat><percent>26.05753</percent></prevalence><prevalence><age>70</age><sex>1</sex><cat>3</cat><percent>10.321489</percent></prevalence><prevalence><age>71</age><sex>0</sex><cat>1</cat><percent>32.839622</percent></prevalence><prevalence><age>71</age><sex>0</sex><cat>2</cat><percent>56.407627</percent></prevalence><prevalence><age>71</age><sex>0</sex><cat>3</cat><percent>10.752751</percent></prevalence><prevalence><age>71</age><sex>1</sex><cat>1</cat><percent>65.03666</percent></prevalence><prevalence><age>71</age><sex>1</sex><cat>2</cat><percent>25.161179</percent></prevalence><prevalence><age>71</age><sex>1</sex><cat>3</cat><percent>9.80216</percent></prevalence><prevalence><age>72</age><sex>0</sex><cat>1</cat><percent>34.012577</percent></prevalence><prevalence><age>72</age><sex>0</sex><cat>2</cat><percent>55.94025</percent></prevalence><prevalence><age>72</age><sex>0</sex><cat>3</cat><percent>10.04717</percent></prevalence><prevalence><age>72</age><sex>1</sex><cat>1</cat><percent>66.45234</percent></prevalence><prevalence><age>72</age><sex>1</sex><cat>2</cat><percent>24.264828</percent></prevalence><prevalence><age>72</age><sex>1</sex><cat>3</cat><percent>9.282832</percent></prevalence><prevalence><age>73</age><sex>0</sex><cat>1</cat><percent>35.185535</percent></prevalence><prevalence><age>73</age><sex>0</sex><cat>2</cat><percent>55.472878</percent></prevalence><prevalence><age>73</age><sex>0</sex><cat>3</cat><percent>9.341588</percent></prevalence><prevalence><age>73</age><sex>1</sex><cat>1</cat><percent>67.86802</percent></prevalence><prevalence><age>73</age><sex>1</sex><cat>2</cat><percent>23.368475</percent></prevalence><prevalence><age>73</age><sex>1</sex><cat>3</cat><percent>8.763504</percent></prevalence><prevalence><age>74</age><sex>0</sex><cat>1</cat><percent>36.35849</percent></prevalence><prevalence><age>74</age><sex>0</sex><cat>2</cat><percent>55.005505</percent></prevalence><prevalence><age>74</age><sex>0</sex><cat>3</cat><percent>8.636006</percent></prevalence><prevalence><age>74</age><sex>1</sex><cat>1</cat><percent>69.2837</percent></prevalence><prevalence><age>74</age><sex>1</sex><cat>2</cat><percent>22.472124</percent></prevalence><prevalence><age>74</age><sex>1</sex><cat>3</cat><percent>8.244176</percent></prevalence><prevalence><age>75</age><sex>0</sex><cat>1</cat><percent>37.53145</percent></prevalence><prevalence><age>75</age><sex>0</sex><cat>2</cat><percent>54.538128</percent></prevalence><prevalence><age>75</age><sex>0</sex><cat>3</cat><percent>7.9304247</percent></prevalence><prevalence><age>75</age><sex>1</sex><cat>1</cat><percent>70.69938</percent></prevalence><prevalence><age>75</age><sex>1</sex><cat>2</cat><percent>21.575773</percent></prevalence><prevalence><age>75</age><sex>1</sex><cat>3</cat><percent>7.7248473</percent></prevalence><prevalence><age>76</age><sex>0</sex><cat>1</cat><percent>38.704403</percent></prevalence><prevalence><age>76</age><sex>0</sex><cat>2</cat><percent>54.070755</percent></prevalence><prevalence><age>76</age><sex>0</sex><cat>3</cat><percent>7.224843</percent></prevalence><prevalence><age>76</age><sex>1</sex><cat>1</cat><percent>72.11506</percent></prevalence><prevalence><age>76</age><sex>1</sex><cat>2</cat><percent>20.679422</percent></prevalence><prevalence><age>76</age><sex>1</sex><cat>3</cat><percent>7.2055187</percent></prevalence><prevalence><age>77</age><sex>0</sex><cat>1</cat><percent>39.877357</percent></prevalence><prevalence><age>77</age><sex>0</sex><cat>2</cat><percent>53.603382</percent></prevalence><prevalence><age>77</age><sex>0</sex><cat>3</cat><percent>6.519261</percent></prevalence><prevalence><age>77</age><sex>1</sex><cat>1</cat><percent>73.53074</percent></prevalence><prevalence><age>77</age><sex>1</sex><cat>2</cat><percent>19.783072</percent></prevalence><prevalence><age>77</age><sex>1</sex><cat>3</cat><percent>6.68619</percent></prevalence><prevalence><age>78</age><sex>0</sex><cat>1</cat><percent>41.050316</percent></prevalence><prevalence><age>78</age><sex>0</sex><cat>2</cat><percent>53.136005</percent></prevalence><prevalence><age>78</age><sex>0</sex><cat>3</cat><percent>5.813679</percent></prevalence><prevalence><age>78</age><sex>1</sex><cat>1</cat><percent>74.94642</percent></prevalence><prevalence><age>78</age><sex>1</sex><cat>2</cat><percent>18.886719</percent></prevalence><prevalence><age>78</age><sex>1</sex><cat>3</cat><percent>6.166862</percent></prevalence><prevalence><age>79</age><sex>0</sex><cat>1</cat><percent>42.22327</percent></prevalence><prevalence><age>79</age><sex>0</sex><cat>2</cat><percent>52.668633</percent></prevalence><prevalence><age>79</age><sex>0</sex><cat>3</cat><percent>5.1080976</percent></prevalence><prevalence><age>79</age><sex>1</sex><cat>1</cat><percent>76.3621</percent></prevalence><prevalence><age>79</age><sex>1</sex><cat>2</cat><percent>17.990368</percent></prevalence><prevalence><age>79</age><sex>1</sex><cat>3</cat><percent>5.6475334</percent></prevalence><prevalence><age>80</age><sex>0</sex><cat>1</cat><percent>43.396225</percent></prevalence><prevalence><age>80</age><sex>0</sex><cat>2</cat><percent>52.20126</percent></prevalence><prevalence><age>80</age><sex>0</sex><cat>3</cat><percent>4.402516</percent></prevalence><prevalence><age>80</age><sex>1</sex><cat>1</cat><percent>77.77778</percent></prevalence><prevalence><age>80</age><sex>1</sex><cat>2</cat><percent>17.094017</percent></prevalence><prevalence><age>80</age><sex>1</sex><cat>3</cat><percent>5.1282053</percent></prevalence><prevalence><age>81</age><sex>0</sex><cat>1</cat><percent>43.726414</percent></prevalence><prevalence><age>81</age><sex>0</sex><cat>2</cat><percent>52.041195</percent></prevalence><prevalence><age>81</age><sex>0</sex><cat>3</cat><percent>4.23239</percent></prevalence><prevalence><age>81</age><sex>1</sex><cat>1</cat><percent>78.138885</percent></prevalence><prevalence><age>81</age><sex>1</sex><cat>2</cat><percent>16.839315</percent></prevalence><prevalence><age>81</age><sex>1</sex><cat>3</cat><percent>5.021795</percent></prevalence><prevalence><age>82</age><sex>0</sex><cat>1</cat><percent>44.056602</percent></prevalence><prevalence><age>82</age><sex>0</sex><cat>2</cat><percent>51.88113</percent></prevalence><prevalence><age>82</age><sex>0</sex><cat>3</cat><percent>4.062264</percent></prevalence><prevalence><age>82</age><sex>1</sex><cat>1</cat><percent>78.5</percent></prevalence><prevalence><age>82</age><sex>1</sex><cat>2</cat><percent>16.584616</percent></prevalence><prevalence><age>82</age><sex>1</sex><cat>3</cat><percent>4.915385</percent></prevalence><prevalence><age>83</age><sex>0</sex><cat>1</cat><percent>44.38679</percent></prevalence><prevalence><age>83</age><sex>0</sex><cat>2</cat><percent>51.72107</percent></prevalence><prevalence><age>83</age><sex>0</sex><cat>3</cat><percent>3.8921385</percent></prevalence><prevalence><age>83</age><sex>1</sex><cat>1</cat><percent>78.861115</percent></prevalence><prevalence><age>83</age><sex>1</sex><cat>2</cat><percent>16.329914</percent></prevalence><prevalence><age>83</age><sex>1</sex><cat>3</cat><percent>4.8089743</percent></prevalence><prevalence><age>84</age><sex>0</sex><cat>1</cat><percent>44.71698</percent></prevalence><prevalence><age>84</age><sex>0</sex><cat>2</cat><percent>51.561005</percent></prevalence><prevalence><age>84</age><sex>0</sex><cat>3</cat><percent>3.7220125</percent></prevalence><prevalence><age>84</age><sex>1</sex><cat>1</cat><percent>79.22222</percent></prevalence><prevalence><age>84</age><sex>1</sex><cat>2</cat><percent>16.075214</percent></prevalence><prevalence><age>84</age><sex>1</sex><cat>3</cat><percent>4.7025642</percent></prevalence><prevalence><age>85</age><sex>0</sex><cat>1</cat><percent>45.04717</percent></prevalence><prevalence><age>85</age><sex>0</sex><cat>2</cat><percent>51.400944</percent></prevalence><prevalence><age>85</age><sex>0</sex><cat>3</cat><percent>3.5518868</percent></prevalence><prevalence><age>85</age><sex>1</sex><cat>1</cat><percent>79.583336</percent></prevalence><prevalence><age>85</age><sex>1</sex><cat>2</cat><percent>15.820513</percent></prevalence><prevalence><age>85</age><sex>1</sex><cat>3</cat><percent>4.5961537</percent></prevalence><prevalence><age>86</age><sex>0</sex><cat>1</cat><percent>45.377357</percent></prevalence><prevalence><age>86</age><sex>0</sex><cat>2</cat><percent>51.24088</percent></prevalence><prevalence><age>86</age><sex>0</sex><cat>3</cat><percent>3.381761</percent></prevalence><prevalence><age>86</age><sex>1</sex><cat>1</cat><percent>79.94444</percent></prevalence><prevalence><age>86</age><sex>1</sex><cat>2</cat><percent>15.565812</percent></prevalence><prevalence><age>86</age><sex>1</sex><cat>3</cat><percent>4.4897437</percent></prevalence><prevalence><age>87</age><sex>0</sex><cat>1</cat><percent>45.707546</percent></prevalence><prevalence><age>87</age><sex>0</sex><cat>2</cat><percent>51.08082</percent></prevalence><prevalence><age>87</age><sex>0</sex><cat>3</cat><percent>3.211635</percent></prevalence><prevalence><age>87</age><sex>1</sex><cat>1</cat><percent>80.30556</percent></prevalence><prevalence><age>87</age><sex>1</sex><cat>2</cat><percent>15.311111</percent></prevalence><prevalence><age>87</age><sex>1</sex><cat>3</cat><percent>4.383333</percent></prevalence><prevalence><age>88</age><sex>0</sex><cat>1</cat><percent>46.037735</percent></prevalence><prevalence><age>88</age><sex>0</sex><cat>2</cat><percent>50.920753</percent></prevalence><prevalence><age>88</age><sex>0</sex><cat>3</cat><percent>3.0415094</percent></prevalence><prevalence><age>88</age><sex>1</sex><cat>1</cat><percent>80.666664</percent></prevalence><prevalence><age>88</age><sex>1</sex><cat>2</cat><percent>15.05641</percent></prevalence><prevalence><age>88</age><sex>1</sex><cat>3</cat><percent>4.276923</percent></prevalence><prevalence><age>89</age><sex>0</sex><cat>1</cat><percent>46.367924</percent></prevalence><prevalence><age>89</age><sex>0</sex><cat>2</cat><percent>50.760693</percent></prevalence><prevalence><age>89</age><sex>0</sex><cat>3</cat><percent>2.8713837</percent></prevalence><prevalence><age>89</age><sex>1</sex><cat>1</cat><percent>81.02778</percent></prevalence><prevalence><age>89</age><sex>1</sex><cat>2</cat><percent>14.801709</percent></prevalence><prevalence><age>89</age><sex>1</sex><cat>3</cat><percent>4.1705127</percent></prevalence><prevalence><age>90</age><sex>0</sex><cat>1</cat><percent>46.698112</percent></prevalence><prevalence><age>90</age><sex>0</sex><cat>2</cat><percent>50.600628</percent></prevalence><prevalence><age>90</age><sex>0</sex><cat>3</cat><percent>2.701258</percent></prevalence><prevalence><age>90</age><sex>1</sex><cat>1</cat><percent>81.388885</percent></prevalence><prevalence><age>90</age><sex>1</sex><cat>2</cat><percent>14.5470085</percent></prevalence><prevalence><age>90</age><sex>1</sex><cat>3</cat><percent>4.0641026</percent></prevalence><prevalence><age>91</age><sex>0</sex><cat>1</cat><percent>47.0283</percent></prevalence><prevalence><age>91</age><sex>0</sex><cat>2</cat><percent>50.440567</percent></prevalence><prevalence><age>91</age><sex>0</sex><cat>3</cat><percent>2.531132</percent></prevalence><prevalence><age>91</age><sex>1</sex><cat>1</cat><percent>81.75</percent></prevalence><prevalence><age>91</age><sex>1</sex><cat>2</cat><percent>14.292308</percent></prevalence><prevalence><age>91</age><sex>1</sex><cat>3</cat><percent>3.9576924</percent></prevalence><prevalence><age>92</age><sex>0</sex><cat>1</cat><percent>47.35849</percent></prevalence><prevalence><age>92</age><sex>0</sex><cat>2</cat><percent>50.280502</percent></prevalence><prevalence><age>92</age><sex>0</sex><cat>3</cat><percent>2.3610063</percent></prevalence><prevalence><age>92</age><sex>1</sex><cat>1</cat><percent>82.111115</percent></prevalence><prevalence><age>92</age><sex>1</sex><cat>2</cat><percent>14.037607</percent></prevalence><prevalence><age>92</age><sex>1</sex><cat>3</cat><percent>3.8512821</percent></prevalence><prevalence><age>93</age><sex>0</sex><cat>1</cat><percent>47.68868</percent></prevalence><prevalence><age>93</age><sex>0</sex><cat>2</cat><percent>50.12044</percent></prevalence><prevalence><age>93</age><sex>0</sex><cat>3</cat><percent>2.1908805</percent></prevalence><prevalence><age>93</age><sex>1</sex><cat>1</cat><percent>82.47222</percent></prevalence><prevalence><age>93</age><sex>1</sex><cat>2</cat><percent>13.782906</percent></prevalence><prevalence><age>93</age><sex>1</sex><cat>3</cat><percent>3.7448719</percent></prevalence><prevalence><age>94</age><sex>0</sex><cat>1</cat><percent>48.018867</percent></prevalence><prevalence><age>94</age><sex>0</sex><cat>2</cat><percent>49.960377</percent></prevalence><prevalence><age>94</age><sex>0</sex><cat>3</cat><percent>2.0207548</percent></prevalence><prevalence><age>94</age><sex>1</sex><cat>1</cat><percent>82.833336</percent></prevalence><prevalence><age>94</age><sex>1</sex><cat>2</cat><percent>13.528205</percent></prevalence><prevalence><age>94</age><sex>1</sex><cat>3</cat><percent>3.6384616</percent></prevalence><prevalence><age>95</age><sex>0</sex><cat>1</cat><percent>48.349056</percent></prevalence><prevalence><age>95</age><sex>0</sex><cat>2</cat><percent>49.800316</percent></prevalence><prevalence><age>95</age><sex>0</sex><cat>3</cat><percent>1.8506289</percent></prevalence><prevalence><age>95</age><sex>1</sex><cat>1</cat><percent>83.19444</percent></prevalence><prevalence><age>95</age><sex>1</sex><cat>2</cat><percent>13.273504</percent></prevalence><prevalence><age>95</age><sex>1</sex><cat>3</cat><percent>3.5320513</percent></prevalence></riskfactorprevalences_categorical>