<?xml version="1.0"?><diseaseprevalences><prevalence><age>0</age><sex>0</sex><percent>0.0</percent></prevalence><prevalence><age>0</age><sex>1</sex><percent>0.0</percent></prevalence><prevalence><age>1</age><sex>0</sex><percent>0.0</percent></prevalence><prevalence><age>1</age><sex>1</sex><percent>0.0</percent></prevalence><prevalence><age>2</age><sex>0</sex><percent>0.0</percent></prevalence><prevalence><age>2</age><sex>1</sex><percent>0.0</percent></prevalence><prevalence><age>3</age><sex>0</sex><percent>0.0</percent></prevalence><prevalence><age>3</age><sex>1</sex><percent>0.0</percent></prevalence><prevalence><age>4</age><sex>0</sex><percent>0.0</percent></prevalence><prevalence><age>4</age><sex>1</sex><percent>0.0</percent></prevalence><prevalence><age>5</age><sex>0</sex><percent>0.0</percent></prevalence><prevalence><age>5</age><sex>1</sex><percent>0.0</percent></prevalence><prevalence><age>6</age><sex>0</sex><percent>0.0</percent></prevalence><prevalence><age>6</age><sex>1</sex><percent>0.0</percent></prevalence><prevalence><age>7</age><sex>0</sex><percent>0.0</percent></prevalence><prevalence><age>7</age><sex>1</sex><percent>0.0</percent></prevalence><prevalence><age>8</age><sex>0</sex><percent>0.0</percent></prevalence><prevalence><age>8</age><sex>1</sex><percent>0.0</percent></prevalence><prevalence><age>9</age><sex>0</sex><percent>0.0</percent></prevalence><prevalence><age>9</age><sex>1</sex><percent>0.0</percent></prevalence><prevalence><age>10</age><sex>0</sex><percent>0.0</percent></prevalence><prevalence><age>10</age><sex>1</sex><percent>0.0</percent></prevalence><prevalence><age>11</age><sex>0</sex><percent>0.0</percent></prevalence><prevalence><age>11</age><sex>1</sex><percent>0.0</percent></prevalence><prevalence><age>12</age><sex>0</sex><percent>0.0</percent></prevalence><prevalence><age>12</age><sex>1</sex><percent>0.0</percent></prevalence><prevalence><age>13</age><sex>0</sex><percent>0.0</percent></prevalence><prevalence><age>13</age><sex>1</sex><percent>0.0</percent></prevalence><prevalence><age>14</age><sex>0</sex><percent>0.0</percent></prevalence><prevalence><age>14</age><sex>1</sex><percent>0.0</percent></prevalence><prevalence><age>15</age><sex>0</sex><percent>0.0</percent></prevalence><prevalence><age>15</age><sex>1</sex><percent>0.0</percent></prevalence><prevalence><age>16</age><sex>0</sex><percent>0.0</percent></prevalence><prevalence><age>16</age><sex>1</sex><percent>0.0</percent></prevalence><prevalence><age>17</age><sex>0</sex><percent>0.0</percent></prevalence><prevalence><age>17</age><sex>1</sex><percent>0.0</percent></prevalence><prevalence><age>18</age><sex>0</sex><percent>0.0</percent></prevalence><prevalence><age>18</age><sex>1</sex><percent>0.0</percent></prevalence><prevalence><age>19</age><sex>0</sex><percent>0.0</percent></prevalence><prevalence><age>19</age><sex>1</sex><percent>0.0</percent></prevalence><prevalence><age>20</age><sex>0</sex><percent>0.0</percent></prevalence><prevalence><age>20</age><sex>1</sex><percent>0.0</percent></prevalence><prevalence><age>21</age><sex>0</sex><percent>0.0</percent></prevalence><prevalence><age>21</age><sex>1</sex><percent>0.0</percent></prevalence><prevalence><age>22</age><sex>0</sex><percent>1.0E-5</percent></prevalence><prevalence><age>22</age><sex>1</sex><percent>0.0</percent></prevalence><prevalence><age>23</age><sex>0</sex><percent>3.0E-5</percent></prevalence><prevalence><age>23</age><sex>1</sex><percent>0.0</percent></prevalence><prevalence><age>24</age><sex>0</sex><percent>5.0E-5</percent></prevalence><prevalence><age>24</age><sex>1</sex><percent>0.0</percent></prevalence><prevalence><age>25</age><sex>0</sex><percent>7.0E-5</percent></prevalence><prevalence><age>25</age><sex>1</sex><percent>0.0</percent></prevalence><prevalence><age>26</age><sex>0</sex><percent>8.0E-5</percent></prevalence><prevalence><age>26</age><sex>1</sex><percent>0.0</percent></prevalence><prevalence><age>27</age><sex>0</sex><percent>1.0E-4</percent></prevalence><prevalence><age>27</age><sex>1</sex><percent>0.0</percent></prevalence><prevalence><age>28</age><sex>0</sex><percent>1.1E-4</percent></prevalence><prevalence><age>28</age><sex>1</sex><percent>0.0</percent></prevalence><prevalence><age>29</age><sex>0</sex><percent>1.4E-4</percent></prevalence><prevalence><age>29</age><sex>1</sex><percent>0.0</percent></prevalence><prevalence><age>30</age><sex>0</sex><percent>1.7E-4</percent></prevalence><prevalence><age>30</age><sex>1</sex><percent>0.0</percent></prevalence><prevalence><age>31</age><sex>0</sex><percent>2.4E-4</percent></prevalence><prevalence><age>31</age><sex>1</sex><percent>1.0E-5</percent></prevalence><prevalence><age>32</age><sex>0</sex><percent>3.3E-4</percent></prevalence><prevalence><age>32</age><sex>1</sex><percent>1.0E-5</percent></prevalence><prevalence><age>33</age><sex>0</sex><percent>4.7E-4</percent></prevalence><prevalence><age>33</age><sex>1</sex><percent>3.0E-5</percent></prevalence><prevalence><age>34</age><sex>0</sex><percent>6.3E-4</percent></prevalence><prevalence><age>34</age><sex>1</sex><percent>4.0E-5</percent></prevalence><prevalence><age>35</age><sex>0</sex><percent>8.2E-4</percent></prevalence><prevalence><age>35</age><sex>1</sex><percent>6.0E-5</percent></prevalence><prevalence><age>36</age><sex>0</sex><percent>0.00101</percent></prevalence><prevalence><age>36</age><sex>1</sex><percent>7.0E-5</percent></prevalence><prevalence><age>37</age><sex>0</sex><percent>0.00122</percent></prevalence><prevalence><age>37</age><sex>1</sex><percent>9.0E-5</percent></prevalence><prevalence><age>38</age><sex>0</sex><percent>0.00148</percent></prevalence><prevalence><age>38</age><sex>1</sex><percent>1.2E-4</percent></prevalence><prevalence><age>39</age><sex>0</sex><percent>0.00179</percent></prevalence><prevalence><age>39</age><sex>1</sex><percent>1.6E-4</percent></prevalence><prevalence><age>40</age><sex>0</sex><percent>0.0022</percent></prevalence><prevalence><age>40</age><sex>1</sex><percent>2.2E-4</percent></prevalence><prevalence><age>41</age><sex>0</sex><percent>0.0027</percent></prevalence><prevalence><age>41</age><sex>1</sex><percent>3.3E-4</percent></prevalence><prevalence><age>42</age><sex>0</sex><percent>0.00332</percent></prevalence><prevalence><age>42</age><sex>1</sex><percent>4.7E-4</percent></prevalence><prevalence><age>43</age><sex>0</sex><percent>0.00403</percent></prevalence><prevalence><age>43</age><sex>1</sex><percent>6.5E-4</percent></prevalence><prevalence><age>44</age><sex>0</sex><percent>0.00484</percent></prevalence><prevalence><age>44</age><sex>1</sex><percent>8.4E-4</percent></prevalence><prevalence><age>45</age><sex>0</sex><percent>0.00573</percent></prevalence><prevalence><age>45</age><sex>1</sex><percent>9.9E-4</percent></prevalence><prevalence><age>46</age><sex>0</sex><percent>0.00671</percent></prevalence><prevalence><age>46</age><sex>1</sex><percent>0.0011</percent></prevalence><prevalence><age>47</age><sex>0</sex><percent>0.00777</percent></prevalence><prevalence><age>47</age><sex>1</sex><percent>0.00116</percent></prevalence><prevalence><age>48</age><sex>0</sex><percent>0.00894</percent></prevalence><prevalence><age>48</age><sex>1</sex><percent>0.00123</percent></prevalence><prevalence><age>49</age><sex>0</sex><percent>0.0102</percent></prevalence><prevalence><age>49</age><sex>1</sex><percent>0.00133</percent></prevalence><prevalence><age>50</age><sex>0</sex><percent>0.01153</percent></prevalence><prevalence><age>50</age><sex>1</sex><percent>0.00148</percent></prevalence><prevalence><age>51</age><sex>0</sex><percent>0.01291</percent></prevalence><prevalence><age>51</age><sex>1</sex><percent>0.00168</percent></prevalence><prevalence><age>52</age><sex>0</sex><percent>0.01433</percent></prevalence><prevalence><age>52</age><sex>1</sex><percent>0.00192</percent></prevalence><prevalence><age>53</age><sex>0</sex><percent>0.01579</percent></prevalence><prevalence><age>53</age><sex>1</sex><percent>0.00216</percent></prevalence><prevalence><age>54</age><sex>0</sex><percent>0.01731</percent></prevalence><prevalence><age>54</age><sex>1</sex><percent>0.00238</percent></prevalence><prevalence><age>55</age><sex>0</sex><percent>0.01891</percent></prevalence><prevalence><age>55</age><sex>1</sex><percent>0.00256</percent></prevalence><prevalence><age>56</age><sex>0</sex><percent>0.02061</percent></prevalence><prevalence><age>56</age><sex>1</sex><percent>0.00268</percent></prevalence><prevalence><age>57</age><sex>0</sex><percent>0.0224</percent></prevalence><prevalence><age>57</age><sex>1</sex><percent>0.00279</percent></prevalence><prevalence><age>58</age><sex>0</sex><percent>0.02427</percent></prevalence><prevalence><age>58</age><sex>1</sex><percent>0.00288</percent></prevalence><prevalence><age>59</age><sex>0</sex><percent>0.02615</percent></prevalence><prevalence><age>59</age><sex>1</sex><percent>0.0030</percent></prevalence><prevalence><age>60</age><sex>0</sex><percent>0.02802</percent></prevalence><prevalence><age>60</age><sex>1</sex><percent>0.00314</percent></prevalence><prevalence><age>61</age><sex>0</sex><percent>0.02985</percent></prevalence><prevalence><age>61</age><sex>1</sex><percent>0.00329</percent></prevalence><prevalence><age>62</age><sex>0</sex><percent>0.03166</percent></prevalence><prevalence><age>62</age><sex>1</sex><percent>0.00345</percent></prevalence><prevalence><age>63</age><sex>0</sex><percent>0.03348</percent></prevalence><prevalence><age>63</age><sex>1</sex><percent>0.00358</percent></prevalence><prevalence><age>64</age><sex>0</sex><percent>0.03535</percent></prevalence><prevalence><age>64</age><sex>1</sex><percent>0.00368</percent></prevalence><prevalence><age>65</age><sex>0</sex><percent>0.03727</percent></prevalence><prevalence><age>65</age><sex>1</sex><percent>0.00376</percent></prevalence><prevalence><age>66</age><sex>0</sex><percent>0.03922</percent></prevalence><prevalence><age>66</age><sex>1</sex><percent>0.00384</percent></prevalence><prevalence><age>67</age><sex>0</sex><percent>0.04114</percent></prevalence><prevalence><age>67</age><sex>1</sex><percent>0.00395</percent></prevalence><prevalence><age>68</age><sex>0</sex><percent>0.04292</percent></prevalence><prevalence><age>68</age><sex>1</sex><percent>0.00412</percent></prevalence><prevalence><age>69</age><sex>0</sex><percent>0.04446</percent></prevalence><prevalence><age>69</age><sex>1</sex><percent>0.00439</percent></prevalence><prevalence><age>70</age><sex>0</sex><percent>0.0457</percent></prevalence><prevalence><age>70</age><sex>1</sex><percent>0.00476</percent></prevalence><prevalence><age>71</age><sex>0</sex><percent>0.04663</percent></prevalence><prevalence><age>71</age><sex>1</sex><percent>0.00523</percent></prevalence><prevalence><age>72</age><sex>0</sex><percent>0.04729</percent></prevalence><prevalence><age>72</age><sex>1</sex><percent>0.00578</percent></prevalence><prevalence><age>73</age><sex>0</sex><percent>0.04774</percent></prevalence><prevalence><age>73</age><sex>1</sex><percent>0.00637</percent></prevalence><prevalence><age>74</age><sex>0</sex><percent>0.04807</percent></prevalence><prevalence><age>74</age><sex>1</sex><percent>0.00692</percent></prevalence><prevalence><age>75</age><sex>0</sex><percent>0.04831</percent></prevalence><prevalence><age>75</age><sex>1</sex><percent>0.00738</percent></prevalence><prevalence><age>76</age><sex>0</sex><percent>0.04848</percent></prevalence><prevalence><age>76</age><sex>1</sex><percent>0.00772</percent></prevalence><prevalence><age>77</age><sex>0</sex><percent>0.04859</percent></prevalence><prevalence><age>77</age><sex>1</sex><percent>0.0079</percent></prevalence><prevalence><age>78</age><sex>0</sex><percent>0.04866</percent></prevalence><prevalence><age>78</age><sex>1</sex><percent>0.00797</percent></prevalence><prevalence><age>79</age><sex>0</sex><percent>0.04871</percent></prevalence><prevalence><age>79</age><sex>1</sex><percent>0.00795</percent></prevalence><prevalence><age>80</age><sex>0</sex><percent>0.04886</percent></prevalence><prevalence><age>80</age><sex>1</sex><percent>0.00792</percent></prevalence><prevalence><age>81</age><sex>0</sex><percent>0.04924</percent></prevalence><prevalence><age>81</age><sex>1</sex><percent>0.00794</percent></prevalence><prevalence><age>82</age><sex>0</sex><percent>0.05002</percent></prevalence><prevalence><age>82</age><sex>1</sex><percent>0.00806</percent></prevalence><prevalence><age>83</age><sex>0</sex><percent>0.05134</percent></prevalence><prevalence><age>83</age><sex>1</sex><percent>0.00834</percent></prevalence><prevalence><age>84</age><sex>0</sex><percent>0.05328</percent></prevalence><prevalence><age>84</age><sex>1</sex><percent>0.00879</percent></prevalence><prevalence><age>85</age><sex>0</sex><percent>0.05578</percent></prevalence><prevalence><age>85</age><sex>1</sex><percent>0.00939</percent></prevalence><prevalence><age>86</age><sex>0</sex><percent>0.05872</percent></prevalence><prevalence><age>86</age><sex>1</sex><percent>0.0101</percent></prevalence><prevalence><age>87</age><sex>0</sex><percent>0.06193</percent></prevalence><prevalence><age>87</age><sex>1</sex><percent>0.01087</percent></prevalence><prevalence><age>88</age><sex>0</sex><percent>0.06525</percent></prevalence><prevalence><age>88</age><sex>1</sex><percent>0.01164</percent></prevalence><prevalence><age>89</age><sex>0</sex><percent>0.06858</percent></prevalence><prevalence><age>89</age><sex>1</sex><percent>0.01238</percent></prevalence><prevalence><age>90</age><sex>0</sex><percent>0.07191</percent></prevalence><prevalence><age>90</age><sex>1</sex><percent>0.01309</percent></prevalence><prevalence><age>91</age><sex>0</sex><percent>0.0753</percent></prevalence><prevalence><age>91</age><sex>1</sex><percent>0.01377</percent></prevalence><prevalence><age>92</age><sex>0</sex><percent>0.07882</percent></prevalence><prevalence><age>92</age><sex>1</sex><percent>0.01446</percent></prevalence><prevalence><age>93</age><sex>0</sex><percent>0.08257</percent></prevalence><prevalence><age>93</age><sex>1</sex><percent>0.01517</percent></prevalence><prevalence><age>94</age><sex>0</sex><percent>0.08659</percent></prevalence><prevalence><age>94</age><sex>1</sex><percent>0.01593</percent></prevalence><prevalence><age>95</age><sex>0</sex><percent>0.09673</percent></prevalence><prevalence><age>95</age><sex>1</sex><percent>0.01785</percent></prevalence></diseaseprevalences>