<?xml version="1.0"?><diseaseincidences><incidence><age>0</age><sex>0</sex><value>0.0</value></incidence><incidence><age>0</age><sex>1</sex><value>0.0</value></incidence><incidence><age>1</age><sex>0</sex><value>0.0</value></incidence><incidence><age>1</age><sex>1</sex><value>0.0</value></incidence><incidence><age>2</age><sex>0</sex><value>0.0</value></incidence><incidence><age>2</age><sex>1</sex><value>0.0</value></incidence><incidence><age>3</age><sex>0</sex><value>0.0</value></incidence><incidence><age>3</age><sex>1</sex><value>0.0</value></incidence><incidence><age>4</age><sex>0</sex><value>0.0</value></incidence><incidence><age>4</age><sex>1</sex><value>0.0</value></incidence><incidence><age>5</age><sex>0</sex><value>0.0</value></incidence><incidence><age>5</age><sex>1</sex><value>0.0</value></incidence><incidence><age>6</age><sex>0</sex><value>0.0</value></incidence><incidence><age>6</age><sex>1</sex><value>0.0</value></incidence><incidence><age>7</age><sex>0</sex><value>0.0</value></incidence><incidence><age>7</age><sex>1</sex><value>0.0</value></incidence><incidence><age>8</age><sex>0</sex><value>0.0</value></incidence><incidence><age>8</age><sex>1</sex><value>0.0</value></incidence><incidence><age>9</age><sex>0</sex><value>0.0</value></incidence><incidence><age>9</age><sex>1</sex><value>0.0</value></incidence><incidence><age>10</age><sex>0</sex><value>0.0</value></incidence><incidence><age>10</age><sex>1</sex><value>0.0</value></incidence><incidence><age>11</age><sex>0</sex><value>0.0</value></incidence><incidence><age>11</age><sex>1</sex><value>0.0</value></incidence><incidence><age>12</age><sex>0</sex><value>0.0</value></incidence><incidence><age>12</age><sex>1</sex><value>0.0</value></incidence><incidence><age>13</age><sex>0</sex><value>0.0</value></incidence><incidence><age>13</age><sex>1</sex><value>0.0</value></incidence><incidence><age>14</age><sex>0</sex><value>0.0</value></incidence><incidence><age>14</age><sex>1</sex><value>0.0</value></incidence><incidence><age>15</age><sex>0</sex><value>1.7E-6</value></incidence><incidence><age>15</age><sex>1</sex><value>2.4E-6</value></incidence><incidence><age>16</age><sex>0</sex><value>1.9E-6</value></incidence><incidence><age>16</age><sex>1</sex><value>3.1E-6</value></incidence><incidence><age>17</age><sex>0</sex><value>2.0E-6</value></incidence><incidence><age>17</age><sex>1</sex><value>3.6E-6</value></incidence><incidence><age>18</age><sex>0</sex><value>2.0E-6</value></incidence><incidence><age>18</age><sex>1</sex><value>4.0E-6</value></incidence><incidence><age>19</age><sex>0</sex><value>2.2E-6</value></incidence><incidence><age>19</age><sex>1</sex><value>4.3E-6</value></incidence><incidence><age>20</age><sex>0</sex><value>2.6E-6</value></incidence><incidence><age>20</age><sex>1</sex><value>4.6E-6</value></incidence><incidence><age>21</age><sex>0</sex><value>3.4E-6</value></incidence><incidence><age>21</age><sex>1</sex><value>5.2E-6</value></incidence><incidence><age>22</age><sex>0</sex><value>4.8E-6</value></incidence><incidence><age>22</age><sex>1</sex><value>6.0E-6</value></incidence><incidence><age>23</age><sex>0</sex><value>6.9E-6</value></incidence><incidence><age>23</age><sex>1</sex><value>7.3E-6</value></incidence><incidence><age>24</age><sex>0</sex><value>9.5E-6</value></incidence><incidence><age>24</age><sex>1</sex><value>9.0E-6</value></incidence><incidence><age>25</age><sex>0</sex><value>1.25E-5</value></incidence><incidence><age>25</age><sex>1</sex><value>1.08E-5</value></incidence><incidence><age>26</age><sex>0</sex><value>1.56E-5</value></incidence><incidence><age>26</age><sex>1</sex><value>1.28E-5</value></incidence><incidence><age>27</age><sex>0</sex><value>1.85E-5</value></incidence><incidence><age>27</age><sex>1</sex><value>1.47E-5</value></incidence><incidence><age>28</age><sex>0</sex><value>2.13E-5</value></incidence><incidence><age>28</age><sex>1</sex><value>1.65E-5</value></incidence><incidence><age>29</age><sex>0</sex><value>2.39E-5</value></incidence><incidence><age>29</age><sex>1</sex><value>1.86E-5</value></incidence><incidence><age>30</age><sex>0</sex><value>2.67E-5</value></incidence><incidence><age>30</age><sex>1</sex><value>2.12E-5</value></incidence><incidence><age>31</age><sex>0</sex><value>2.98E-5</value></incidence><incidence><age>31</age><sex>1</sex><value>2.48E-5</value></incidence><incidence><age>32</age><sex>0</sex><value>3.35E-5</value></incidence><incidence><age>32</age><sex>1</sex><value>2.98E-5</value></incidence><incidence><age>33</age><sex>0</sex><value>3.8E-5</value></incidence><incidence><age>33</age><sex>1</sex><value>3.64E-5</value></incidence><incidence><age>34</age><sex>0</sex><value>4.37E-5</value></incidence><incidence><age>34</age><sex>1</sex><value>4.45E-5</value></incidence><incidence><age>35</age><sex>0</sex><value>5.09E-5</value></incidence><incidence><age>35</age><sex>1</sex><value>5.38E-5</value></incidence><incidence><age>36</age><sex>0</sex><value>6.0E-5</value></incidence><incidence><age>36</age><sex>1</sex><value>6.42E-5</value></incidence><incidence><age>37</age><sex>0</sex><value>7.14E-5</value></incidence><incidence><age>37</age><sex>1</sex><value>7.54E-5</value></incidence><incidence><age>38</age><sex>0</sex><value>8.54E-5</value></incidence><incidence><age>38</age><sex>1</sex><value>8.73E-5</value></incidence><incidence><age>39</age><sex>0</sex><value>1.03E-4</value></incidence><incidence><age>39</age><sex>1</sex><value>1.0E-4</value></incidence><incidence><age>40</age><sex>0</sex><value>1.23E-4</value></incidence><incidence><age>40</age><sex>1</sex><value>1.14E-4</value></incidence><incidence><age>41</age><sex>0</sex><value>1.47E-4</value></incidence><incidence><age>41</age><sex>1</sex><value>1.29E-4</value></incidence><incidence><age>42</age><sex>0</sex><value>1.75E-4</value></incidence><incidence><age>42</age><sex>1</sex><value>1.46E-4</value></incidence><incidence><age>43</age><sex>0</sex><value>2.09E-4</value></incidence><incidence><age>43</age><sex>1</sex><value>1.65E-4</value></incidence><incidence><age>44</age><sex>0</sex><value>2.47E-4</value></incidence><incidence><age>44</age><sex>1</sex><value>1.87E-4</value></incidence><incidence><age>45</age><sex>0</sex><value>2.93E-4</value></incidence><incidence><age>45</age><sex>1</sex><value>2.11E-4</value></incidence><incidence><age>46</age><sex>0</sex><value>3.47E-4</value></incidence><incidence><age>46</age><sex>1</sex><value>2.39E-4</value></incidence><incidence><age>47</age><sex>0</sex><value>4.1E-4</value></incidence><incidence><age>47</age><sex>1</sex><value>2.7E-4</value></incidence><incidence><age>48</age><sex>0</sex><value>4.83E-4</value></incidence><incidence><age>48</age><sex>1</sex><value>3.07E-4</value></incidence><incidence><age>49</age><sex>0</sex><value>5.67E-4</value></incidence><incidence><age>49</age><sex>1</sex><value>3.47E-4</value></incidence><incidence><age>50</age><sex>0</sex><value>6.6E-4</value></incidence><incidence><age>50</age><sex>1</sex><value>3.92E-4</value></incidence><incidence><age>51</age><sex>0</sex><value>7.62E-4</value></incidence><incidence><age>51</age><sex>1</sex><value>4.41E-4</value></incidence><incidence><age>52</age><sex>0</sex><value>8.73E-4</value></incidence><incidence><age>52</age><sex>1</sex><value>4.94E-4</value></incidence><incidence><age>53</age><sex>0</sex><value>9.92E-4</value></incidence><incidence><age>53</age><sex>1</sex><value>5.51E-4</value></incidence><incidence><age>54</age><sex>0</sex><value>0.00112</value></incidence><incidence><age>54</age><sex>1</sex><value>6.11E-4</value></incidence><incidence><age>55</age><sex>0</sex><value>0.001258</value></incidence><incidence><age>55</age><sex>1</sex><value>6.76E-4</value></incidence><incidence><age>56</age><sex>0</sex><value>0.001406</value></incidence><incidence><age>56</age><sex>1</sex><value>7.44E-4</value></incidence><incidence><age>57</age><sex>0</sex><value>0.001564</value></incidence><incidence><age>57</age><sex>1</sex><value>8.16E-4</value></incidence><incidence><age>58</age><sex>0</sex><value>0.001734</value></incidence><incidence><age>58</age><sex>1</sex><value>8.9E-4</value></incidence><incidence><age>59</age><sex>0</sex><value>0.001915</value></incidence><incidence><age>59</age><sex>1</sex><value>9.69E-4</value></incidence><incidence><age>60</age><sex>0</sex><value>0.002108</value></incidence><incidence><age>60</age><sex>1</sex><value>0.001051</value></incidence><incidence><age>61</age><sex>0</sex><value>0.002314</value></incidence><incidence><age>61</age><sex>1</sex><value>0.001137</value></incidence><incidence><age>62</age><sex>0</sex><value>0.002532</value></incidence><incidence><age>62</age><sex>1</sex><value>0.001228</value></incidence><incidence><age>63</age><sex>0</sex><value>0.002762</value></incidence><incidence><age>63</age><sex>1</sex><value>0.001324</value></incidence><incidence><age>64</age><sex>0</sex><value>0.003002</value></incidence><incidence><age>64</age><sex>1</sex><value>0.001424</value></incidence><incidence><age>65</age><sex>0</sex><value>0.003249</value></incidence><incidence><age>65</age><sex>1</sex><value>0.001527</value></incidence><incidence><age>66</age><sex>0</sex><value>0.003499</value></incidence><incidence><age>66</age><sex>1</sex><value>0.001632</value></incidence><incidence><age>67</age><sex>0</sex><value>0.003748</value></incidence><incidence><age>67</age><sex>1</sex><value>0.001738</value></incidence><incidence><age>68</age><sex>0</sex><value>0.003995</value></incidence><incidence><age>68</age><sex>1</sex><value>0.001845</value></incidence><incidence><age>69</age><sex>0</sex><value>0.004236</value></incidence><incidence><age>69</age><sex>1</sex><value>0.001953</value></incidence><incidence><age>70</age><sex>0</sex><value>0.004469</value></incidence><incidence><age>70</age><sex>1</sex><value>0.002064</value></incidence><incidence><age>71</age><sex>0</sex><value>0.004692</value></incidence><incidence><age>71</age><sex>1</sex><value>0.002177</value></incidence><incidence><age>72</age><sex>0</sex><value>0.004902</value></incidence><incidence><age>72</age><sex>1</sex><value>0.002294</value></incidence><incidence><age>73</age><sex>0</sex><value>0.005099</value></incidence><incidence><age>73</age><sex>1</sex><value>0.002415</value></incidence><incidence><age>74</age><sex>0</sex><value>0.005281</value></incidence><incidence><age>74</age><sex>1</sex><value>0.002538</value></incidence><incidence><age>75</age><sex>0</sex><value>0.005451</value></incidence><incidence><age>75</age><sex>1</sex><value>0.002663</value></incidence><incidence><age>76</age><sex>0</sex><value>0.00561</value></incidence><incidence><age>76</age><sex>1</sex><value>0.002785</value></incidence><incidence><age>77</age><sex>0</sex><value>0.005759</value></incidence><incidence><age>77</age><sex>1</sex><value>0.002905</value></incidence><incidence><age>78</age><sex>0</sex><value>0.005898</value></incidence><incidence><age>78</age><sex>1</sex><value>0.00302</value></incidence><incidence><age>79</age><sex>0</sex><value>0.006023</value></incidence><incidence><age>79</age><sex>1</sex><value>0.00313</value></incidence><incidence><age>80</age><sex>0</sex><value>0.00613</value></incidence><incidence><age>80</age><sex>1</sex><value>0.003234</value></incidence><incidence><age>81</age><sex>0</sex><value>0.006212</value></incidence><incidence><age>81</age><sex>1</sex><value>0.003333</value></incidence><incidence><age>82</age><sex>0</sex><value>0.006266</value></incidence><incidence><age>82</age><sex>1</sex><value>0.003426</value></incidence><incidence><age>83</age><sex>0</sex><value>0.006288</value></incidence><incidence><age>83</age><sex>1</sex><value>0.003513</value></incidence><incidence><age>84</age><sex>0</sex><value>0.006285</value></incidence><incidence><age>84</age><sex>1</sex><value>0.003592</value></incidence><incidence><age>85</age><sex>0</sex><value>0.006266</value></incidence><incidence><age>85</age><sex>1</sex><value>0.00366</value></incidence><incidence><age>86</age><sex>0</sex><value>0.006239</value></incidence><incidence><age>86</age><sex>1</sex><value>0.003717</value></incidence><incidence><age>87</age><sex>0</sex><value>0.006215</value></incidence><incidence><age>87</age><sex>1</sex><value>0.00376</value></incidence><incidence><age>88</age><sex>0</sex><value>0.0062</value></incidence><incidence><age>88</age><sex>1</sex><value>0.003787</value></incidence><incidence><age>89</age><sex>0</sex><value>0.006193</value></incidence><incidence><age>89</age><sex>1</sex><value>0.003802</value></incidence><incidence><age>90</age><sex>0</sex><value>0.006191</value></incidence><incidence><age>90</age><sex>1</sex><value>0.003807</value></incidence><incidence><age>91</age><sex>0</sex><value>0.006194</value></incidence><incidence><age>91</age><sex>1</sex><value>0.003806</value></incidence><incidence><age>92</age><sex>0</sex><value>0.006197</value></incidence><incidence><age>92</age><sex>1</sex><value>0.003803</value></incidence><incidence><age>93</age><sex>0</sex><value>0.006199</value></incidence><incidence><age>93</age><sex>1</sex><value>0.003799</value></incidence><incidence><age>94</age><sex>0</sex><value>0.0062</value></incidence><incidence><age>94</age><sex>1</sex><value>0.003797</value></incidence><incidence><age>95</age><sex>0</sex><value>0.006196</value></incidence><incidence><age>95</age><sex>1</sex><value>0.003795</value></incidence></diseaseincidences>