<?xml version="1.0"?><riskfactorprevalences_categorical><prevalence><age>0</age><sex>0</sex><cat>1</cat><percent>91.5</percent></prevalence><prevalence><age>0</age><sex>0</sex><cat>2</cat><percent>6.8</percent></prevalence><prevalence><age>0</age><sex>0</sex><cat>3</cat><percent>1.7</percent></prevalence><prevalence><age>0</age><sex>1</sex><cat>1</cat><percent>92.4</percent></prevalence><prevalence><age>0</age><sex>1</sex><cat>2</cat><percent>6.9</percent></prevalence><prevalence><age>0</age><sex>1</sex><cat>3</cat><percent>0.7</percent></prevalence><prevalence><age>1</age><sex>0</sex><cat>1</cat><percent>91.5</percent></prevalence><prevalence><age>1</age><sex>0</sex><cat>2</cat><percent>6.8</percent></prevalence><prevalence><age>1</age><sex>0</sex><cat>3</cat><percent>1.7</percent></prevalence><prevalence><age>1</age><sex>1</sex><cat>1</cat><percent>92.4</percent></prevalence><prevalence><age>1</age><sex>1</sex><cat>2</cat><percent>6.9</percent></prevalence><prevalence><age>1</age><sex>1</sex><cat>3</cat><percent>0.7</percent></prevalence><prevalence><age>2</age><sex>0</sex><cat>1</cat><percent>91.5</percent></prevalence><prevalence><age>2</age><sex>0</sex><cat>2</cat><percent>6.8</percent></prevalence><prevalence><age>2</age><sex>0</sex><cat>3</cat><percent>1.7</percent></prevalence><prevalence><age>2</age><sex>1</sex><cat>1</cat><percent>92.4</percent></prevalence><prevalence><age>2</age><sex>1</sex><cat>2</cat><percent>6.9</percent></prevalence><prevalence><age>2</age><sex>1</sex><cat>3</cat><percent>0.7</percent></prevalence><prevalence><age>3</age><sex>0</sex><cat>1</cat><percent>92.2</percent></prevalence><prevalence><age>3</age><sex>0</sex><cat>2</cat><percent>6.0</percent></prevalence><prevalence><age>3</age><sex>0</sex><cat>3</cat><percent>1.8</percent></prevalence><prevalence><age>3</age><sex>1</sex><cat>1</cat><percent>89.0</percent></prevalence><prevalence><age>3</age><sex>1</sex><cat>2</cat><percent>9.3</percent></prevalence><prevalence><age>3</age><sex>1</sex><cat>3</cat><percent>1.7</percent></prevalence><prevalence><age>4</age><sex>0</sex><cat>1</cat><percent>92.2</percent></prevalence><prevalence><age>4</age><sex>0</sex><cat>2</cat><percent>6.3</percent></prevalence><prevalence><age>4</age><sex>0</sex><cat>3</cat><percent>1.5</percent></prevalence><prevalence><age>4</age><sex>1</sex><cat>1</cat><percent>87.9</percent></prevalence><prevalence><age>4</age><sex>1</sex><cat>2</cat><percent>8.7</percent></prevalence><prevalence><age>4</age><sex>1</sex><cat>3</cat><percent>3.4</percent></prevalence><prevalence><age>5</age><sex>0</sex><cat>1</cat><percent>89.5</percent></prevalence><prevalence><age>5</age><sex>0</sex><cat>2</cat><percent>8.1</percent></prevalence><prevalence><age>5</age><sex>0</sex><cat>3</cat><percent>2.4</percent></prevalence><prevalence><age>5</age><sex>1</sex><cat>1</cat><percent>85.3</percent></prevalence><prevalence><age>5</age><sex>1</sex><cat>2</cat><percent>11.2</percent></prevalence><prevalence><age>5</age><sex>1</sex><cat>3</cat><percent>3.5</percent></prevalence><prevalence><age>6</age><sex>0</sex><cat>1</cat><percent>87.0</percent></prevalence><prevalence><age>6</age><sex>0</sex><cat>2</cat><percent>9.1</percent></prevalence><prevalence><age>6</age><sex>0</sex><cat>3</cat><percent>3.9</percent></prevalence><prevalence><age>6</age><sex>1</sex><cat>1</cat><percent>84.8</percent></prevalence><prevalence><age>6</age><sex>1</sex><cat>2</cat><percent>11.7</percent></prevalence><prevalence><age>6</age><sex>1</sex><cat>3</cat><percent>3.5</percent></prevalence><prevalence><age>7</age><sex>0</sex><cat>1</cat><percent>81.4</percent></prevalence><prevalence><age>7</age><sex>0</sex><cat>2</cat><percent>13.3</percent></prevalence><prevalence><age>7</age><sex>0</sex><cat>3</cat><percent>5.3</percent></prevalence><prevalence><age>7</age><sex>1</sex><cat>1</cat><percent>81.5</percent></prevalence><prevalence><age>7</age><sex>1</sex><cat>2</cat><percent>13.1</percent></prevalence><prevalence><age>7</age><sex>1</sex><cat>3</cat><percent>5.4</percent></prevalence><prevalence><age>8</age><sex>0</sex><cat>1</cat><percent>79.5</percent></prevalence><prevalence><age>8</age><sex>0</sex><cat>2</cat><percent>12.9</percent></prevalence><prevalence><age>8</age><sex>0</sex><cat>3</cat><percent>7.6</percent></prevalence><prevalence><age>8</age><sex>1</sex><cat>1</cat><percent>77.7</percent></prevalence><prevalence><age>8</age><sex>1</sex><cat>2</cat><percent>17.7</percent></prevalence><prevalence><age>8</age><sex>1</sex><cat>3</cat><percent>4.6</percent></prevalence><prevalence><age>9</age><sex>0</sex><cat>1</cat><percent>77.9</percent></prevalence><prevalence><age>9</age><sex>0</sex><cat>2</cat><percent>16.6</percent></prevalence><prevalence><age>9</age><sex>0</sex><cat>3</cat><percent>5.5</percent></prevalence><prevalence><age>9</age><sex>1</sex><cat>1</cat><percent>79.0</percent></prevalence><prevalence><age>9</age><sex>1</sex><cat>2</cat><percent>15.0</percent></prevalence><prevalence><age>9</age><sex>1</sex><cat>3</cat><percent>6.0</percent></prevalence><prevalence><age>10</age><sex>0</sex><cat>1</cat><percent>78.5</percent></prevalence><prevalence><age>10</age><sex>0</sex><cat>2</cat><percent>17.2</percent></prevalence><prevalence><age>10</age><sex>0</sex><cat>3</cat><percent>4.3</percent></prevalence><prevalence><age>10</age><sex>1</sex><cat>1</cat><percent>76.1</percent></prevalence><prevalence><age>10</age><sex>1</sex><cat>2</cat><percent>19.3</percent></prevalence><prevalence><age>10</age><sex>1</sex><cat>3</cat><percent>4.6</percent></prevalence><prevalence><age>11</age><sex>0</sex><cat>1</cat><percent>75.3</percent></prevalence><prevalence><age>11</age><sex>0</sex><cat>2</cat><percent>20.1</percent></prevalence><prevalence><age>11</age><sex>0</sex><cat>3</cat><percent>4.6</percent></prevalence><prevalence><age>11</age><sex>1</sex><cat>1</cat><percent>77.4</percent></prevalence><prevalence><age>11</age><sex>1</sex><cat>2</cat><percent>17.6</percent></prevalence><prevalence><age>11</age><sex>1</sex><cat>3</cat><percent>5.0</percent></prevalence><prevalence><age>12</age><sex>0</sex><cat>1</cat><percent>75.4</percent></prevalence><prevalence><age>12</age><sex>0</sex><cat>2</cat><percent>19.5</percent></prevalence><prevalence><age>12</age><sex>0</sex><cat>3</cat><percent>5.1</percent></prevalence><prevalence><age>12</age><sex>1</sex><cat>1</cat><percent>75.9</percent></prevalence><prevalence><age>12</age><sex>1</sex><cat>2</cat><percent>18.4</percent></prevalence><prevalence><age>12</age><sex>1</sex><cat>3</cat><percent>5.7</percent></prevalence><prevalence><age>13</age><sex>0</sex><cat>1</cat><percent>77.7</percent></prevalence><prevalence><age>13</age><sex>0</sex><cat>2</cat><percent>16.8</percent></prevalence><prevalence><age>13</age><sex>0</sex><cat>3</cat><percent>5.5</percent></prevalence><prevalence><age>13</age><sex>1</sex><cat>1</cat><percent>77.4</percent></prevalence><prevalence><age>13</age><sex>1</sex><cat>2</cat><percent>18.2</percent></prevalence><prevalence><age>13</age><sex>1</sex><cat>3</cat><percent>4.4</percent></prevalence><prevalence><age>14</age><sex>0</sex><cat>1</cat><percent>77.7</percent></prevalence><prevalence><age>14</age><sex>0</sex><cat>2</cat><percent>14.4</percent></prevalence><prevalence><age>14</age><sex>0</sex><cat>3</cat><percent>7.9</percent></prevalence><prevalence><age>14</age><sex>1</sex><cat>1</cat><percent>83.6</percent></prevalence><prevalence><age>14</age><sex>1</sex><cat>2</cat><percent>11.2</percent></prevalence><prevalence><age>14</age><sex>1</sex><cat>3</cat><percent>5.2</percent></prevalence><prevalence><age>15</age><sex>0</sex><cat>1</cat><percent>77.9</percent></prevalence><prevalence><age>15</age><sex>0</sex><cat>2</cat><percent>16.4</percent></prevalence><prevalence><age>15</age><sex>0</sex><cat>3</cat><percent>5.7</percent></prevalence><prevalence><age>15</age><sex>1</sex><cat>1</cat><percent>80.5</percent></prevalence><prevalence><age>15</age><sex>1</sex><cat>2</cat><percent>13.9</percent></prevalence><prevalence><age>15</age><sex>1</sex><cat>3</cat><percent>5.6</percent></prevalence><prevalence><age>16</age><sex>0</sex><cat>1</cat><percent>76.8</percent></prevalence><prevalence><age>16</age><sex>0</sex><cat>2</cat><percent>16.3</percent></prevalence><prevalence><age>16</age><sex>0</sex><cat>3</cat><percent>6.9</percent></prevalence><prevalence><age>16</age><sex>1</sex><cat>1</cat><percent>81.1</percent></prevalence><prevalence><age>16</age><sex>1</sex><cat>2</cat><percent>13.8</percent></prevalence><prevalence><age>16</age><sex>1</sex><cat>3</cat><percent>5.1</percent></prevalence><prevalence><age>17</age><sex>0</sex><cat>1</cat><percent>80.2</percent></prevalence><prevalence><age>17</age><sex>0</sex><cat>2</cat><percent>13.9</percent></prevalence><prevalence><age>17</age><sex>0</sex><cat>3</cat><percent>5.9</percent></prevalence><prevalence><age>17</age><sex>1</sex><cat>1</cat><percent>78.9</percent></prevalence><prevalence><age>17</age><sex>1</sex><cat>2</cat><percent>15.7</percent></prevalence><prevalence><age>17</age><sex>1</sex><cat>3</cat><percent>5.4</percent></prevalence><prevalence><age>18</age><sex>0</sex><cat>1</cat><percent>91.8</percent></prevalence><prevalence><age>18</age><sex>0</sex><cat>2</cat><percent>6.2</percent></prevalence><prevalence><age>18</age><sex>0</sex><cat>3</cat><percent>2.0</percent></prevalence><prevalence><age>18</age><sex>1</sex><cat>1</cat><percent>90.6</percent></prevalence><prevalence><age>18</age><sex>1</sex><cat>2</cat><percent>8.4</percent></prevalence><prevalence><age>18</age><sex>1</sex><cat>3</cat><percent>1.0</percent></prevalence><prevalence><age>19</age><sex>0</sex><cat>1</cat><percent>89.2</percent></prevalence><prevalence><age>19</age><sex>0</sex><cat>2</cat><percent>8.4</percent></prevalence><prevalence><age>19</age><sex>0</sex><cat>3</cat><percent>2.4</percent></prevalence><prevalence><age>19</age><sex>1</sex><cat>1</cat><percent>89.5</percent></prevalence><prevalence><age>19</age><sex>1</sex><cat>2</cat><percent>9.5</percent></prevalence><prevalence><age>19</age><sex>1</sex><cat>3</cat><percent>1.0</percent></prevalence><prevalence><age>20</age><sex>0</sex><cat>1</cat><percent>86.8</percent></prevalence><prevalence><age>20</age><sex>0</sex><cat>2</cat><percent>10.6</percent></prevalence><prevalence><age>20</age><sex>0</sex><cat>3</cat><percent>2.6</percent></prevalence><prevalence><age>20</age><sex>1</sex><cat>1</cat><percent>88.6</percent></prevalence><prevalence><age>20</age><sex>1</sex><cat>2</cat><percent>10.4</percent></prevalence><prevalence><age>20</age><sex>1</sex><cat>3</cat><percent>1.0</percent></prevalence><prevalence><age>21</age><sex>0</sex><cat>1</cat><percent>84.8</percent></prevalence><prevalence><age>21</age><sex>0</sex><cat>2</cat><percent>12.4</percent></prevalence><prevalence><age>21</age><sex>0</sex><cat>3</cat><percent>2.8</percent></prevalence><prevalence><age>21</age><sex>1</sex><cat>1</cat><percent>87.2</percent></prevalence><prevalence><age>21</age><sex>1</sex><cat>2</cat><percent>11.6</percent></prevalence><prevalence><age>21</age><sex>1</sex><cat>3</cat><percent>1.2</percent></prevalence><prevalence><age>22</age><sex>0</sex><cat>1</cat><percent>82.4</percent></prevalence><prevalence><age>22</age><sex>0</sex><cat>2</cat><percent>14.6</percent></prevalence><prevalence><age>22</age><sex>0</sex><cat>3</cat><percent>3.0</percent></prevalence><prevalence><age>22</age><sex>1</sex><cat>1</cat><percent>86.3</percent></prevalence><prevalence><age>22</age><sex>1</sex><cat>2</cat><percent>12.5</percent></prevalence><prevalence><age>22</age><sex>1</sex><cat>3</cat><percent>1.2</percent></prevalence><prevalence><age>23</age><sex>0</sex><cat>1</cat><percent>80.7</percent></prevalence><prevalence><age>23</age><sex>0</sex><cat>2</cat><percent>16.1</percent></prevalence><prevalence><age>23</age><sex>0</sex><cat>3</cat><percent>3.2</percent></prevalence><prevalence><age>23</age><sex>1</sex><cat>1</cat><percent>84.9</percent></prevalence><prevalence><age>23</age><sex>1</sex><cat>2</cat><percent>13.8</percent></prevalence><prevalence><age>23</age><sex>1</sex><cat>3</cat><percent>1.3</percent></prevalence><prevalence><age>24</age><sex>0</sex><cat>1</cat><percent>78.2</percent></prevalence><prevalence><age>24</age><sex>0</sex><cat>2</cat><percent>18.2</percent></prevalence><prevalence><age>24</age><sex>0</sex><cat>3</cat><percent>3.6</percent></prevalence><prevalence><age>24</age><sex>1</sex><cat>1</cat><percent>83.3</percent></prevalence><prevalence><age>24</age><sex>1</sex><cat>2</cat><percent>14.7</percent></prevalence><prevalence><age>24</age><sex>1</sex><cat>3</cat><percent>2.0</percent></prevalence><prevalence><age>25</age><sex>0</sex><cat>1</cat><percent>69.5</percent></prevalence><prevalence><age>25</age><sex>0</sex><cat>2</cat><percent>26.5</percent></prevalence><prevalence><age>25</age><sex>0</sex><cat>3</cat><percent>4.0</percent></prevalence><prevalence><age>25</age><sex>1</sex><cat>1</cat><percent>80.9</percent></prevalence><prevalence><age>25</age><sex>1</sex><cat>2</cat><percent>16.5</percent></prevalence><prevalence><age>25</age><sex>1</sex><cat>3</cat><percent>2.6</percent></prevalence><prevalence><age>26</age><sex>0</sex><cat>1</cat><percent>66.5</percent></prevalence><prevalence><age>26</age><sex>0</sex><cat>2</cat><percent>29.2</percent></prevalence><prevalence><age>26</age><sex>0</sex><cat>3</cat><percent>4.3</percent></prevalence><prevalence><age>26</age><sex>1</sex><cat>1</cat><percent>77.9</percent></prevalence><prevalence><age>26</age><sex>1</sex><cat>2</cat><percent>18.3</percent></prevalence><prevalence><age>26</age><sex>1</sex><cat>3</cat><percent>3.8</percent></prevalence><prevalence><age>27</age><sex>0</sex><cat>1</cat><percent>63.6</percent></prevalence><prevalence><age>27</age><sex>0</sex><cat>2</cat><percent>31.7</percent></prevalence><prevalence><age>27</age><sex>0</sex><cat>3</cat><percent>4.7</percent></prevalence><prevalence><age>27</age><sex>1</sex><cat>1</cat><percent>75.2</percent></prevalence><prevalence><age>27</age><sex>1</sex><cat>2</cat><percent>19.8</percent></prevalence><prevalence><age>27</age><sex>1</sex><cat>3</cat><percent>5.0</percent></prevalence><prevalence><age>28</age><sex>0</sex><cat>1</cat><percent>62.3</percent></prevalence><prevalence><age>28</age><sex>0</sex><cat>2</cat><percent>32.6</percent></prevalence><prevalence><age>28</age><sex>0</sex><cat>3</cat><percent>5.1</percent></prevalence><prevalence><age>28</age><sex>1</sex><cat>1</cat><percent>74.4</percent></prevalence><prevalence><age>28</age><sex>1</sex><cat>2</cat><percent>20.4</percent></prevalence><prevalence><age>28</age><sex>1</sex><cat>3</cat><percent>5.2</percent></prevalence><prevalence><age>29</age><sex>0</sex><cat>1</cat><percent>60.4</percent></prevalence><prevalence><age>29</age><sex>0</sex><cat>2</cat><percent>34.1</percent></prevalence><prevalence><age>29</age><sex>0</sex><cat>3</cat><percent>5.5</percent></prevalence><prevalence><age>29</age><sex>1</sex><cat>1</cat><percent>73.9</percent></prevalence><prevalence><age>29</age><sex>1</sex><cat>2</cat><percent>20.7</percent></prevalence><prevalence><age>29</age><sex>1</sex><cat>3</cat><percent>5.4</percent></prevalence><prevalence><age>30</age><sex>0</sex><cat>1</cat><percent>58.2</percent></prevalence><prevalence><age>30</age><sex>0</sex><cat>2</cat><percent>35.9</percent></prevalence><prevalence><age>30</age><sex>0</sex><cat>3</cat><percent>5.9</percent></prevalence><prevalence><age>30</age><sex>1</sex><cat>1</cat><percent>73.6</percent></prevalence><prevalence><age>30</age><sex>1</sex><cat>2</cat><percent>20.8</percent></prevalence><prevalence><age>30</age><sex>1</sex><cat>3</cat><percent>5.6</percent></prevalence><prevalence><age>31</age><sex>0</sex><cat>1</cat><percent>56.9</percent></prevalence><prevalence><age>31</age><sex>0</sex><cat>2</cat><percent>36.8</percent></prevalence><prevalence><age>31</age><sex>0</sex><cat>3</cat><percent>6.3</percent></prevalence><prevalence><age>31</age><sex>1</sex><cat>1</cat><percent>73.3</percent></prevalence><prevalence><age>31</age><sex>1</sex><cat>2</cat><percent>20.9</percent></prevalence><prevalence><age>31</age><sex>1</sex><cat>3</cat><percent>5.8</percent></prevalence><prevalence><age>32</age><sex>0</sex><cat>1</cat><percent>54.8</percent></prevalence><prevalence><age>32</age><sex>0</sex><cat>2</cat><percent>38.4</percent></prevalence><prevalence><age>32</age><sex>0</sex><cat>3</cat><percent>6.8</percent></prevalence><prevalence><age>32</age><sex>1</sex><cat>1</cat><percent>73.1</percent></prevalence><prevalence><age>32</age><sex>1</sex><cat>2</cat><percent>21.0</percent></prevalence><prevalence><age>32</age><sex>1</sex><cat>3</cat><percent>5.9</percent></prevalence><prevalence><age>33</age><sex>0</sex><cat>1</cat><percent>52.8</percent></prevalence><prevalence><age>33</age><sex>0</sex><cat>2</cat><percent>40.2</percent></prevalence><prevalence><age>33</age><sex>0</sex><cat>3</cat><percent>7.0</percent></prevalence><prevalence><age>33</age><sex>1</sex><cat>1</cat><percent>72.8</percent></prevalence><prevalence><age>33</age><sex>1</sex><cat>2</cat><percent>21.2</percent></prevalence><prevalence><age>33</age><sex>1</sex><cat>3</cat><percent>6.0</percent></prevalence><prevalence><age>34</age><sex>0</sex><cat>1</cat><percent>49.8</percent></prevalence><prevalence><age>34</age><sex>0</sex><cat>2</cat><percent>43.0</percent></prevalence><prevalence><age>34</age><sex>0</sex><cat>3</cat><percent>7.2</percent></prevalence><prevalence><age>34</age><sex>1</sex><cat>1</cat><percent>72.5</percent></prevalence><prevalence><age>34</age><sex>1</sex><cat>2</cat><percent>21.4</percent></prevalence><prevalence><age>34</age><sex>1</sex><cat>3</cat><percent>6.1</percent></prevalence><prevalence><age>35</age><sex>0</sex><cat>1</cat><percent>49.4</percent></prevalence><prevalence><age>35</age><sex>0</sex><cat>2</cat><percent>43.1</percent></prevalence><prevalence><age>35</age><sex>0</sex><cat>3</cat><percent>7.5</percent></prevalence><prevalence><age>35</age><sex>1</sex><cat>1</cat><percent>72.2</percent></prevalence><prevalence><age>35</age><sex>1</sex><cat>2</cat><percent>21.5</percent></prevalence><prevalence><age>35</age><sex>1</sex><cat>3</cat><percent>6.3</percent></prevalence><prevalence><age>36</age><sex>0</sex><cat>1</cat><percent>48.9</percent></prevalence><prevalence><age>36</age><sex>0</sex><cat>2</cat><percent>43.3</percent></prevalence><prevalence><age>36</age><sex>0</sex><cat>3</cat><percent>7.8</percent></prevalence><prevalence><age>36</age><sex>1</sex><cat>1</cat><percent>71.8</percent></prevalence><prevalence><age>36</age><sex>1</sex><cat>2</cat><percent>21.7</percent></prevalence><prevalence><age>36</age><sex>1</sex><cat>3</cat><percent>6.5</percent></prevalence><prevalence><age>37</age><sex>0</sex><cat>1</cat><percent>48.4</percent></prevalence><prevalence><age>37</age><sex>0</sex><cat>2</cat><percent>43.5</percent></prevalence><prevalence><age>37</age><sex>0</sex><cat>3</cat><percent>8.1</percent></prevalence><prevalence><age>37</age><sex>1</sex><cat>1</cat><percent>71.4</percent></prevalence><prevalence><age>37</age><sex>1</sex><cat>2</cat><percent>21.9</percent></prevalence><prevalence><age>37</age><sex>1</sex><cat>3</cat><percent>6.7</percent></prevalence><prevalence><age>38</age><sex>0</sex><cat>1</cat><percent>48.0</percent></prevalence><prevalence><age>38</age><sex>0</sex><cat>2</cat><percent>43.7</percent></prevalence><prevalence><age>38</age><sex>0</sex><cat>3</cat><percent>8.3</percent></prevalence><prevalence><age>38</age><sex>1</sex><cat>1</cat><percent>71.0</percent></prevalence><prevalence><age>38</age><sex>1</sex><cat>2</cat><percent>22.0</percent></prevalence><prevalence><age>38</age><sex>1</sex><cat>3</cat><percent>7.0</percent></prevalence><prevalence><age>39</age><sex>0</sex><cat>1</cat><percent>47.6</percent></prevalence><prevalence><age>39</age><sex>0</sex><cat>2</cat><percent>43.9</percent></prevalence><prevalence><age>39</age><sex>0</sex><cat>3</cat><percent>8.5</percent></prevalence><prevalence><age>39</age><sex>1</sex><cat>1</cat><percent>70.6</percent></prevalence><prevalence><age>39</age><sex>1</sex><cat>2</cat><percent>22.1</percent></prevalence><prevalence><age>39</age><sex>1</sex><cat>3</cat><percent>7.3</percent></prevalence><prevalence><age>40</age><sex>0</sex><cat>1</cat><percent>46.9</percent></prevalence><prevalence><age>40</age><sex>0</sex><cat>2</cat><percent>44.0</percent></prevalence><prevalence><age>40</age><sex>0</sex><cat>3</cat><percent>9.1</percent></prevalence><prevalence><age>40</age><sex>1</sex><cat>1</cat><percent>70.0</percent></prevalence><prevalence><age>40</age><sex>1</sex><cat>2</cat><percent>22.4</percent></prevalence><prevalence><age>40</age><sex>1</sex><cat>3</cat><percent>7.6</percent></prevalence><prevalence><age>41</age><sex>0</sex><cat>1</cat><percent>46.1</percent></prevalence><prevalence><age>41</age><sex>0</sex><cat>2</cat><percent>44.2</percent></prevalence><prevalence><age>41</age><sex>0</sex><cat>3</cat><percent>9.7</percent></prevalence><prevalence><age>41</age><sex>1</sex><cat>1</cat><percent>69.2</percent></prevalence><prevalence><age>41</age><sex>1</sex><cat>2</cat><percent>22.6</percent></prevalence><prevalence><age>41</age><sex>1</sex><cat>3</cat><percent>8.2</percent></prevalence><prevalence><age>42</age><sex>0</sex><cat>1</cat><percent>45.4</percent></prevalence><prevalence><age>42</age><sex>0</sex><cat>2</cat><percent>44.6</percent></prevalence><prevalence><age>42</age><sex>0</sex><cat>3</cat><percent>10.0</percent></prevalence><prevalence><age>42</age><sex>1</sex><cat>1</cat><percent>68.7</percent></prevalence><prevalence><age>42</age><sex>1</sex><cat>2</cat><percent>22.8</percent></prevalence><prevalence><age>42</age><sex>1</sex><cat>3</cat><percent>8.5</percent></prevalence><prevalence><age>43</age><sex>0</sex><cat>1</cat><percent>44.2</percent></prevalence><prevalence><age>43</age><sex>0</sex><cat>2</cat><percent>45.0</percent></prevalence><prevalence><age>43</age><sex>0</sex><cat>3</cat><percent>10.8</percent></prevalence><prevalence><age>43</age><sex>1</sex><cat>1</cat><percent>68.0</percent></prevalence><prevalence><age>43</age><sex>1</sex><cat>2</cat><percent>23.2</percent></prevalence><prevalence><age>43</age><sex>1</sex><cat>3</cat><percent>8.8</percent></prevalence><prevalence><age>44</age><sex>0</sex><cat>1</cat><percent>43.9</percent></prevalence><prevalence><age>44</age><sex>0</sex><cat>2</cat><percent>45.1</percent></prevalence><prevalence><age>44</age><sex>0</sex><cat>3</cat><percent>11.0</percent></prevalence><prevalence><age>44</age><sex>1</sex><cat>1</cat><percent>66.6</percent></prevalence><prevalence><age>44</age><sex>1</sex><cat>2</cat><percent>24.0</percent></prevalence><prevalence><age>44</age><sex>1</sex><cat>3</cat><percent>9.4</percent></prevalence><prevalence><age>45</age><sex>0</sex><cat>1</cat><percent>43.1</percent></prevalence><prevalence><age>45</age><sex>0</sex><cat>2</cat><percent>45.7</percent></prevalence><prevalence><age>45</age><sex>0</sex><cat>3</cat><percent>11.2</percent></prevalence><prevalence><age>45</age><sex>1</sex><cat>1</cat><percent>63.8</percent></prevalence><prevalence><age>45</age><sex>1</sex><cat>2</cat><percent>26.1</percent></prevalence><prevalence><age>45</age><sex>1</sex><cat>3</cat><percent>10.1</percent></prevalence><prevalence><age>46</age><sex>0</sex><cat>1</cat><percent>42.3</percent></prevalence><prevalence><age>46</age><sex>0</sex><cat>2</cat><percent>46.2</percent></prevalence><prevalence><age>46</age><sex>0</sex><cat>3</cat><percent>11.5</percent></prevalence><prevalence><age>46</age><sex>1</sex><cat>1</cat><percent>60.5</percent></prevalence><prevalence><age>46</age><sex>1</sex><cat>2</cat><percent>28.6</percent></prevalence><prevalence><age>46</age><sex>1</sex><cat>3</cat><percent>10.9</percent></prevalence><prevalence><age>47</age><sex>0</sex><cat>1</cat><percent>41.5</percent></prevalence><prevalence><age>47</age><sex>0</sex><cat>2</cat><percent>46.9</percent></prevalence><prevalence><age>47</age><sex>0</sex><cat>3</cat><percent>11.6</percent></prevalence><prevalence><age>47</age><sex>1</sex><cat>1</cat><percent>56.0</percent></prevalence><prevalence><age>47</age><sex>1</sex><cat>2</cat><percent>32.5</percent></prevalence><prevalence><age>47</age><sex>1</sex><cat>3</cat><percent>11.5</percent></prevalence><prevalence><age>48</age><sex>0</sex><cat>1</cat><percent>40.4</percent></prevalence><prevalence><age>48</age><sex>0</sex><cat>2</cat><percent>47.7</percent></prevalence><prevalence><age>48</age><sex>0</sex><cat>3</cat><percent>11.9</percent></prevalence><prevalence><age>48</age><sex>1</sex><cat>1</cat><percent>54.6</percent></prevalence><prevalence><age>48</age><sex>1</sex><cat>2</cat><percent>33.1</percent></prevalence><prevalence><age>48</age><sex>1</sex><cat>3</cat><percent>12.3</percent></prevalence><prevalence><age>49</age><sex>0</sex><cat>1</cat><percent>39.1</percent></prevalence><prevalence><age>49</age><sex>0</sex><cat>2</cat><percent>48.5</percent></prevalence><prevalence><age>49</age><sex>0</sex><cat>3</cat><percent>12.4</percent></prevalence><prevalence><age>49</age><sex>1</sex><cat>1</cat><percent>53.0</percent></prevalence><prevalence><age>49</age><sex>1</sex><cat>2</cat><percent>34.1</percent></prevalence><prevalence><age>49</age><sex>1</sex><cat>3</cat><percent>12.9</percent></prevalence><prevalence><age>50</age><sex>0</sex><cat>1</cat><percent>37.9</percent></prevalence><prevalence><age>50</age><sex>0</sex><cat>2</cat><percent>49.2</percent></prevalence><prevalence><age>50</age><sex>0</sex><cat>3</cat><percent>12.9</percent></prevalence><prevalence><age>50</age><sex>1</sex><cat>1</cat><percent>52.1</percent></prevalence><prevalence><age>50</age><sex>1</sex><cat>2</cat><percent>34.9</percent></prevalence><prevalence><age>50</age><sex>1</sex><cat>3</cat><percent>13.0</percent></prevalence><prevalence><age>51</age><sex>0</sex><cat>1</cat><percent>37.0</percent></prevalence><prevalence><age>51</age><sex>0</sex><cat>2</cat><percent>49.8</percent></prevalence><prevalence><age>51</age><sex>0</sex><cat>3</cat><percent>13.2</percent></prevalence><prevalence><age>51</age><sex>1</sex><cat>1</cat><percent>51.1</percent></prevalence><prevalence><age>51</age><sex>1</sex><cat>2</cat><percent>35.2</percent></prevalence><prevalence><age>51</age><sex>1</sex><cat>3</cat><percent>13.7</percent></prevalence><prevalence><age>52</age><sex>0</sex><cat>1</cat><percent>35.5</percent></prevalence><prevalence><age>52</age><sex>0</sex><cat>2</cat><percent>50.6</percent></prevalence><prevalence><age>52</age><sex>0</sex><cat>3</cat><percent>13.9</percent></prevalence><prevalence><age>52</age><sex>1</sex><cat>1</cat><percent>49.7</percent></prevalence><prevalence><age>52</age><sex>1</sex><cat>2</cat><percent>35.8</percent></prevalence><prevalence><age>52</age><sex>1</sex><cat>3</cat><percent>14.5</percent></prevalence><prevalence><age>53</age><sex>0</sex><cat>1</cat><percent>33.0</percent></prevalence><prevalence><age>53</age><sex>0</sex><cat>2</cat><percent>52.4</percent></prevalence><prevalence><age>53</age><sex>0</sex><cat>3</cat><percent>14.6</percent></prevalence><prevalence><age>53</age><sex>1</sex><cat>1</cat><percent>48.1</percent></prevalence><prevalence><age>53</age><sex>1</sex><cat>2</cat><percent>36.8</percent></prevalence><prevalence><age>53</age><sex>1</sex><cat>3</cat><percent>15.1</percent></prevalence><prevalence><age>54</age><sex>0</sex><cat>1</cat><percent>29.7</percent></prevalence><prevalence><age>54</age><sex>0</sex><cat>2</cat><percent>54.8</percent></prevalence><prevalence><age>54</age><sex>0</sex><cat>3</cat><percent>15.5</percent></prevalence><prevalence><age>54</age><sex>1</sex><cat>1</cat><percent>46.9</percent></prevalence><prevalence><age>54</age><sex>1</sex><cat>2</cat><percent>37.4</percent></prevalence><prevalence><age>54</age><sex>1</sex><cat>3</cat><percent>15.7</percent></prevalence><prevalence><age>55</age><sex>0</sex><cat>1</cat><percent>29.1</percent></prevalence><prevalence><age>55</age><sex>0</sex><cat>2</cat><percent>54.9</percent></prevalence><prevalence><age>55</age><sex>0</sex><cat>3</cat><percent>16.0</percent></prevalence><prevalence><age>55</age><sex>1</sex><cat>1</cat><percent>45.7</percent></prevalence><prevalence><age>55</age><sex>1</sex><cat>2</cat><percent>37.9</percent></prevalence><prevalence><age>55</age><sex>1</sex><cat>3</cat><percent>16.4</percent></prevalence><prevalence><age>56</age><sex>0</sex><cat>1</cat><percent>28.2</percent></prevalence><prevalence><age>56</age><sex>0</sex><cat>2</cat><percent>55.0</percent></prevalence><prevalence><age>56</age><sex>0</sex><cat>3</cat><percent>16.8</percent></prevalence><prevalence><age>56</age><sex>1</sex><cat>1</cat><percent>44.9</percent></prevalence><prevalence><age>56</age><sex>1</sex><cat>2</cat><percent>38.2</percent></prevalence><prevalence><age>56</age><sex>1</sex><cat>3</cat><percent>16.9</percent></prevalence><prevalence><age>57</age><sex>0</sex><cat>1</cat><percent>27.3</percent></prevalence><prevalence><age>57</age><sex>0</sex><cat>2</cat><percent>55.1</percent></prevalence><prevalence><age>57</age><sex>0</sex><cat>3</cat><percent>17.6</percent></prevalence><prevalence><age>57</age><sex>1</sex><cat>1</cat><percent>43.7</percent></prevalence><prevalence><age>57</age><sex>1</sex><cat>2</cat><percent>38.7</percent></prevalence><prevalence><age>57</age><sex>1</sex><cat>3</cat><percent>17.6</percent></prevalence><prevalence><age>58</age><sex>0</sex><cat>1</cat><percent>26.9</percent></prevalence><prevalence><age>58</age><sex>0</sex><cat>2</cat><percent>55.2</percent></prevalence><prevalence><age>58</age><sex>0</sex><cat>3</cat><percent>17.9</percent></prevalence><prevalence><age>58</age><sex>1</sex><cat>1</cat><percent>42.8</percent></prevalence><prevalence><age>58</age><sex>1</sex><cat>2</cat><percent>39.1</percent></prevalence><prevalence><age>58</age><sex>1</sex><cat>3</cat><percent>18.1</percent></prevalence><prevalence><age>59</age><sex>0</sex><cat>1</cat><percent>26.4</percent></prevalence><prevalence><age>59</age><sex>0</sex><cat>2</cat><percent>55.3</percent></prevalence><prevalence><age>59</age><sex>0</sex><cat>3</cat><percent>18.3</percent></prevalence><prevalence><age>59</age><sex>1</sex><cat>1</cat><percent>41.6</percent></prevalence><prevalence><age>59</age><sex>1</sex><cat>2</cat><percent>39.5</percent></prevalence><prevalence><age>59</age><sex>1</sex><cat>3</cat><percent>18.9</percent></prevalence><prevalence><age>60</age><sex>0</sex><cat>1</cat><percent>25.8</percent></prevalence><prevalence><age>60</age><sex>0</sex><cat>2</cat><percent>55.3</percent></prevalence><prevalence><age>60</age><sex>0</sex><cat>3</cat><percent>18.9</percent></prevalence><prevalence><age>60</age><sex>1</sex><cat>1</cat><percent>40.6</percent></prevalence><prevalence><age>60</age><sex>1</sex><cat>2</cat><percent>40.0</percent></prevalence><prevalence><age>60</age><sex>1</sex><cat>3</cat><percent>19.4</percent></prevalence><prevalence><age>61</age><sex>0</sex><cat>1</cat><percent>25.3</percent></prevalence><prevalence><age>61</age><sex>0</sex><cat>2</cat><percent>55.4</percent></prevalence><prevalence><age>61</age><sex>0</sex><cat>3</cat><percent>19.3</percent></prevalence><prevalence><age>61</age><sex>1</sex><cat>1</cat><percent>39.6</percent></prevalence><prevalence><age>61</age><sex>1</sex><cat>2</cat><percent>40.3</percent></prevalence><prevalence><age>61</age><sex>1</sex><cat>3</cat><percent>20.1</percent></prevalence><prevalence><age>62</age><sex>0</sex><cat>1</cat><percent>25.6</percent></prevalence><prevalence><age>62</age><sex>0</sex><cat>2</cat><percent>55.6</percent></prevalence><prevalence><age>62</age><sex>0</sex><cat>3</cat><percent>18.8</percent></prevalence><prevalence><age>62</age><sex>1</sex><cat>1</cat><percent>37.9</percent></prevalence><prevalence><age>62</age><sex>1</sex><cat>2</cat><percent>41.7</percent></prevalence><prevalence><age>62</age><sex>1</sex><cat>3</cat><percent>20.4</percent></prevalence><prevalence><age>63</age><sex>0</sex><cat>1</cat><percent>26.6</percent></prevalence><prevalence><age>63</age><sex>0</sex><cat>2</cat><percent>55.7</percent></prevalence><prevalence><age>63</age><sex>0</sex><cat>3</cat><percent>17.7</percent></prevalence><prevalence><age>63</age><sex>1</sex><cat>1</cat><percent>37.6</percent></prevalence><prevalence><age>63</age><sex>1</sex><cat>2</cat><percent>42.3</percent></prevalence><prevalence><age>63</age><sex>1</sex><cat>3</cat><percent>20.1</percent></prevalence><prevalence><age>64</age><sex>0</sex><cat>1</cat><percent>27.0</percent></prevalence><prevalence><age>64</age><sex>0</sex><cat>2</cat><percent>55.7</percent></prevalence><prevalence><age>64</age><sex>0</sex><cat>3</cat><percent>17.3</percent></prevalence><prevalence><age>64</age><sex>1</sex><cat>1</cat><percent>36.2</percent></prevalence><prevalence><age>64</age><sex>1</sex><cat>2</cat><percent>42.5</percent></prevalence><prevalence><age>64</age><sex>1</sex><cat>3</cat><percent>21.3</percent></prevalence><prevalence><age>65</age><sex>0</sex><cat>1</cat><percent>27.0</percent></prevalence><prevalence><age>65</age><sex>0</sex><cat>2</cat><percent>55.9</percent></prevalence><prevalence><age>65</age><sex>0</sex><cat>3</cat><percent>17.1</percent></prevalence><prevalence><age>65</age><sex>1</sex><cat>1</cat><percent>36.4</percent></prevalence><prevalence><age>65</age><sex>1</sex><cat>2</cat><percent>43.5</percent></prevalence><prevalence><age>65</age><sex>1</sex><cat>3</cat><percent>20.1</percent></prevalence><prevalence><age>66</age><sex>0</sex><cat>1</cat><percent>26.8</percent></prevalence><prevalence><age>66</age><sex>0</sex><cat>2</cat><percent>56.3</percent></prevalence><prevalence><age>66</age><sex>0</sex><cat>3</cat><percent>16.9</percent></prevalence><prevalence><age>66</age><sex>1</sex><cat>1</cat><percent>37.1</percent></prevalence><prevalence><age>66</age><sex>1</sex><cat>2</cat><percent>44.7</percent></prevalence><prevalence><age>66</age><sex>1</sex><cat>3</cat><percent>18.2</percent></prevalence><prevalence><age>67</age><sex>0</sex><cat>1</cat><percent>26.6</percent></prevalence><prevalence><age>67</age><sex>0</sex><cat>2</cat><percent>56.7</percent></prevalence><prevalence><age>67</age><sex>0</sex><cat>3</cat><percent>16.7</percent></prevalence><prevalence><age>67</age><sex>1</sex><cat>1</cat><percent>36.4</percent></prevalence><prevalence><age>67</age><sex>1</sex><cat>2</cat><percent>46.2</percent></prevalence><prevalence><age>67</age><sex>1</sex><cat>3</cat><percent>17.4</percent></prevalence><prevalence><age>68</age><sex>0</sex><cat>1</cat><percent>26.3</percent></prevalence><prevalence><age>68</age><sex>0</sex><cat>2</cat><percent>57.2</percent></prevalence><prevalence><age>68</age><sex>0</sex><cat>3</cat><percent>16.5</percent></prevalence><prevalence><age>68</age><sex>1</sex><cat>1</cat><percent>35.1</percent></prevalence><prevalence><age>68</age><sex>1</sex><cat>2</cat><percent>47.8</percent></prevalence><prevalence><age>68</age><sex>1</sex><cat>3</cat><percent>17.1</percent></prevalence><prevalence><age>69</age><sex>0</sex><cat>1</cat><percent>26.1</percent></prevalence><prevalence><age>69</age><sex>0</sex><cat>2</cat><percent>57.6</percent></prevalence><prevalence><age>69</age><sex>0</sex><cat>3</cat><percent>16.3</percent></prevalence><prevalence><age>69</age><sex>1</sex><cat>1</cat><percent>34.1</percent></prevalence><prevalence><age>69</age><sex>1</sex><cat>2</cat><percent>49.4</percent></prevalence><prevalence><age>69</age><sex>1</sex><cat>3</cat><percent>16.5</percent></prevalence><prevalence><age>70</age><sex>0</sex><cat>1</cat><percent>25.8</percent></prevalence><prevalence><age>70</age><sex>0</sex><cat>2</cat><percent>57.8</percent></prevalence><prevalence><age>70</age><sex>0</sex><cat>3</cat><percent>16.4</percent></prevalence><prevalence><age>70</age><sex>1</sex><cat>1</cat><percent>33.5</percent></prevalence><prevalence><age>70</age><sex>1</sex><cat>2</cat><percent>50.7</percent></prevalence><prevalence><age>70</age><sex>1</sex><cat>3</cat><percent>15.8</percent></prevalence><prevalence><age>71</age><sex>0</sex><cat>1</cat><percent>25.6</percent></prevalence><prevalence><age>71</age><sex>0</sex><cat>2</cat><percent>57.9</percent></prevalence><prevalence><age>71</age><sex>0</sex><cat>3</cat><percent>16.5</percent></prevalence><prevalence><age>71</age><sex>1</sex><cat>1</cat><percent>33.7</percent></prevalence><prevalence><age>71</age><sex>1</sex><cat>2</cat><percent>51.3</percent></prevalence><prevalence><age>71</age><sex>1</sex><cat>3</cat><percent>15.0</percent></prevalence><prevalence><age>72</age><sex>0</sex><cat>1</cat><percent>25.0</percent></prevalence><prevalence><age>72</age><sex>0</sex><cat>2</cat><percent>58.3</percent></prevalence><prevalence><age>72</age><sex>0</sex><cat>3</cat><percent>16.7</percent></prevalence><prevalence><age>72</age><sex>1</sex><cat>1</cat><percent>31.9</percent></prevalence><prevalence><age>72</age><sex>1</sex><cat>2</cat><percent>53.4</percent></prevalence><prevalence><age>72</age><sex>1</sex><cat>3</cat><percent>14.7</percent></prevalence><prevalence><age>73</age><sex>0</sex><cat>1</cat><percent>24.3</percent></prevalence><prevalence><age>73</age><sex>0</sex><cat>2</cat><percent>58.8</percent></prevalence><prevalence><age>73</age><sex>0</sex><cat>3</cat><percent>16.9</percent></prevalence><prevalence><age>73</age><sex>1</sex><cat>1</cat><percent>30.3</percent></prevalence><prevalence><age>73</age><sex>1</sex><cat>2</cat><percent>55.2</percent></prevalence><prevalence><age>73</age><sex>1</sex><cat>3</cat><percent>14.5</percent></prevalence><prevalence><age>74</age><sex>0</sex><cat>1</cat><percent>23.5</percent></prevalence><prevalence><age>74</age><sex>0</sex><cat>2</cat><percent>59.4</percent></prevalence><prevalence><age>74</age><sex>0</sex><cat>3</cat><percent>17.1</percent></prevalence><prevalence><age>74</age><sex>1</sex><cat>1</cat><percent>29.5</percent></prevalence><prevalence><age>74</age><sex>1</sex><cat>2</cat><percent>56.0</percent></prevalence><prevalence><age>74</age><sex>1</sex><cat>3</cat><percent>14.5</percent></prevalence><prevalence><age>75</age><sex>0</sex><cat>1</cat><percent>23.6</percent></prevalence><prevalence><age>75</age><sex>0</sex><cat>2</cat><percent>58.5</percent></prevalence><prevalence><age>75</age><sex>0</sex><cat>3</cat><percent>17.9</percent></prevalence><prevalence><age>75</age><sex>1</sex><cat>1</cat><percent>30.3</percent></prevalence><prevalence><age>75</age><sex>1</sex><cat>2</cat><percent>55.3</percent></prevalence><prevalence><age>75</age><sex>1</sex><cat>3</cat><percent>14.4</percent></prevalence><prevalence><age>76</age><sex>0</sex><cat>1</cat><percent>23.4</percent></prevalence><prevalence><age>76</age><sex>0</sex><cat>2</cat><percent>58.1</percent></prevalence><prevalence><age>76</age><sex>0</sex><cat>3</cat><percent>18.5</percent></prevalence><prevalence><age>76</age><sex>1</sex><cat>1</cat><percent>30.6</percent></prevalence><prevalence><age>76</age><sex>1</sex><cat>2</cat><percent>55.0</percent></prevalence><prevalence><age>76</age><sex>1</sex><cat>3</cat><percent>14.4</percent></prevalence><prevalence><age>77</age><sex>0</sex><cat>1</cat><percent>22.8</percent></prevalence><prevalence><age>77</age><sex>0</sex><cat>2</cat><percent>57.8</percent></prevalence><prevalence><age>77</age><sex>0</sex><cat>3</cat><percent>19.4</percent></prevalence><prevalence><age>77</age><sex>1</sex><cat>1</cat><percent>30.9</percent></prevalence><prevalence><age>77</age><sex>1</sex><cat>2</cat><percent>54.8</percent></prevalence><prevalence><age>77</age><sex>1</sex><cat>3</cat><percent>14.3</percent></prevalence><prevalence><age>78</age><sex>0</sex><cat>1</cat><percent>22.5</percent></prevalence><prevalence><age>78</age><sex>0</sex><cat>2</cat><percent>57.3</percent></prevalence><prevalence><age>78</age><sex>0</sex><cat>3</cat><percent>20.2</percent></prevalence><prevalence><age>78</age><sex>1</sex><cat>1</cat><percent>31.2</percent></prevalence><prevalence><age>78</age><sex>1</sex><cat>2</cat><percent>54.5</percent></prevalence><prevalence><age>78</age><sex>1</sex><cat>3</cat><percent>14.3</percent></prevalence><prevalence><age>79</age><sex>0</sex><cat>1</cat><percent>21.4</percent></prevalence><prevalence><age>79</age><sex>0</sex><cat>2</cat><percent>57.1</percent></prevalence><prevalence><age>79</age><sex>0</sex><cat>3</cat><percent>21.5</percent></prevalence><prevalence><age>79</age><sex>1</sex><cat>1</cat><percent>31.3</percent></prevalence><prevalence><age>79</age><sex>1</sex><cat>2</cat><percent>54.3</percent></prevalence><prevalence><age>79</age><sex>1</sex><cat>3</cat><percent>14.4</percent></prevalence><prevalence><age>80</age><sex>0</sex><cat>1</cat><percent>20.9</percent></prevalence><prevalence><age>80</age><sex>0</sex><cat>2</cat><percent>56.8</percent></prevalence><prevalence><age>80</age><sex>0</sex><cat>3</cat><percent>22.3</percent></prevalence><prevalence><age>80</age><sex>1</sex><cat>1</cat><percent>31.5</percent></prevalence><prevalence><age>80</age><sex>1</sex><cat>2</cat><percent>54.2</percent></prevalence><prevalence><age>80</age><sex>1</sex><cat>3</cat><percent>14.3</percent></prevalence><prevalence><age>81</age><sex>0</sex><cat>1</cat><percent>21.7</percent></prevalence><prevalence><age>81</age><sex>0</sex><cat>2</cat><percent>56.6</percent></prevalence><prevalence><age>81</age><sex>0</sex><cat>3</cat><percent>21.7</percent></prevalence><prevalence><age>81</age><sex>1</sex><cat>1</cat><percent>31.7</percent></prevalence><prevalence><age>81</age><sex>1</sex><cat>2</cat><percent>54.0</percent></prevalence><prevalence><age>81</age><sex>1</sex><cat>3</cat><percent>14.3</percent></prevalence><prevalence><age>82</age><sex>0</sex><cat>1</cat><percent>23.6</percent></prevalence><prevalence><age>82</age><sex>0</sex><cat>2</cat><percent>56.9</percent></prevalence><prevalence><age>82</age><sex>0</sex><cat>3</cat><percent>19.5</percent></prevalence><prevalence><age>82</age><sex>1</sex><cat>1</cat><percent>32.1</percent></prevalence><prevalence><age>82</age><sex>1</sex><cat>2</cat><percent>53.7</percent></prevalence><prevalence><age>82</age><sex>1</sex><cat>3</cat><percent>14.2</percent></prevalence><prevalence><age>83</age><sex>0</sex><cat>1</cat><percent>24.7</percent></prevalence><prevalence><age>83</age><sex>0</sex><cat>2</cat><percent>57.0</percent></prevalence><prevalence><age>83</age><sex>0</sex><cat>3</cat><percent>18.3</percent></prevalence><prevalence><age>83</age><sex>1</sex><cat>1</cat><percent>32.5</percent></prevalence><prevalence><age>83</age><sex>1</sex><cat>2</cat><percent>53.4</percent></prevalence><prevalence><age>83</age><sex>1</sex><cat>3</cat><percent>14.1</percent></prevalence><prevalence><age>84</age><sex>0</sex><cat>1</cat><percent>25.5</percent></prevalence><prevalence><age>84</age><sex>0</sex><cat>2</cat><percent>57.1</percent></prevalence><prevalence><age>84</age><sex>0</sex><cat>3</cat><percent>17.4</percent></prevalence><prevalence><age>84</age><sex>1</sex><cat>1</cat><percent>33.0</percent></prevalence><prevalence><age>84</age><sex>1</sex><cat>2</cat><percent>53.1</percent></prevalence><prevalence><age>84</age><sex>1</sex><cat>3</cat><percent>13.9</percent></prevalence><prevalence><age>85</age><sex>0</sex><cat>1</cat><percent>26.6</percent></prevalence><prevalence><age>85</age><sex>0</sex><cat>2</cat><percent>57.1</percent></prevalence><prevalence><age>85</age><sex>0</sex><cat>3</cat><percent>16.3</percent></prevalence><prevalence><age>85</age><sex>1</sex><cat>1</cat><percent>36.2</percent></prevalence><prevalence><age>85</age><sex>1</sex><cat>2</cat><percent>51.0</percent></prevalence><prevalence><age>85</age><sex>1</sex><cat>3</cat><percent>12.8</percent></prevalence><prevalence><age>86</age><sex>0</sex><cat>1</cat><percent>27.9</percent></prevalence><prevalence><age>86</age><sex>0</sex><cat>2</cat><percent>57.3</percent></prevalence><prevalence><age>86</age><sex>0</sex><cat>3</cat><percent>14.8</percent></prevalence><prevalence><age>86</age><sex>1</sex><cat>1</cat><percent>39.0</percent></prevalence><prevalence><age>86</age><sex>1</sex><cat>2</cat><percent>49.5</percent></prevalence><prevalence><age>86</age><sex>1</sex><cat>3</cat><percent>11.5</percent></prevalence><prevalence><age>87</age><sex>0</sex><cat>1</cat><percent>30.3</percent></prevalence><prevalence><age>87</age><sex>0</sex><cat>2</cat><percent>57.5</percent></prevalence><prevalence><age>87</age><sex>0</sex><cat>3</cat><percent>12.2</percent></prevalence><prevalence><age>87</age><sex>1</sex><cat>1</cat><percent>41.5</percent></prevalence><prevalence><age>87</age><sex>1</sex><cat>2</cat><percent>47.6</percent></prevalence><prevalence><age>87</age><sex>1</sex><cat>3</cat><percent>10.9</percent></prevalence><prevalence><age>88</age><sex>0</sex><cat>1</cat><percent>32.0</percent></prevalence><prevalence><age>88</age><sex>0</sex><cat>2</cat><percent>57.6</percent></prevalence><prevalence><age>88</age><sex>0</sex><cat>3</cat><percent>10.4</percent></prevalence><prevalence><age>88</age><sex>1</sex><cat>1</cat><percent>44.8</percent></prevalence><prevalence><age>88</age><sex>1</sex><cat>2</cat><percent>45.1</percent></prevalence><prevalence><age>88</age><sex>1</sex><cat>3</cat><percent>10.1</percent></prevalence><prevalence><age>89</age><sex>0</sex><cat>1</cat><percent>33.9</percent></prevalence><prevalence><age>89</age><sex>0</sex><cat>2</cat><percent>57.8</percent></prevalence><prevalence><age>89</age><sex>0</sex><cat>3</cat><percent>8.3</percent></prevalence><prevalence><age>89</age><sex>1</sex><cat>1</cat><percent>47.3</percent></prevalence><prevalence><age>89</age><sex>1</sex><cat>2</cat><percent>43.2</percent></prevalence><prevalence><age>89</age><sex>1</sex><cat>3</cat><percent>9.5</percent></prevalence><prevalence><age>90</age><sex>0</sex><cat>1</cat><percent>36.1</percent></prevalence><prevalence><age>90</age><sex>0</sex><cat>2</cat><percent>57.5</percent></prevalence><prevalence><age>90</age><sex>0</sex><cat>3</cat><percent>6.4</percent></prevalence><prevalence><age>90</age><sex>1</sex><cat>1</cat><percent>49.6</percent></prevalence><prevalence><age>90</age><sex>1</sex><cat>2</cat><percent>41.6</percent></prevalence><prevalence><age>90</age><sex>1</sex><cat>3</cat><percent>8.8</percent></prevalence><prevalence><age>91</age><sex>0</sex><cat>1</cat><percent>37.5</percent></prevalence><prevalence><age>91</age><sex>0</sex><cat>2</cat><percent>57.2</percent></prevalence><prevalence><age>91</age><sex>0</sex><cat>3</cat><percent>5.3</percent></prevalence><prevalence><age>91</age><sex>1</sex><cat>1</cat><percent>53.3</percent></prevalence><prevalence><age>91</age><sex>1</sex><cat>2</cat><percent>38.7</percent></prevalence><prevalence><age>91</age><sex>1</sex><cat>3</cat><percent>8.0</percent></prevalence><prevalence><age>92</age><sex>0</sex><cat>1</cat><percent>38.1</percent></prevalence><prevalence><age>92</age><sex>0</sex><cat>2</cat><percent>57.1</percent></prevalence><prevalence><age>92</age><sex>0</sex><cat>3</cat><percent>4.8</percent></prevalence><prevalence><age>92</age><sex>1</sex><cat>1</cat><percent>57.3</percent></prevalence><prevalence><age>92</age><sex>1</sex><cat>2</cat><percent>35.4</percent></prevalence><prevalence><age>92</age><sex>1</sex><cat>3</cat><percent>7.3</percent></prevalence><prevalence><age>93</age><sex>0</sex><cat>1</cat><percent>39.0</percent></prevalence><prevalence><age>93</age><sex>0</sex><cat>2</cat><percent>56.9</percent></prevalence><prevalence><age>93</age><sex>0</sex><cat>3</cat><percent>4.1</percent></prevalence><prevalence><age>93</age><sex>1</sex><cat>1</cat><percent>61.8</percent></prevalence><prevalence><age>93</age><sex>1</sex><cat>2</cat><percent>33.1</percent></prevalence><prevalence><age>93</age><sex>1</sex><cat>3</cat><percent>5.1</percent></prevalence><prevalence><age>94</age><sex>0</sex><cat>1</cat><percent>39.4</percent></prevalence><prevalence><age>94</age><sex>0</sex><cat>2</cat><percent>56.8</percent></prevalence><prevalence><age>94</age><sex>0</sex><cat>3</cat><percent>3.8</percent></prevalence><prevalence><age>94</age><sex>1</sex><cat>1</cat><percent>64.8</percent></prevalence><prevalence><age>94</age><sex>1</sex><cat>2</cat><percent>31.1</percent></prevalence><prevalence><age>94</age><sex>1</sex><cat>3</cat><percent>4.1</percent></prevalence><prevalence><age>95</age><sex>0</sex><cat>1</cat><percent>41.0</percent></prevalence><prevalence><age>95</age><sex>0</sex><cat>2</cat><percent>55.3</percent></prevalence><prevalence><age>95</age><sex>0</sex><cat>3</cat><percent>3.7</percent></prevalence><prevalence><age>95</age><sex>1</sex><cat>1</cat><percent>65.8</percent></prevalence><prevalence><age>95</age><sex>1</sex><cat>2</cat><percent>30.2</percent></prevalence><prevalence><age>95</age><sex>1</sex><cat>3</cat><percent>4.0</percent></prevalence></riskfactorprevalences_categorical>