<?xml version="1.0"?><relrisksfromriskfactor_compound><relativerisk><age>0</age><sex>0</sex><cat>1</cat><begin>1.0</begin><alfa>0.0</alfa><end>1.0</end></relativerisk><relativerisk><age>0</age><sex>0</sex><cat>2</cat><begin>1.0</begin><alfa>0.15637</alfa><end>1.0</end></relativerisk><relativerisk><age>0</age><sex>0</sex><cat>3</cat><begin>1.0</begin><alfa>0.0</alfa><end>1.0</end></relativerisk><relativerisk><age>0</age><sex>1</sex><cat>1</cat><begin>1.0</begin><alfa>0.0</alfa><end>1.0</end></relativerisk><relativerisk><age>0</age><sex>1</sex><cat>2</cat><begin>1.0</begin><alfa>0.15637</alfa><end>1.0</end></relativerisk><relativerisk><age>0</age><sex>1</sex><cat>3</cat><begin>1.0</begin><alfa>0.0</alfa><end>1.0</end></relativerisk><relativerisk><age>1</age><sex>0</sex><cat>1</cat><begin>1.0</begin><alfa>0.0</alfa><end>1.0</end></relativerisk><relativerisk><age>1</age><sex>0</sex><cat>2</cat><begin>1.0</begin><alfa>0.15637</alfa><end>1.0</end></relativerisk><relativerisk><age>1</age><sex>0</sex><cat>3</cat><begin>1.0</begin><alfa>0.0</alfa><end>1.0</end></relativerisk><relativerisk><age>1</age><sex>1</sex><cat>1</cat><begin>1.0</begin><alfa>0.0</alfa><end>1.0</end></relativerisk><relativerisk><age>1</age><sex>1</sex><cat>2</cat><begin>1.0</begin><alfa>0.15637</alfa><end>1.0</end></relativerisk><relativerisk><age>1</age><sex>1</sex><cat>3</cat><begin>1.0</begin><alfa>0.0</alfa><end>1.0</end></relativerisk><relativerisk><age>2</age><sex>0</sex><cat>1</cat><begin>1.0</begin><alfa>0.0</alfa><end>1.0</end></relativerisk><relativerisk><age>2</age><sex>0</sex><cat>2</cat><begin>1.0</begin><alfa>0.15637</alfa><end>1.0</end></relativerisk><relativerisk><age>2</age><sex>0</sex><cat>3</cat><begin>1.0</begin><alfa>0.0</alfa><end>1.0</end></relativerisk><relativerisk><age>2</age><sex>1</sex><cat>1</cat><begin>1.0</begin><alfa>0.0</alfa><end>1.0</end></relativerisk><relativerisk><age>2</age><sex>1</sex><cat>2</cat><begin>1.0</begin><alfa>0.15637</alfa><end>1.0</end></relativerisk><relativerisk><age>2</age><sex>1</sex><cat>3</cat><begin>1.0</begin><alfa>0.0</alfa><end>1.0</end></relativerisk><relativerisk><age>3</age><sex>0</sex><cat>1</cat><begin>1.0</begin><alfa>0.0</alfa><end>1.0</end></relativerisk><relativerisk><age>3</age><sex>0</sex><cat>2</cat><begin>1.0</begin><alfa>0.15637</alfa><end>1.0</end></relativerisk><relativerisk><age>3</age><sex>0</sex><cat>3</cat><begin>1.0</begin><alfa>0.0</alfa><end>1.0</end></relativerisk><relativerisk><age>3</age><sex>1</sex><cat>1</cat><begin>1.0</begin><alfa>0.0</alfa><end>1.0</end></relativerisk><relativerisk><age>3</age><sex>1</sex><cat>2</cat><begin>1.0</begin><alfa>0.15637</alfa><end>1.0</end></relativerisk><relativerisk><age>3</age><sex>1</sex><cat>3</cat><begin>1.0</begin><alfa>0.0</alfa><end>1.0</end></relativerisk><relativerisk><age>4</age><sex>0</sex><cat>1</cat><begin>1.0</begin><alfa>0.0</alfa><end>1.0</end></relativerisk><relativerisk><age>4</age><sex>0</sex><cat>2</cat><begin>1.0</begin><alfa>0.15637</alfa><end>1.0</end></relativerisk><relativerisk><age>4</age><sex>0</sex><cat>3</cat><begin>1.0</begin><alfa>0.0</alfa><end>1.0</end></relativerisk><relativerisk><age>4</age><sex>1</sex><cat>1</cat><begin>1.0</begin><alfa>0.0</alfa><end>1.0</end></relativerisk><relativerisk><age>4</age><sex>1</sex><cat>2</cat><begin>1.0</begin><alfa>0.15637</alfa><end>1.0</end></relativerisk><relativerisk><age>4</age><sex>1</sex><cat>3</cat><begin>1.0</begin><alfa>0.0</alfa><end>1.0</end></relativerisk><relativerisk><age>5</age><sex>0</sex><cat>1</cat><begin>1.0</begin><alfa>0.0</alfa><end>1.0</end></relativerisk><relativerisk><age>5</age><sex>0</sex><cat>2</cat><begin>1.0</begin><alfa>0.15637</alfa><end>1.0</end></relativerisk><relativerisk><age>5</age><sex>0</sex><cat>3</cat><begin>1.0</begin><alfa>0.0</alfa><end>1.0</end></relativerisk><relativerisk><age>5</age><sex>1</sex><cat>1</cat><begin>1.0</begin><alfa>0.0</alfa><end>1.0</end></relativerisk><relativerisk><age>5</age><sex>1</sex><cat>2</cat><begin>1.0</begin><alfa>0.15637</alfa><end>1.0</end></relativerisk><relativerisk><age>5</age><sex>1</sex><cat>3</cat><begin>1.0</begin><alfa>0.0</alfa><end>1.0</end></relativerisk><relativerisk><age>6</age><sex>0</sex><cat>1</cat><begin>1.0</begin><alfa>0.0</alfa><end>1.0</end></relativerisk><relativerisk><age>6</age><sex>0</sex><cat>2</cat><begin>1.0</begin><alfa>0.15637</alfa><end>1.0</end></relativerisk><relativerisk><age>6</age><sex>0</sex><cat>3</cat><begin>1.0</begin><alfa>0.0</alfa><end>1.0</end></relativerisk><relativerisk><age>6</age><sex>1</sex><cat>1</cat><begin>1.0</begin><alfa>0.0</alfa><end>1.0</end></relativerisk><relativerisk><age>6</age><sex>1</sex><cat>2</cat><begin>1.0</begin><alfa>0.15637</alfa><end>1.0</end></relativerisk><relativerisk><age>6</age><sex>1</sex><cat>3</cat><begin>1.0</begin><alfa>0.0</alfa><end>1.0</end></relativerisk><relativerisk><age>7</age><sex>0</sex><cat>1</cat><begin>1.0</begin><alfa>0.0</alfa><end>1.0</end></relativerisk><relativerisk><age>7</age><sex>0</sex><cat>2</cat><begin>1.0</begin><alfa>0.15637</alfa><end>1.0</end></relativerisk><relativerisk><age>7</age><sex>0</sex><cat>3</cat><begin>1.0</begin><alfa>0.0</alfa><end>1.0</end></relativerisk><relativerisk><age>7</age><sex>1</sex><cat>1</cat><begin>1.0</begin><alfa>0.0</alfa><end>1.0</end></relativerisk><relativerisk><age>7</age><sex>1</sex><cat>2</cat><begin>1.0</begin><alfa>0.15637</alfa><end>1.0</end></relativerisk><relativerisk><age>7</age><sex>1</sex><cat>3</cat><begin>1.0</begin><alfa>0.0</alfa><end>1.0</end></relativerisk><relativerisk><age>8</age><sex>0</sex><cat>1</cat><begin>1.0</begin><alfa>0.0</alfa><end>1.0</end></relativerisk><relativerisk><age>8</age><sex>0</sex><cat>2</cat><begin>1.0</begin><alfa>0.15637</alfa><end>1.0</end></relativerisk><relativerisk><age>8</age><sex>0</sex><cat>3</cat><begin>1.0</begin><alfa>0.0</alfa><end>1.0</end></relativerisk><relativerisk><age>8</age><sex>1</sex><cat>1</cat><begin>1.0</begin><alfa>0.0</alfa><end>1.0</end></relativerisk><relativerisk><age>8</age><sex>1</sex><cat>2</cat><begin>1.0</begin><alfa>0.15637</alfa><end>1.0</end></relativerisk><relativerisk><age>8</age><sex>1</sex><cat>3</cat><begin>1.0</begin><alfa>0.0</alfa><end>1.0</end></relativerisk><relativerisk><age>9</age><sex>0</sex><cat>1</cat><begin>1.0</begin><alfa>0.0</alfa><end>1.0</end></relativerisk><relativerisk><age>9</age><sex>0</sex><cat>2</cat><begin>1.0</begin><alfa>0.15637</alfa><end>1.0</end></relativerisk><relativerisk><age>9</age><sex>0</sex><cat>3</cat><begin>1.0</begin><alfa>0.0</alfa><end>1.0</end></relativerisk><relativerisk><age>9</age><sex>1</sex><cat>1</cat><begin>1.0</begin><alfa>0.0</alfa><end>1.0</end></relativerisk><relativerisk><age>9</age><sex>1</sex><cat>2</cat><begin>1.0</begin><alfa>0.15637</alfa><end>1.0</end></relativerisk><relativerisk><age>9</age><sex>1</sex><cat>3</cat><begin>1.0</begin><alfa>0.0</alfa><end>1.0</end></relativerisk><relativerisk><age>10</age><sex>0</sex><cat>1</cat><begin>1.0</begin><alfa>0.0</alfa><end>1.0</end></relativerisk><relativerisk><age>10</age><sex>0</sex><cat>2</cat><begin>1.0</begin><alfa>0.15637</alfa><end>1.0</end></relativerisk><relativerisk><age>10</age><sex>0</sex><cat>3</cat><begin>1.0</begin><alfa>0.0</alfa><end>1.0</end></relativerisk><relativerisk><age>10</age><sex>1</sex><cat>1</cat><begin>1.0</begin><alfa>0.0</alfa><end>1.0</end></relativerisk><relativerisk><age>10</age><sex>1</sex><cat>2</cat><begin>1.0</begin><alfa>0.15637</alfa><end>1.0</end></relativerisk><relativerisk><age>10</age><sex>1</sex><cat>3</cat><begin>1.0</begin><alfa>0.0</alfa><end>1.0</end></relativerisk><relativerisk><age>11</age><sex>0</sex><cat>1</cat><begin>1.0</begin><alfa>0.0</alfa><end>1.0</end></relativerisk><relativerisk><age>11</age><sex>0</sex><cat>2</cat><begin>1.0</begin><alfa>0.15637</alfa><end>1.0</end></relativerisk><relativerisk><age>11</age><sex>0</sex><cat>3</cat><begin>1.0</begin><alfa>0.0</alfa><end>1.0</end></relativerisk><relativerisk><age>11</age><sex>1</sex><cat>1</cat><begin>1.0</begin><alfa>0.0</alfa><end>1.0</end></relativerisk><relativerisk><age>11</age><sex>1</sex><cat>2</cat><begin>1.0</begin><alfa>0.15637</alfa><end>1.0</end></relativerisk><relativerisk><age>11</age><sex>1</sex><cat>3</cat><begin>1.0</begin><alfa>0.0</alfa><end>1.0</end></relativerisk><relativerisk><age>12</age><sex>0</sex><cat>1</cat><begin>1.0</begin><alfa>0.0</alfa><end>1.0</end></relativerisk><relativerisk><age>12</age><sex>0</sex><cat>2</cat><begin>1.0</begin><alfa>0.15637</alfa><end>1.0</end></relativerisk><relativerisk><age>12</age><sex>0</sex><cat>3</cat><begin>1.0</begin><alfa>0.0</alfa><end>1.0</end></relativerisk><relativerisk><age>12</age><sex>1</sex><cat>1</cat><begin>1.0</begin><alfa>0.0</alfa><end>1.0</end></relativerisk><relativerisk><age>12</age><sex>1</sex><cat>2</cat><begin>1.0</begin><alfa>0.15637</alfa><end>1.0</end></relativerisk><relativerisk><age>12</age><sex>1</sex><cat>3</cat><begin>1.0</begin><alfa>0.0</alfa><end>1.0</end></relativerisk><relativerisk><age>13</age><sex>0</sex><cat>1</cat><begin>1.0</begin><alfa>0.0</alfa><end>1.0</end></relativerisk><relativerisk><age>13</age><sex>0</sex><cat>2</cat><begin>1.0</begin><alfa>0.15637</alfa><end>1.0</end></relativerisk><relativerisk><age>13</age><sex>0</sex><cat>3</cat><begin>1.0</begin><alfa>0.0</alfa><end>1.0</end></relativerisk><relativerisk><age>13</age><sex>1</sex><cat>1</cat><begin>1.0</begin><alfa>0.0</alfa><end>1.0</end></relativerisk><relativerisk><age>13</age><sex>1</sex><cat>2</cat><begin>1.0</begin><alfa>0.15637</alfa><end>1.0</end></relativerisk><relativerisk><age>13</age><sex>1</sex><cat>3</cat><begin>1.0</begin><alfa>0.0</alfa><end>1.0</end></relativerisk><relativerisk><age>14</age><sex>0</sex><cat>1</cat><begin>1.0</begin><alfa>0.0</alfa><end>1.0</end></relativerisk><relativerisk><age>14</age><sex>0</sex><cat>2</cat><begin>1.0</begin><alfa>0.15637</alfa><end>1.0</end></relativerisk><relativerisk><age>14</age><sex>0</sex><cat>3</cat><begin>1.0</begin><alfa>0.0</alfa><end>1.0</end></relativerisk><relativerisk><age>14</age><sex>1</sex><cat>1</cat><begin>1.0</begin><alfa>0.0</alfa><end>1.0</end></relativerisk><relativerisk><age>14</age><sex>1</sex><cat>2</cat><begin>1.0</begin><alfa>0.15637</alfa><end>1.0</end></relativerisk><relativerisk><age>14</age><sex>1</sex><cat>3</cat><begin>1.0</begin><alfa>0.0</alfa><end>1.0</end></relativerisk><relativerisk><age>15</age><sex>0</sex><cat>1</cat><begin>1.0</begin><alfa>0.0</alfa><end>1.0</end></relativerisk><relativerisk><age>15</age><sex>0</sex><cat>2</cat><begin>1.0</begin><alfa>0.15637</alfa><end>1.0</end></relativerisk><relativerisk><age>15</age><sex>0</sex><cat>3</cat><begin>1.0</begin><alfa>0.0</alfa><end>1.0</end></relativerisk><relativerisk><age>15</age><sex>1</sex><cat>1</cat><begin>1.0</begin><alfa>0.0</alfa><end>1.0</end></relativerisk><relativerisk><age>15</age><sex>1</sex><cat>2</cat><begin>1.0</begin><alfa>0.15637</alfa><end>1.0</end></relativerisk><relativerisk><age>15</age><sex>1</sex><cat>3</cat><begin>1.0</begin><alfa>0.0</alfa><end>1.0</end></relativerisk><relativerisk><age>16</age><sex>0</sex><cat>1</cat><begin>1.0</begin><alfa>0.0</alfa><end>1.0</end></relativerisk><relativerisk><age>16</age><sex>0</sex><cat>2</cat><begin>1.0</begin><alfa>0.15637</alfa><end>1.0</end></relativerisk><relativerisk><age>16</age><sex>0</sex><cat>3</cat><begin>1.0</begin><alfa>0.0</alfa><end>1.0</end></relativerisk><relativerisk><age>16</age><sex>1</sex><cat>1</cat><begin>1.0</begin><alfa>0.0</alfa><end>1.0</end></relativerisk><relativerisk><age>16</age><sex>1</sex><cat>2</cat><begin>1.0</begin><alfa>0.15637</alfa><end>1.0</end></relativerisk><relativerisk><age>16</age><sex>1</sex><cat>3</cat><begin>1.0</begin><alfa>0.0</alfa><end>1.0</end></relativerisk><relativerisk><age>17</age><sex>0</sex><cat>1</cat><begin>1.0</begin><alfa>0.0</alfa><end>1.0</end></relativerisk><relativerisk><age>17</age><sex>0</sex><cat>2</cat><begin>1.0</begin><alfa>0.15637</alfa><end>1.0</end></relativerisk><relativerisk><age>17</age><sex>0</sex><cat>3</cat><begin>1.0</begin><alfa>0.0</alfa><end>1.0</end></relativerisk><relativerisk><age>17</age><sex>1</sex><cat>1</cat><begin>1.0</begin><alfa>0.0</alfa><end>1.0</end></relativerisk><relativerisk><age>17</age><sex>1</sex><cat>2</cat><begin>1.0</begin><alfa>0.15637</alfa><end>1.0</end></relativerisk><relativerisk><age>17</age><sex>1</sex><cat>3</cat><begin>1.0</begin><alfa>0.0</alfa><end>1.0</end></relativerisk><relativerisk><age>18</age><sex>0</sex><cat>1</cat><begin>1.0</begin><alfa>0.0</alfa><end>1.0</end></relativerisk><relativerisk><age>18</age><sex>0</sex><cat>2</cat><begin>1.0</begin><alfa>0.15637</alfa><end>1.0</end></relativerisk><relativerisk><age>18</age><sex>0</sex><cat>3</cat><begin>1.0</begin><alfa>0.0</alfa><end>1.0</end></relativerisk><relativerisk><age>18</age><sex>1</sex><cat>1</cat><begin>1.0</begin><alfa>0.0</alfa><end>1.0</end></relativerisk><relativerisk><age>18</age><sex>1</sex><cat>2</cat><begin>1.0</begin><alfa>0.15637</alfa><end>1.0</end></relativerisk><relativerisk><age>18</age><sex>1</sex><cat>3</cat><begin>1.0</begin><alfa>0.0</alfa><end>1.0</end></relativerisk><relativerisk><age>19</age><sex>0</sex><cat>1</cat><begin>1.0</begin><alfa>0.0</alfa><end>1.0</end></relativerisk><relativerisk><age>19</age><sex>0</sex><cat>2</cat><begin>1.0</begin><alfa>0.15637</alfa><end>1.0</end></relativerisk><relativerisk><age>19</age><sex>0</sex><cat>3</cat><begin>1.0</begin><alfa>0.0</alfa><end>1.0</end></relativerisk><relativerisk><age>19</age><sex>1</sex><cat>1</cat><begin>1.0</begin><alfa>0.0</alfa><end>1.0</end></relativerisk><relativerisk><age>19</age><sex>1</sex><cat>2</cat><begin>1.0</begin><alfa>0.15637</alfa><end>1.0</end></relativerisk><relativerisk><age>19</age><sex>1</sex><cat>3</cat><begin>1.0</begin><alfa>0.0</alfa><end>1.0</end></relativerisk><relativerisk><age>20</age><sex>0</sex><cat>1</cat><begin>1.0</begin><alfa>0.0</alfa><end>1.0</end></relativerisk><relativerisk><age>20</age><sex>0</sex><cat>2</cat><begin>1.0</begin><alfa>0.15637</alfa><end>1.0</end></relativerisk><relativerisk><age>20</age><sex>0</sex><cat>3</cat><begin>1.0</begin><alfa>0.0</alfa><end>1.0</end></relativerisk><relativerisk><age>20</age><sex>1</sex><cat>1</cat><begin>1.0</begin><alfa>0.0</alfa><end>1.0</end></relativerisk><relativerisk><age>20</age><sex>1</sex><cat>2</cat><begin>1.0</begin><alfa>0.15637</alfa><end>1.0</end></relativerisk><relativerisk><age>20</age><sex>1</sex><cat>3</cat><begin>1.0</begin><alfa>0.0</alfa><end>1.0</end></relativerisk><relativerisk><age>21</age><sex>0</sex><cat>1</cat><begin>1.0</begin><alfa>0.0</alfa><end>1.0</end></relativerisk><relativerisk><age>21</age><sex>0</sex><cat>2</cat><begin>1.0</begin><alfa>0.15637</alfa><end>1.0</end></relativerisk><relativerisk><age>21</age><sex>0</sex><cat>3</cat><begin>1.0</begin><alfa>0.0</alfa><end>1.0</end></relativerisk><relativerisk><age>21</age><sex>1</sex><cat>1</cat><begin>1.0</begin><alfa>0.0</alfa><end>1.0</end></relativerisk><relativerisk><age>21</age><sex>1</sex><cat>2</cat><begin>1.0</begin><alfa>0.15637</alfa><end>1.0</end></relativerisk><relativerisk><age>21</age><sex>1</sex><cat>3</cat><begin>1.0</begin><alfa>0.0</alfa><end>1.0</end></relativerisk><relativerisk><age>22</age><sex>0</sex><cat>1</cat><begin>1.0</begin><alfa>0.0</alfa><end>1.0</end></relativerisk><relativerisk><age>22</age><sex>0</sex><cat>2</cat><begin>1.0</begin><alfa>0.15637</alfa><end>1.0</end></relativerisk><relativerisk><age>22</age><sex>0</sex><cat>3</cat><begin>1.0</begin><alfa>0.0</alfa><end>1.0</end></relativerisk><relativerisk><age>22</age><sex>1</sex><cat>1</cat><begin>1.0</begin><alfa>0.0</alfa><end>1.0</end></relativerisk><relativerisk><age>22</age><sex>1</sex><cat>2</cat><begin>1.0</begin><alfa>0.15637</alfa><end>1.0</end></relativerisk><relativerisk><age>22</age><sex>1</sex><cat>3</cat><begin>1.0</begin><alfa>0.0</alfa><end>1.0</end></relativerisk><relativerisk><age>23</age><sex>0</sex><cat>1</cat><begin>1.0</begin><alfa>0.0</alfa><end>1.0</end></relativerisk><relativerisk><age>23</age><sex>0</sex><cat>2</cat><begin>1.0</begin><alfa>0.15637</alfa><end>1.0</end></relativerisk><relativerisk><age>23</age><sex>0</sex><cat>3</cat><begin>1.0</begin><alfa>0.0</alfa><end>1.0</end></relativerisk><relativerisk><age>23</age><sex>1</sex><cat>1</cat><begin>1.0</begin><alfa>0.0</alfa><end>1.0</end></relativerisk><relativerisk><age>23</age><sex>1</sex><cat>2</cat><begin>1.0</begin><alfa>0.15637</alfa><end>1.0</end></relativerisk><relativerisk><age>23</age><sex>1</sex><cat>3</cat><begin>1.0</begin><alfa>0.0</alfa><end>1.0</end></relativerisk><relativerisk><age>24</age><sex>0</sex><cat>1</cat><begin>1.0</begin><alfa>0.0</alfa><end>1.0</end></relativerisk><relativerisk><age>24</age><sex>0</sex><cat>2</cat><begin>1.0</begin><alfa>0.15637</alfa><end>1.0</end></relativerisk><relativerisk><age>24</age><sex>0</sex><cat>3</cat><begin>1.0</begin><alfa>0.0</alfa><end>1.0</end></relativerisk><relativerisk><age>24</age><sex>1</sex><cat>1</cat><begin>1.0</begin><alfa>0.0</alfa><end>1.0</end></relativerisk><relativerisk><age>24</age><sex>1</sex><cat>2</cat><begin>1.0</begin><alfa>0.15637</alfa><end>1.0</end></relativerisk><relativerisk><age>24</age><sex>1</sex><cat>3</cat><begin>1.0</begin><alfa>0.0</alfa><end>1.0</end></relativerisk><relativerisk><age>25</age><sex>0</sex><cat>1</cat><begin>1.0</begin><alfa>0.0</alfa><end>1.0</end></relativerisk><relativerisk><age>25</age><sex>0</sex><cat>2</cat><begin>1.0</begin><alfa>0.15637</alfa><end>1.0</end></relativerisk><relativerisk><age>25</age><sex>0</sex><cat>3</cat><begin>1.0</begin><alfa>0.0</alfa><end>1.0</end></relativerisk><relativerisk><age>25</age><sex>1</sex><cat>1</cat><begin>1.0</begin><alfa>0.0</alfa><end>1.0</end></relativerisk><relativerisk><age>25</age><sex>1</sex><cat>2</cat><begin>1.0</begin><alfa>0.15637</alfa><end>1.0</end></relativerisk><relativerisk><age>25</age><sex>1</sex><cat>3</cat><begin>1.0</begin><alfa>0.0</alfa><end>1.0</end></relativerisk><relativerisk><age>26</age><sex>0</sex><cat>1</cat><begin>1.0</begin><alfa>0.0</alfa><end>1.0</end></relativerisk><relativerisk><age>26</age><sex>0</sex><cat>2</cat><begin>1.0</begin><alfa>0.15637</alfa><end>1.0</end></relativerisk><relativerisk><age>26</age><sex>0</sex><cat>3</cat><begin>1.0</begin><alfa>0.0</alfa><end>1.0</end></relativerisk><relativerisk><age>26</age><sex>1</sex><cat>1</cat><begin>1.0</begin><alfa>0.0</alfa><end>1.0</end></relativerisk><relativerisk><age>26</age><sex>1</sex><cat>2</cat><begin>1.0</begin><alfa>0.15637</alfa><end>1.0</end></relativerisk><relativerisk><age>26</age><sex>1</sex><cat>3</cat><begin>1.0</begin><alfa>0.0</alfa><end>1.0</end></relativerisk><relativerisk><age>27</age><sex>0</sex><cat>1</cat><begin>1.0</begin><alfa>0.0</alfa><end>1.0</end></relativerisk><relativerisk><age>27</age><sex>0</sex><cat>2</cat><begin>1.0</begin><alfa>0.15637</alfa><end>1.0</end></relativerisk><relativerisk><age>27</age><sex>0</sex><cat>3</cat><begin>1.0</begin><alfa>0.0</alfa><end>1.0</end></relativerisk><relativerisk><age>27</age><sex>1</sex><cat>1</cat><begin>1.0</begin><alfa>0.0</alfa><end>1.0</end></relativerisk><relativerisk><age>27</age><sex>1</sex><cat>2</cat><begin>1.0</begin><alfa>0.15637</alfa><end>1.0</end></relativerisk><relativerisk><age>27</age><sex>1</sex><cat>3</cat><begin>1.0</begin><alfa>0.0</alfa><end>1.0</end></relativerisk><relativerisk><age>28</age><sex>0</sex><cat>1</cat><begin>1.0</begin><alfa>0.0</alfa><end>1.0</end></relativerisk><relativerisk><age>28</age><sex>0</sex><cat>2</cat><begin>1.0</begin><alfa>0.15637</alfa><end>1.0</end></relativerisk><relativerisk><age>28</age><sex>0</sex><cat>3</cat><begin>1.0</begin><alfa>0.0</alfa><end>1.0</end></relativerisk><relativerisk><age>28</age><sex>1</sex><cat>1</cat><begin>1.0</begin><alfa>0.0</alfa><end>1.0</end></relativerisk><relativerisk><age>28</age><sex>1</sex><cat>2</cat><begin>1.0</begin><alfa>0.15637</alfa><end>1.0</end></relativerisk><relativerisk><age>28</age><sex>1</sex><cat>3</cat><begin>1.0</begin><alfa>0.0</alfa><end>1.0</end></relativerisk><relativerisk><age>29</age><sex>0</sex><cat>1</cat><begin>1.0</begin><alfa>0.0</alfa><end>1.0</end></relativerisk><relativerisk><age>29</age><sex>0</sex><cat>2</cat><begin>1.0</begin><alfa>0.15637</alfa><end>1.0</end></relativerisk><relativerisk><age>29</age><sex>0</sex><cat>3</cat><begin>1.0</begin><alfa>0.0</alfa><end>1.0</end></relativerisk><relativerisk><age>29</age><sex>1</sex><cat>1</cat><begin>1.0</begin><alfa>0.0</alfa><end>1.0</end></relativerisk><relativerisk><age>29</age><sex>1</sex><cat>2</cat><begin>1.0</begin><alfa>0.15637</alfa><end>1.0</end></relativerisk><relativerisk><age>29</age><sex>1</sex><cat>3</cat><begin>1.0</begin><alfa>0.0</alfa><end>1.0</end></relativerisk><relativerisk><age>30</age><sex>0</sex><cat>1</cat><begin>1.0</begin><alfa>0.0</alfa><end>1.0</end></relativerisk><relativerisk><age>30</age><sex>0</sex><cat>2</cat><begin>1.0</begin><alfa>0.15637</alfa><end>1.0</end></relativerisk><relativerisk><age>30</age><sex>0</sex><cat>3</cat><begin>1.0</begin><alfa>0.0</alfa><end>1.0</end></relativerisk><relativerisk><age>30</age><sex>1</sex><cat>1</cat><begin>1.0</begin><alfa>0.0</alfa><end>1.0</end></relativerisk><relativerisk><age>30</age><sex>1</sex><cat>2</cat><begin>1.0</begin><alfa>0.15637</alfa><end>1.0</end></relativerisk><relativerisk><age>30</age><sex>1</sex><cat>3</cat><begin>1.0</begin><alfa>0.0</alfa><end>1.0</end></relativerisk><relativerisk><age>31</age><sex>0</sex><cat>1</cat><begin>1.0</begin><alfa>0.0</alfa><end>1.0</end></relativerisk><relativerisk><age>31</age><sex>0</sex><cat>2</cat><begin>1.0</begin><alfa>0.15637</alfa><end>1.0</end></relativerisk><relativerisk><age>31</age><sex>0</sex><cat>3</cat><begin>1.0</begin><alfa>0.0</alfa><end>1.0</end></relativerisk><relativerisk><age>31</age><sex>1</sex><cat>1</cat><begin>1.0</begin><alfa>0.0</alfa><end>1.0</end></relativerisk><relativerisk><age>31</age><sex>1</sex><cat>2</cat><begin>1.0</begin><alfa>0.15637</alfa><end>1.0</end></relativerisk><relativerisk><age>31</age><sex>1</sex><cat>3</cat><begin>1.0</begin><alfa>0.0</alfa><end>1.0</end></relativerisk><relativerisk><age>32</age><sex>0</sex><cat>1</cat><begin>1.0</begin><alfa>0.0</alfa><end>1.0</end></relativerisk><relativerisk><age>32</age><sex>0</sex><cat>2</cat><begin>1.0</begin><alfa>0.15637</alfa><end>1.0</end></relativerisk><relativerisk><age>32</age><sex>0</sex><cat>3</cat><begin>1.0</begin><alfa>0.0</alfa><end>1.0</end></relativerisk><relativerisk><age>32</age><sex>1</sex><cat>1</cat><begin>1.0</begin><alfa>0.0</alfa><end>1.0</end></relativerisk><relativerisk><age>32</age><sex>1</sex><cat>2</cat><begin>1.0</begin><alfa>0.15637</alfa><end>1.0</end></relativerisk><relativerisk><age>32</age><sex>1</sex><cat>3</cat><begin>1.0</begin><alfa>0.0</alfa><end>1.0</end></relativerisk><relativerisk><age>33</age><sex>0</sex><cat>1</cat><begin>1.0</begin><alfa>0.0</alfa><end>1.0</end></relativerisk><relativerisk><age>33</age><sex>0</sex><cat>2</cat><begin>1.0</begin><alfa>0.15637</alfa><end>1.0</end></relativerisk><relativerisk><age>33</age><sex>0</sex><cat>3</cat><begin>1.0</begin><alfa>0.0</alfa><end>1.0</end></relativerisk><relativerisk><age>33</age><sex>1</sex><cat>1</cat><begin>1.0</begin><alfa>0.0</alfa><end>1.0</end></relativerisk><relativerisk><age>33</age><sex>1</sex><cat>2</cat><begin>1.0</begin><alfa>0.15637</alfa><end>1.0</end></relativerisk><relativerisk><age>33</age><sex>1</sex><cat>3</cat><begin>1.0</begin><alfa>0.0</alfa><end>1.0</end></relativerisk><relativerisk><age>34</age><sex>0</sex><cat>1</cat><begin>1.0</begin><alfa>0.0</alfa><end>1.0</end></relativerisk><relativerisk><age>34</age><sex>0</sex><cat>2</cat><begin>1.0</begin><alfa>0.15637</alfa><end>1.0</end></relativerisk><relativerisk><age>34</age><sex>0</sex><cat>3</cat><begin>1.0</begin><alfa>0.0</alfa><end>1.0</end></relativerisk><relativerisk><age>34</age><sex>1</sex><cat>1</cat><begin>1.0</begin><alfa>0.0</alfa><end>1.0</end></relativerisk><relativerisk><age>34</age><sex>1</sex><cat>2</cat><begin>1.0</begin><alfa>0.15637</alfa><end>1.0</end></relativerisk><relativerisk><age>34</age><sex>1</sex><cat>3</cat><begin>1.0</begin><alfa>0.0</alfa><end>1.0</end></relativerisk><relativerisk><age>35</age><sex>0</sex><cat>1</cat><begin>1.0</begin><alfa>0.0</alfa><end>1.0</end></relativerisk><relativerisk><age>35</age><sex>0</sex><cat>2</cat><begin>1.3</begin><alfa>0.15637</alfa><end>1.0</end></relativerisk><relativerisk><age>35</age><sex>0</sex><cat>3</cat><begin>1.3</begin><alfa>0.0</alfa><end>1.3</end></relativerisk><relativerisk><age>35</age><sex>1</sex><cat>1</cat><begin>1.0</begin><alfa>0.0</alfa><end>1.0</end></relativerisk><relativerisk><age>35</age><sex>1</sex><cat>2</cat><begin>2.0</begin><alfa>0.15637</alfa><end>1.0</end></relativerisk><relativerisk><age>35</age><sex>1</sex><cat>3</cat><begin>2.0</begin><alfa>0.0</alfa><end>2.0</end></relativerisk><relativerisk><age>36</age><sex>0</sex><cat>1</cat><begin>1.0</begin><alfa>0.0</alfa><end>1.0</end></relativerisk><relativerisk><age>36</age><sex>0</sex><cat>2</cat><begin>1.3</begin><alfa>0.15637</alfa><end>1.0</end></relativerisk><relativerisk><age>36</age><sex>0</sex><cat>3</cat><begin>1.3</begin><alfa>0.0</alfa><end>1.3</end></relativerisk><relativerisk><age>36</age><sex>1</sex><cat>1</cat><begin>1.0</begin><alfa>0.0</alfa><end>1.0</end></relativerisk><relativerisk><age>36</age><sex>1</sex><cat>2</cat><begin>2.0</begin><alfa>0.15637</alfa><end>1.0</end></relativerisk><relativerisk><age>36</age><sex>1</sex><cat>3</cat><begin>2.0</begin><alfa>0.0</alfa><end>2.0</end></relativerisk><relativerisk><age>37</age><sex>0</sex><cat>1</cat><begin>1.0</begin><alfa>0.0</alfa><end>1.0</end></relativerisk><relativerisk><age>37</age><sex>0</sex><cat>2</cat><begin>1.3</begin><alfa>0.15637</alfa><end>1.0</end></relativerisk><relativerisk><age>37</age><sex>0</sex><cat>3</cat><begin>1.3</begin><alfa>0.0</alfa><end>1.3</end></relativerisk><relativerisk><age>37</age><sex>1</sex><cat>1</cat><begin>1.0</begin><alfa>0.0</alfa><end>1.0</end></relativerisk><relativerisk><age>37</age><sex>1</sex><cat>2</cat><begin>2.0</begin><alfa>0.15637</alfa><end>1.0</end></relativerisk><relativerisk><age>37</age><sex>1</sex><cat>3</cat><begin>2.0</begin><alfa>0.0</alfa><end>2.0</end></relativerisk><relativerisk><age>38</age><sex>0</sex><cat>1</cat><begin>1.0</begin><alfa>0.0</alfa><end>1.0</end></relativerisk><relativerisk><age>38</age><sex>0</sex><cat>2</cat><begin>1.3</begin><alfa>0.15637</alfa><end>1.0</end></relativerisk><relativerisk><age>38</age><sex>0</sex><cat>3</cat><begin>1.3</begin><alfa>0.0</alfa><end>1.3</end></relativerisk><relativerisk><age>38</age><sex>1</sex><cat>1</cat><begin>1.0</begin><alfa>0.0</alfa><end>1.0</end></relativerisk><relativerisk><age>38</age><sex>1</sex><cat>2</cat><begin>2.0</begin><alfa>0.15637</alfa><end>1.0</end></relativerisk><relativerisk><age>38</age><sex>1</sex><cat>3</cat><begin>2.0</begin><alfa>0.0</alfa><end>2.0</end></relativerisk><relativerisk><age>39</age><sex>0</sex><cat>1</cat><begin>1.0</begin><alfa>0.0</alfa><end>1.0</end></relativerisk><relativerisk><age>39</age><sex>0</sex><cat>2</cat><begin>1.3</begin><alfa>0.15637</alfa><end>1.0</end></relativerisk><relativerisk><age>39</age><sex>0</sex><cat>3</cat><begin>1.3</begin><alfa>0.0</alfa><end>1.3</end></relativerisk><relativerisk><age>39</age><sex>1</sex><cat>1</cat><begin>1.0</begin><alfa>0.0</alfa><end>1.0</end></relativerisk><relativerisk><age>39</age><sex>1</sex><cat>2</cat><begin>2.0</begin><alfa>0.15637</alfa><end>1.0</end></relativerisk><relativerisk><age>39</age><sex>1</sex><cat>3</cat><begin>2.0</begin><alfa>0.0</alfa><end>2.0</end></relativerisk><relativerisk><age>40</age><sex>0</sex><cat>1</cat><begin>1.0</begin><alfa>0.0</alfa><end>1.0</end></relativerisk><relativerisk><age>40</age><sex>0</sex><cat>2</cat><begin>1.0</begin><alfa>0.15637</alfa><end>1.0</end></relativerisk><relativerisk><age>40</age><sex>0</sex><cat>3</cat><begin>1.0</begin><alfa>0.0</alfa><end>1.0</end></relativerisk><relativerisk><age>40</age><sex>1</sex><cat>1</cat><begin>1.0</begin><alfa>0.0</alfa><end>1.0</end></relativerisk><relativerisk><age>40</age><sex>1</sex><cat>2</cat><begin>1.0</begin><alfa>0.15637</alfa><end>1.0</end></relativerisk><relativerisk><age>40</age><sex>1</sex><cat>3</cat><begin>1.0</begin><alfa>0.0</alfa><end>1.0</end></relativerisk><relativerisk><age>41</age><sex>0</sex><cat>1</cat><begin>1.0</begin><alfa>0.0</alfa><end>1.0</end></relativerisk><relativerisk><age>41</age><sex>0</sex><cat>2</cat><begin>1.0</begin><alfa>0.15637</alfa><end>1.0</end></relativerisk><relativerisk><age>41</age><sex>0</sex><cat>3</cat><begin>1.0</begin><alfa>0.0</alfa><end>1.0</end></relativerisk><relativerisk><age>41</age><sex>1</sex><cat>1</cat><begin>1.0</begin><alfa>0.0</alfa><end>1.0</end></relativerisk><relativerisk><age>41</age><sex>1</sex><cat>2</cat><begin>1.0</begin><alfa>0.15637</alfa><end>1.0</end></relativerisk><relativerisk><age>41</age><sex>1</sex><cat>3</cat><begin>1.0</begin><alfa>0.0</alfa><end>1.0</end></relativerisk><relativerisk><age>42</age><sex>0</sex><cat>1</cat><begin>1.0</begin><alfa>0.0</alfa><end>1.0</end></relativerisk><relativerisk><age>42</age><sex>0</sex><cat>2</cat><begin>1.0</begin><alfa>0.15637</alfa><end>1.0</end></relativerisk><relativerisk><age>42</age><sex>0</sex><cat>3</cat><begin>1.0</begin><alfa>0.0</alfa><end>1.0</end></relativerisk><relativerisk><age>42</age><sex>1</sex><cat>1</cat><begin>1.0</begin><alfa>0.0</alfa><end>1.0</end></relativerisk><relativerisk><age>42</age><sex>1</sex><cat>2</cat><begin>1.0</begin><alfa>0.15637</alfa><end>1.0</end></relativerisk><relativerisk><age>42</age><sex>1</sex><cat>3</cat><begin>1.0</begin><alfa>0.0</alfa><end>1.0</end></relativerisk><relativerisk><age>43</age><sex>0</sex><cat>1</cat><begin>1.0</begin><alfa>0.0</alfa><end>1.0</end></relativerisk><relativerisk><age>43</age><sex>0</sex><cat>2</cat><begin>1.0</begin><alfa>0.15637</alfa><end>1.0</end></relativerisk><relativerisk><age>43</age><sex>0</sex><cat>3</cat><begin>1.0</begin><alfa>0.0</alfa><end>1.0</end></relativerisk><relativerisk><age>43</age><sex>1</sex><cat>1</cat><begin>1.0</begin><alfa>0.0</alfa><end>1.0</end></relativerisk><relativerisk><age>43</age><sex>1</sex><cat>2</cat><begin>1.0</begin><alfa>0.15637</alfa><end>1.0</end></relativerisk><relativerisk><age>43</age><sex>1</sex><cat>3</cat><begin>1.0</begin><alfa>0.0</alfa><end>1.0</end></relativerisk><relativerisk><age>44</age><sex>0</sex><cat>1</cat><begin>1.0</begin><alfa>0.0</alfa><end>1.0</end></relativerisk><relativerisk><age>44</age><sex>0</sex><cat>2</cat><begin>1.0</begin><alfa>0.15637</alfa><end>1.0</end></relativerisk><relativerisk><age>44</age><sex>0</sex><cat>3</cat><begin>1.0</begin><alfa>0.0</alfa><end>1.0</end></relativerisk><relativerisk><age>44</age><sex>1</sex><cat>1</cat><begin>1.0</begin><alfa>0.0</alfa><end>1.0</end></relativerisk><relativerisk><age>44</age><sex>1</sex><cat>2</cat><begin>1.0</begin><alfa>0.15637</alfa><end>1.0</end></relativerisk><relativerisk><age>44</age><sex>1</sex><cat>3</cat><begin>1.0</begin><alfa>0.0</alfa><end>1.0</end></relativerisk><relativerisk><age>45</age><sex>0</sex><cat>1</cat><begin>1.0</begin><alfa>0.0</alfa><end>1.0</end></relativerisk><relativerisk><age>45</age><sex>0</sex><cat>2</cat><begin>5.78</begin><alfa>0.15637</alfa><end>1.0</end></relativerisk><relativerisk><age>45</age><sex>0</sex><cat>3</cat><begin>5.78</begin><alfa>0.0</alfa><end>5.78</end></relativerisk><relativerisk><age>45</age><sex>1</sex><cat>1</cat><begin>1.0</begin><alfa>0.0</alfa><end>1.0</end></relativerisk><relativerisk><age>45</age><sex>1</sex><cat>2</cat><begin>18.08</begin><alfa>0.15637</alfa><end>1.0</end></relativerisk><relativerisk><age>45</age><sex>1</sex><cat>3</cat><begin>18.08</begin><alfa>0.0</alfa><end>18.08</end></relativerisk><relativerisk><age>46</age><sex>0</sex><cat>1</cat><begin>1.0</begin><alfa>0.0</alfa><end>1.0</end></relativerisk><relativerisk><age>46</age><sex>0</sex><cat>2</cat><begin>5.78</begin><alfa>0.15637</alfa><end>1.0</end></relativerisk><relativerisk><age>46</age><sex>0</sex><cat>3</cat><begin>5.78</begin><alfa>0.0</alfa><end>5.78</end></relativerisk><relativerisk><age>46</age><sex>1</sex><cat>1</cat><begin>1.0</begin><alfa>0.0</alfa><end>1.0</end></relativerisk><relativerisk><age>46</age><sex>1</sex><cat>2</cat><begin>18.08</begin><alfa>0.15637</alfa><end>1.0</end></relativerisk><relativerisk><age>46</age><sex>1</sex><cat>3</cat><begin>18.08</begin><alfa>0.0</alfa><end>18.08</end></relativerisk><relativerisk><age>47</age><sex>0</sex><cat>1</cat><begin>1.0</begin><alfa>0.0</alfa><end>1.0</end></relativerisk><relativerisk><age>47</age><sex>0</sex><cat>2</cat><begin>5.78</begin><alfa>0.15637</alfa><end>1.0</end></relativerisk><relativerisk><age>47</age><sex>0</sex><cat>3</cat><begin>5.78</begin><alfa>0.0</alfa><end>5.78</end></relativerisk><relativerisk><age>47</age><sex>1</sex><cat>1</cat><begin>1.0</begin><alfa>0.0</alfa><end>1.0</end></relativerisk><relativerisk><age>47</age><sex>1</sex><cat>2</cat><begin>18.08</begin><alfa>0.15637</alfa><end>1.0</end></relativerisk><relativerisk><age>47</age><sex>1</sex><cat>3</cat><begin>18.08</begin><alfa>0.0</alfa><end>18.08</end></relativerisk><relativerisk><age>48</age><sex>0</sex><cat>1</cat><begin>1.0</begin><alfa>0.0</alfa><end>1.0</end></relativerisk><relativerisk><age>48</age><sex>0</sex><cat>2</cat><begin>5.78</begin><alfa>0.15637</alfa><end>1.0</end></relativerisk><relativerisk><age>48</age><sex>0</sex><cat>3</cat><begin>5.78</begin><alfa>0.0</alfa><end>5.78</end></relativerisk><relativerisk><age>48</age><sex>1</sex><cat>1</cat><begin>1.0</begin><alfa>0.0</alfa><end>1.0</end></relativerisk><relativerisk><age>48</age><sex>1</sex><cat>2</cat><begin>18.08</begin><alfa>0.15637</alfa><end>1.0</end></relativerisk><relativerisk><age>48</age><sex>1</sex><cat>3</cat><begin>18.08</begin><alfa>0.0</alfa><end>18.08</end></relativerisk><relativerisk><age>49</age><sex>0</sex><cat>1</cat><begin>1.0</begin><alfa>0.0</alfa><end>1.0</end></relativerisk><relativerisk><age>49</age><sex>0</sex><cat>2</cat><begin>5.78</begin><alfa>0.15637</alfa><end>1.0</end></relativerisk><relativerisk><age>49</age><sex>0</sex><cat>3</cat><begin>5.78</begin><alfa>0.0</alfa><end>5.78</end></relativerisk><relativerisk><age>49</age><sex>1</sex><cat>1</cat><begin>1.0</begin><alfa>0.0</alfa><end>1.0</end></relativerisk><relativerisk><age>49</age><sex>1</sex><cat>2</cat><begin>18.08</begin><alfa>0.15637</alfa><end>1.0</end></relativerisk><relativerisk><age>49</age><sex>1</sex><cat>3</cat><begin>18.08</begin><alfa>0.0</alfa><end>18.08</end></relativerisk><relativerisk><age>50</age><sex>0</sex><cat>1</cat><begin>1.0</begin><alfa>0.0</alfa><end>1.0</end></relativerisk><relativerisk><age>50</age><sex>0</sex><cat>2</cat><begin>24.97</begin><alfa>0.15637</alfa><end>1.0</end></relativerisk><relativerisk><age>50</age><sex>0</sex><cat>3</cat><begin>24.97</begin><alfa>0.0</alfa><end>24.97</end></relativerisk><relativerisk><age>50</age><sex>1</sex><cat>1</cat><begin>1.0</begin><alfa>0.0</alfa><end>1.0</end></relativerisk><relativerisk><age>50</age><sex>1</sex><cat>2</cat><begin>11.14</begin><alfa>0.15637</alfa><end>1.0</end></relativerisk><relativerisk><age>50</age><sex>1</sex><cat>3</cat><begin>11.14</begin><alfa>0.0</alfa><end>11.14</end></relativerisk><relativerisk><age>51</age><sex>0</sex><cat>1</cat><begin>1.0</begin><alfa>0.0</alfa><end>1.0</end></relativerisk><relativerisk><age>51</age><sex>0</sex><cat>2</cat><begin>24.97</begin><alfa>0.1531741</alfa><end>1.0</end></relativerisk><relativerisk><age>51</age><sex>0</sex><cat>3</cat><begin>24.97</begin><alfa>0.0</alfa><end>24.97</end></relativerisk><relativerisk><age>51</age><sex>1</sex><cat>1</cat><begin>1.0</begin><alfa>0.0</alfa><end>1.0</end></relativerisk><relativerisk><age>51</age><sex>1</sex><cat>2</cat><begin>11.14</begin><alfa>0.1531741</alfa><end>1.0</end></relativerisk><relativerisk><age>51</age><sex>1</sex><cat>3</cat><begin>11.14</begin><alfa>0.0</alfa><end>11.14</end></relativerisk><relativerisk><age>52</age><sex>0</sex><cat>1</cat><begin>1.0</begin><alfa>0.0</alfa><end>1.0</end></relativerisk><relativerisk><age>52</age><sex>0</sex><cat>2</cat><begin>24.97</begin><alfa>0.1500435</alfa><end>1.0</end></relativerisk><relativerisk><age>52</age><sex>0</sex><cat>3</cat><begin>24.97</begin><alfa>0.0</alfa><end>24.97</end></relativerisk><relativerisk><age>52</age><sex>1</sex><cat>1</cat><begin>1.0</begin><alfa>0.0</alfa><end>1.0</end></relativerisk><relativerisk><age>52</age><sex>1</sex><cat>2</cat><begin>11.14</begin><alfa>0.1500435</alfa><end>1.0</end></relativerisk><relativerisk><age>52</age><sex>1</sex><cat>3</cat><begin>11.14</begin><alfa>0.0</alfa><end>11.14</end></relativerisk><relativerisk><age>53</age><sex>0</sex><cat>1</cat><begin>1.0</begin><alfa>0.0</alfa><end>1.0</end></relativerisk><relativerisk><age>53</age><sex>0</sex><cat>2</cat><begin>24.97</begin><alfa>0.1469768</alfa><end>1.0</end></relativerisk><relativerisk><age>53</age><sex>0</sex><cat>3</cat><begin>24.97</begin><alfa>0.0</alfa><end>24.97</end></relativerisk><relativerisk><age>53</age><sex>1</sex><cat>1</cat><begin>1.0</begin><alfa>0.0</alfa><end>1.0</end></relativerisk><relativerisk><age>53</age><sex>1</sex><cat>2</cat><begin>11.14</begin><alfa>0.1469768</alfa><end>1.0</end></relativerisk><relativerisk><age>53</age><sex>1</sex><cat>3</cat><begin>11.14</begin><alfa>0.0</alfa><end>11.14</end></relativerisk><relativerisk><age>54</age><sex>0</sex><cat>1</cat><begin>1.0</begin><alfa>0.0</alfa><end>1.0</end></relativerisk><relativerisk><age>54</age><sex>0</sex><cat>2</cat><begin>24.97</begin><alfa>0.1439729</alfa><end>1.0</end></relativerisk><relativerisk><age>54</age><sex>0</sex><cat>3</cat><begin>24.97</begin><alfa>0.0</alfa><end>24.97</end></relativerisk><relativerisk><age>54</age><sex>1</sex><cat>1</cat><begin>1.0</begin><alfa>0.0</alfa><end>1.0</end></relativerisk><relativerisk><age>54</age><sex>1</sex><cat>2</cat><begin>11.14</begin><alfa>0.1439729</alfa><end>1.0</end></relativerisk><relativerisk><age>54</age><sex>1</sex><cat>3</cat><begin>11.14</begin><alfa>0.0</alfa><end>11.14</end></relativerisk><relativerisk><age>55</age><sex>0</sex><cat>1</cat><begin>1.0</begin><alfa>0.0</alfa><end>1.0</end></relativerisk><relativerisk><age>55</age><sex>0</sex><cat>2</cat><begin>34.02</begin><alfa>0.1410303</alfa><end>1.0</end></relativerisk><relativerisk><age>55</age><sex>0</sex><cat>3</cat><begin>34.02</begin><alfa>0.0</alfa><end>34.02</end></relativerisk><relativerisk><age>55</age><sex>1</sex><cat>1</cat><begin>1.0</begin><alfa>0.0</alfa><end>1.0</end></relativerisk><relativerisk><age>55</age><sex>1</sex><cat>2</cat><begin>17.87</begin><alfa>0.1410303</alfa><end>1.0</end></relativerisk><relativerisk><age>55</age><sex>1</sex><cat>3</cat><begin>17.87</begin><alfa>0.0</alfa><end>17.87</end></relativerisk><relativerisk><age>56</age><sex>0</sex><cat>1</cat><begin>1.0</begin><alfa>0.0</alfa><end>1.0</end></relativerisk><relativerisk><age>56</age><sex>0</sex><cat>2</cat><begin>34.02</begin><alfa>0.1381479</alfa><end>1.0</end></relativerisk><relativerisk><age>56</age><sex>0</sex><cat>3</cat><begin>34.02</begin><alfa>0.0</alfa><end>34.02</end></relativerisk><relativerisk><age>56</age><sex>1</sex><cat>1</cat><begin>1.0</begin><alfa>0.0</alfa><end>1.0</end></relativerisk><relativerisk><age>56</age><sex>1</sex><cat>2</cat><begin>17.87</begin><alfa>0.1381479</alfa><end>1.0</end></relativerisk><relativerisk><age>56</age><sex>1</sex><cat>3</cat><begin>17.87</begin><alfa>0.0</alfa><end>17.87</end></relativerisk><relativerisk><age>57</age><sex>0</sex><cat>1</cat><begin>1.0</begin><alfa>0.0</alfa><end>1.0</end></relativerisk><relativerisk><age>57</age><sex>0</sex><cat>2</cat><begin>34.02</begin><alfa>0.1353244</alfa><end>1.0</end></relativerisk><relativerisk><age>57</age><sex>0</sex><cat>3</cat><begin>34.02</begin><alfa>0.0</alfa><end>34.02</end></relativerisk><relativerisk><age>57</age><sex>1</sex><cat>1</cat><begin>1.0</begin><alfa>0.0</alfa><end>1.0</end></relativerisk><relativerisk><age>57</age><sex>1</sex><cat>2</cat><begin>17.87</begin><alfa>0.1353244</alfa><end>1.0</end></relativerisk><relativerisk><age>57</age><sex>1</sex><cat>3</cat><begin>17.87</begin><alfa>0.0</alfa><end>17.87</end></relativerisk><relativerisk><age>58</age><sex>0</sex><cat>1</cat><begin>1.0</begin><alfa>0.0</alfa><end>1.0</end></relativerisk><relativerisk><age>58</age><sex>0</sex><cat>2</cat><begin>34.02</begin><alfa>0.1325586</alfa><end>1.0</end></relativerisk><relativerisk><age>58</age><sex>0</sex><cat>3</cat><begin>34.02</begin><alfa>0.0</alfa><end>34.02</end></relativerisk><relativerisk><age>58</age><sex>1</sex><cat>1</cat><begin>1.0</begin><alfa>0.0</alfa><end>1.0</end></relativerisk><relativerisk><age>58</age><sex>1</sex><cat>2</cat><begin>17.87</begin><alfa>0.1325586</alfa><end>1.0</end></relativerisk><relativerisk><age>58</age><sex>1</sex><cat>3</cat><begin>17.87</begin><alfa>0.0</alfa><end>17.87</end></relativerisk><relativerisk><age>59</age><sex>0</sex><cat>1</cat><begin>1.0</begin><alfa>0.0</alfa><end>1.0</end></relativerisk><relativerisk><age>59</age><sex>0</sex><cat>2</cat><begin>34.02</begin><alfa>0.1298494</alfa><end>1.0</end></relativerisk><relativerisk><age>59</age><sex>0</sex><cat>3</cat><begin>34.02</begin><alfa>0.0</alfa><end>34.02</end></relativerisk><relativerisk><age>59</age><sex>1</sex><cat>1</cat><begin>1.0</begin><alfa>0.0</alfa><end>1.0</end></relativerisk><relativerisk><age>59</age><sex>1</sex><cat>2</cat><begin>17.87</begin><alfa>0.1298494</alfa><end>1.0</end></relativerisk><relativerisk><age>59</age><sex>1</sex><cat>3</cat><begin>17.87</begin><alfa>0.0</alfa><end>17.87</end></relativerisk><relativerisk><age>60</age><sex>0</sex><cat>1</cat><begin>1.0</begin><alfa>0.0</alfa><end>1.0</end></relativerisk><relativerisk><age>60</age><sex>0</sex><cat>2</cat><begin>31.47</begin><alfa>0.1271955</alfa><end>1.0</end></relativerisk><relativerisk><age>60</age><sex>0</sex><cat>3</cat><begin>31.47</begin><alfa>0.0</alfa><end>31.47</end></relativerisk><relativerisk><age>60</age><sex>1</sex><cat>1</cat><begin>1.0</begin><alfa>0.0</alfa><end>1.0</end></relativerisk><relativerisk><age>60</age><sex>1</sex><cat>2</cat><begin>13.32</begin><alfa>0.1271955</alfa><end>1.0</end></relativerisk><relativerisk><age>60</age><sex>1</sex><cat>3</cat><begin>13.32</begin><alfa>0.0</alfa><end>13.32</end></relativerisk><relativerisk><age>61</age><sex>0</sex><cat>1</cat><begin>1.0</begin><alfa>0.0</alfa><end>1.0</end></relativerisk><relativerisk><age>61</age><sex>0</sex><cat>2</cat><begin>31.47</begin><alfa>0.1245958</alfa><end>1.0</end></relativerisk><relativerisk><age>61</age><sex>0</sex><cat>3</cat><begin>31.47</begin><alfa>0.0</alfa><end>31.47</end></relativerisk><relativerisk><age>61</age><sex>1</sex><cat>1</cat><begin>1.0</begin><alfa>0.0</alfa><end>1.0</end></relativerisk><relativerisk><age>61</age><sex>1</sex><cat>2</cat><begin>13.32</begin><alfa>0.1245958</alfa><end>1.0</end></relativerisk><relativerisk><age>61</age><sex>1</sex><cat>3</cat><begin>13.32</begin><alfa>0.0</alfa><end>13.32</end></relativerisk><relativerisk><age>62</age><sex>0</sex><cat>1</cat><begin>1.0</begin><alfa>0.0</alfa><end>1.0</end></relativerisk><relativerisk><age>62</age><sex>0</sex><cat>2</cat><begin>31.47</begin><alfa>0.1220493</alfa><end>1.0</end></relativerisk><relativerisk><age>62</age><sex>0</sex><cat>3</cat><begin>31.47</begin><alfa>0.0</alfa><end>31.47</end></relativerisk><relativerisk><age>62</age><sex>1</sex><cat>1</cat><begin>1.0</begin><alfa>0.0</alfa><end>1.0</end></relativerisk><relativerisk><age>62</age><sex>1</sex><cat>2</cat><begin>13.32</begin><alfa>0.1220493</alfa><end>1.0</end></relativerisk><relativerisk><age>62</age><sex>1</sex><cat>3</cat><begin>13.32</begin><alfa>0.0</alfa><end>13.32</end></relativerisk><relativerisk><age>63</age><sex>0</sex><cat>1</cat><begin>1.0</begin><alfa>0.0</alfa><end>1.0</end></relativerisk><relativerisk><age>63</age><sex>0</sex><cat>2</cat><begin>31.47</begin><alfa>0.1195548</alfa><end>1.0</end></relativerisk><relativerisk><age>63</age><sex>0</sex><cat>3</cat><begin>31.47</begin><alfa>0.0</alfa><end>31.47</end></relativerisk><relativerisk><age>63</age><sex>1</sex><cat>1</cat><begin>1.0</begin><alfa>0.0</alfa><end>1.0</end></relativerisk><relativerisk><age>63</age><sex>1</sex><cat>2</cat><begin>13.32</begin><alfa>0.1195548</alfa><end>1.0</end></relativerisk><relativerisk><age>63</age><sex>1</sex><cat>3</cat><begin>13.32</begin><alfa>0.0</alfa><end>13.32</end></relativerisk><relativerisk><age>64</age><sex>0</sex><cat>1</cat><begin>1.0</begin><alfa>0.0</alfa><end>1.0</end></relativerisk><relativerisk><age>64</age><sex>0</sex><cat>2</cat><begin>31.47</begin><alfa>0.1171113</alfa><end>1.0</end></relativerisk><relativerisk><age>64</age><sex>0</sex><cat>3</cat><begin>31.47</begin><alfa>0.0</alfa><end>31.47</end></relativerisk><relativerisk><age>64</age><sex>1</sex><cat>1</cat><begin>1.0</begin><alfa>0.0</alfa><end>1.0</end></relativerisk><relativerisk><age>64</age><sex>1</sex><cat>2</cat><begin>13.32</begin><alfa>0.1171113</alfa><end>1.0</end></relativerisk><relativerisk><age>64</age><sex>1</sex><cat>3</cat><begin>13.32</begin><alfa>0.0</alfa><end>13.32</end></relativerisk><relativerisk><age>65</age><sex>0</sex><cat>1</cat><begin>1.0</begin><alfa>0.0</alfa><end>1.0</end></relativerisk><relativerisk><age>65</age><sex>0</sex><cat>2</cat><begin>28.4</begin><alfa>0.1147178</alfa><end>1.0</end></relativerisk><relativerisk><age>65</age><sex>0</sex><cat>3</cat><begin>28.4</begin><alfa>0.0</alfa><end>28.4</end></relativerisk><relativerisk><age>65</age><sex>1</sex><cat>1</cat><begin>1.0</begin><alfa>0.0</alfa><end>1.0</end></relativerisk><relativerisk><age>65</age><sex>1</sex><cat>2</cat><begin>17.49</begin><alfa>0.1147178</alfa><end>1.0</end></relativerisk><relativerisk><age>65</age><sex>1</sex><cat>3</cat><begin>17.49</begin><alfa>0.0</alfa><end>17.49</end></relativerisk><relativerisk><age>66</age><sex>0</sex><cat>1</cat><begin>1.0</begin><alfa>0.0</alfa><end>1.0</end></relativerisk><relativerisk><age>66</age><sex>0</sex><cat>2</cat><begin>28.4</begin><alfa>0.1123731</alfa><end>1.0</end></relativerisk><relativerisk><age>66</age><sex>0</sex><cat>3</cat><begin>28.4</begin><alfa>0.0</alfa><end>28.4</end></relativerisk><relativerisk><age>66</age><sex>1</sex><cat>1</cat><begin>1.0</begin><alfa>0.0</alfa><end>1.0</end></relativerisk><relativerisk><age>66</age><sex>1</sex><cat>2</cat><begin>17.49</begin><alfa>0.1123731</alfa><end>1.0</end></relativerisk><relativerisk><age>66</age><sex>1</sex><cat>3</cat><begin>17.49</begin><alfa>0.0</alfa><end>17.49</end></relativerisk><relativerisk><age>67</age><sex>0</sex><cat>1</cat><begin>1.0</begin><alfa>0.0</alfa><end>1.0</end></relativerisk><relativerisk><age>67</age><sex>0</sex><cat>2</cat><begin>28.4</begin><alfa>0.1100764</alfa><end>1.0</end></relativerisk><relativerisk><age>67</age><sex>0</sex><cat>3</cat><begin>28.4</begin><alfa>0.0</alfa><end>28.4</end></relativerisk><relativerisk><age>67</age><sex>1</sex><cat>1</cat><begin>1.0</begin><alfa>0.0</alfa><end>1.0</end></relativerisk><relativerisk><age>67</age><sex>1</sex><cat>2</cat><begin>17.49</begin><alfa>0.1100764</alfa><end>1.0</end></relativerisk><relativerisk><age>67</age><sex>1</sex><cat>3</cat><begin>17.49</begin><alfa>0.0</alfa><end>17.49</end></relativerisk><relativerisk><age>68</age><sex>0</sex><cat>1</cat><begin>1.0</begin><alfa>0.0</alfa><end>1.0</end></relativerisk><relativerisk><age>68</age><sex>0</sex><cat>2</cat><begin>28.4</begin><alfa>0.1078267</alfa><end>1.0</end></relativerisk><relativerisk><age>68</age><sex>0</sex><cat>3</cat><begin>28.4</begin><alfa>0.0</alfa><end>28.4</end></relativerisk><relativerisk><age>68</age><sex>1</sex><cat>1</cat><begin>1.0</begin><alfa>0.0</alfa><end>1.0</end></relativerisk><relativerisk><age>68</age><sex>1</sex><cat>2</cat><begin>17.49</begin><alfa>0.1078267</alfa><end>1.0</end></relativerisk><relativerisk><age>68</age><sex>1</sex><cat>3</cat><begin>17.49</begin><alfa>0.0</alfa><end>17.49</end></relativerisk><relativerisk><age>69</age><sex>0</sex><cat>1</cat><begin>1.0</begin><alfa>0.0</alfa><end>1.0</end></relativerisk><relativerisk><age>69</age><sex>0</sex><cat>2</cat><begin>28.4</begin><alfa>0.1056229</alfa><end>1.0</end></relativerisk><relativerisk><age>69</age><sex>0</sex><cat>3</cat><begin>28.4</begin><alfa>0.0</alfa><end>28.4</end></relativerisk><relativerisk><age>69</age><sex>1</sex><cat>1</cat><begin>1.0</begin><alfa>0.0</alfa><end>1.0</end></relativerisk><relativerisk><age>69</age><sex>1</sex><cat>2</cat><begin>17.49</begin><alfa>0.1056229</alfa><end>1.0</end></relativerisk><relativerisk><age>69</age><sex>1</sex><cat>3</cat><begin>17.49</begin><alfa>0.0</alfa><end>17.49</end></relativerisk><relativerisk><age>70</age><sex>0</sex><cat>1</cat><begin>1.0</begin><alfa>0.0</alfa><end>1.0</end></relativerisk><relativerisk><age>70</age><sex>0</sex><cat>2</cat><begin>28.4</begin><alfa>0.1034641</alfa><end>1.0</end></relativerisk><relativerisk><age>70</age><sex>0</sex><cat>3</cat><begin>28.4</begin><alfa>0.0</alfa><end>28.4</end></relativerisk><relativerisk><age>70</age><sex>1</sex><cat>1</cat><begin>1.0</begin><alfa>0.0</alfa><end>1.0</end></relativerisk><relativerisk><age>70</age><sex>1</sex><cat>2</cat><begin>17.49</begin><alfa>0.1034641</alfa><end>1.0</end></relativerisk><relativerisk><age>70</age><sex>1</sex><cat>3</cat><begin>17.49</begin><alfa>0.0</alfa><end>17.49</end></relativerisk><relativerisk><age>71</age><sex>0</sex><cat>1</cat><begin>1.0</begin><alfa>0.0</alfa><end>1.0</end></relativerisk><relativerisk><age>71</age><sex>0</sex><cat>2</cat><begin>28.4</begin><alfa>0.1013495</alfa><end>1.0</end></relativerisk><relativerisk><age>71</age><sex>0</sex><cat>3</cat><begin>28.4</begin><alfa>0.0</alfa><end>28.4</end></relativerisk><relativerisk><age>71</age><sex>1</sex><cat>1</cat><begin>1.0</begin><alfa>0.0</alfa><end>1.0</end></relativerisk><relativerisk><age>71</age><sex>1</sex><cat>2</cat><begin>17.49</begin><alfa>0.1013495</alfa><end>1.0</end></relativerisk><relativerisk><age>71</age><sex>1</sex><cat>3</cat><begin>17.49</begin><alfa>0.0</alfa><end>17.49</end></relativerisk><relativerisk><age>72</age><sex>0</sex><cat>1</cat><begin>1.0</begin><alfa>0.0</alfa><end>1.0</end></relativerisk><relativerisk><age>72</age><sex>0</sex><cat>2</cat><begin>28.4</begin><alfa>0.0992781</alfa><end>1.0</end></relativerisk><relativerisk><age>72</age><sex>0</sex><cat>3</cat><begin>28.4</begin><alfa>0.0</alfa><end>28.4</end></relativerisk><relativerisk><age>72</age><sex>1</sex><cat>1</cat><begin>1.0</begin><alfa>0.0</alfa><end>1.0</end></relativerisk><relativerisk><age>72</age><sex>1</sex><cat>2</cat><begin>17.49</begin><alfa>0.0992781</alfa><end>1.0</end></relativerisk><relativerisk><age>72</age><sex>1</sex><cat>3</cat><begin>17.49</begin><alfa>0.0</alfa><end>17.49</end></relativerisk><relativerisk><age>73</age><sex>0</sex><cat>1</cat><begin>1.0</begin><alfa>0.0</alfa><end>1.0</end></relativerisk><relativerisk><age>73</age><sex>0</sex><cat>2</cat><begin>28.4</begin><alfa>0.097249</alfa><end>1.0</end></relativerisk><relativerisk><age>73</age><sex>0</sex><cat>3</cat><begin>28.4</begin><alfa>0.0</alfa><end>28.4</end></relativerisk><relativerisk><age>73</age><sex>1</sex><cat>1</cat><begin>1.0</begin><alfa>0.0</alfa><end>1.0</end></relativerisk><relativerisk><age>73</age><sex>1</sex><cat>2</cat><begin>17.49</begin><alfa>0.097249</alfa><end>1.0</end></relativerisk><relativerisk><age>73</age><sex>1</sex><cat>3</cat><begin>17.49</begin><alfa>0.0</alfa><end>17.49</end></relativerisk><relativerisk><age>74</age><sex>0</sex><cat>1</cat><begin>1.0</begin><alfa>0.0</alfa><end>1.0</end></relativerisk><relativerisk><age>74</age><sex>0</sex><cat>2</cat><begin>28.4</begin><alfa>0.0952614</alfa><end>1.0</end></relativerisk><relativerisk><age>74</age><sex>0</sex><cat>3</cat><begin>28.4</begin><alfa>0.0</alfa><end>28.4</end></relativerisk><relativerisk><age>74</age><sex>1</sex><cat>1</cat><begin>1.0</begin><alfa>0.0</alfa><end>1.0</end></relativerisk><relativerisk><age>74</age><sex>1</sex><cat>2</cat><begin>17.49</begin><alfa>0.0952614</alfa><end>1.0</end></relativerisk><relativerisk><age>74</age><sex>1</sex><cat>3</cat><begin>17.49</begin><alfa>0.0</alfa><end>17.49</end></relativerisk><relativerisk><age>75</age><sex>0</sex><cat>1</cat><begin>1.0</begin><alfa>0.0</alfa><end>1.0</end></relativerisk><relativerisk><age>75</age><sex>0</sex><cat>2</cat><begin>28.4</begin><alfa>0.0933145</alfa><end>1.0</end></relativerisk><relativerisk><age>75</age><sex>0</sex><cat>3</cat><begin>28.4</begin><alfa>0.0</alfa><end>28.4</end></relativerisk><relativerisk><age>75</age><sex>1</sex><cat>1</cat><begin>1.0</begin><alfa>0.0</alfa><end>1.0</end></relativerisk><relativerisk><age>75</age><sex>1</sex><cat>2</cat><begin>17.49</begin><alfa>0.0933145</alfa><end>1.0</end></relativerisk><relativerisk><age>75</age><sex>1</sex><cat>3</cat><begin>17.49</begin><alfa>0.0</alfa><end>17.49</end></relativerisk><relativerisk><age>76</age><sex>0</sex><cat>1</cat><begin>1.0</begin><alfa>0.0</alfa><end>1.0</end></relativerisk><relativerisk><age>76</age><sex>0</sex><cat>2</cat><begin>28.4</begin><alfa>0.0914073</alfa><end>1.0</end></relativerisk><relativerisk><age>76</age><sex>0</sex><cat>3</cat><begin>28.4</begin><alfa>0.0</alfa><end>28.4</end></relativerisk><relativerisk><age>76</age><sex>1</sex><cat>1</cat><begin>1.0</begin><alfa>0.0</alfa><end>1.0</end></relativerisk><relativerisk><age>76</age><sex>1</sex><cat>2</cat><begin>17.49</begin><alfa>0.0914073</alfa><end>1.0</end></relativerisk><relativerisk><age>76</age><sex>1</sex><cat>3</cat><begin>17.49</begin><alfa>0.0</alfa><end>17.49</end></relativerisk><relativerisk><age>77</age><sex>0</sex><cat>1</cat><begin>1.0</begin><alfa>0.0</alfa><end>1.0</end></relativerisk><relativerisk><age>77</age><sex>0</sex><cat>2</cat><begin>28.4</begin><alfa>0.0895391</alfa><end>1.0</end></relativerisk><relativerisk><age>77</age><sex>0</sex><cat>3</cat><begin>28.4</begin><alfa>0.0</alfa><end>28.4</end></relativerisk><relativerisk><age>77</age><sex>1</sex><cat>1</cat><begin>1.0</begin><alfa>0.0</alfa><end>1.0</end></relativerisk><relativerisk><age>77</age><sex>1</sex><cat>2</cat><begin>17.49</begin><alfa>0.0895391</alfa><end>1.0</end></relativerisk><relativerisk><age>77</age><sex>1</sex><cat>3</cat><begin>17.49</begin><alfa>0.0</alfa><end>17.49</end></relativerisk><relativerisk><age>78</age><sex>0</sex><cat>1</cat><begin>1.0</begin><alfa>0.0</alfa><end>1.0</end></relativerisk><relativerisk><age>78</age><sex>0</sex><cat>2</cat><begin>28.4</begin><alfa>0.087709</alfa><end>1.0</end></relativerisk><relativerisk><age>78</age><sex>0</sex><cat>3</cat><begin>28.4</begin><alfa>0.0</alfa><end>28.4</end></relativerisk><relativerisk><age>78</age><sex>1</sex><cat>1</cat><begin>1.0</begin><alfa>0.0</alfa><end>1.0</end></relativerisk><relativerisk><age>78</age><sex>1</sex><cat>2</cat><begin>17.49</begin><alfa>0.087709</alfa><end>1.0</end></relativerisk><relativerisk><age>78</age><sex>1</sex><cat>3</cat><begin>17.49</begin><alfa>0.0</alfa><end>17.49</end></relativerisk><relativerisk><age>79</age><sex>0</sex><cat>1</cat><begin>1.0</begin><alfa>0.0</alfa><end>1.0</end></relativerisk><relativerisk><age>79</age><sex>0</sex><cat>2</cat><begin>28.4</begin><alfa>0.0859164</alfa><end>1.0</end></relativerisk><relativerisk><age>79</age><sex>0</sex><cat>3</cat><begin>28.4</begin><alfa>0.0</alfa><end>28.4</end></relativerisk><relativerisk><age>79</age><sex>1</sex><cat>1</cat><begin>1.0</begin><alfa>0.0</alfa><end>1.0</end></relativerisk><relativerisk><age>79</age><sex>1</sex><cat>2</cat><begin>17.49</begin><alfa>0.0859164</alfa><end>1.0</end></relativerisk><relativerisk><age>79</age><sex>1</sex><cat>3</cat><begin>17.49</begin><alfa>0.0</alfa><end>17.49</end></relativerisk><relativerisk><age>80</age><sex>0</sex><cat>1</cat><begin>1.0</begin><alfa>0.0</alfa><end>1.0</end></relativerisk><relativerisk><age>80</age><sex>0</sex><cat>2</cat><begin>28.4</begin><alfa>0.0841604</alfa><end>1.0</end></relativerisk><relativerisk><age>80</age><sex>0</sex><cat>3</cat><begin>28.4</begin><alfa>0.0</alfa><end>28.4</end></relativerisk><relativerisk><age>80</age><sex>1</sex><cat>1</cat><begin>1.0</begin><alfa>0.0</alfa><end>1.0</end></relativerisk><relativerisk><age>80</age><sex>1</sex><cat>2</cat><begin>17.49</begin><alfa>0.0841604</alfa><end>1.0</end></relativerisk><relativerisk><age>80</age><sex>1</sex><cat>3</cat><begin>17.49</begin><alfa>0.0</alfa><end>17.49</end></relativerisk><relativerisk><age>81</age><sex>0</sex><cat>1</cat><begin>1.0</begin><alfa>0.0</alfa><end>1.0</end></relativerisk><relativerisk><age>81</age><sex>0</sex><cat>2</cat><begin>28.4</begin><alfa>0.0824403</alfa><end>1.0</end></relativerisk><relativerisk><age>81</age><sex>0</sex><cat>3</cat><begin>28.4</begin><alfa>0.0</alfa><end>28.4</end></relativerisk><relativerisk><age>81</age><sex>1</sex><cat>1</cat><begin>1.0</begin><alfa>0.0</alfa><end>1.0</end></relativerisk><relativerisk><age>81</age><sex>1</sex><cat>2</cat><begin>17.49</begin><alfa>0.0824403</alfa><end>1.0</end></relativerisk><relativerisk><age>81</age><sex>1</sex><cat>3</cat><begin>17.49</begin><alfa>0.0</alfa><end>17.49</end></relativerisk><relativerisk><age>82</age><sex>0</sex><cat>1</cat><begin>1.0</begin><alfa>0.0</alfa><end>1.0</end></relativerisk><relativerisk><age>82</age><sex>0</sex><cat>2</cat><begin>28.4</begin><alfa>0.0807554</alfa><end>1.0</end></relativerisk><relativerisk><age>82</age><sex>0</sex><cat>3</cat><begin>28.4</begin><alfa>0.0</alfa><end>28.4</end></relativerisk><relativerisk><age>82</age><sex>1</sex><cat>1</cat><begin>1.0</begin><alfa>0.0</alfa><end>1.0</end></relativerisk><relativerisk><age>82</age><sex>1</sex><cat>2</cat><begin>17.49</begin><alfa>0.0807554</alfa><end>1.0</end></relativerisk><relativerisk><age>82</age><sex>1</sex><cat>3</cat><begin>17.49</begin><alfa>0.0</alfa><end>17.49</end></relativerisk><relativerisk><age>83</age><sex>0</sex><cat>1</cat><begin>1.0</begin><alfa>0.0</alfa><end>1.0</end></relativerisk><relativerisk><age>83</age><sex>0</sex><cat>2</cat><begin>28.4</begin><alfa>0.0791049</alfa><end>1.0</end></relativerisk><relativerisk><age>83</age><sex>0</sex><cat>3</cat><begin>28.4</begin><alfa>0.0</alfa><end>28.4</end></relativerisk><relativerisk><age>83</age><sex>1</sex><cat>1</cat><begin>1.0</begin><alfa>0.0</alfa><end>1.0</end></relativerisk><relativerisk><age>83</age><sex>1</sex><cat>2</cat><begin>17.49</begin><alfa>0.0791049</alfa><end>1.0</end></relativerisk><relativerisk><age>83</age><sex>1</sex><cat>3</cat><begin>17.49</begin><alfa>0.0</alfa><end>17.49</end></relativerisk><relativerisk><age>84</age><sex>0</sex><cat>1</cat><begin>1.0</begin><alfa>0.0</alfa><end>1.0</end></relativerisk><relativerisk><age>84</age><sex>0</sex><cat>2</cat><begin>28.4</begin><alfa>0.0774881</alfa><end>1.0</end></relativerisk><relativerisk><age>84</age><sex>0</sex><cat>3</cat><begin>28.4</begin><alfa>0.0</alfa><end>28.4</end></relativerisk><relativerisk><age>84</age><sex>1</sex><cat>1</cat><begin>1.0</begin><alfa>0.0</alfa><end>1.0</end></relativerisk><relativerisk><age>84</age><sex>1</sex><cat>2</cat><begin>17.49</begin><alfa>0.0774881</alfa><end>1.0</end></relativerisk><relativerisk><age>84</age><sex>1</sex><cat>3</cat><begin>17.49</begin><alfa>0.0</alfa><end>17.49</end></relativerisk><relativerisk><age>85</age><sex>0</sex><cat>1</cat><begin>1.0</begin><alfa>0.0</alfa><end>1.0</end></relativerisk><relativerisk><age>85</age><sex>0</sex><cat>2</cat><begin>28.4</begin><alfa>0.0759044</alfa><end>1.0</end></relativerisk><relativerisk><age>85</age><sex>0</sex><cat>3</cat><begin>28.4</begin><alfa>0.0</alfa><end>28.4</end></relativerisk><relativerisk><age>85</age><sex>1</sex><cat>1</cat><begin>1.0</begin><alfa>0.0</alfa><end>1.0</end></relativerisk><relativerisk><age>85</age><sex>1</sex><cat>2</cat><begin>17.49</begin><alfa>0.0759044</alfa><end>1.0</end></relativerisk><relativerisk><age>85</age><sex>1</sex><cat>3</cat><begin>17.49</begin><alfa>0.0</alfa><end>17.49</end></relativerisk><relativerisk><age>86</age><sex>0</sex><cat>1</cat><begin>1.0</begin><alfa>0.0</alfa><end>1.0</end></relativerisk><relativerisk><age>86</age><sex>0</sex><cat>2</cat><begin>28.4</begin><alfa>0.0743531</alfa><end>1.0</end></relativerisk><relativerisk><age>86</age><sex>0</sex><cat>3</cat><begin>28.4</begin><alfa>0.0</alfa><end>28.4</end></relativerisk><relativerisk><age>86</age><sex>1</sex><cat>1</cat><begin>1.0</begin><alfa>0.0</alfa><end>1.0</end></relativerisk><relativerisk><age>86</age><sex>1</sex><cat>2</cat><begin>17.49</begin><alfa>0.0743531</alfa><end>1.0</end></relativerisk><relativerisk><age>86</age><sex>1</sex><cat>3</cat><begin>17.49</begin><alfa>0.0</alfa><end>17.49</end></relativerisk><relativerisk><age>87</age><sex>0</sex><cat>1</cat><begin>1.0</begin><alfa>0.0</alfa><end>1.0</end></relativerisk><relativerisk><age>87</age><sex>0</sex><cat>2</cat><begin>28.4</begin><alfa>0.0728334</alfa><end>1.0</end></relativerisk><relativerisk><age>87</age><sex>0</sex><cat>3</cat><begin>28.4</begin><alfa>0.0</alfa><end>28.4</end></relativerisk><relativerisk><age>87</age><sex>1</sex><cat>1</cat><begin>1.0</begin><alfa>0.0</alfa><end>1.0</end></relativerisk><relativerisk><age>87</age><sex>1</sex><cat>2</cat><begin>17.49</begin><alfa>0.0728334</alfa><end>1.0</end></relativerisk><relativerisk><age>87</age><sex>1</sex><cat>3</cat><begin>17.49</begin><alfa>0.0</alfa><end>17.49</end></relativerisk><relativerisk><age>88</age><sex>0</sex><cat>1</cat><begin>1.0</begin><alfa>0.0</alfa><end>1.0</end></relativerisk><relativerisk><age>88</age><sex>0</sex><cat>2</cat><begin>28.4</begin><alfa>0.0713448</alfa><end>1.0</end></relativerisk><relativerisk><age>88</age><sex>0</sex><cat>3</cat><begin>28.4</begin><alfa>0.0</alfa><end>28.4</end></relativerisk><relativerisk><age>88</age><sex>1</sex><cat>1</cat><begin>1.0</begin><alfa>0.0</alfa><end>1.0</end></relativerisk><relativerisk><age>88</age><sex>1</sex><cat>2</cat><begin>17.49</begin><alfa>0.0713448</alfa><end>1.0</end></relativerisk><relativerisk><age>88</age><sex>1</sex><cat>3</cat><begin>17.49</begin><alfa>0.0</alfa><end>17.49</end></relativerisk><relativerisk><age>89</age><sex>0</sex><cat>1</cat><begin>1.0</begin><alfa>0.0</alfa><end>1.0</end></relativerisk><relativerisk><age>89</age><sex>0</sex><cat>2</cat><begin>28.4</begin><alfa>0.0698867</alfa><end>1.0</end></relativerisk><relativerisk><age>89</age><sex>0</sex><cat>3</cat><begin>28.4</begin><alfa>0.0</alfa><end>28.4</end></relativerisk><relativerisk><age>89</age><sex>1</sex><cat>1</cat><begin>1.0</begin><alfa>0.0</alfa><end>1.0</end></relativerisk><relativerisk><age>89</age><sex>1</sex><cat>2</cat><begin>17.49</begin><alfa>0.0698867</alfa><end>1.0</end></relativerisk><relativerisk><age>89</age><sex>1</sex><cat>3</cat><begin>17.49</begin><alfa>0.0</alfa><end>17.49</end></relativerisk><relativerisk><age>90</age><sex>0</sex><cat>1</cat><begin>1.0</begin><alfa>0.0</alfa><end>1.0</end></relativerisk><relativerisk><age>90</age><sex>0</sex><cat>2</cat><begin>28.4</begin><alfa>0.0684583</alfa><end>1.0</end></relativerisk><relativerisk><age>90</age><sex>0</sex><cat>3</cat><begin>28.4</begin><alfa>0.0</alfa><end>28.4</end></relativerisk><relativerisk><age>90</age><sex>1</sex><cat>1</cat><begin>1.0</begin><alfa>0.0</alfa><end>1.0</end></relativerisk><relativerisk><age>90</age><sex>1</sex><cat>2</cat><begin>17.49</begin><alfa>0.0684583</alfa><end>1.0</end></relativerisk><relativerisk><age>90</age><sex>1</sex><cat>3</cat><begin>17.49</begin><alfa>0.0</alfa><end>17.49</end></relativerisk><relativerisk><age>91</age><sex>0</sex><cat>1</cat><begin>1.0</begin><alfa>0.0</alfa><end>1.0</end></relativerisk><relativerisk><age>91</age><sex>0</sex><cat>2</cat><begin>28.4</begin><alfa>0.0670591</alfa><end>1.0</end></relativerisk><relativerisk><age>91</age><sex>0</sex><cat>3</cat><begin>28.4</begin><alfa>0.0</alfa><end>28.4</end></relativerisk><relativerisk><age>91</age><sex>1</sex><cat>1</cat><begin>1.0</begin><alfa>0.0</alfa><end>1.0</end></relativerisk><relativerisk><age>91</age><sex>1</sex><cat>2</cat><begin>17.49</begin><alfa>0.0670591</alfa><end>1.0</end></relativerisk><relativerisk><age>91</age><sex>1</sex><cat>3</cat><begin>17.49</begin><alfa>0.0</alfa><end>17.49</end></relativerisk><relativerisk><age>92</age><sex>0</sex><cat>1</cat><begin>1.0</begin><alfa>0.0</alfa><end>1.0</end></relativerisk><relativerisk><age>92</age><sex>0</sex><cat>2</cat><begin>28.4</begin><alfa>0.0656886</alfa><end>1.0</end></relativerisk><relativerisk><age>92</age><sex>0</sex><cat>3</cat><begin>28.4</begin><alfa>0.0</alfa><end>28.4</end></relativerisk><relativerisk><age>92</age><sex>1</sex><cat>1</cat><begin>1.0</begin><alfa>0.0</alfa><end>1.0</end></relativerisk><relativerisk><age>92</age><sex>1</sex><cat>2</cat><begin>17.49</begin><alfa>0.0656886</alfa><end>1.0</end></relativerisk><relativerisk><age>92</age><sex>1</sex><cat>3</cat><begin>17.49</begin><alfa>0.0</alfa><end>17.49</end></relativerisk><relativerisk><age>93</age><sex>0</sex><cat>1</cat><begin>1.0</begin><alfa>0.0</alfa><end>1.0</end></relativerisk><relativerisk><age>93</age><sex>0</sex><cat>2</cat><begin>28.4</begin><alfa>0.064346</alfa><end>1.0</end></relativerisk><relativerisk><age>93</age><sex>0</sex><cat>3</cat><begin>28.4</begin><alfa>0.0</alfa><end>28.4</end></relativerisk><relativerisk><age>93</age><sex>1</sex><cat>1</cat><begin>1.0</begin><alfa>0.0</alfa><end>1.0</end></relativerisk><relativerisk><age>93</age><sex>1</sex><cat>2</cat><begin>17.49</begin><alfa>0.064346</alfa><end>1.0</end></relativerisk><relativerisk><age>93</age><sex>1</sex><cat>3</cat><begin>17.49</begin><alfa>0.0</alfa><end>17.49</end></relativerisk><relativerisk><age>94</age><sex>0</sex><cat>1</cat><begin>1.0</begin><alfa>0.0</alfa><end>1.0</end></relativerisk><relativerisk><age>94</age><sex>0</sex><cat>2</cat><begin>28.4</begin><alfa>0.0630309</alfa><end>1.0</end></relativerisk><relativerisk><age>94</age><sex>0</sex><cat>3</cat><begin>28.4</begin><alfa>0.0</alfa><end>28.4</end></relativerisk><relativerisk><age>94</age><sex>1</sex><cat>1</cat><begin>1.0</begin><alfa>0.0</alfa><end>1.0</end></relativerisk><relativerisk><age>94</age><sex>1</sex><cat>2</cat><begin>17.49</begin><alfa>0.0630309</alfa><end>1.0</end></relativerisk><relativerisk><age>94</age><sex>1</sex><cat>3</cat><begin>17.49</begin><alfa>0.0</alfa><end>17.49</end></relativerisk><relativerisk><age>95</age><sex>0</sex><cat>1</cat><begin>1.0</begin><alfa>0.0</alfa><end>1.0</end></relativerisk><relativerisk><age>95</age><sex>0</sex><cat>2</cat><begin>28.4</begin><alfa>0.0617427</alfa><end>1.0</end></relativerisk><relativerisk><age>95</age><sex>0</sex><cat>3</cat><begin>28.4</begin><alfa>0.0</alfa><end>28.4</end></relativerisk><relativerisk><age>95</age><sex>1</sex><cat>1</cat><begin>1.0</begin><alfa>0.0</alfa><end>1.0</end></relativerisk><relativerisk><age>95</age><sex>1</sex><cat>2</cat><begin>17.49</begin><alfa>0.0617427</alfa><end>1.0</end></relativerisk><relativerisk><age>95</age><sex>1</sex><cat>3</cat><begin>17.49</begin><alfa>0.0</alfa><end>17.49</end></relativerisk></relrisksfromriskfactor_compound>