<?xml version="1.0"?><simulation><hasnewborns>false</hasnewborns><startingYear>2011</startingYear><numberOfYears>10</numberOfYears><simPopSize>10</simPopSize><minAge>0</minAge><maxAge>95</maxAge><timeStep>1</timeStep><randomSeed>1</randomSeed><resultType>Emptyness2BFilled</resultType><popFileName>Batavia</popFileName><scenarios></scenarios><diseases><disease><uniquename>IHD</uniquename><prevfilename>NL_disease_IHD_Prev_V2</prevfilename><incfilename>NL_disease_IHD_Inc_V2</incfilename><excessmortfilename>NL_disease_IHD_ExecMor_V2</excessmortfilename><dalyweightsfilename>NL_disease_IHD_DALY_V1</dalyweightsfilename></disease><disease><uniquename>Lung_Cancer</uniquename><prevfilename>NL_disease_LungCa_Prev_V2</prevfilename><incfilename>NL_disease_LungCa_Inc_V2</incfilename><excessmortfilename>NL_disease_LungCa_ExecMor_V2</excessmortfilename><dalyweightsfilename>NL_disease_LungCa_DALY_V1</dalyweightsfilename></disease><disease><uniquename>Stroke</uniquename><prevfilename>NL_disease_Stroke_Prev_V2</prevfilename><incfilename>NL_disease_Stroke_Inc_V2</incfilename><excessmortfilename>NL_disease_Stroke_ExecMor_V2</excessmortfilename><dalyweightsfilename>NL_disease_Stroke_DALY_V1</dalyweightsfilename></disease><disease><uniquename>Oral_Cancer</uniquename><prevfilename>NL_disease_OralCa_Prev_V2</prevfilename><incfilename>NL_disease_OralCa_Inc_V2</incfilename><excessmortfilename>NL_disease_OralCa_ExecMor_V2</excessmortfilename><dalyweightsfilename>NL_disease_OralCa_DALY_V1</dalyweightsfilename></disease><disease><uniquename>Esophageal_Cancer</uniquename><prevfilename>NL_disease_EsophagealCa_Prev_V2</prevfilename><incfilename>NL_disease_EsophagealCa_Inc_V2</incfilename><excessmortfilename>NL_disease_EsophageallCa_ExecMor_V2</excessmortfilename><dalyweightsfilename>NL_disease_EsophagealCa_DALY_V1</dalyweightsfilename></disease><disease><uniquename>Colorectal_Cancer</uniquename><prevfilename>NL_disease_ColorectalCa_Prev_V2</prevfilename><incfilename>NL_disease_ColorectalCa_Inc_V2</incfilename><excessmortfilename>NL_disease_ColorectalCa_ExecMor_V2</excessmortfilename><dalyweightsfilename>NL_disease_ColorectalCa_DALY_V1</dalyweightsfilename></disease><disease><uniquename>Breast_Cancer</uniquename><prevfilename>NL_disease_BreastCa_Prev_V2</prevfilename><incfilename>NL_disease_BreastCa_Inc_V2</incfilename><excessmortfilename>NL_disease_BreastCa_ExecMor_V2</excessmortfilename><dalyweightsfilename>NL_disease_BreastCa_DALY_V1</dalyweightsfilename></disease><disease><uniquename>Diabetes</uniquename><prevfilename>NL_disease_Diabetes_Prev_V2</prevfilename><incfilename>NL_disease_Diabetes_Inc_V2</incfilename><excessmortfilename>NL_disease_Diabetes_ExecMor_V2</excessmortfilename><dalyweightsfilename>NL_disease_Diabetes_DALY_V1</dalyweightsfilename></disease><disease><uniquename>COPD</uniquename><prevfilename>NL_disease_COPD_Prev_V1</prevfilename><incfilename>NL_disease_COPD_Inc_V1</incfilename><excessmortfilename>NL_disease_COPD_ExecMor_V1</excessmortfilename><dalyweightsfilename>NL_disease_COPD_DALY_V1</dalyweightsfilename></disease></diseases><riskfactors><riskfactor><uniquename>Smoking_cat3</uniquename><transfilename>NL_RF_smoking_Transitions_Zero</transfilename><prevfilename>DK_RF_smoking_cat3_Prev</prevfilename></riskfactor></riskfactors><RRs><RR><RRindex>0</RRindex><isRRfrom>Smoking_cat3</isRRfrom><isRRto>IHD</isRRto><isRRFile>RR_to_IHD-Smoking_cat3</isRRFile></RR><RR><RRindex>1</RRindex><isRRfrom>Smoking_cat3</isRRfrom><isRRto>Lung_Cancer</isRRto><isRRFile>RR_to_LungCa-Smoking_cat3</isRRFile></RR><RR><RRindex>2</RRindex><isRRfrom>Smoking_cat3</isRRfrom><isRRto>death</isRRto><isRRFile>RR_smoking_cat3_to_TotalMort</isRRFile></RR><RR><RRindex>3</RRindex><isRRfrom>Smoking_cat3</isRRfrom><isRRto>Stroke</isRRto><isRRFile>RR_to_Stroke-Smoking_cat3</isRRFile></RR><RR><RRindex>4</RRindex><isRRfrom>Smoking_cat3</isRRfrom><isRRto>Oral_Cancer</isRRto><isRRFile>RR_to_OralCa-Smoking_cat3</isRRFile></RR><RR><RRindex>5</RRindex><isRRfrom>Smoking_cat3</isRRfrom><isRRto>Esophageal_Cancer</isRRto><isRRFile>RR_to_EsophagealCa-Smoking_cat3</isRRFile></RR><RR><RRindex>6</RRindex><isRRfrom>Smoking_cat3</isRRfrom><isRRto>Colorectal_Cancer</isRRto><isRRFile>RR_to_ColorectalCa-Smoking_cat3</isRRFile></RR><RR><RRindex>7</RRindex><isRRfrom>Smoking_cat3</isRRfrom><isRRto>Breast_Cancer</isRRto><isRRFile>RR_to_BreastCa-Smoking_cat3</isRRFile></RR><RR><RRindex>8</RRindex><isRRfrom>Smoking_cat3</isRRfrom><isRRto>Diabetes</isRRto><isRRFile>RR_to_Diabetes-Smoking_cat3</isRRFile></RR><RR><RRindex>9</RRindex><isRRfrom>Smoking_cat3</isRRfrom><isRRto>COPD</isRRto><isRRFile>RR_to_COPD-Smoking_cat3</isRRFile></RR></RRs></simulation>