<?xml version="1.0"?><simulation><hasnewborns>false</hasnewborns><startingYear>2011</startingYear><numberOfYears>10</numberOfYears><simPopSize>10</simPopSize><minAge>0</minAge><maxAge>95</maxAge><timeStep>1</timeStep><randomSeed>1</randomSeed><resultType>Emptyness2BFilled</resultType><popFileName>Batavia</popFileName><scenarios></scenarios><diseases></diseases><riskfactors><riskfactor><uniquename>Smoking_cat3</uniquename><transfilename>DK_RF_smoking_cat3_TransitionsNetto</transfilename><prevfilename>DK_RF_smoking_cat3_Prev</prevfilename></riskfactor></riskfactors><RRs></RRs></simulation>