<?xml version="1.0"?><diseaseincidences><incidence><age>0</age><sex>0</sex><value>0.0</value></incidence><incidence><age>0</age><sex>1</sex><value>0.0</value></incidence><incidence><age>1</age><sex>0</sex><value>0.0</value></incidence><incidence><age>1</age><sex>1</sex><value>0.0</value></incidence><incidence><age>2</age><sex>0</sex><value>0.0</value></incidence><incidence><age>2</age><sex>1</sex><value>0.0</value></incidence><incidence><age>3</age><sex>0</sex><value>0.0</value></incidence><incidence><age>3</age><sex>1</sex><value>0.0</value></incidence><incidence><age>4</age><sex>0</sex><value>0.0</value></incidence><incidence><age>4</age><sex>1</sex><value>0.0</value></incidence><incidence><age>5</age><sex>0</sex><value>0.0</value></incidence><incidence><age>5</age><sex>1</sex><value>0.0</value></incidence><incidence><age>6</age><sex>0</sex><value>0.0</value></incidence><incidence><age>6</age><sex>1</sex><value>0.0</value></incidence><incidence><age>7</age><sex>0</sex><value>0.0</value></incidence><incidence><age>7</age><sex>1</sex><value>0.0</value></incidence><incidence><age>8</age><sex>0</sex><value>0.0</value></incidence><incidence><age>8</age><sex>1</sex><value>0.0</value></incidence><incidence><age>9</age><sex>0</sex><value>0.0</value></incidence><incidence><age>9</age><sex>1</sex><value>0.0</value></incidence><incidence><age>10</age><sex>0</sex><value>0.0</value></incidence><incidence><age>10</age><sex>1</sex><value>0.0</value></incidence><incidence><age>11</age><sex>0</sex><value>0.0</value></incidence><incidence><age>11</age><sex>1</sex><value>0.0</value></incidence><incidence><age>12</age><sex>0</sex><value>0.0</value></incidence><incidence><age>12</age><sex>1</sex><value>0.0</value></incidence><incidence><age>13</age><sex>0</sex><value>0.0</value></incidence><incidence><age>13</age><sex>1</sex><value>0.0</value></incidence><incidence><age>14</age><sex>0</sex><value>0.0</value></incidence><incidence><age>14</age><sex>1</sex><value>0.0</value></incidence><incidence><age>15</age><sex>0</sex><value>0.0</value></incidence><incidence><age>15</age><sex>1</sex><value>0.0</value></incidence><incidence><age>16</age><sex>0</sex><value>0.0</value></incidence><incidence><age>16</age><sex>1</sex><value>0.0</value></incidence><incidence><age>17</age><sex>0</sex><value>0.0</value></incidence><incidence><age>17</age><sex>1</sex><value>1.0E-7</value></incidence><incidence><age>18</age><sex>0</sex><value>0.0</value></incidence><incidence><age>18</age><sex>1</sex><value>3.0E-7</value></incidence><incidence><age>19</age><sex>0</sex><value>0.0</value></incidence><incidence><age>19</age><sex>1</sex><value>4.0E-7</value></incidence><incidence><age>20</age><sex>0</sex><value>0.0</value></incidence><incidence><age>20</age><sex>1</sex><value>6.0E-7</value></incidence><incidence><age>21</age><sex>0</sex><value>0.0</value></incidence><incidence><age>21</age><sex>1</sex><value>7.0E-7</value></incidence><incidence><age>22</age><sex>0</sex><value>1.0E-7</value></incidence><incidence><age>22</age><sex>1</sex><value>8.0E-7</value></incidence><incidence><age>23</age><sex>0</sex><value>3.0E-7</value></incidence><incidence><age>23</age><sex>1</sex><value>7.0E-7</value></incidence><incidence><age>24</age><sex>0</sex><value>4.0E-7</value></incidence><incidence><age>24</age><sex>1</sex><value>5.0E-7</value></incidence><incidence><age>25</age><sex>0</sex><value>6.0E-7</value></incidence><incidence><age>25</age><sex>1</sex><value>4.0E-7</value></incidence><incidence><age>26</age><sex>0</sex><value>8.0E-7</value></incidence><incidence><age>26</age><sex>1</sex><value>3.0E-7</value></incidence><incidence><age>27</age><sex>0</sex><value>1.0E-6</value></incidence><incidence><age>27</age><sex>1</sex><value>4.0E-7</value></incidence><incidence><age>28</age><sex>0</sex><value>1.3E-6</value></incidence><incidence><age>28</age><sex>1</sex><value>5.0E-7</value></incidence><incidence><age>29</age><sex>0</sex><value>1.5E-6</value></incidence><incidence><age>29</age><sex>1</sex><value>8.0E-7</value></incidence><incidence><age>30</age><sex>0</sex><value>1.7E-6</value></incidence><incidence><age>30</age><sex>1</sex><value>1.1E-6</value></incidence><incidence><age>31</age><sex>0</sex><value>2.0E-6</value></incidence><incidence><age>31</age><sex>1</sex><value>1.4E-6</value></incidence><incidence><age>32</age><sex>0</sex><value>2.2E-6</value></incidence><incidence><age>32</age><sex>1</sex><value>1.6E-6</value></incidence><incidence><age>33</age><sex>0</sex><value>2.5E-6</value></incidence><incidence><age>33</age><sex>1</sex><value>1.6E-6</value></incidence><incidence><age>34</age><sex>0</sex><value>2.9E-6</value></incidence><incidence><age>34</age><sex>1</sex><value>1.5E-6</value></incidence><incidence><age>35</age><sex>0</sex><value>3.6E-6</value></incidence><incidence><age>35</age><sex>1</sex><value>1.4E-6</value></incidence><incidence><age>36</age><sex>0</sex><value>4.6E-6</value></incidence><incidence><age>36</age><sex>1</sex><value>1.4E-6</value></incidence><incidence><age>37</age><sex>0</sex><value>6.1E-6</value></incidence><incidence><age>37</age><sex>1</sex><value>1.6E-6</value></incidence><incidence><age>38</age><sex>0</sex><value>8.3E-6</value></incidence><incidence><age>38</age><sex>1</sex><value>2.0E-6</value></incidence><incidence><age>39</age><sex>0</sex><value>1.1E-5</value></incidence><incidence><age>39</age><sex>1</sex><value>2.6E-6</value></incidence><incidence><age>40</age><sex>0</sex><value>1.44E-5</value></incidence><incidence><age>40</age><sex>1</sex><value>3.3E-6</value></incidence><incidence><age>41</age><sex>0</sex><value>1.83E-5</value></incidence><incidence><age>41</age><sex>1</sex><value>4.1E-6</value></incidence><incidence><age>42</age><sex>0</sex><value>2.29E-5</value></incidence><incidence><age>42</age><sex>1</sex><value>4.8E-6</value></incidence><incidence><age>43</age><sex>0</sex><value>2.81E-5</value></incidence><incidence><age>43</age><sex>1</sex><value>5.4E-6</value></incidence><incidence><age>44</age><sex>0</sex><value>3.4E-5</value></incidence><incidence><age>44</age><sex>1</sex><value>6.0E-6</value></incidence><incidence><age>45</age><sex>0</sex><value>4.04E-5</value></incidence><incidence><age>45</age><sex>1</sex><value>6.8E-6</value></incidence><incidence><age>46</age><sex>0</sex><value>4.75E-5</value></incidence><incidence><age>46</age><sex>1</sex><value>7.8E-6</value></incidence><incidence><age>47</age><sex>0</sex><value>5.52E-5</value></incidence><incidence><age>47</age><sex>1</sex><value>9.4E-6</value></incidence><incidence><age>48</age><sex>0</sex><value>6.35E-5</value></incidence><incidence><age>48</age><sex>1</sex><value>1.14E-5</value></incidence><incidence><age>49</age><sex>0</sex><value>7.26E-5</value></incidence><incidence><age>49</age><sex>1</sex><value>1.38E-5</value></incidence><incidence><age>50</age><sex>0</sex><value>8.24E-5</value></incidence><incidence><age>50</age><sex>1</sex><value>1.64E-5</value></incidence><incidence><age>51</age><sex>0</sex><value>9.31E-5</value></incidence><incidence><age>51</age><sex>1</sex><value>1.9E-5</value></incidence><incidence><age>52</age><sex>0</sex><value>1.05E-4</value></incidence><incidence><age>52</age><sex>1</sex><value>2.14E-5</value></incidence><incidence><age>53</age><sex>0</sex><value>1.17E-4</value></incidence><incidence><age>53</age><sex>1</sex><value>2.33E-5</value></incidence><incidence><age>54</age><sex>0</sex><value>1.3E-4</value></incidence><incidence><age>54</age><sex>1</sex><value>2.49E-5</value></incidence><incidence><age>55</age><sex>0</sex><value>1.43E-4</value></incidence><incidence><age>55</age><sex>1</sex><value>2.61E-5</value></incidence><incidence><age>56</age><sex>0</sex><value>1.54E-4</value></incidence><incidence><age>56</age><sex>1</sex><value>2.7E-5</value></incidence><incidence><age>57</age><sex>0</sex><value>1.63E-4</value></incidence><incidence><age>57</age><sex>1</sex><value>2.77E-5</value></incidence><incidence><age>58</age><sex>0</sex><value>1.7E-4</value></incidence><incidence><age>58</age><sex>1</sex><value>2.82E-5</value></incidence><incidence><age>59</age><sex>0</sex><value>1.76E-4</value></incidence><incidence><age>59</age><sex>1</sex><value>2.87E-5</value></incidence><incidence><age>60</age><sex>0</sex><value>1.81E-4</value></incidence><incidence><age>60</age><sex>1</sex><value>2.94E-5</value></incidence><incidence><age>61</age><sex>0</sex><value>1.87E-4</value></incidence><incidence><age>61</age><sex>1</sex><value>3.04E-5</value></incidence><incidence><age>62</age><sex>0</sex><value>1.95E-4</value></incidence><incidence><age>62</age><sex>1</sex><value>3.19E-5</value></incidence><incidence><age>63</age><sex>0</sex><value>2.07E-4</value></incidence><incidence><age>63</age><sex>1</sex><value>3.41E-5</value></incidence><incidence><age>64</age><sex>0</sex><value>2.2E-4</value></incidence><incidence><age>64</age><sex>1</sex><value>3.68E-5</value></incidence><incidence><age>65</age><sex>0</sex><value>2.34E-4</value></incidence><incidence><age>65</age><sex>1</sex><value>3.96E-5</value></incidence><incidence><age>66</age><sex>0</sex><value>2.47E-4</value></incidence><incidence><age>66</age><sex>1</sex><value>4.23E-5</value></incidence><incidence><age>67</age><sex>0</sex><value>2.59E-4</value></incidence><incidence><age>67</age><sex>1</sex><value>4.46E-5</value></incidence><incidence><age>68</age><sex>0</sex><value>2.67E-4</value></incidence><incidence><age>68</age><sex>1</sex><value>4.64E-5</value></incidence><incidence><age>69</age><sex>0</sex><value>2.73E-4</value></incidence><incidence><age>69</age><sex>1</sex><value>4.75E-5</value></incidence><incidence><age>70</age><sex>0</sex><value>2.77E-4</value></incidence><incidence><age>70</age><sex>1</sex><value>4.82E-5</value></incidence><incidence><age>71</age><sex>0</sex><value>2.79E-4</value></incidence><incidence><age>71</age><sex>1</sex><value>4.83E-5</value></incidence><incidence><age>72</age><sex>0</sex><value>2.81E-4</value></incidence><incidence><age>72</age><sex>1</sex><value>4.81E-5</value></incidence><incidence><age>73</age><sex>0</sex><value>2.83E-4</value></incidence><incidence><age>73</age><sex>1</sex><value>4.76E-5</value></incidence><incidence><age>74</age><sex>0</sex><value>2.83E-4</value></incidence><incidence><age>74</age><sex>1</sex><value>4.73E-5</value></incidence><incidence><age>75</age><sex>0</sex><value>2.83E-4</value></incidence><incidence><age>75</age><sex>1</sex><value>4.75E-5</value></incidence><incidence><age>76</age><sex>0</sex><value>2.81E-4</value></incidence><incidence><age>76</age><sex>1</sex><value>4.87E-5</value></incidence><incidence><age>77</age><sex>0</sex><value>2.78E-4</value></incidence><incidence><age>77</age><sex>1</sex><value>5.13E-5</value></incidence><incidence><age>78</age><sex>0</sex><value>2.72E-4</value></incidence><incidence><age>78</age><sex>1</sex><value>5.57E-5</value></incidence><incidence><age>79</age><sex>0</sex><value>2.66E-4</value></incidence><incidence><age>79</age><sex>1</sex><value>6.14E-5</value></incidence><incidence><age>80</age><sex>0</sex><value>2.58E-4</value></incidence><incidence><age>80</age><sex>1</sex><value>6.75E-5</value></incidence><incidence><age>81</age><sex>0</sex><value>2.52E-4</value></incidence><incidence><age>81</age><sex>1</sex><value>7.34E-5</value></incidence><incidence><age>82</age><sex>0</sex><value>2.47E-4</value></incidence><incidence><age>82</age><sex>1</sex><value>7.85E-5</value></incidence><incidence><age>83</age><sex>0</sex><value>2.45E-4</value></incidence><incidence><age>83</age><sex>1</sex><value>8.22E-5</value></incidence><incidence><age>84</age><sex>0</sex><value>2.44E-4</value></incidence><incidence><age>84</age><sex>1</sex><value>8.46E-5</value></incidence><incidence><age>85</age><sex>0</sex><value>2.46E-4</value></incidence><incidence><age>85</age><sex>1</sex><value>8.6E-5</value></incidence><incidence><age>86</age><sex>0</sex><value>2.47E-4</value></incidence><incidence><age>86</age><sex>1</sex><value>8.68E-5</value></incidence><incidence><age>87</age><sex>0</sex><value>2.49E-4</value></incidence><incidence><age>87</age><sex>1</sex><value>8.72E-5</value></incidence><incidence><age>88</age><sex>0</sex><value>2.51E-4</value></incidence><incidence><age>88</age><sex>1</sex><value>8.75E-5</value></incidence><incidence><age>89</age><sex>0</sex><value>2.52E-4</value></incidence><incidence><age>89</age><sex>1</sex><value>8.77E-5</value></incidence><incidence><age>90</age><sex>0</sex><value>2.52E-4</value></incidence><incidence><age>90</age><sex>1</sex><value>8.79E-5</value></incidence><incidence><age>91</age><sex>0</sex><value>2.52E-4</value></incidence><incidence><age>91</age><sex>1</sex><value>8.79E-5</value></incidence><incidence><age>92</age><sex>0</sex><value>2.52E-4</value></incidence><incidence><age>92</age><sex>1</sex><value>8.79E-5</value></incidence><incidence><age>93</age><sex>0</sex><value>2.51E-4</value></incidence><incidence><age>93</age><sex>1</sex><value>8.78E-5</value></incidence><incidence><age>94</age><sex>0</sex><value>2.5E-4</value></incidence><incidence><age>94</age><sex>1</sex><value>8.75E-5</value></incidence><incidence><age>95</age><sex>0</sex><value>2.46E-4</value></incidence><incidence><age>95</age><sex>1</sex><value>8.63E-5</value></incidence></diseaseincidences>