<?xml version="1.0"?><riskfactorprevalences_categorical><prevalence><age>0</age><sex>0</sex><cat>1</cat><percent>87.3</percent></prevalence><prevalence><age>0</age><sex>0</sex><cat>2</cat><percent>8.5</percent></prevalence><prevalence><age>0</age><sex>0</sex><cat>3</cat><percent>4.2</percent></prevalence><prevalence><age>0</age><sex>1</sex><cat>1</cat><percent>86.0</percent></prevalence><prevalence><age>0</age><sex>1</sex><cat>2</cat><percent>10.7</percent></prevalence><prevalence><age>0</age><sex>1</sex><cat>3</cat><percent>3.3</percent></prevalence><prevalence><age>1</age><sex>0</sex><cat>1</cat><percent>87.3</percent></prevalence><prevalence><age>1</age><sex>0</sex><cat>2</cat><percent>8.5</percent></prevalence><prevalence><age>1</age><sex>0</sex><cat>3</cat><percent>4.2</percent></prevalence><prevalence><age>1</age><sex>1</sex><cat>1</cat><percent>86.0</percent></prevalence><prevalence><age>1</age><sex>1</sex><cat>2</cat><percent>10.7</percent></prevalence><prevalence><age>1</age><sex>1</sex><cat>3</cat><percent>3.3</percent></prevalence><prevalence><age>2</age><sex>0</sex><cat>1</cat><percent>87.3</percent></prevalence><prevalence><age>2</age><sex>0</sex><cat>2</cat><percent>8.5</percent></prevalence><prevalence><age>2</age><sex>0</sex><cat>3</cat><percent>4.2</percent></prevalence><prevalence><age>2</age><sex>1</sex><cat>1</cat><percent>86.0</percent></prevalence><prevalence><age>2</age><sex>1</sex><cat>2</cat><percent>10.7</percent></prevalence><prevalence><age>2</age><sex>1</sex><cat>3</cat><percent>3.3</percent></prevalence><prevalence><age>3</age><sex>0</sex><cat>1</cat><percent>87.3</percent></prevalence><prevalence><age>3</age><sex>0</sex><cat>2</cat><percent>8.5</percent></prevalence><prevalence><age>3</age><sex>0</sex><cat>3</cat><percent>4.2</percent></prevalence><prevalence><age>3</age><sex>1</sex><cat>1</cat><percent>86.0</percent></prevalence><prevalence><age>3</age><sex>1</sex><cat>2</cat><percent>10.7</percent></prevalence><prevalence><age>3</age><sex>1</sex><cat>3</cat><percent>3.3</percent></prevalence><prevalence><age>4</age><sex>0</sex><cat>1</cat><percent>87.3</percent></prevalence><prevalence><age>4</age><sex>0</sex><cat>2</cat><percent>8.5</percent></prevalence><prevalence><age>4</age><sex>0</sex><cat>3</cat><percent>4.2</percent></prevalence><prevalence><age>4</age><sex>1</sex><cat>1</cat><percent>86.0</percent></prevalence><prevalence><age>4</age><sex>1</sex><cat>2</cat><percent>10.7</percent></prevalence><prevalence><age>4</age><sex>1</sex><cat>3</cat><percent>3.3</percent></prevalence><prevalence><age>5</age><sex>0</sex><cat>1</cat><percent>87.3</percent></prevalence><prevalence><age>5</age><sex>0</sex><cat>2</cat><percent>8.5</percent></prevalence><prevalence><age>5</age><sex>0</sex><cat>3</cat><percent>4.2</percent></prevalence><prevalence><age>5</age><sex>1</sex><cat>1</cat><percent>86.0</percent></prevalence><prevalence><age>5</age><sex>1</sex><cat>2</cat><percent>10.7</percent></prevalence><prevalence><age>5</age><sex>1</sex><cat>3</cat><percent>3.3</percent></prevalence><prevalence><age>6</age><sex>0</sex><cat>1</cat><percent>84.1</percent></prevalence><prevalence><age>6</age><sex>0</sex><cat>2</cat><percent>12.1</percent></prevalence><prevalence><age>6</age><sex>0</sex><cat>3</cat><percent>3.8</percent></prevalence><prevalence><age>6</age><sex>1</sex><cat>1</cat><percent>79.0</percent></prevalence><prevalence><age>6</age><sex>1</sex><cat>2</cat><percent>16.7</percent></prevalence><prevalence><age>6</age><sex>1</sex><cat>3</cat><percent>4.3</percent></prevalence><prevalence><age>7</age><sex>0</sex><cat>1</cat><percent>84.1</percent></prevalence><prevalence><age>7</age><sex>0</sex><cat>2</cat><percent>12.5</percent></prevalence><prevalence><age>7</age><sex>0</sex><cat>3</cat><percent>3.4</percent></prevalence><prevalence><age>7</age><sex>1</sex><cat>1</cat><percent>81.1</percent></prevalence><prevalence><age>7</age><sex>1</sex><cat>2</cat><percent>13.8</percent></prevalence><prevalence><age>7</age><sex>1</sex><cat>3</cat><percent>5.1</percent></prevalence><prevalence><age>8</age><sex>0</sex><cat>1</cat><percent>83.4</percent></prevalence><prevalence><age>8</age><sex>0</sex><cat>2</cat><percent>12.9</percent></prevalence><prevalence><age>8</age><sex>0</sex><cat>3</cat><percent>3.7</percent></prevalence><prevalence><age>8</age><sex>1</sex><cat>1</cat><percent>82.2</percent></prevalence><prevalence><age>8</age><sex>1</sex><cat>2</cat><percent>14.8</percent></prevalence><prevalence><age>8</age><sex>1</sex><cat>3</cat><percent>3.0</percent></prevalence><prevalence><age>9</age><sex>0</sex><cat>1</cat><percent>83.3</percent></prevalence><prevalence><age>9</age><sex>0</sex><cat>2</cat><percent>13.1</percent></prevalence><prevalence><age>9</age><sex>0</sex><cat>3</cat><percent>3.6</percent></prevalence><prevalence><age>9</age><sex>1</sex><cat>1</cat><percent>85.0</percent></prevalence><prevalence><age>9</age><sex>1</sex><cat>2</cat><percent>12.6</percent></prevalence><prevalence><age>9</age><sex>1</sex><cat>3</cat><percent>2.4</percent></prevalence><prevalence><age>10</age><sex>0</sex><cat>1</cat><percent>82.2</percent></prevalence><prevalence><age>10</age><sex>0</sex><cat>2</cat><percent>14.4</percent></prevalence><prevalence><age>10</age><sex>0</sex><cat>3</cat><percent>3.4</percent></prevalence><prevalence><age>10</age><sex>1</sex><cat>1</cat><percent>83.5</percent></prevalence><prevalence><age>10</age><sex>1</sex><cat>2</cat><percent>14.4</percent></prevalence><prevalence><age>10</age><sex>1</sex><cat>3</cat><percent>2.1</percent></prevalence><prevalence><age>11</age><sex>0</sex><cat>1</cat><percent>82.0</percent></prevalence><prevalence><age>11</age><sex>0</sex><cat>2</cat><percent>15.4</percent></prevalence><prevalence><age>11</age><sex>0</sex><cat>3</cat><percent>2.6</percent></prevalence><prevalence><age>11</age><sex>1</sex><cat>1</cat><percent>85.6</percent></prevalence><prevalence><age>11</age><sex>1</sex><cat>2</cat><percent>12.3</percent></prevalence><prevalence><age>11</age><sex>1</sex><cat>3</cat><percent>2.1</percent></prevalence><prevalence><age>12</age><sex>0</sex><cat>1</cat><percent>81.8</percent></prevalence><prevalence><age>12</age><sex>0</sex><cat>2</cat><percent>16.3</percent></prevalence><prevalence><age>12</age><sex>0</sex><cat>3</cat><percent>1.9</percent></prevalence><prevalence><age>12</age><sex>1</sex><cat>1</cat><percent>86.2</percent></prevalence><prevalence><age>12</age><sex>1</sex><cat>2</cat><percent>12.7</percent></prevalence><prevalence><age>12</age><sex>1</sex><cat>3</cat><percent>1.1</percent></prevalence><prevalence><age>13</age><sex>0</sex><cat>1</cat><percent>85.4</percent></prevalence><prevalence><age>13</age><sex>0</sex><cat>2</cat><percent>12.8</percent></prevalence><prevalence><age>13</age><sex>0</sex><cat>3</cat><percent>1.8</percent></prevalence><prevalence><age>13</age><sex>1</sex><cat>1</cat><percent>89.6</percent></prevalence><prevalence><age>13</age><sex>1</sex><cat>2</cat><percent>9.3</percent></prevalence><prevalence><age>13</age><sex>1</sex><cat>3</cat><percent>1.1</percent></prevalence><prevalence><age>14</age><sex>0</sex><cat>1</cat><percent>87.7</percent></prevalence><prevalence><age>14</age><sex>0</sex><cat>2</cat><percent>10.5</percent></prevalence><prevalence><age>14</age><sex>0</sex><cat>3</cat><percent>1.8</percent></prevalence><prevalence><age>14</age><sex>1</sex><cat>1</cat><percent>90.7</percent></prevalence><prevalence><age>14</age><sex>1</sex><cat>2</cat><percent>8.2</percent></prevalence><prevalence><age>14</age><sex>1</sex><cat>3</cat><percent>1.1</percent></prevalence><prevalence><age>15</age><sex>0</sex><cat>1</cat><percent>87.9</percent></prevalence><prevalence><age>15</age><sex>0</sex><cat>2</cat><percent>10.6</percent></prevalence><prevalence><age>15</age><sex>0</sex><cat>3</cat><percent>1.5</percent></prevalence><prevalence><age>15</age><sex>1</sex><cat>1</cat><percent>92.4</percent></prevalence><prevalence><age>15</age><sex>1</sex><cat>2</cat><percent>6.7</percent></prevalence><prevalence><age>15</age><sex>1</sex><cat>3</cat><percent>0.9</percent></prevalence><prevalence><age>16</age><sex>0</sex><cat>1</cat><percent>89.4</percent></prevalence><prevalence><age>16</age><sex>0</sex><cat>2</cat><percent>8.6</percent></prevalence><prevalence><age>16</age><sex>0</sex><cat>3</cat><percent>2.0</percent></prevalence><prevalence><age>16</age><sex>1</sex><cat>1</cat><percent>92.1</percent></prevalence><prevalence><age>16</age><sex>1</sex><cat>2</cat><percent>7.1</percent></prevalence><prevalence><age>16</age><sex>1</sex><cat>3</cat><percent>0.8</percent></prevalence><prevalence><age>17</age><sex>0</sex><cat>1</cat><percent>89.9</percent></prevalence><prevalence><age>17</age><sex>0</sex><cat>2</cat><percent>8.8</percent></prevalence><prevalence><age>17</age><sex>0</sex><cat>3</cat><percent>1.3</percent></prevalence><prevalence><age>17</age><sex>1</sex><cat>1</cat><percent>92.6</percent></prevalence><prevalence><age>17</age><sex>1</sex><cat>2</cat><percent>6.7</percent></prevalence><prevalence><age>17</age><sex>1</sex><cat>3</cat><percent>0.7</percent></prevalence><prevalence><age>18</age><sex>0</sex><cat>1</cat><percent>88.0</percent></prevalence><prevalence><age>18</age><sex>0</sex><cat>2</cat><percent>10.3</percent></prevalence><prevalence><age>18</age><sex>0</sex><cat>3</cat><percent>1.7</percent></prevalence><prevalence><age>18</age><sex>1</sex><cat>1</cat><percent>86.7</percent></prevalence><prevalence><age>18</age><sex>1</sex><cat>2</cat><percent>8.3</percent></prevalence><prevalence><age>18</age><sex>1</sex><cat>3</cat><percent>5.0</percent></prevalence><prevalence><age>19</age><sex>0</sex><cat>1</cat><percent>88.0</percent></prevalence><prevalence><age>19</age><sex>0</sex><cat>2</cat><percent>10.3</percent></prevalence><prevalence><age>19</age><sex>0</sex><cat>3</cat><percent>1.7</percent></prevalence><prevalence><age>19</age><sex>1</sex><cat>1</cat><percent>86.7</percent></prevalence><prevalence><age>19</age><sex>1</sex><cat>2</cat><percent>8.3</percent></prevalence><prevalence><age>19</age><sex>1</sex><cat>3</cat><percent>5.0</percent></prevalence><prevalence><age>20</age><sex>0</sex><cat>1</cat><percent>71.7</percent></prevalence><prevalence><age>20</age><sex>0</sex><cat>2</cat><percent>26.0</percent></prevalence><prevalence><age>20</age><sex>0</sex><cat>3</cat><percent>2.3</percent></prevalence><prevalence><age>20</age><sex>1</sex><cat>1</cat><percent>82.4</percent></prevalence><prevalence><age>20</age><sex>1</sex><cat>2</cat><percent>11.5</percent></prevalence><prevalence><age>20</age><sex>1</sex><cat>3</cat><percent>6.1</percent></prevalence><prevalence><age>21</age><sex>0</sex><cat>1</cat><percent>69.5</percent></prevalence><prevalence><age>21</age><sex>0</sex><cat>2</cat><percent>27.5</percent></prevalence><prevalence><age>21</age><sex>0</sex><cat>3</cat><percent>3.0</percent></prevalence><prevalence><age>21</age><sex>1</sex><cat>1</cat><percent>79.7</percent></prevalence><prevalence><age>21</age><sex>1</sex><cat>2</cat><percent>13.5</percent></prevalence><prevalence><age>21</age><sex>1</sex><cat>3</cat><percent>6.8</percent></prevalence><prevalence><age>22</age><sex>0</sex><cat>1</cat><percent>64.8</percent></prevalence><prevalence><age>22</age><sex>0</sex><cat>2</cat><percent>31.5</percent></prevalence><prevalence><age>22</age><sex>0</sex><cat>3</cat><percent>3.7</percent></prevalence><prevalence><age>22</age><sex>1</sex><cat>1</cat><percent>76.7</percent></prevalence><prevalence><age>22</age><sex>1</sex><cat>2</cat><percent>15.9</percent></prevalence><prevalence><age>22</age><sex>1</sex><cat>3</cat><percent>7.4</percent></prevalence><prevalence><age>23</age><sex>0</sex><cat>1</cat><percent>63.3</percent></prevalence><prevalence><age>23</age><sex>0</sex><cat>2</cat><percent>32.5</percent></prevalence><prevalence><age>23</age><sex>0</sex><cat>3</cat><percent>4.2</percent></prevalence><prevalence><age>23</age><sex>1</sex><cat>1</cat><percent>74.8</percent></prevalence><prevalence><age>23</age><sex>1</sex><cat>2</cat><percent>17.1</percent></prevalence><prevalence><age>23</age><sex>1</sex><cat>3</cat><percent>8.1</percent></prevalence><prevalence><age>24</age><sex>0</sex><cat>1</cat><percent>59.8</percent></prevalence><prevalence><age>24</age><sex>0</sex><cat>2</cat><percent>35.0</percent></prevalence><prevalence><age>24</age><sex>0</sex><cat>3</cat><percent>5.2</percent></prevalence><prevalence><age>24</age><sex>1</sex><cat>1</cat><percent>72.7</percent></prevalence><prevalence><age>24</age><sex>1</sex><cat>2</cat><percent>17.9</percent></prevalence><prevalence><age>24</age><sex>1</sex><cat>3</cat><percent>9.4</percent></prevalence><prevalence><age>25</age><sex>0</sex><cat>1</cat><percent>56.3</percent></prevalence><prevalence><age>25</age><sex>0</sex><cat>2</cat><percent>35.3</percent></prevalence><prevalence><age>25</age><sex>0</sex><cat>3</cat><percent>8.4</percent></prevalence><prevalence><age>25</age><sex>1</sex><cat>1</cat><percent>71.6</percent></prevalence><prevalence><age>25</age><sex>1</sex><cat>2</cat><percent>18.6</percent></prevalence><prevalence><age>25</age><sex>1</sex><cat>3</cat><percent>9.8</percent></prevalence><prevalence><age>26</age><sex>0</sex><cat>1</cat><percent>53.0</percent></prevalence><prevalence><age>26</age><sex>0</sex><cat>2</cat><percent>35.7</percent></prevalence><prevalence><age>26</age><sex>0</sex><cat>3</cat><percent>11.3</percent></prevalence><prevalence><age>26</age><sex>1</sex><cat>1</cat><percent>70.7</percent></prevalence><prevalence><age>26</age><sex>1</sex><cat>2</cat><percent>19.0</percent></prevalence><prevalence><age>26</age><sex>1</sex><cat>3</cat><percent>10.3</percent></prevalence><prevalence><age>27</age><sex>0</sex><cat>1</cat><percent>48.9</percent></prevalence><prevalence><age>27</age><sex>0</sex><cat>2</cat><percent>36.2</percent></prevalence><prevalence><age>27</age><sex>0</sex><cat>3</cat><percent>14.9</percent></prevalence><prevalence><age>27</age><sex>1</sex><cat>1</cat><percent>69.9</percent></prevalence><prevalence><age>27</age><sex>1</sex><cat>2</cat><percent>19.5</percent></prevalence><prevalence><age>27</age><sex>1</sex><cat>3</cat><percent>10.6</percent></prevalence><prevalence><age>28</age><sex>0</sex><cat>1</cat><percent>47.1</percent></prevalence><prevalence><age>28</age><sex>0</sex><cat>2</cat><percent>36.8</percent></prevalence><prevalence><age>28</age><sex>0</sex><cat>3</cat><percent>16.1</percent></prevalence><prevalence><age>28</age><sex>1</sex><cat>1</cat><percent>68.9</percent></prevalence><prevalence><age>28</age><sex>1</sex><cat>2</cat><percent>20.1</percent></prevalence><prevalence><age>28</age><sex>1</sex><cat>3</cat><percent>11.0</percent></prevalence><prevalence><age>29</age><sex>0</sex><cat>1</cat><percent>46.0</percent></prevalence><prevalence><age>29</age><sex>0</sex><cat>2</cat><percent>37.1</percent></prevalence><prevalence><age>29</age><sex>0</sex><cat>3</cat><percent>16.9</percent></prevalence><prevalence><age>29</age><sex>1</sex><cat>1</cat><percent>68.1</percent></prevalence><prevalence><age>29</age><sex>1</sex><cat>2</cat><percent>20.6</percent></prevalence><prevalence><age>29</age><sex>1</sex><cat>3</cat><percent>11.3</percent></prevalence><prevalence><age>30</age><sex>0</sex><cat>1</cat><percent>44.9</percent></prevalence><prevalence><age>30</age><sex>0</sex><cat>2</cat><percent>37.6</percent></prevalence><prevalence><age>30</age><sex>0</sex><cat>3</cat><percent>17.5</percent></prevalence><prevalence><age>30</age><sex>1</sex><cat>1</cat><percent>67.3</percent></prevalence><prevalence><age>30</age><sex>1</sex><cat>2</cat><percent>21.1</percent></prevalence><prevalence><age>30</age><sex>1</sex><cat>3</cat><percent>11.6</percent></prevalence><prevalence><age>31</age><sex>0</sex><cat>1</cat><percent>44.3</percent></prevalence><prevalence><age>31</age><sex>0</sex><cat>2</cat><percent>37.9</percent></prevalence><prevalence><age>31</age><sex>0</sex><cat>3</cat><percent>17.8</percent></prevalence><prevalence><age>31</age><sex>1</sex><cat>1</cat><percent>66.3</percent></prevalence><prevalence><age>31</age><sex>1</sex><cat>2</cat><percent>21.8</percent></prevalence><prevalence><age>31</age><sex>1</sex><cat>3</cat><percent>11.9</percent></prevalence><prevalence><age>32</age><sex>0</sex><cat>1</cat><percent>43.8</percent></prevalence><prevalence><age>32</age><sex>0</sex><cat>2</cat><percent>38.2</percent></prevalence><prevalence><age>32</age><sex>0</sex><cat>3</cat><percent>18.0</percent></prevalence><prevalence><age>32</age><sex>1</sex><cat>1</cat><percent>65.5</percent></prevalence><prevalence><age>32</age><sex>1</sex><cat>2</cat><percent>22.2</percent></prevalence><prevalence><age>32</age><sex>1</sex><cat>3</cat><percent>12.3</percent></prevalence><prevalence><age>33</age><sex>0</sex><cat>1</cat><percent>43.4</percent></prevalence><prevalence><age>33</age><sex>0</sex><cat>2</cat><percent>38.5</percent></prevalence><prevalence><age>33</age><sex>0</sex><cat>3</cat><percent>18.1</percent></prevalence><prevalence><age>33</age><sex>1</sex><cat>1</cat><percent>64.7</percent></prevalence><prevalence><age>33</age><sex>1</sex><cat>2</cat><percent>22.6</percent></prevalence><prevalence><age>33</age><sex>1</sex><cat>3</cat><percent>12.7</percent></prevalence><prevalence><age>34</age><sex>0</sex><cat>1</cat><percent>43.1</percent></prevalence><prevalence><age>34</age><sex>0</sex><cat>2</cat><percent>38.8</percent></prevalence><prevalence><age>34</age><sex>0</sex><cat>3</cat><percent>18.1</percent></prevalence><prevalence><age>34</age><sex>1</sex><cat>1</cat><percent>64.0</percent></prevalence><prevalence><age>34</age><sex>1</sex><cat>2</cat><percent>23.0</percent></prevalence><prevalence><age>34</age><sex>1</sex><cat>3</cat><percent>13.0</percent></prevalence><prevalence><age>35</age><sex>0</sex><cat>1</cat><percent>41.3</percent></prevalence><prevalence><age>35</age><sex>0</sex><cat>2</cat><percent>40.6</percent></prevalence><prevalence><age>35</age><sex>0</sex><cat>3</cat><percent>18.1</percent></prevalence><prevalence><age>35</age><sex>1</sex><cat>1</cat><percent>63.1</percent></prevalence><prevalence><age>35</age><sex>1</sex><cat>2</cat><percent>23.1</percent></prevalence><prevalence><age>35</age><sex>1</sex><cat>3</cat><percent>13.8</percent></prevalence><prevalence><age>36</age><sex>0</sex><cat>1</cat><percent>38.4</percent></prevalence><prevalence><age>36</age><sex>0</sex><cat>2</cat><percent>43.5</percent></prevalence><prevalence><age>36</age><sex>0</sex><cat>3</cat><percent>18.1</percent></prevalence><prevalence><age>36</age><sex>1</sex><cat>1</cat><percent>61.6</percent></prevalence><prevalence><age>36</age><sex>1</sex><cat>2</cat><percent>23.3</percent></prevalence><prevalence><age>36</age><sex>1</sex><cat>3</cat><percent>15.1</percent></prevalence><prevalence><age>37</age><sex>0</sex><cat>1</cat><percent>35.3</percent></prevalence><prevalence><age>37</age><sex>0</sex><cat>2</cat><percent>46.5</percent></prevalence><prevalence><age>37</age><sex>0</sex><cat>3</cat><percent>18.2</percent></prevalence><prevalence><age>37</age><sex>1</sex><cat>1</cat><percent>60.1</percent></prevalence><prevalence><age>37</age><sex>1</sex><cat>2</cat><percent>23.5</percent></prevalence><prevalence><age>37</age><sex>1</sex><cat>3</cat><percent>16.4</percent></prevalence><prevalence><age>38</age><sex>0</sex><cat>1</cat><percent>32.5</percent></prevalence><prevalence><age>38</age><sex>0</sex><cat>2</cat><percent>49.2</percent></prevalence><prevalence><age>38</age><sex>0</sex><cat>3</cat><percent>18.3</percent></prevalence><prevalence><age>38</age><sex>1</sex><cat>1</cat><percent>59.4</percent></prevalence><prevalence><age>38</age><sex>1</sex><cat>2</cat><percent>23.7</percent></prevalence><prevalence><age>38</age><sex>1</sex><cat>3</cat><percent>16.9</percent></prevalence><prevalence><age>39</age><sex>0</sex><cat>1</cat><percent>29.4</percent></prevalence><prevalence><age>39</age><sex>0</sex><cat>2</cat><percent>52.3</percent></prevalence><prevalence><age>39</age><sex>0</sex><cat>3</cat><percent>18.3</percent></prevalence><prevalence><age>39</age><sex>1</sex><cat>1</cat><percent>59.0</percent></prevalence><prevalence><age>39</age><sex>1</sex><cat>2</cat><percent>24.0</percent></prevalence><prevalence><age>39</age><sex>1</sex><cat>3</cat><percent>17.0</percent></prevalence><prevalence><age>40</age><sex>0</sex><cat>1</cat><percent>26.1</percent></prevalence><prevalence><age>40</age><sex>0</sex><cat>2</cat><percent>55.6</percent></prevalence><prevalence><age>40</age><sex>0</sex><cat>3</cat><percent>18.3</percent></prevalence><prevalence><age>40</age><sex>1</sex><cat>1</cat><percent>57.6</percent></prevalence><prevalence><age>40</age><sex>1</sex><cat>2</cat><percent>24.8</percent></prevalence><prevalence><age>40</age><sex>1</sex><cat>3</cat><percent>17.6</percent></prevalence><prevalence><age>41</age><sex>0</sex><cat>1</cat><percent>21.7</percent></prevalence><prevalence><age>41</age><sex>0</sex><cat>2</cat><percent>59.9</percent></prevalence><prevalence><age>41</age><sex>0</sex><cat>3</cat><percent>18.4</percent></prevalence><prevalence><age>41</age><sex>1</sex><cat>1</cat><percent>56.1</percent></prevalence><prevalence><age>41</age><sex>1</sex><cat>2</cat><percent>25.6</percent></prevalence><prevalence><age>41</age><sex>1</sex><cat>3</cat><percent>18.3</percent></prevalence><prevalence><age>42</age><sex>0</sex><cat>1</cat><percent>22.9</percent></prevalence><prevalence><age>42</age><sex>0</sex><cat>2</cat><percent>58.7</percent></prevalence><prevalence><age>42</age><sex>0</sex><cat>3</cat><percent>18.4</percent></prevalence><prevalence><age>42</age><sex>1</sex><cat>1</cat><percent>55.2</percent></prevalence><prevalence><age>42</age><sex>1</sex><cat>2</cat><percent>26.3</percent></prevalence><prevalence><age>42</age><sex>1</sex><cat>3</cat><percent>18.5</percent></prevalence><prevalence><age>43</age><sex>0</sex><cat>1</cat><percent>23.5</percent></prevalence><prevalence><age>43</age><sex>0</sex><cat>2</cat><percent>57.9</percent></prevalence><prevalence><age>43</age><sex>0</sex><cat>3</cat><percent>18.6</percent></prevalence><prevalence><age>43</age><sex>1</sex><cat>1</cat><percent>54.2</percent></prevalence><prevalence><age>43</age><sex>1</sex><cat>2</cat><percent>26.9</percent></prevalence><prevalence><age>43</age><sex>1</sex><cat>3</cat><percent>18.9</percent></prevalence><prevalence><age>44</age><sex>0</sex><cat>1</cat><percent>24.5</percent></prevalence><prevalence><age>44</age><sex>0</sex><cat>2</cat><percent>56.8</percent></prevalence><prevalence><age>44</age><sex>0</sex><cat>3</cat><percent>18.7</percent></prevalence><prevalence><age>44</age><sex>1</sex><cat>1</cat><percent>53.9</percent></prevalence><prevalence><age>44</age><sex>1</sex><cat>2</cat><percent>27.1</percent></prevalence><prevalence><age>44</age><sex>1</sex><cat>3</cat><percent>19.0</percent></prevalence><prevalence><age>45</age><sex>0</sex><cat>1</cat><percent>23.4</percent></prevalence><prevalence><age>45</age><sex>0</sex><cat>2</cat><percent>56.2</percent></prevalence><prevalence><age>45</age><sex>0</sex><cat>3</cat><percent>20.4</percent></prevalence><prevalence><age>45</age><sex>1</sex><cat>1</cat><percent>51.3</percent></prevalence><prevalence><age>45</age><sex>1</sex><cat>2</cat><percent>29.4</percent></prevalence><prevalence><age>45</age><sex>1</sex><cat>3</cat><percent>19.3</percent></prevalence><prevalence><age>46</age><sex>0</sex><cat>1</cat><percent>23.1</percent></prevalence><prevalence><age>46</age><sex>0</sex><cat>2</cat><percent>53.4</percent></prevalence><prevalence><age>46</age><sex>0</sex><cat>3</cat><percent>23.5</percent></prevalence><prevalence><age>46</age><sex>1</sex><cat>1</cat><percent>49.0</percent></prevalence><prevalence><age>46</age><sex>1</sex><cat>2</cat><percent>31.5</percent></prevalence><prevalence><age>46</age><sex>1</sex><cat>3</cat><percent>19.5</percent></prevalence><prevalence><age>47</age><sex>0</sex><cat>1</cat><percent>22.1</percent></prevalence><prevalence><age>47</age><sex>0</sex><cat>2</cat><percent>51.1</percent></prevalence><prevalence><age>47</age><sex>0</sex><cat>3</cat><percent>26.8</percent></prevalence><prevalence><age>47</age><sex>1</sex><cat>1</cat><percent>46.6</percent></prevalence><prevalence><age>47</age><sex>1</sex><cat>2</cat><percent>33.7</percent></prevalence><prevalence><age>47</age><sex>1</sex><cat>3</cat><percent>19.7</percent></prevalence><prevalence><age>48</age><sex>0</sex><cat>1</cat><percent>21.9</percent></prevalence><prevalence><age>48</age><sex>0</sex><cat>2</cat><percent>48.7</percent></prevalence><prevalence><age>48</age><sex>0</sex><cat>3</cat><percent>29.4</percent></prevalence><prevalence><age>48</age><sex>1</sex><cat>1</cat><percent>44.9</percent></prevalence><prevalence><age>48</age><sex>1</sex><cat>2</cat><percent>35.3</percent></prevalence><prevalence><age>48</age><sex>1</sex><cat>3</cat><percent>19.8</percent></prevalence><prevalence><age>49</age><sex>0</sex><cat>1</cat><percent>23.2</percent></prevalence><prevalence><age>49</age><sex>0</sex><cat>2</cat><percent>45.3</percent></prevalence><prevalence><age>49</age><sex>0</sex><cat>3</cat><percent>31.5</percent></prevalence><prevalence><age>49</age><sex>1</sex><cat>1</cat><percent>42.5</percent></prevalence><prevalence><age>49</age><sex>1</sex><cat>2</cat><percent>37.6</percent></prevalence><prevalence><age>49</age><sex>1</sex><cat>3</cat><percent>19.9</percent></prevalence><prevalence><age>50</age><sex>0</sex><cat>1</cat><percent>26.9</percent></prevalence><prevalence><age>50</age><sex>0</sex><cat>2</cat><percent>41.2</percent></prevalence><prevalence><age>50</age><sex>0</sex><cat>3</cat><percent>31.9</percent></prevalence><prevalence><age>50</age><sex>1</sex><cat>1</cat><percent>40.9</percent></prevalence><prevalence><age>50</age><sex>1</sex><cat>2</cat><percent>39.1</percent></prevalence><prevalence><age>50</age><sex>1</sex><cat>3</cat><percent>20.0</percent></prevalence><prevalence><age>51</age><sex>0</sex><cat>1</cat><percent>28.3</percent></prevalence><prevalence><age>51</age><sex>0</sex><cat>2</cat><percent>39.4</percent></prevalence><prevalence><age>51</age><sex>0</sex><cat>3</cat><percent>32.3</percent></prevalence><prevalence><age>51</age><sex>1</sex><cat>1</cat><percent>39.7</percent></prevalence><prevalence><age>51</age><sex>1</sex><cat>2</cat><percent>40.2</percent></prevalence><prevalence><age>51</age><sex>1</sex><cat>3</cat><percent>20.1</percent></prevalence><prevalence><age>52</age><sex>0</sex><cat>1</cat><percent>30.4</percent></prevalence><prevalence><age>52</age><sex>0</sex><cat>2</cat><percent>37.1</percent></prevalence><prevalence><age>52</age><sex>0</sex><cat>3</cat><percent>32.5</percent></prevalence><prevalence><age>52</age><sex>1</sex><cat>1</cat><percent>38.2</percent></prevalence><prevalence><age>52</age><sex>1</sex><cat>2</cat><percent>41.5</percent></prevalence><prevalence><age>52</age><sex>1</sex><cat>3</cat><percent>20.3</percent></prevalence><prevalence><age>53</age><sex>0</sex><cat>1</cat><percent>31.2</percent></prevalence><prevalence><age>53</age><sex>0</sex><cat>2</cat><percent>35.4</percent></prevalence><prevalence><age>53</age><sex>0</sex><cat>3</cat><percent>33.4</percent></prevalence><prevalence><age>53</age><sex>1</sex><cat>1</cat><percent>35.7</percent></prevalence><prevalence><age>53</age><sex>1</sex><cat>2</cat><percent>43.4</percent></prevalence><prevalence><age>53</age><sex>1</sex><cat>3</cat><percent>20.9</percent></prevalence><prevalence><age>54</age><sex>0</sex><cat>1</cat><percent>31.7</percent></prevalence><prevalence><age>54</age><sex>0</sex><cat>2</cat><percent>34.4</percent></prevalence><prevalence><age>54</age><sex>0</sex><cat>3</cat><percent>33.9</percent></prevalence><prevalence><age>54</age><sex>1</sex><cat>1</cat><percent>37.1</percent></prevalence><prevalence><age>54</age><sex>1</sex><cat>2</cat><percent>41.2</percent></prevalence><prevalence><age>54</age><sex>1</sex><cat>3</cat><percent>21.7</percent></prevalence><prevalence><age>55</age><sex>0</sex><cat>1</cat><percent>28.3</percent></prevalence><prevalence><age>55</age><sex>0</sex><cat>2</cat><percent>37.5</percent></prevalence><prevalence><age>55</age><sex>0</sex><cat>3</cat><percent>34.2</percent></prevalence><prevalence><age>55</age><sex>1</sex><cat>1</cat><percent>36.8</percent></prevalence><prevalence><age>55</age><sex>1</sex><cat>2</cat><percent>39.7</percent></prevalence><prevalence><age>55</age><sex>1</sex><cat>3</cat><percent>23.5</percent></prevalence><prevalence><age>56</age><sex>0</sex><cat>1</cat><percent>25.1</percent></prevalence><prevalence><age>56</age><sex>0</sex><cat>2</cat><percent>40.6</percent></prevalence><prevalence><age>56</age><sex>0</sex><cat>3</cat><percent>34.3</percent></prevalence><prevalence><age>56</age><sex>1</sex><cat>1</cat><percent>35.3</percent></prevalence><prevalence><age>56</age><sex>1</sex><cat>2</cat><percent>37.3</percent></prevalence><prevalence><age>56</age><sex>1</sex><cat>3</cat><percent>27.4</percent></prevalence><prevalence><age>57</age><sex>0</sex><cat>1</cat><percent>23.6</percent></prevalence><prevalence><age>57</age><sex>0</sex><cat>2</cat><percent>41.8</percent></prevalence><prevalence><age>57</age><sex>0</sex><cat>3</cat><percent>34.6</percent></prevalence><prevalence><age>57</age><sex>1</sex><cat>1</cat><percent>34.0</percent></prevalence><prevalence><age>57</age><sex>1</sex><cat>2</cat><percent>35.4</percent></prevalence><prevalence><age>57</age><sex>1</sex><cat>3</cat><percent>30.6</percent></prevalence><prevalence><age>58</age><sex>0</sex><cat>1</cat><percent>22.7</percent></prevalence><prevalence><age>58</age><sex>0</sex><cat>2</cat><percent>42.5</percent></prevalence><prevalence><age>58</age><sex>0</sex><cat>3</cat><percent>34.8</percent></prevalence><prevalence><age>58</age><sex>1</sex><cat>1</cat><percent>33.3</percent></prevalence><prevalence><age>58</age><sex>1</sex><cat>2</cat><percent>33.9</percent></prevalence><prevalence><age>58</age><sex>1</sex><cat>3</cat><percent>32.8</percent></prevalence><prevalence><age>59</age><sex>0</sex><cat>1</cat><percent>21.6</percent></prevalence><prevalence><age>59</age><sex>0</sex><cat>2</cat><percent>43.5</percent></prevalence><prevalence><age>59</age><sex>0</sex><cat>3</cat><percent>34.9</percent></prevalence><prevalence><age>59</age><sex>1</sex><cat>1</cat><percent>31.3</percent></prevalence><prevalence><age>59</age><sex>1</sex><cat>2</cat><percent>32.4</percent></prevalence><prevalence><age>59</age><sex>1</sex><cat>3</cat><percent>36.3</percent></prevalence><prevalence><age>60</age><sex>0</sex><cat>1</cat><percent>21.0</percent></prevalence><prevalence><age>60</age><sex>0</sex><cat>2</cat><percent>44.0</percent></prevalence><prevalence><age>60</age><sex>0</sex><cat>3</cat><percent>35.0</percent></prevalence><prevalence><age>60</age><sex>1</sex><cat>1</cat><percent>28.6</percent></prevalence><prevalence><age>60</age><sex>1</sex><cat>2</cat><percent>31.6</percent></prevalence><prevalence><age>60</age><sex>1</sex><cat>3</cat><percent>39.8</percent></prevalence><prevalence><age>61</age><sex>0</sex><cat>1</cat><percent>18.5</percent></prevalence><prevalence><age>61</age><sex>0</sex><cat>2</cat><percent>46.2</percent></prevalence><prevalence><age>61</age><sex>0</sex><cat>3</cat><percent>35.3</percent></prevalence><prevalence><age>61</age><sex>1</sex><cat>1</cat><percent>28.3</percent></prevalence><prevalence><age>61</age><sex>1</sex><cat>2</cat><percent>30.4</percent></prevalence><prevalence><age>61</age><sex>1</sex><cat>3</cat><percent>41.3</percent></prevalence><prevalence><age>62</age><sex>0</sex><cat>1</cat><percent>19.5</percent></prevalence><prevalence><age>62</age><sex>0</sex><cat>2</cat><percent>47.3</percent></prevalence><prevalence><age>62</age><sex>0</sex><cat>3</cat><percent>33.2</percent></prevalence><prevalence><age>62</age><sex>1</sex><cat>1</cat><percent>24.7</percent></prevalence><prevalence><age>62</age><sex>1</sex><cat>2</cat><percent>31.5</percent></prevalence><prevalence><age>62</age><sex>1</sex><cat>3</cat><percent>43.8</percent></prevalence><prevalence><age>63</age><sex>0</sex><cat>1</cat><percent>18.6</percent></prevalence><prevalence><age>63</age><sex>0</sex><cat>2</cat><percent>48.5</percent></prevalence><prevalence><age>63</age><sex>0</sex><cat>3</cat><percent>32.9</percent></prevalence><prevalence><age>63</age><sex>1</sex><cat>1</cat><percent>20.9</percent></prevalence><prevalence><age>63</age><sex>1</sex><cat>2</cat><percent>32.7</percent></prevalence><prevalence><age>63</age><sex>1</sex><cat>3</cat><percent>46.4</percent></prevalence><prevalence><age>64</age><sex>0</sex><cat>1</cat><percent>18.9</percent></prevalence><prevalence><age>64</age><sex>0</sex><cat>2</cat><percent>48.6</percent></prevalence><prevalence><age>64</age><sex>0</sex><cat>3</cat><percent>32.5</percent></prevalence><prevalence><age>64</age><sex>1</sex><cat>1</cat><percent>17.4</percent></prevalence><prevalence><age>64</age><sex>1</sex><cat>2</cat><percent>33.4</percent></prevalence><prevalence><age>64</age><sex>1</sex><cat>3</cat><percent>49.2</percent></prevalence><prevalence><age>65</age><sex>0</sex><cat>1</cat><percent>18.7</percent></prevalence><prevalence><age>65</age><sex>0</sex><cat>2</cat><percent>48.8</percent></prevalence><prevalence><age>65</age><sex>0</sex><cat>3</cat><percent>32.5</percent></prevalence><prevalence><age>65</age><sex>1</sex><cat>1</cat><percent>18.7</percent></prevalence><prevalence><age>65</age><sex>1</sex><cat>2</cat><percent>33.8</percent></prevalence><prevalence><age>65</age><sex>1</sex><cat>3</cat><percent>47.5</percent></prevalence><prevalence><age>66</age><sex>0</sex><cat>1</cat><percent>18.6</percent></prevalence><prevalence><age>66</age><sex>0</sex><cat>2</cat><percent>49.0</percent></prevalence><prevalence><age>66</age><sex>0</sex><cat>3</cat><percent>32.4</percent></prevalence><prevalence><age>66</age><sex>1</sex><cat>1</cat><percent>21.7</percent></prevalence><prevalence><age>66</age><sex>1</sex><cat>2</cat><percent>34.1</percent></prevalence><prevalence><age>66</age><sex>1</sex><cat>3</cat><percent>44.2</percent></prevalence><prevalence><age>67</age><sex>0</sex><cat>1</cat><percent>18.5</percent></prevalence><prevalence><age>67</age><sex>0</sex><cat>2</cat><percent>49.1</percent></prevalence><prevalence><age>67</age><sex>0</sex><cat>3</cat><percent>32.4</percent></prevalence><prevalence><age>67</age><sex>1</sex><cat>1</cat><percent>24.0</percent></prevalence><prevalence><age>67</age><sex>1</sex><cat>2</cat><percent>34.5</percent></prevalence><prevalence><age>67</age><sex>1</sex><cat>3</cat><percent>41.5</percent></prevalence><prevalence><age>68</age><sex>0</sex><cat>1</cat><percent>18.4</percent></prevalence><prevalence><age>68</age><sex>0</sex><cat>2</cat><percent>49.3</percent></prevalence><prevalence><age>68</age><sex>0</sex><cat>3</cat><percent>32.3</percent></prevalence><prevalence><age>68</age><sex>1</sex><cat>1</cat><percent>25.1</percent></prevalence><prevalence><age>68</age><sex>1</sex><cat>2</cat><percent>35.2</percent></prevalence><prevalence><age>68</age><sex>1</sex><cat>3</cat><percent>39.7</percent></prevalence><prevalence><age>69</age><sex>0</sex><cat>1</cat><percent>18.9</percent></prevalence><prevalence><age>69</age><sex>0</sex><cat>2</cat><percent>48.9</percent></prevalence><prevalence><age>69</age><sex>0</sex><cat>3</cat><percent>32.2</percent></prevalence><prevalence><age>69</age><sex>1</sex><cat>1</cat><percent>25.9</percent></prevalence><prevalence><age>69</age><sex>1</sex><cat>2</cat><percent>35.9</percent></prevalence><prevalence><age>69</age><sex>1</sex><cat>3</cat><percent>38.2</percent></prevalence><prevalence><age>70</age><sex>0</sex><cat>1</cat><percent>19.2</percent></prevalence><prevalence><age>70</age><sex>0</sex><cat>2</cat><percent>48.6</percent></prevalence><prevalence><age>70</age><sex>0</sex><cat>3</cat><percent>32.2</percent></prevalence><prevalence><age>70</age><sex>1</sex><cat>1</cat><percent>26.4</percent></prevalence><prevalence><age>70</age><sex>1</sex><cat>2</cat><percent>36.4</percent></prevalence><prevalence><age>70</age><sex>1</sex><cat>3</cat><percent>37.2</percent></prevalence><prevalence><age>71</age><sex>0</sex><cat>1</cat><percent>19.6</percent></prevalence><prevalence><age>71</age><sex>0</sex><cat>2</cat><percent>48.3</percent></prevalence><prevalence><age>71</age><sex>0</sex><cat>3</cat><percent>32.1</percent></prevalence><prevalence><age>71</age><sex>1</sex><cat>1</cat><percent>27.6</percent></prevalence><prevalence><age>71</age><sex>1</sex><cat>2</cat><percent>37.1</percent></prevalence><prevalence><age>71</age><sex>1</sex><cat>3</cat><percent>35.3</percent></prevalence><prevalence><age>72</age><sex>0</sex><cat>1</cat><percent>20.1</percent></prevalence><prevalence><age>72</age><sex>0</sex><cat>2</cat><percent>48.1</percent></prevalence><prevalence><age>72</age><sex>0</sex><cat>3</cat><percent>31.8</percent></prevalence><prevalence><age>72</age><sex>1</sex><cat>1</cat><percent>30.9</percent></prevalence><prevalence><age>72</age><sex>1</sex><cat>2</cat><percent>37.7</percent></prevalence><prevalence><age>72</age><sex>1</sex><cat>3</cat><percent>31.4</percent></prevalence><prevalence><age>73</age><sex>0</sex><cat>1</cat><percent>20.5</percent></prevalence><prevalence><age>73</age><sex>0</sex><cat>2</cat><percent>47.9</percent></prevalence><prevalence><age>73</age><sex>0</sex><cat>3</cat><percent>31.6</percent></prevalence><prevalence><age>73</age><sex>1</sex><cat>1</cat><percent>32.1</percent></prevalence><prevalence><age>73</age><sex>1</sex><cat>2</cat><percent>38.4</percent></prevalence><prevalence><age>73</age><sex>1</sex><cat>3</cat><percent>29.5</percent></prevalence><prevalence><age>74</age><sex>0</sex><cat>1</cat><percent>20.8</percent></prevalence><prevalence><age>74</age><sex>0</sex><cat>2</cat><percent>47.7</percent></prevalence><prevalence><age>74</age><sex>0</sex><cat>3</cat><percent>31.5</percent></prevalence><prevalence><age>74</age><sex>1</sex><cat>1</cat><percent>33.3</percent></prevalence><prevalence><age>74</age><sex>1</sex><cat>2</cat><percent>39.0</percent></prevalence><prevalence><age>74</age><sex>1</sex><cat>3</cat><percent>27.7</percent></prevalence><prevalence><age>75</age><sex>0</sex><cat>1</cat><percent>23.2</percent></prevalence><prevalence><age>75</age><sex>0</sex><cat>2</cat><percent>45.5</percent></prevalence><prevalence><age>75</age><sex>0</sex><cat>3</cat><percent>31.3</percent></prevalence><prevalence><age>75</age><sex>1</sex><cat>1</cat><percent>32.1</percent></prevalence><prevalence><age>75</age><sex>1</sex><cat>2</cat><percent>40.7</percent></prevalence><prevalence><age>75</age><sex>1</sex><cat>3</cat><percent>27.2</percent></prevalence><prevalence><age>76</age><sex>0</sex><cat>1</cat><percent>25.8</percent></prevalence><prevalence><age>76</age><sex>0</sex><cat>2</cat><percent>43.2</percent></prevalence><prevalence><age>76</age><sex>0</sex><cat>3</cat><percent>31.0</percent></prevalence><prevalence><age>76</age><sex>1</sex><cat>1</cat><percent>32.1</percent></prevalence><prevalence><age>76</age><sex>1</sex><cat>2</cat><percent>41.3</percent></prevalence><prevalence><age>76</age><sex>1</sex><cat>3</cat><percent>26.6</percent></prevalence><prevalence><age>77</age><sex>0</sex><cat>1</cat><percent>28.9</percent></prevalence><prevalence><age>77</age><sex>0</sex><cat>2</cat><percent>40.2</percent></prevalence><prevalence><age>77</age><sex>0</sex><cat>3</cat><percent>30.9</percent></prevalence><prevalence><age>77</age><sex>1</sex><cat>1</cat><percent>32.3</percent></prevalence><prevalence><age>77</age><sex>1</sex><cat>2</cat><percent>41.9</percent></prevalence><prevalence><age>77</age><sex>1</sex><cat>3</cat><percent>25.8</percent></prevalence><prevalence><age>78</age><sex>0</sex><cat>1</cat><percent>30.6</percent></prevalence><prevalence><age>78</age><sex>0</sex><cat>2</cat><percent>38.7</percent></prevalence><prevalence><age>78</age><sex>0</sex><cat>3</cat><percent>30.7</percent></prevalence><prevalence><age>78</age><sex>1</sex><cat>1</cat><percent>32.2</percent></prevalence><prevalence><age>78</age><sex>1</sex><cat>2</cat><percent>42.7</percent></prevalence><prevalence><age>78</age><sex>1</sex><cat>3</cat><percent>25.1</percent></prevalence><prevalence><age>79</age><sex>0</sex><cat>1</cat><percent>34.2</percent></prevalence><prevalence><age>79</age><sex>0</sex><cat>2</cat><percent>35.3</percent></prevalence><prevalence><age>79</age><sex>0</sex><cat>3</cat><percent>30.5</percent></prevalence><prevalence><age>79</age><sex>1</sex><cat>1</cat><percent>31.7</percent></prevalence><prevalence><age>79</age><sex>1</sex><cat>2</cat><percent>43.6</percent></prevalence><prevalence><age>79</age><sex>1</sex><cat>3</cat><percent>24.7</percent></prevalence><prevalence><age>80</age><sex>0</sex><cat>1</cat><percent>36.4</percent></prevalence><prevalence><age>80</age><sex>0</sex><cat>2</cat><percent>33.2</percent></prevalence><prevalence><age>80</age><sex>0</sex><cat>3</cat><percent>30.4</percent></prevalence><prevalence><age>80</age><sex>1</sex><cat>1</cat><percent>32.1</percent></prevalence><prevalence><age>80</age><sex>1</sex><cat>2</cat><percent>44.1</percent></prevalence><prevalence><age>80</age><sex>1</sex><cat>3</cat><percent>23.8</percent></prevalence><prevalence><age>81</age><sex>0</sex><cat>1</cat><percent>38.4</percent></prevalence><prevalence><age>81</age><sex>0</sex><cat>2</cat><percent>31.4</percent></prevalence><prevalence><age>81</age><sex>0</sex><cat>3</cat><percent>30.2</percent></prevalence><prevalence><age>81</age><sex>1</sex><cat>1</cat><percent>32.2</percent></prevalence><prevalence><age>81</age><sex>1</sex><cat>2</cat><percent>44.9</percent></prevalence><prevalence><age>81</age><sex>1</sex><cat>3</cat><percent>22.9</percent></prevalence><prevalence><age>82</age><sex>0</sex><cat>1</cat><percent>41.8</percent></prevalence><prevalence><age>82</age><sex>0</sex><cat>2</cat><percent>28.7</percent></prevalence><prevalence><age>82</age><sex>0</sex><cat>3</cat><percent>29.5</percent></prevalence><prevalence><age>82</age><sex>1</sex><cat>1</cat><percent>34.6</percent></prevalence><prevalence><age>82</age><sex>1</sex><cat>2</cat><percent>44.1</percent></prevalence><prevalence><age>82</age><sex>1</sex><cat>3</cat><percent>21.3</percent></prevalence><prevalence><age>83</age><sex>0</sex><cat>1</cat><percent>41.9</percent></prevalence><prevalence><age>83</age><sex>0</sex><cat>2</cat><percent>29.4</percent></prevalence><prevalence><age>83</age><sex>0</sex><cat>3</cat><percent>28.7</percent></prevalence><prevalence><age>83</age><sex>1</sex><cat>1</cat><percent>36.1</percent></prevalence><prevalence><age>83</age><sex>1</sex><cat>2</cat><percent>43.1</percent></prevalence><prevalence><age>83</age><sex>1</sex><cat>3</cat><percent>20.8</percent></prevalence><prevalence><age>84</age><sex>0</sex><cat>1</cat><percent>43.0</percent></prevalence><prevalence><age>84</age><sex>0</sex><cat>2</cat><percent>30.1</percent></prevalence><prevalence><age>84</age><sex>0</sex><cat>3</cat><percent>26.9</percent></prevalence><prevalence><age>84</age><sex>1</sex><cat>1</cat><percent>38.9</percent></prevalence><prevalence><age>84</age><sex>1</sex><cat>2</cat><percent>41.5</percent></prevalence><prevalence><age>84</age><sex>1</sex><cat>3</cat><percent>19.6</percent></prevalence><prevalence><age>85</age><sex>0</sex><cat>1</cat><percent>47.3</percent></prevalence><prevalence><age>85</age><sex>0</sex><cat>2</cat><percent>32.4</percent></prevalence><prevalence><age>85</age><sex>0</sex><cat>3</cat><percent>20.3</percent></prevalence><prevalence><age>85</age><sex>1</sex><cat>1</cat><percent>42.8</percent></prevalence><prevalence><age>85</age><sex>1</sex><cat>2</cat><percent>39.7</percent></prevalence><prevalence><age>85</age><sex>1</sex><cat>3</cat><percent>17.5</percent></prevalence><prevalence><age>86</age><sex>0</sex><cat>1</cat><percent>51.2</percent></prevalence><prevalence><age>86</age><sex>0</sex><cat>2</cat><percent>33.5</percent></prevalence><prevalence><age>86</age><sex>0</sex><cat>3</cat><percent>15.3</percent></prevalence><prevalence><age>86</age><sex>1</sex><cat>1</cat><percent>47.4</percent></prevalence><prevalence><age>86</age><sex>1</sex><cat>2</cat><percent>37.3</percent></prevalence><prevalence><age>86</age><sex>1</sex><cat>3</cat><percent>15.3</percent></prevalence><prevalence><age>87</age><sex>0</sex><cat>1</cat><percent>54.9</percent></prevalence><prevalence><age>87</age><sex>0</sex><cat>2</cat><percent>34.9</percent></prevalence><prevalence><age>87</age><sex>0</sex><cat>3</cat><percent>10.2</percent></prevalence><prevalence><age>87</age><sex>1</sex><cat>1</cat><percent>52.2</percent></prevalence><prevalence><age>87</age><sex>1</sex><cat>2</cat><percent>35.4</percent></prevalence><prevalence><age>87</age><sex>1</sex><cat>3</cat><percent>12.4</percent></prevalence><prevalence><age>88</age><sex>0</sex><cat>1</cat><percent>56.5</percent></prevalence><prevalence><age>88</age><sex>0</sex><cat>2</cat><percent>35.3</percent></prevalence><prevalence><age>88</age><sex>0</sex><cat>3</cat><percent>8.2</percent></prevalence><prevalence><age>88</age><sex>1</sex><cat>1</cat><percent>56.8</percent></prevalence><prevalence><age>88</age><sex>1</sex><cat>2</cat><percent>32.8</percent></prevalence><prevalence><age>88</age><sex>1</sex><cat>3</cat><percent>10.4</percent></prevalence><prevalence><age>89</age><sex>0</sex><cat>1</cat><percent>56.3</percent></prevalence><prevalence><age>89</age><sex>0</sex><cat>2</cat><percent>36.7</percent></prevalence><prevalence><age>89</age><sex>0</sex><cat>3</cat><percent>7.0</percent></prevalence><prevalence><age>89</age><sex>1</sex><cat>1</cat><percent>62.3</percent></prevalence><prevalence><age>89</age><sex>1</sex><cat>2</cat><percent>29.6</percent></prevalence><prevalence><age>89</age><sex>1</sex><cat>3</cat><percent>8.1</percent></prevalence><prevalence><age>90</age><sex>0</sex><cat>1</cat><percent>55.7</percent></prevalence><prevalence><age>90</age><sex>0</sex><cat>2</cat><percent>37.8</percent></prevalence><prevalence><age>90</age><sex>0</sex><cat>3</cat><percent>6.5</percent></prevalence><prevalence><age>90</age><sex>1</sex><cat>1</cat><percent>66.8</percent></prevalence><prevalence><age>90</age><sex>1</sex><cat>2</cat><percent>27.3</percent></prevalence><prevalence><age>90</age><sex>1</sex><cat>3</cat><percent>5.9</percent></prevalence><prevalence><age>91</age><sex>0</sex><cat>1</cat><percent>55.9</percent></prevalence><prevalence><age>91</age><sex>0</sex><cat>2</cat><percent>38.0</percent></prevalence><prevalence><age>91</age><sex>0</sex><cat>3</cat><percent>6.1</percent></prevalence><prevalence><age>91</age><sex>1</sex><cat>1</cat><percent>69.2</percent></prevalence><prevalence><age>91</age><sex>1</sex><cat>2</cat><percent>25.4</percent></prevalence><prevalence><age>91</age><sex>1</sex><cat>3</cat><percent>5.4</percent></prevalence><prevalence><age>92</age><sex>0</sex><cat>1</cat><percent>57.8</percent></prevalence><prevalence><age>92</age><sex>0</sex><cat>2</cat><percent>36.8</percent></prevalence><prevalence><age>92</age><sex>0</sex><cat>3</cat><percent>5.4</percent></prevalence><prevalence><age>92</age><sex>1</sex><cat>1</cat><percent>73.6</percent></prevalence><prevalence><age>92</age><sex>1</sex><cat>2</cat><percent>21.6</percent></prevalence><prevalence><age>92</age><sex>1</sex><cat>3</cat><percent>4.8</percent></prevalence><prevalence><age>93</age><sex>0</sex><cat>1</cat><percent>59.3</percent></prevalence><prevalence><age>93</age><sex>0</sex><cat>2</cat><percent>35.7</percent></prevalence><prevalence><age>93</age><sex>0</sex><cat>3</cat><percent>5.0</percent></prevalence><prevalence><age>93</age><sex>1</sex><cat>1</cat><percent>76.2</percent></prevalence><prevalence><age>93</age><sex>1</sex><cat>2</cat><percent>19.5</percent></prevalence><prevalence><age>93</age><sex>1</sex><cat>3</cat><percent>4.3</percent></prevalence><prevalence><age>94</age><sex>0</sex><cat>1</cat><percent>60.5</percent></prevalence><prevalence><age>94</age><sex>0</sex><cat>2</cat><percent>34.8</percent></prevalence><prevalence><age>94</age><sex>0</sex><cat>3</cat><percent>4.7</percent></prevalence><prevalence><age>94</age><sex>1</sex><cat>1</cat><percent>78.2</percent></prevalence><prevalence><age>94</age><sex>1</sex><cat>2</cat><percent>18.0</percent></prevalence><prevalence><age>94</age><sex>1</sex><cat>3</cat><percent>3.8</percent></prevalence><prevalence><age>95</age><sex>0</sex><cat>1</cat><percent>63.3</percent></prevalence><prevalence><age>95</age><sex>0</sex><cat>2</cat><percent>32.6</percent></prevalence><prevalence><age>95</age><sex>0</sex><cat>3</cat><percent>4.1</percent></prevalence><prevalence><age>95</age><sex>1</sex><cat>1</cat><percent>79.7</percent></prevalence><prevalence><age>95</age><sex>1</sex><cat>2</cat><percent>17.8</percent></prevalence><prevalence><age>95</age><sex>1</sex><cat>3</cat><percent>2.5</percent></prevalence></riskfactorprevalences_categorical>