<?xml version="1.0"?><diseaseprevalences><prevalence><age>0</age><sex>0</sex><percent>0.0</percent></prevalence><prevalence><age>0</age><sex>1</sex><percent>0.0</percent></prevalence><prevalence><age>1</age><sex>0</sex><percent>0.0</percent></prevalence><prevalence><age>1</age><sex>1</sex><percent>0.0</percent></prevalence><prevalence><age>2</age><sex>0</sex><percent>0.0</percent></prevalence><prevalence><age>2</age><sex>1</sex><percent>0.0</percent></prevalence><prevalence><age>3</age><sex>0</sex><percent>0.0</percent></prevalence><prevalence><age>3</age><sex>1</sex><percent>0.0</percent></prevalence><prevalence><age>4</age><sex>0</sex><percent>0.0</percent></prevalence><prevalence><age>4</age><sex>1</sex><percent>0.0</percent></prevalence><prevalence><age>5</age><sex>0</sex><percent>0.0</percent></prevalence><prevalence><age>5</age><sex>1</sex><percent>0.0</percent></prevalence><prevalence><age>6</age><sex>0</sex><percent>0.0</percent></prevalence><prevalence><age>6</age><sex>1</sex><percent>0.0</percent></prevalence><prevalence><age>7</age><sex>0</sex><percent>0.0</percent></prevalence><prevalence><age>7</age><sex>1</sex><percent>0.0</percent></prevalence><prevalence><age>8</age><sex>0</sex><percent>0.0</percent></prevalence><prevalence><age>8</age><sex>1</sex><percent>0.0</percent></prevalence><prevalence><age>9</age><sex>0</sex><percent>0.0</percent></prevalence><prevalence><age>9</age><sex>1</sex><percent>0.0</percent></prevalence><prevalence><age>10</age><sex>0</sex><percent>0.0</percent></prevalence><prevalence><age>10</age><sex>1</sex><percent>0.0</percent></prevalence><prevalence><age>11</age><sex>0</sex><percent>0.0</percent></prevalence><prevalence><age>11</age><sex>1</sex><percent>0.0</percent></prevalence><prevalence><age>12</age><sex>0</sex><percent>0.0</percent></prevalence><prevalence><age>12</age><sex>1</sex><percent>0.0</percent></prevalence><prevalence><age>13</age><sex>0</sex><percent>0.0</percent></prevalence><prevalence><age>13</age><sex>1</sex><percent>0.0</percent></prevalence><prevalence><age>14</age><sex>0</sex><percent>0.0</percent></prevalence><prevalence><age>14</age><sex>1</sex><percent>0.0</percent></prevalence><prevalence><age>15</age><sex>0</sex><percent>0.01068</percent></prevalence><prevalence><age>15</age><sex>1</sex><percent>6.2E-4</percent></prevalence><prevalence><age>16</age><sex>0</sex><percent>0.0107</percent></prevalence><prevalence><age>16</age><sex>1</sex><percent>6.9E-4</percent></prevalence><prevalence><age>17</age><sex>0</sex><percent>0.0107</percent></prevalence><prevalence><age>17</age><sex>1</sex><percent>7.8E-4</percent></prevalence><prevalence><age>18</age><sex>0</sex><percent>0.01068</percent></prevalence><prevalence><age>18</age><sex>1</sex><percent>8.7E-4</percent></prevalence><prevalence><age>19</age><sex>0</sex><percent>0.01065</percent></prevalence><prevalence><age>19</age><sex>1</sex><percent>9.7E-4</percent></prevalence><prevalence><age>20</age><sex>0</sex><percent>0.01061</percent></prevalence><prevalence><age>20</age><sex>1</sex><percent>0.00108</percent></prevalence><prevalence><age>21</age><sex>0</sex><percent>0.0106</percent></prevalence><prevalence><age>21</age><sex>1</sex><percent>0.00122</percent></prevalence><prevalence><age>22</age><sex>0</sex><percent>0.01065</percent></prevalence><prevalence><age>22</age><sex>1</sex><percent>0.0014</percent></prevalence><prevalence><age>23</age><sex>0</sex><percent>0.01082</percent></prevalence><prevalence><age>23</age><sex>1</sex><percent>0.00165</percent></prevalence><prevalence><age>24</age><sex>0</sex><percent>0.01116</percent></prevalence><prevalence><age>24</age><sex>1</sex><percent>0.0020</percent></prevalence><prevalence><age>25</age><sex>0</sex><percent>0.0117</percent></prevalence><prevalence><age>25</age><sex>1</sex><percent>0.00246</percent></prevalence><prevalence><age>26</age><sex>0</sex><percent>0.01249</percent></prevalence><prevalence><age>26</age><sex>1</sex><percent>0.00302</percent></prevalence><prevalence><age>27</age><sex>0</sex><percent>0.01355</percent></prevalence><prevalence><age>27</age><sex>1</sex><percent>0.00367</percent></prevalence><prevalence><age>28</age><sex>0</sex><percent>0.01492</percent></prevalence><prevalence><age>28</age><sex>1</sex><percent>0.00441</percent></prevalence><prevalence><age>29</age><sex>0</sex><percent>0.01661</percent></prevalence><prevalence><age>29</age><sex>1</sex><percent>0.00523</percent></prevalence><prevalence><age>30</age><sex>0</sex><percent>0.01864</percent></prevalence><prevalence><age>30</age><sex>1</sex><percent>0.00616</percent></prevalence><prevalence><age>31</age><sex>0</sex><percent>0.021</percent></prevalence><prevalence><age>31</age><sex>1</sex><percent>0.00724</percent></prevalence><prevalence><age>32</age><sex>0</sex><percent>0.02369</percent></prevalence><prevalence><age>32</age><sex>1</sex><percent>0.00853</percent></prevalence><prevalence><age>33</age><sex>0</sex><percent>0.02668</percent></prevalence><prevalence><age>33</age><sex>1</sex><percent>0.01013</percent></prevalence><prevalence><age>34</age><sex>0</sex><percent>0.02996</percent></prevalence><prevalence><age>34</age><sex>1</sex><percent>0.0121</percent></prevalence><prevalence><age>35</age><sex>0</sex><percent>0.03353</percent></prevalence><prevalence><age>35</age><sex>1</sex><percent>0.01455</percent></prevalence><prevalence><age>36</age><sex>0</sex><percent>0.03745</percent></prevalence><prevalence><age>36</age><sex>1</sex><percent>0.01755</percent></prevalence><prevalence><age>37</age><sex>0</sex><percent>0.04181</percent></prevalence><prevalence><age>37</age><sex>1</sex><percent>0.02114</percent></prevalence><prevalence><age>38</age><sex>0</sex><percent>0.04674</percent></prevalence><prevalence><age>38</age><sex>1</sex><percent>0.02535</percent></prevalence><prevalence><age>39</age><sex>0</sex><percent>0.05237</percent></prevalence><prevalence><age>39</age><sex>1</sex><percent>0.03016</percent></prevalence><prevalence><age>40</age><sex>0</sex><percent>0.05884</percent></prevalence><prevalence><age>40</age><sex>1</sex><percent>0.03562</percent></prevalence><prevalence><age>41</age><sex>0</sex><percent>0.06625</percent></prevalence><prevalence><age>41</age><sex>1</sex><percent>0.04178</percent></prevalence><prevalence><age>42</age><sex>0</sex><percent>0.07466</percent></prevalence><prevalence><age>42</age><sex>1</sex><percent>0.04878</percent></prevalence><prevalence><age>43</age><sex>0</sex><percent>0.08415</percent></prevalence><prevalence><age>43</age><sex>1</sex><percent>0.05682</percent></prevalence><prevalence><age>44</age><sex>0</sex><percent>0.09476</percent></prevalence><prevalence><age>44</age><sex>1</sex><percent>0.06615</percent></prevalence><prevalence><age>45</age><sex>0</sex><percent>0.1066</percent></prevalence><prevalence><age>45</age><sex>1</sex><percent>0.07702</percent></prevalence><prevalence><age>46</age><sex>0</sex><percent>0.11979</percent></prevalence><prevalence><age>46</age><sex>1</sex><percent>0.0896</percent></prevalence><prevalence><age>47</age><sex>0</sex><percent>0.13452</percent></prevalence><prevalence><age>47</age><sex>1</sex><percent>0.10406</percent></prevalence><prevalence><age>48</age><sex>0</sex><percent>0.15104</percent></prevalence><prevalence><age>48</age><sex>1</sex><percent>0.12042</percent></prevalence><prevalence><age>49</age><sex>0</sex><percent>0.16962</percent></prevalence><prevalence><age>49</age><sex>1</sex><percent>0.13867</percent></prevalence><prevalence><age>50</age><sex>0</sex><percent>0.19054</percent></prevalence><prevalence><age>50</age><sex>1</sex><percent>0.15867</percent></prevalence><prevalence><age>51</age><sex>0</sex><percent>0.21411</percent></prevalence><prevalence><age>51</age><sex>1</sex><percent>0.18025</percent></prevalence><prevalence><age>52</age><sex>0</sex><percent>0.24062</percent></prevalence><prevalence><age>52</age><sex>1</sex><percent>0.20317</percent></prevalence><prevalence><age>53</age><sex>0</sex><percent>0.27038</percent></prevalence><prevalence><age>53</age><sex>1</sex><percent>0.22718</percent></prevalence><prevalence><age>54</age><sex>0</sex><percent>0.30367</percent></prevalence><prevalence><age>54</age><sex>1</sex><percent>0.25209</percent></prevalence><prevalence><age>55</age><sex>0</sex><percent>0.34079</percent></prevalence><prevalence><age>55</age><sex>1</sex><percent>0.27787</percent></prevalence><prevalence><age>56</age><sex>0</sex><percent>0.382</percent></prevalence><prevalence><age>56</age><sex>1</sex><percent>0.30466</percent></prevalence><prevalence><age>57</age><sex>0</sex><percent>0.42756</percent></prevalence><prevalence><age>57</age><sex>1</sex><percent>0.33279</percent></prevalence><prevalence><age>58</age><sex>0</sex><percent>0.47768</percent></prevalence><prevalence><age>58</age><sex>1</sex><percent>0.36275</percent></prevalence><prevalence><age>59</age><sex>0</sex><percent>0.53249</percent></prevalence><prevalence><age>59</age><sex>1</sex><percent>0.39506</percent></prevalence><prevalence><age>60</age><sex>0</sex><percent>0.59207</percent></prevalence><prevalence><age>60</age><sex>1</sex><percent>0.43015</percent></prevalence><prevalence><age>61</age><sex>0</sex><percent>0.6564</percent></prevalence><prevalence><age>61</age><sex>1</sex><percent>0.4683</percent></prevalence><prevalence><age>62</age><sex>0</sex><percent>0.72546</percent></prevalence><prevalence><age>62</age><sex>1</sex><percent>0.50962</percent></prevalence><prevalence><age>63</age><sex>0</sex><percent>0.79915</percent></prevalence><prevalence><age>63</age><sex>1</sex><percent>0.55403</percent></prevalence><prevalence><age>64</age><sex>0</sex><percent>0.87738</percent></prevalence><prevalence><age>64</age><sex>1</sex><percent>0.60131</percent></prevalence><prevalence><age>65</age><sex>0</sex><percent>0.96</percent></prevalence><prevalence><age>65</age><sex>1</sex><percent>0.65123</percent></prevalence><prevalence><age>66</age><sex>0</sex><percent>1.04681</percent></prevalence><prevalence><age>66</age><sex>1</sex><percent>0.70352</percent></prevalence><prevalence><age>67</age><sex>0</sex><percent>1.13757</percent></prevalence><prevalence><age>67</age><sex>1</sex><percent>0.75795</percent></prevalence><prevalence><age>68</age><sex>0</sex><percent>1.232</percent></prevalence><prevalence><age>68</age><sex>1</sex><percent>0.81428</percent></prevalence><prevalence><age>69</age><sex>0</sex><percent>1.32974</percent></prevalence><prevalence><age>69</age><sex>1</sex><percent>0.87229</percent></prevalence><prevalence><age>70</age><sex>0</sex><percent>1.4303</percent></prevalence><prevalence><age>70</age><sex>1</sex><percent>0.93174</percent></prevalence><prevalence><age>71</age><sex>0</sex><percent>1.53308</percent></prevalence><prevalence><age>71</age><sex>1</sex><percent>0.99239</percent></prevalence><prevalence><age>72</age><sex>0</sex><percent>1.63738</percent></prevalence><prevalence><age>72</age><sex>1</sex><percent>1.05403</percent></prevalence><prevalence><age>73</age><sex>0</sex><percent>1.74236</percent></prevalence><prevalence><age>73</age><sex>1</sex><percent>1.11642</percent></prevalence><prevalence><age>74</age><sex>0</sex><percent>1.84706</percent></prevalence><prevalence><age>74</age><sex>1</sex><percent>1.17917</percent></prevalence><prevalence><age>75</age><sex>0</sex><percent>1.95037</percent></prevalence><prevalence><age>75</age><sex>1</sex><percent>1.24149</percent></prevalence><prevalence><age>76</age><sex>0</sex><percent>2.05096</percent></prevalence><prevalence><age>76</age><sex>1</sex><percent>1.30217</percent></prevalence><prevalence><age>77</age><sex>0</sex><percent>2.14728</percent></prevalence><prevalence><age>77</age><sex>1</sex><percent>1.35954</percent></prevalence><prevalence><age>78</age><sex>0</sex><percent>2.23759</percent></prevalence><prevalence><age>78</age><sex>1</sex><percent>1.41165</percent></prevalence><prevalence><age>79</age><sex>0</sex><percent>2.32029</percent></prevalence><prevalence><age>79</age><sex>1</sex><percent>1.45681</percent></prevalence><prevalence><age>80</age><sex>0</sex><percent>2.39432</percent></prevalence><prevalence><age>80</age><sex>1</sex><percent>1.49426</percent></prevalence><prevalence><age>81</age><sex>0</sex><percent>2.45925</percent></prevalence><prevalence><age>81</age><sex>1</sex><percent>1.52424</percent></prevalence><prevalence><age>82</age><sex>0</sex><percent>2.51535</percent></prevalence><prevalence><age>82</age><sex>1</sex><percent>1.54798</percent></prevalence><prevalence><age>83</age><sex>0</sex><percent>2.56355</percent></prevalence><prevalence><age>83</age><sex>1</sex><percent>1.56746</percent></prevalence><prevalence><age>84</age><sex>0</sex><percent>2.60512</percent></prevalence><prevalence><age>84</age><sex>1</sex><percent>1.58477</percent></prevalence><prevalence><age>85</age><sex>0</sex><percent>2.6414</percent></prevalence><prevalence><age>85</age><sex>1</sex><percent>1.6015</percent></prevalence><prevalence><age>86</age><sex>0</sex><percent>2.67365</percent></prevalence><prevalence><age>86</age><sex>1</sex><percent>1.61859</percent></prevalence><prevalence><age>87</age><sex>0</sex><percent>2.70299</percent></prevalence><prevalence><age>87</age><sex>1</sex><percent>1.63642</percent></prevalence><prevalence><age>88</age><sex>0</sex><percent>2.73041</percent></prevalence><prevalence><age>88</age><sex>1</sex><percent>1.65485</percent></prevalence><prevalence><age>89</age><sex>0</sex><percent>2.75669</percent></prevalence><prevalence><age>89</age><sex>1</sex><percent>1.67353</percent></prevalence><prevalence><age>90</age><sex>0</sex><percent>2.78237</percent></prevalence><prevalence><age>90</age><sex>1</sex><percent>1.69218</percent></prevalence><prevalence><age>91</age><sex>0</sex><percent>2.80785</percent></prevalence><prevalence><age>91</age><sex>1</sex><percent>1.71065</percent></prevalence><prevalence><age>92</age><sex>0</sex><percent>2.83336</percent></prevalence><prevalence><age>92</age><sex>1</sex><percent>1.72891</percent></prevalence><prevalence><age>93</age><sex>0</sex><percent>2.85904</percent></prevalence><prevalence><age>93</age><sex>1</sex><percent>1.74705</percent></prevalence><prevalence><age>94</age><sex>0</sex><percent>2.88492</percent></prevalence><prevalence><age>94</age><sex>1</sex><percent>1.76518</percent></prevalence><prevalence><age>95</age><sex>0</sex><percent>2.93926</percent></prevalence><prevalence><age>95</age><sex>1</sex><percent>1.80396</percent></prevalence></diseaseprevalences>