<?xml version="1.0"?><diseaseincidences><incidence><age>0</age><sex>0</sex><value>0.0</value></incidence><incidence><age>0</age><sex>1</sex><value>0.0</value></incidence><incidence><age>1</age><sex>0</sex><value>0.0</value></incidence><incidence><age>1</age><sex>1</sex><value>0.0</value></incidence><incidence><age>2</age><sex>0</sex><value>0.0</value></incidence><incidence><age>2</age><sex>1</sex><value>0.0</value></incidence><incidence><age>3</age><sex>0</sex><value>0.0</value></incidence><incidence><age>3</age><sex>1</sex><value>0.0</value></incidence><incidence><age>4</age><sex>0</sex><value>0.0</value></incidence><incidence><age>4</age><sex>1</sex><value>0.0</value></incidence><incidence><age>5</age><sex>0</sex><value>0.0</value></incidence><incidence><age>5</age><sex>1</sex><value>0.0</value></incidence><incidence><age>6</age><sex>0</sex><value>0.0</value></incidence><incidence><age>6</age><sex>1</sex><value>0.0</value></incidence><incidence><age>7</age><sex>0</sex><value>0.0</value></incidence><incidence><age>7</age><sex>1</sex><value>0.0</value></incidence><incidence><age>8</age><sex>0</sex><value>0.0</value></incidence><incidence><age>8</age><sex>1</sex><value>0.0</value></incidence><incidence><age>9</age><sex>0</sex><value>0.0</value></incidence><incidence><age>9</age><sex>1</sex><value>0.0</value></incidence><incidence><age>10</age><sex>0</sex><value>0.0</value></incidence><incidence><age>10</age><sex>1</sex><value>0.0</value></incidence><incidence><age>11</age><sex>0</sex><value>0.0</value></incidence><incidence><age>11</age><sex>1</sex><value>0.0</value></incidence><incidence><age>12</age><sex>0</sex><value>0.0</value></incidence><incidence><age>12</age><sex>1</sex><value>0.0</value></incidence><incidence><age>13</age><sex>0</sex><value>0.0</value></incidence><incidence><age>13</age><sex>1</sex><value>0.0</value></incidence><incidence><age>14</age><sex>0</sex><value>0.0</value></incidence><incidence><age>14</age><sex>1</sex><value>0.0</value></incidence><incidence><age>15</age><sex>0</sex><value>0.0</value></incidence><incidence><age>15</age><sex>1</sex><value>0.0</value></incidence><incidence><age>16</age><sex>0</sex><value>0.0</value></incidence><incidence><age>16</age><sex>1</sex><value>0.0</value></incidence><incidence><age>17</age><sex>0</sex><value>0.0</value></incidence><incidence><age>17</age><sex>1</sex><value>0.0</value></incidence><incidence><age>18</age><sex>0</sex><value>0.0</value></incidence><incidence><age>18</age><sex>1</sex><value>0.0</value></incidence><incidence><age>19</age><sex>0</sex><value>0.0</value></incidence><incidence><age>19</age><sex>1</sex><value>0.0</value></incidence><incidence><age>20</age><sex>0</sex><value>0.0</value></incidence><incidence><age>20</age><sex>1</sex><value>0.0</value></incidence><incidence><age>21</age><sex>0</sex><value>0.0</value></incidence><incidence><age>21</age><sex>1</sex><value>0.0</value></incidence><incidence><age>22</age><sex>0</sex><value>0.0</value></incidence><incidence><age>22</age><sex>1</sex><value>1.0E-7</value></incidence><incidence><age>23</age><sex>0</sex><value>0.0</value></incidence><incidence><age>23</age><sex>1</sex><value>3.0E-7</value></incidence><incidence><age>24</age><sex>0</sex><value>0.0</value></incidence><incidence><age>24</age><sex>1</sex><value>4.0E-7</value></incidence><incidence><age>25</age><sex>0</sex><value>0.0</value></incidence><incidence><age>25</age><sex>1</sex><value>6.0E-7</value></incidence><incidence><age>26</age><sex>0</sex><value>1.0E-7</value></incidence><incidence><age>26</age><sex>1</sex><value>7.0E-7</value></incidence><incidence><age>27</age><sex>0</sex><value>2.0E-7</value></incidence><incidence><age>27</age><sex>1</sex><value>8.0E-7</value></incidence><incidence><age>28</age><sex>0</sex><value>5.0E-7</value></incidence><incidence><age>28</age><sex>1</sex><value>7.0E-7</value></incidence><incidence><age>29</age><sex>0</sex><value>8.0E-7</value></incidence><incidence><age>29</age><sex>1</sex><value>6.0E-7</value></incidence><incidence><age>30</age><sex>0</sex><value>1.2E-6</value></incidence><incidence><age>30</age><sex>1</sex><value>4.0E-7</value></incidence><incidence><age>31</age><sex>0</sex><value>1.6E-6</value></incidence><incidence><age>31</age><sex>1</sex><value>3.0E-7</value></incidence><incidence><age>32</age><sex>0</sex><value>2.0E-6</value></incidence><incidence><age>32</age><sex>1</sex><value>2.0E-7</value></incidence><incidence><age>33</age><sex>0</sex><value>2.4E-6</value></incidence><incidence><age>33</age><sex>1</sex><value>3.0E-7</value></incidence><incidence><age>34</age><sex>0</sex><value>2.7E-6</value></incidence><incidence><age>34</age><sex>1</sex><value>4.0E-7</value></incidence><incidence><age>35</age><sex>0</sex><value>3.3E-6</value></incidence><incidence><age>35</age><sex>1</sex><value>6.0E-7</value></incidence><incidence><age>36</age><sex>0</sex><value>4.0E-6</value></incidence><incidence><age>36</age><sex>1</sex><value>9.0E-7</value></incidence><incidence><age>37</age><sex>0</sex><value>5.1E-6</value></incidence><incidence><age>37</age><sex>1</sex><value>1.3E-6</value></incidence><incidence><age>38</age><sex>0</sex><value>6.6E-6</value></incidence><incidence><age>38</age><sex>1</sex><value>1.7E-6</value></incidence><incidence><age>39</age><sex>0</sex><value>8.4E-6</value></incidence><incidence><age>39</age><sex>1</sex><value>2.3E-6</value></incidence><incidence><age>40</age><sex>0</sex><value>1.06E-5</value></incidence><incidence><age>40</age><sex>1</sex><value>2.8E-6</value></incidence><incidence><age>41</age><sex>0</sex><value>1.32E-5</value></incidence><incidence><age>41</age><sex>1</sex><value>3.3E-6</value></incidence><incidence><age>42</age><sex>0</sex><value>1.61E-5</value></incidence><incidence><age>42</age><sex>1</sex><value>3.8E-6</value></incidence><incidence><age>43</age><sex>0</sex><value>1.93E-5</value></incidence><incidence><age>43</age><sex>1</sex><value>4.2E-6</value></incidence><incidence><age>44</age><sex>0</sex><value>2.28E-5</value></incidence><incidence><age>44</age><sex>1</sex><value>4.5E-6</value></incidence><incidence><age>45</age><sex>0</sex><value>2.66E-5</value></incidence><incidence><age>45</age><sex>1</sex><value>4.7E-6</value></incidence><incidence><age>46</age><sex>0</sex><value>3.08E-5</value></incidence><incidence><age>46</age><sex>1</sex><value>4.9E-6</value></incidence><incidence><age>47</age><sex>0</sex><value>3.53E-5</value></incidence><incidence><age>47</age><sex>1</sex><value>5.0E-6</value></incidence><incidence><age>48</age><sex>0</sex><value>4.01E-5</value></incidence><incidence><age>48</age><sex>1</sex><value>5.2E-6</value></incidence><incidence><age>49</age><sex>0</sex><value>4.53E-5</value></incidence><incidence><age>49</age><sex>1</sex><value>5.4E-6</value></incidence><incidence><age>50</age><sex>0</sex><value>5.09E-5</value></incidence><incidence><age>50</age><sex>1</sex><value>5.6E-6</value></incidence><incidence><age>51</age><sex>0</sex><value>5.66E-5</value></incidence><incidence><age>51</age><sex>1</sex><value>5.9E-6</value></incidence><incidence><age>52</age><sex>0</sex><value>6.26E-5</value></incidence><incidence><age>52</age><sex>1</sex><value>6.4E-6</value></incidence><incidence><age>53</age><sex>0</sex><value>6.88E-5</value></incidence><incidence><age>53</age><sex>1</sex><value>7.0E-6</value></incidence><incidence><age>54</age><sex>0</sex><value>7.51E-5</value></incidence><incidence><age>54</age><sex>1</sex><value>7.7E-6</value></incidence><incidence><age>55</age><sex>0</sex><value>8.12E-5</value></incidence><incidence><age>55</age><sex>1</sex><value>8.5E-6</value></incidence><incidence><age>56</age><sex>0</sex><value>8.69E-5</value></incidence><incidence><age>56</age><sex>1</sex><value>9.3E-6</value></incidence><incidence><age>57</age><sex>0</sex><value>9.21E-5</value></incidence><incidence><age>57</age><sex>1</sex><value>1.0E-5</value></incidence><incidence><age>58</age><sex>0</sex><value>9.67E-5</value></incidence><incidence><age>58</age><sex>1</sex><value>1.08E-5</value></incidence><incidence><age>59</age><sex>0</sex><value>1.01E-4</value></incidence><incidence><age>59</age><sex>1</sex><value>1.16E-5</value></incidence><incidence><age>60</age><sex>0</sex><value>1.04E-4</value></incidence><incidence><age>60</age><sex>1</sex><value>1.25E-5</value></incidence><incidence><age>61</age><sex>0</sex><value>1.06E-4</value></incidence><incidence><age>61</age><sex>1</sex><value>1.35E-5</value></incidence><incidence><age>62</age><sex>0</sex><value>1.07E-4</value></incidence><incidence><age>62</age><sex>1</sex><value>1.49E-5</value></incidence><incidence><age>63</age><sex>0</sex><value>1.08E-4</value></incidence><incidence><age>63</age><sex>1</sex><value>1.66E-5</value></incidence><incidence><age>64</age><sex>0</sex><value>1.08E-4</value></incidence><incidence><age>64</age><sex>1</sex><value>1.85E-5</value></incidence><incidence><age>65</age><sex>0</sex><value>1.08E-4</value></incidence><incidence><age>65</age><sex>1</sex><value>2.06E-5</value></incidence><incidence><age>66</age><sex>0</sex><value>1.08E-4</value></incidence><incidence><age>66</age><sex>1</sex><value>2.27E-5</value></incidence><incidence><age>67</age><sex>0</sex><value>1.08E-4</value></incidence><incidence><age>67</age><sex>1</sex><value>2.47E-5</value></incidence><incidence><age>68</age><sex>0</sex><value>1.09E-4</value></incidence><incidence><age>68</age><sex>1</sex><value>2.66E-5</value></incidence><incidence><age>69</age><sex>0</sex><value>1.11E-4</value></incidence><incidence><age>69</age><sex>1</sex><value>2.84E-5</value></incidence><incidence><age>70</age><sex>0</sex><value>1.13E-4</value></incidence><incidence><age>70</age><sex>1</sex><value>3.02E-5</value></incidence><incidence><age>71</age><sex>0</sex><value>1.15E-4</value></incidence><incidence><age>71</age><sex>1</sex><value>3.21E-5</value></incidence><incidence><age>72</age><sex>0</sex><value>1.16E-4</value></incidence><incidence><age>72</age><sex>1</sex><value>3.44E-5</value></incidence><incidence><age>73</age><sex>0</sex><value>1.16E-4</value></incidence><incidence><age>73</age><sex>1</sex><value>3.7E-5</value></incidence><incidence><age>74</age><sex>0</sex><value>1.15E-4</value></incidence><incidence><age>74</age><sex>1</sex><value>4.0E-5</value></incidence><incidence><age>75</age><sex>0</sex><value>1.13E-4</value></incidence><incidence><age>75</age><sex>1</sex><value>4.35E-5</value></incidence><incidence><age>76</age><sex>0</sex><value>1.11E-4</value></incidence><incidence><age>76</age><sex>1</sex><value>4.75E-5</value></incidence><incidence><age>77</age><sex>0</sex><value>1.08E-4</value></incidence><incidence><age>77</age><sex>1</sex><value>5.21E-5</value></incidence><incidence><age>78</age><sex>0</sex><value>1.04E-4</value></incidence><incidence><age>78</age><sex>1</sex><value>5.72E-5</value></incidence><incidence><age>79</age><sex>0</sex><value>1.01E-4</value></incidence><incidence><age>79</age><sex>1</sex><value>6.22E-5</value></incidence><incidence><age>80</age><sex>0</sex><value>9.88E-5</value></incidence><incidence><age>80</age><sex>1</sex><value>6.65E-5</value></incidence><incidence><age>81</age><sex>0</sex><value>1.0E-4</value></incidence><incidence><age>81</age><sex>1</sex><value>6.92E-5</value></incidence><incidence><age>82</age><sex>0</sex><value>1.05E-4</value></incidence><incidence><age>82</age><sex>1</sex><value>6.97E-5</value></incidence><incidence><age>83</age><sex>0</sex><value>1.15E-4</value></incidence><incidence><age>83</age><sex>1</sex><value>6.76E-5</value></incidence><incidence><age>84</age><sex>0</sex><value>1.28E-4</value></incidence><incidence><age>84</age><sex>1</sex><value>6.35E-5</value></incidence><incidence><age>85</age><sex>0</sex><value>1.43E-4</value></incidence><incidence><age>85</age><sex>1</sex><value>5.84E-5</value></incidence><incidence><age>86</age><sex>0</sex><value>1.57E-4</value></incidence><incidence><age>86</age><sex>1</sex><value>5.32E-5</value></incidence><incidence><age>87</age><sex>0</sex><value>1.68E-4</value></incidence><incidence><age>87</age><sex>1</sex><value>4.89E-5</value></incidence><incidence><age>88</age><sex>0</sex><value>1.75E-4</value></incidence><incidence><age>88</age><sex>1</sex><value>4.61E-5</value></incidence><incidence><age>89</age><sex>0</sex><value>1.79E-4</value></incidence><incidence><age>89</age><sex>1</sex><value>4.47E-5</value></incidence><incidence><age>90</age><sex>0</sex><value>1.8E-4</value></incidence><incidence><age>90</age><sex>1</sex><value>4.43E-5</value></incidence><incidence><age>91</age><sex>0</sex><value>1.79E-4</value></incidence><incidence><age>91</age><sex>1</sex><value>4.46E-5</value></incidence><incidence><age>92</age><sex>0</sex><value>1.78E-4</value></incidence><incidence><age>92</age><sex>1</sex><value>4.51E-5</value></incidence><incidence><age>93</age><sex>0</sex><value>1.77E-4</value></incidence><incidence><age>93</age><sex>1</sex><value>4.55E-5</value></incidence><incidence><age>94</age><sex>0</sex><value>1.77E-4</value></incidence><incidence><age>94</age><sex>1</sex><value>4.58E-5</value></incidence><incidence><age>95</age><sex>0</sex><value>1.76E-4</value></incidence><incidence><age>95</age><sex>1</sex><value>4.58E-5</value></incidence></diseaseincidences>