<?xml version="1.0"?><relrisksfromriskfactor_compound><relativerisk><age>0</age><sex>0</sex><cat>1</cat><begin>1.0</begin><alfa>0.0</alfa><end>1.0</end></relativerisk><relativerisk><age>0</age><sex>0</sex><cat>2</cat><begin>1.0</begin><alfa>0.24228</alfa><end>1.0</end></relativerisk><relativerisk><age>0</age><sex>0</sex><cat>3</cat><begin>1.0</begin><alfa>0.0</alfa><end>1.0</end></relativerisk><relativerisk><age>0</age><sex>1</sex><cat>1</cat><begin>1.0</begin><alfa>0.0</alfa><end>1.0</end></relativerisk><relativerisk><age>0</age><sex>1</sex><cat>2</cat><begin>1.0</begin><alfa>0.24228</alfa><end>1.0</end></relativerisk><relativerisk><age>0</age><sex>1</sex><cat>3</cat><begin>1.0</begin><alfa>0.0</alfa><end>1.0</end></relativerisk><relativerisk><age>1</age><sex>0</sex><cat>1</cat><begin>1.0</begin><alfa>0.0</alfa><end>1.0</end></relativerisk><relativerisk><age>1</age><sex>0</sex><cat>2</cat><begin>1.0</begin><alfa>0.24228</alfa><end>1.0</end></relativerisk><relativerisk><age>1</age><sex>0</sex><cat>3</cat><begin>1.0</begin><alfa>0.0</alfa><end>1.0</end></relativerisk><relativerisk><age>1</age><sex>1</sex><cat>1</cat><begin>1.0</begin><alfa>0.0</alfa><end>1.0</end></relativerisk><relativerisk><age>1</age><sex>1</sex><cat>2</cat><begin>1.0</begin><alfa>0.24228</alfa><end>1.0</end></relativerisk><relativerisk><age>1</age><sex>1</sex><cat>3</cat><begin>1.0</begin><alfa>0.0</alfa><end>1.0</end></relativerisk><relativerisk><age>2</age><sex>0</sex><cat>1</cat><begin>1.0</begin><alfa>0.0</alfa><end>1.0</end></relativerisk><relativerisk><age>2</age><sex>0</sex><cat>2</cat><begin>1.0</begin><alfa>0.24228</alfa><end>1.0</end></relativerisk><relativerisk><age>2</age><sex>0</sex><cat>3</cat><begin>1.0</begin><alfa>0.0</alfa><end>1.0</end></relativerisk><relativerisk><age>2</age><sex>1</sex><cat>1</cat><begin>1.0</begin><alfa>0.0</alfa><end>1.0</end></relativerisk><relativerisk><age>2</age><sex>1</sex><cat>2</cat><begin>1.0</begin><alfa>0.24228</alfa><end>1.0</end></relativerisk><relativerisk><age>2</age><sex>1</sex><cat>3</cat><begin>1.0</begin><alfa>0.0</alfa><end>1.0</end></relativerisk><relativerisk><age>3</age><sex>0</sex><cat>1</cat><begin>1.0</begin><alfa>0.0</alfa><end>1.0</end></relativerisk><relativerisk><age>3</age><sex>0</sex><cat>2</cat><begin>1.0</begin><alfa>0.24228</alfa><end>1.0</end></relativerisk><relativerisk><age>3</age><sex>0</sex><cat>3</cat><begin>1.0</begin><alfa>0.0</alfa><end>1.0</end></relativerisk><relativerisk><age>3</age><sex>1</sex><cat>1</cat><begin>1.0</begin><alfa>0.0</alfa><end>1.0</end></relativerisk><relativerisk><age>3</age><sex>1</sex><cat>2</cat><begin>1.0</begin><alfa>0.24228</alfa><end>1.0</end></relativerisk><relativerisk><age>3</age><sex>1</sex><cat>3</cat><begin>1.0</begin><alfa>0.0</alfa><end>1.0</end></relativerisk><relativerisk><age>4</age><sex>0</sex><cat>1</cat><begin>1.0</begin><alfa>0.0</alfa><end>1.0</end></relativerisk><relativerisk><age>4</age><sex>0</sex><cat>2</cat><begin>1.0</begin><alfa>0.24228</alfa><end>1.0</end></relativerisk><relativerisk><age>4</age><sex>0</sex><cat>3</cat><begin>1.0</begin><alfa>0.0</alfa><end>1.0</end></relativerisk><relativerisk><age>4</age><sex>1</sex><cat>1</cat><begin>1.0</begin><alfa>0.0</alfa><end>1.0</end></relativerisk><relativerisk><age>4</age><sex>1</sex><cat>2</cat><begin>1.0</begin><alfa>0.24228</alfa><end>1.0</end></relativerisk><relativerisk><age>4</age><sex>1</sex><cat>3</cat><begin>1.0</begin><alfa>0.0</alfa><end>1.0</end></relativerisk><relativerisk><age>5</age><sex>0</sex><cat>1</cat><begin>1.0</begin><alfa>0.0</alfa><end>1.0</end></relativerisk><relativerisk><age>5</age><sex>0</sex><cat>2</cat><begin>1.0</begin><alfa>0.24228</alfa><end>1.0</end></relativerisk><relativerisk><age>5</age><sex>0</sex><cat>3</cat><begin>1.0</begin><alfa>0.0</alfa><end>1.0</end></relativerisk><relativerisk><age>5</age><sex>1</sex><cat>1</cat><begin>1.0</begin><alfa>0.0</alfa><end>1.0</end></relativerisk><relativerisk><age>5</age><sex>1</sex><cat>2</cat><begin>1.0</begin><alfa>0.24228</alfa><end>1.0</end></relativerisk><relativerisk><age>5</age><sex>1</sex><cat>3</cat><begin>1.0</begin><alfa>0.0</alfa><end>1.0</end></relativerisk><relativerisk><age>6</age><sex>0</sex><cat>1</cat><begin>1.0</begin><alfa>0.0</alfa><end>1.0</end></relativerisk><relativerisk><age>6</age><sex>0</sex><cat>2</cat><begin>1.0</begin><alfa>0.24228</alfa><end>1.0</end></relativerisk><relativerisk><age>6</age><sex>0</sex><cat>3</cat><begin>1.0</begin><alfa>0.0</alfa><end>1.0</end></relativerisk><relativerisk><age>6</age><sex>1</sex><cat>1</cat><begin>1.0</begin><alfa>0.0</alfa><end>1.0</end></relativerisk><relativerisk><age>6</age><sex>1</sex><cat>2</cat><begin>1.0</begin><alfa>0.24228</alfa><end>1.0</end></relativerisk><relativerisk><age>6</age><sex>1</sex><cat>3</cat><begin>1.0</begin><alfa>0.0</alfa><end>1.0</end></relativerisk><relativerisk><age>7</age><sex>0</sex><cat>1</cat><begin>1.0</begin><alfa>0.0</alfa><end>1.0</end></relativerisk><relativerisk><age>7</age><sex>0</sex><cat>2</cat><begin>1.0</begin><alfa>0.24228</alfa><end>1.0</end></relativerisk><relativerisk><age>7</age><sex>0</sex><cat>3</cat><begin>1.0</begin><alfa>0.0</alfa><end>1.0</end></relativerisk><relativerisk><age>7</age><sex>1</sex><cat>1</cat><begin>1.0</begin><alfa>0.0</alfa><end>1.0</end></relativerisk><relativerisk><age>7</age><sex>1</sex><cat>2</cat><begin>1.0</begin><alfa>0.24228</alfa><end>1.0</end></relativerisk><relativerisk><age>7</age><sex>1</sex><cat>3</cat><begin>1.0</begin><alfa>0.0</alfa><end>1.0</end></relativerisk><relativerisk><age>8</age><sex>0</sex><cat>1</cat><begin>1.0</begin><alfa>0.0</alfa><end>1.0</end></relativerisk><relativerisk><age>8</age><sex>0</sex><cat>2</cat><begin>1.0</begin><alfa>0.24228</alfa><end>1.0</end></relativerisk><relativerisk><age>8</age><sex>0</sex><cat>3</cat><begin>1.0</begin><alfa>0.0</alfa><end>1.0</end></relativerisk><relativerisk><age>8</age><sex>1</sex><cat>1</cat><begin>1.0</begin><alfa>0.0</alfa><end>1.0</end></relativerisk><relativerisk><age>8</age><sex>1</sex><cat>2</cat><begin>1.0</begin><alfa>0.24228</alfa><end>1.0</end></relativerisk><relativerisk><age>8</age><sex>1</sex><cat>3</cat><begin>1.0</begin><alfa>0.0</alfa><end>1.0</end></relativerisk><relativerisk><age>9</age><sex>0</sex><cat>1</cat><begin>1.0</begin><alfa>0.0</alfa><end>1.0</end></relativerisk><relativerisk><age>9</age><sex>0</sex><cat>2</cat><begin>1.0</begin><alfa>0.24228</alfa><end>1.0</end></relativerisk><relativerisk><age>9</age><sex>0</sex><cat>3</cat><begin>1.0</begin><alfa>0.0</alfa><end>1.0</end></relativerisk><relativerisk><age>9</age><sex>1</sex><cat>1</cat><begin>1.0</begin><alfa>0.0</alfa><end>1.0</end></relativerisk><relativerisk><age>9</age><sex>1</sex><cat>2</cat><begin>1.0</begin><alfa>0.24228</alfa><end>1.0</end></relativerisk><relativerisk><age>9</age><sex>1</sex><cat>3</cat><begin>1.0</begin><alfa>0.0</alfa><end>1.0</end></relativerisk><relativerisk><age>10</age><sex>0</sex><cat>1</cat><begin>1.0</begin><alfa>0.0</alfa><end>1.0</end></relativerisk><relativerisk><age>10</age><sex>0</sex><cat>2</cat><begin>1.0</begin><alfa>0.24228</alfa><end>1.0</end></relativerisk><relativerisk><age>10</age><sex>0</sex><cat>3</cat><begin>1.0</begin><alfa>0.0</alfa><end>1.0</end></relativerisk><relativerisk><age>10</age><sex>1</sex><cat>1</cat><begin>1.0</begin><alfa>0.0</alfa><end>1.0</end></relativerisk><relativerisk><age>10</age><sex>1</sex><cat>2</cat><begin>1.0</begin><alfa>0.24228</alfa><end>1.0</end></relativerisk><relativerisk><age>10</age><sex>1</sex><cat>3</cat><begin>1.0</begin><alfa>0.0</alfa><end>1.0</end></relativerisk><relativerisk><age>11</age><sex>0</sex><cat>1</cat><begin>1.0</begin><alfa>0.0</alfa><end>1.0</end></relativerisk><relativerisk><age>11</age><sex>0</sex><cat>2</cat><begin>1.0</begin><alfa>0.24228</alfa><end>1.0</end></relativerisk><relativerisk><age>11</age><sex>0</sex><cat>3</cat><begin>1.0</begin><alfa>0.0</alfa><end>1.0</end></relativerisk><relativerisk><age>11</age><sex>1</sex><cat>1</cat><begin>1.0</begin><alfa>0.0</alfa><end>1.0</end></relativerisk><relativerisk><age>11</age><sex>1</sex><cat>2</cat><begin>1.0</begin><alfa>0.24228</alfa><end>1.0</end></relativerisk><relativerisk><age>11</age><sex>1</sex><cat>3</cat><begin>1.0</begin><alfa>0.0</alfa><end>1.0</end></relativerisk><relativerisk><age>12</age><sex>0</sex><cat>1</cat><begin>1.0</begin><alfa>0.0</alfa><end>1.0</end></relativerisk><relativerisk><age>12</age><sex>0</sex><cat>2</cat><begin>1.0</begin><alfa>0.24228</alfa><end>1.0</end></relativerisk><relativerisk><age>12</age><sex>0</sex><cat>3</cat><begin>1.0</begin><alfa>0.0</alfa><end>1.0</end></relativerisk><relativerisk><age>12</age><sex>1</sex><cat>1</cat><begin>1.0</begin><alfa>0.0</alfa><end>1.0</end></relativerisk><relativerisk><age>12</age><sex>1</sex><cat>2</cat><begin>1.0</begin><alfa>0.24228</alfa><end>1.0</end></relativerisk><relativerisk><age>12</age><sex>1</sex><cat>3</cat><begin>1.0</begin><alfa>0.0</alfa><end>1.0</end></relativerisk><relativerisk><age>13</age><sex>0</sex><cat>1</cat><begin>1.0</begin><alfa>0.0</alfa><end>1.0</end></relativerisk><relativerisk><age>13</age><sex>0</sex><cat>2</cat><begin>1.0</begin><alfa>0.24228</alfa><end>1.0</end></relativerisk><relativerisk><age>13</age><sex>0</sex><cat>3</cat><begin>1.0</begin><alfa>0.0</alfa><end>1.0</end></relativerisk><relativerisk><age>13</age><sex>1</sex><cat>1</cat><begin>1.0</begin><alfa>0.0</alfa><end>1.0</end></relativerisk><relativerisk><age>13</age><sex>1</sex><cat>2</cat><begin>1.0</begin><alfa>0.24228</alfa><end>1.0</end></relativerisk><relativerisk><age>13</age><sex>1</sex><cat>3</cat><begin>1.0</begin><alfa>0.0</alfa><end>1.0</end></relativerisk><relativerisk><age>14</age><sex>0</sex><cat>1</cat><begin>1.0</begin><alfa>0.0</alfa><end>1.0</end></relativerisk><relativerisk><age>14</age><sex>0</sex><cat>2</cat><begin>1.0</begin><alfa>0.24228</alfa><end>1.0</end></relativerisk><relativerisk><age>14</age><sex>0</sex><cat>3</cat><begin>1.0</begin><alfa>0.0</alfa><end>1.0</end></relativerisk><relativerisk><age>14</age><sex>1</sex><cat>1</cat><begin>1.0</begin><alfa>0.0</alfa><end>1.0</end></relativerisk><relativerisk><age>14</age><sex>1</sex><cat>2</cat><begin>1.0</begin><alfa>0.24228</alfa><end>1.0</end></relativerisk><relativerisk><age>14</age><sex>1</sex><cat>3</cat><begin>1.0</begin><alfa>0.0</alfa><end>1.0</end></relativerisk><relativerisk><age>15</age><sex>0</sex><cat>1</cat><begin>1.0</begin><alfa>0.0</alfa><end>1.0</end></relativerisk><relativerisk><age>15</age><sex>0</sex><cat>2</cat><begin>1.0</begin><alfa>0.24228</alfa><end>1.0</end></relativerisk><relativerisk><age>15</age><sex>0</sex><cat>3</cat><begin>1.0</begin><alfa>0.0</alfa><end>1.0</end></relativerisk><relativerisk><age>15</age><sex>1</sex><cat>1</cat><begin>1.0</begin><alfa>0.0</alfa><end>1.0</end></relativerisk><relativerisk><age>15</age><sex>1</sex><cat>2</cat><begin>1.0</begin><alfa>0.24228</alfa><end>1.0</end></relativerisk><relativerisk><age>15</age><sex>1</sex><cat>3</cat><begin>1.0</begin><alfa>0.0</alfa><end>1.0</end></relativerisk><relativerisk><age>16</age><sex>0</sex><cat>1</cat><begin>1.0</begin><alfa>0.0</alfa><end>1.0</end></relativerisk><relativerisk><age>16</age><sex>0</sex><cat>2</cat><begin>1.0</begin><alfa>0.24228</alfa><end>1.0</end></relativerisk><relativerisk><age>16</age><sex>0</sex><cat>3</cat><begin>1.0</begin><alfa>0.0</alfa><end>1.0</end></relativerisk><relativerisk><age>16</age><sex>1</sex><cat>1</cat><begin>1.0</begin><alfa>0.0</alfa><end>1.0</end></relativerisk><relativerisk><age>16</age><sex>1</sex><cat>2</cat><begin>1.0</begin><alfa>0.24228</alfa><end>1.0</end></relativerisk><relativerisk><age>16</age><sex>1</sex><cat>3</cat><begin>1.0</begin><alfa>0.0</alfa><end>1.0</end></relativerisk><relativerisk><age>17</age><sex>0</sex><cat>1</cat><begin>1.0</begin><alfa>0.0</alfa><end>1.0</end></relativerisk><relativerisk><age>17</age><sex>0</sex><cat>2</cat><begin>1.0</begin><alfa>0.24228</alfa><end>1.0</end></relativerisk><relativerisk><age>17</age><sex>0</sex><cat>3</cat><begin>1.0</begin><alfa>0.0</alfa><end>1.0</end></relativerisk><relativerisk><age>17</age><sex>1</sex><cat>1</cat><begin>1.0</begin><alfa>0.0</alfa><end>1.0</end></relativerisk><relativerisk><age>17</age><sex>1</sex><cat>2</cat><begin>1.0</begin><alfa>0.24228</alfa><end>1.0</end></relativerisk><relativerisk><age>17</age><sex>1</sex><cat>3</cat><begin>1.0</begin><alfa>0.0</alfa><end>1.0</end></relativerisk><relativerisk><age>18</age><sex>0</sex><cat>1</cat><begin>1.0</begin><alfa>0.0</alfa><end>1.0</end></relativerisk><relativerisk><age>18</age><sex>0</sex><cat>2</cat><begin>1.0</begin><alfa>0.24228</alfa><end>1.0</end></relativerisk><relativerisk><age>18</age><sex>0</sex><cat>3</cat><begin>1.0</begin><alfa>0.0</alfa><end>1.0</end></relativerisk><relativerisk><age>18</age><sex>1</sex><cat>1</cat><begin>1.0</begin><alfa>0.0</alfa><end>1.0</end></relativerisk><relativerisk><age>18</age><sex>1</sex><cat>2</cat><begin>1.0</begin><alfa>0.24228</alfa><end>1.0</end></relativerisk><relativerisk><age>18</age><sex>1</sex><cat>3</cat><begin>1.0</begin><alfa>0.0</alfa><end>1.0</end></relativerisk><relativerisk><age>19</age><sex>0</sex><cat>1</cat><begin>1.0</begin><alfa>0.0</alfa><end>1.0</end></relativerisk><relativerisk><age>19</age><sex>0</sex><cat>2</cat><begin>1.0</begin><alfa>0.24228</alfa><end>1.0</end></relativerisk><relativerisk><age>19</age><sex>0</sex><cat>3</cat><begin>1.0</begin><alfa>0.0</alfa><end>1.0</end></relativerisk><relativerisk><age>19</age><sex>1</sex><cat>1</cat><begin>1.0</begin><alfa>0.0</alfa><end>1.0</end></relativerisk><relativerisk><age>19</age><sex>1</sex><cat>2</cat><begin>1.0</begin><alfa>0.24228</alfa><end>1.0</end></relativerisk><relativerisk><age>19</age><sex>1</sex><cat>3</cat><begin>1.0</begin><alfa>0.0</alfa><end>1.0</end></relativerisk><relativerisk><age>20</age><sex>0</sex><cat>1</cat><begin>1.0</begin><alfa>0.0</alfa><end>1.0</end></relativerisk><relativerisk><age>20</age><sex>0</sex><cat>2</cat><begin>1.0</begin><alfa>0.24228</alfa><end>1.0</end></relativerisk><relativerisk><age>20</age><sex>0</sex><cat>3</cat><begin>1.0</begin><alfa>0.0</alfa><end>1.0</end></relativerisk><relativerisk><age>20</age><sex>1</sex><cat>1</cat><begin>1.0</begin><alfa>0.0</alfa><end>1.0</end></relativerisk><relativerisk><age>20</age><sex>1</sex><cat>2</cat><begin>1.0</begin><alfa>0.24228</alfa><end>1.0</end></relativerisk><relativerisk><age>20</age><sex>1</sex><cat>3</cat><begin>1.0</begin><alfa>0.0</alfa><end>1.0</end></relativerisk><relativerisk><age>21</age><sex>0</sex><cat>1</cat><begin>1.0</begin><alfa>0.0</alfa><end>1.0</end></relativerisk><relativerisk><age>21</age><sex>0</sex><cat>2</cat><begin>1.0</begin><alfa>0.24228</alfa><end>1.0</end></relativerisk><relativerisk><age>21</age><sex>0</sex><cat>3</cat><begin>1.0</begin><alfa>0.0</alfa><end>1.0</end></relativerisk><relativerisk><age>21</age><sex>1</sex><cat>1</cat><begin>1.0</begin><alfa>0.0</alfa><end>1.0</end></relativerisk><relativerisk><age>21</age><sex>1</sex><cat>2</cat><begin>1.0</begin><alfa>0.24228</alfa><end>1.0</end></relativerisk><relativerisk><age>21</age><sex>1</sex><cat>3</cat><begin>1.0</begin><alfa>0.0</alfa><end>1.0</end></relativerisk><relativerisk><age>22</age><sex>0</sex><cat>1</cat><begin>1.0</begin><alfa>0.0</alfa><end>1.0</end></relativerisk><relativerisk><age>22</age><sex>0</sex><cat>2</cat><begin>1.0</begin><alfa>0.24228</alfa><end>1.0</end></relativerisk><relativerisk><age>22</age><sex>0</sex><cat>3</cat><begin>1.0</begin><alfa>0.0</alfa><end>1.0</end></relativerisk><relativerisk><age>22</age><sex>1</sex><cat>1</cat><begin>1.0</begin><alfa>0.0</alfa><end>1.0</end></relativerisk><relativerisk><age>22</age><sex>1</sex><cat>2</cat><begin>1.0</begin><alfa>0.24228</alfa><end>1.0</end></relativerisk><relativerisk><age>22</age><sex>1</sex><cat>3</cat><begin>1.0</begin><alfa>0.0</alfa><end>1.0</end></relativerisk><relativerisk><age>23</age><sex>0</sex><cat>1</cat><begin>1.0</begin><alfa>0.0</alfa><end>1.0</end></relativerisk><relativerisk><age>23</age><sex>0</sex><cat>2</cat><begin>1.0</begin><alfa>0.24228</alfa><end>1.0</end></relativerisk><relativerisk><age>23</age><sex>0</sex><cat>3</cat><begin>1.0</begin><alfa>0.0</alfa><end>1.0</end></relativerisk><relativerisk><age>23</age><sex>1</sex><cat>1</cat><begin>1.0</begin><alfa>0.0</alfa><end>1.0</end></relativerisk><relativerisk><age>23</age><sex>1</sex><cat>2</cat><begin>1.0</begin><alfa>0.24228</alfa><end>1.0</end></relativerisk><relativerisk><age>23</age><sex>1</sex><cat>3</cat><begin>1.0</begin><alfa>0.0</alfa><end>1.0</end></relativerisk><relativerisk><age>24</age><sex>0</sex><cat>1</cat><begin>1.0</begin><alfa>0.0</alfa><end>1.0</end></relativerisk><relativerisk><age>24</age><sex>0</sex><cat>2</cat><begin>1.0</begin><alfa>0.24228</alfa><end>1.0</end></relativerisk><relativerisk><age>24</age><sex>0</sex><cat>3</cat><begin>1.0</begin><alfa>0.0</alfa><end>1.0</end></relativerisk><relativerisk><age>24</age><sex>1</sex><cat>1</cat><begin>1.0</begin><alfa>0.0</alfa><end>1.0</end></relativerisk><relativerisk><age>24</age><sex>1</sex><cat>2</cat><begin>1.0</begin><alfa>0.24228</alfa><end>1.0</end></relativerisk><relativerisk><age>24</age><sex>1</sex><cat>3</cat><begin>1.0</begin><alfa>0.0</alfa><end>1.0</end></relativerisk><relativerisk><age>25</age><sex>0</sex><cat>1</cat><begin>1.0</begin><alfa>0.0</alfa><end>1.0</end></relativerisk><relativerisk><age>25</age><sex>0</sex><cat>2</cat><begin>1.0</begin><alfa>0.24228</alfa><end>1.0</end></relativerisk><relativerisk><age>25</age><sex>0</sex><cat>3</cat><begin>1.0</begin><alfa>0.0</alfa><end>1.0</end></relativerisk><relativerisk><age>25</age><sex>1</sex><cat>1</cat><begin>1.0</begin><alfa>0.0</alfa><end>1.0</end></relativerisk><relativerisk><age>25</age><sex>1</sex><cat>2</cat><begin>1.0</begin><alfa>0.24228</alfa><end>1.0</end></relativerisk><relativerisk><age>25</age><sex>1</sex><cat>3</cat><begin>1.0</begin><alfa>0.0</alfa><end>1.0</end></relativerisk><relativerisk><age>26</age><sex>0</sex><cat>1</cat><begin>1.0</begin><alfa>0.0</alfa><end>1.0</end></relativerisk><relativerisk><age>26</age><sex>0</sex><cat>2</cat><begin>1.0</begin><alfa>0.24228</alfa><end>1.0</end></relativerisk><relativerisk><age>26</age><sex>0</sex><cat>3</cat><begin>1.0</begin><alfa>0.0</alfa><end>1.0</end></relativerisk><relativerisk><age>26</age><sex>1</sex><cat>1</cat><begin>1.0</begin><alfa>0.0</alfa><end>1.0</end></relativerisk><relativerisk><age>26</age><sex>1</sex><cat>2</cat><begin>1.0</begin><alfa>0.24228</alfa><end>1.0</end></relativerisk><relativerisk><age>26</age><sex>1</sex><cat>3</cat><begin>1.0</begin><alfa>0.0</alfa><end>1.0</end></relativerisk><relativerisk><age>27</age><sex>0</sex><cat>1</cat><begin>1.0</begin><alfa>0.0</alfa><end>1.0</end></relativerisk><relativerisk><age>27</age><sex>0</sex><cat>2</cat><begin>1.0</begin><alfa>0.24228</alfa><end>1.0</end></relativerisk><relativerisk><age>27</age><sex>0</sex><cat>3</cat><begin>1.0</begin><alfa>0.0</alfa><end>1.0</end></relativerisk><relativerisk><age>27</age><sex>1</sex><cat>1</cat><begin>1.0</begin><alfa>0.0</alfa><end>1.0</end></relativerisk><relativerisk><age>27</age><sex>1</sex><cat>2</cat><begin>1.0</begin><alfa>0.24228</alfa><end>1.0</end></relativerisk><relativerisk><age>27</age><sex>1</sex><cat>3</cat><begin>1.0</begin><alfa>0.0</alfa><end>1.0</end></relativerisk><relativerisk><age>28</age><sex>0</sex><cat>1</cat><begin>1.0</begin><alfa>0.0</alfa><end>1.0</end></relativerisk><relativerisk><age>28</age><sex>0</sex><cat>2</cat><begin>1.0</begin><alfa>0.24228</alfa><end>1.0</end></relativerisk><relativerisk><age>28</age><sex>0</sex><cat>3</cat><begin>1.0</begin><alfa>0.0</alfa><end>1.0</end></relativerisk><relativerisk><age>28</age><sex>1</sex><cat>1</cat><begin>1.0</begin><alfa>0.0</alfa><end>1.0</end></relativerisk><relativerisk><age>28</age><sex>1</sex><cat>2</cat><begin>1.0</begin><alfa>0.24228</alfa><end>1.0</end></relativerisk><relativerisk><age>28</age><sex>1</sex><cat>3</cat><begin>1.0</begin><alfa>0.0</alfa><end>1.0</end></relativerisk><relativerisk><age>29</age><sex>0</sex><cat>1</cat><begin>1.0</begin><alfa>0.0</alfa><end>1.0</end></relativerisk><relativerisk><age>29</age><sex>0</sex><cat>2</cat><begin>1.0</begin><alfa>0.24228</alfa><end>1.0</end></relativerisk><relativerisk><age>29</age><sex>0</sex><cat>3</cat><begin>1.0</begin><alfa>0.0</alfa><end>1.0</end></relativerisk><relativerisk><age>29</age><sex>1</sex><cat>1</cat><begin>1.0</begin><alfa>0.0</alfa><end>1.0</end></relativerisk><relativerisk><age>29</age><sex>1</sex><cat>2</cat><begin>1.0</begin><alfa>0.24228</alfa><end>1.0</end></relativerisk><relativerisk><age>29</age><sex>1</sex><cat>3</cat><begin>1.0</begin><alfa>0.0</alfa><end>1.0</end></relativerisk><relativerisk><age>30</age><sex>0</sex><cat>1</cat><begin>1.0</begin><alfa>0.0</alfa><end>1.0</end></relativerisk><relativerisk><age>30</age><sex>0</sex><cat>2</cat><begin>1.0</begin><alfa>0.24228</alfa><end>1.0</end></relativerisk><relativerisk><age>30</age><sex>0</sex><cat>3</cat><begin>1.0</begin><alfa>0.0</alfa><end>1.0</end></relativerisk><relativerisk><age>30</age><sex>1</sex><cat>1</cat><begin>1.0</begin><alfa>0.0</alfa><end>1.0</end></relativerisk><relativerisk><age>30</age><sex>1</sex><cat>2</cat><begin>1.0</begin><alfa>0.24228</alfa><end>1.0</end></relativerisk><relativerisk><age>30</age><sex>1</sex><cat>3</cat><begin>1.0</begin><alfa>0.0</alfa><end>1.0</end></relativerisk><relativerisk><age>31</age><sex>0</sex><cat>1</cat><begin>1.0</begin><alfa>0.0</alfa><end>1.0</end></relativerisk><relativerisk><age>31</age><sex>0</sex><cat>2</cat><begin>1.0</begin><alfa>0.24228</alfa><end>1.0</end></relativerisk><relativerisk><age>31</age><sex>0</sex><cat>3</cat><begin>1.0</begin><alfa>0.0</alfa><end>1.0</end></relativerisk><relativerisk><age>31</age><sex>1</sex><cat>1</cat><begin>1.0</begin><alfa>0.0</alfa><end>1.0</end></relativerisk><relativerisk><age>31</age><sex>1</sex><cat>2</cat><begin>1.0</begin><alfa>0.24228</alfa><end>1.0</end></relativerisk><relativerisk><age>31</age><sex>1</sex><cat>3</cat><begin>1.0</begin><alfa>0.0</alfa><end>1.0</end></relativerisk><relativerisk><age>32</age><sex>0</sex><cat>1</cat><begin>1.0</begin><alfa>0.0</alfa><end>1.0</end></relativerisk><relativerisk><age>32</age><sex>0</sex><cat>2</cat><begin>1.0</begin><alfa>0.24228</alfa><end>1.0</end></relativerisk><relativerisk><age>32</age><sex>0</sex><cat>3</cat><begin>1.0</begin><alfa>0.0</alfa><end>1.0</end></relativerisk><relativerisk><age>32</age><sex>1</sex><cat>1</cat><begin>1.0</begin><alfa>0.0</alfa><end>1.0</end></relativerisk><relativerisk><age>32</age><sex>1</sex><cat>2</cat><begin>1.0</begin><alfa>0.24228</alfa><end>1.0</end></relativerisk><relativerisk><age>32</age><sex>1</sex><cat>3</cat><begin>1.0</begin><alfa>0.0</alfa><end>1.0</end></relativerisk><relativerisk><age>33</age><sex>0</sex><cat>1</cat><begin>1.0</begin><alfa>0.0</alfa><end>1.0</end></relativerisk><relativerisk><age>33</age><sex>0</sex><cat>2</cat><begin>1.0</begin><alfa>0.24228</alfa><end>1.0</end></relativerisk><relativerisk><age>33</age><sex>0</sex><cat>3</cat><begin>1.0</begin><alfa>0.0</alfa><end>1.0</end></relativerisk><relativerisk><age>33</age><sex>1</sex><cat>1</cat><begin>1.0</begin><alfa>0.0</alfa><end>1.0</end></relativerisk><relativerisk><age>33</age><sex>1</sex><cat>2</cat><begin>1.0</begin><alfa>0.24228</alfa><end>1.0</end></relativerisk><relativerisk><age>33</age><sex>1</sex><cat>3</cat><begin>1.0</begin><alfa>0.0</alfa><end>1.0</end></relativerisk><relativerisk><age>34</age><sex>0</sex><cat>1</cat><begin>1.0</begin><alfa>0.0</alfa><end>1.0</end></relativerisk><relativerisk><age>34</age><sex>0</sex><cat>2</cat><begin>1.0</begin><alfa>0.24228</alfa><end>1.0</end></relativerisk><relativerisk><age>34</age><sex>0</sex><cat>3</cat><begin>1.0</begin><alfa>0.0</alfa><end>1.0</end></relativerisk><relativerisk><age>34</age><sex>1</sex><cat>1</cat><begin>1.0</begin><alfa>0.0</alfa><end>1.0</end></relativerisk><relativerisk><age>34</age><sex>1</sex><cat>2</cat><begin>1.0</begin><alfa>0.24228</alfa><end>1.0</end></relativerisk><relativerisk><age>34</age><sex>1</sex><cat>3</cat><begin>1.0</begin><alfa>0.0</alfa><end>1.0</end></relativerisk><relativerisk><age>35</age><sex>0</sex><cat>1</cat><begin>1.0</begin><alfa>0.0</alfa><end>1.0</end></relativerisk><relativerisk><age>35</age><sex>0</sex><cat>2</cat><begin>3.25</begin><alfa>0.24228</alfa><end>1.0</end></relativerisk><relativerisk><age>35</age><sex>0</sex><cat>3</cat><begin>3.25</begin><alfa>0.0</alfa><end>3.25</end></relativerisk><relativerisk><age>35</age><sex>1</sex><cat>1</cat><begin>1.0</begin><alfa>0.0</alfa><end>1.0</end></relativerisk><relativerisk><age>35</age><sex>1</sex><cat>2</cat><begin>1.0</begin><alfa>0.24228</alfa><end>1.0</end></relativerisk><relativerisk><age>35</age><sex>1</sex><cat>3</cat><begin>1.0</begin><alfa>0.0</alfa><end>1.0</end></relativerisk><relativerisk><age>36</age><sex>0</sex><cat>1</cat><begin>1.0</begin><alfa>0.0</alfa><end>1.0</end></relativerisk><relativerisk><age>36</age><sex>0</sex><cat>2</cat><begin>3.25</begin><alfa>0.24228</alfa><end>1.0</end></relativerisk><relativerisk><age>36</age><sex>0</sex><cat>3</cat><begin>3.25</begin><alfa>0.0</alfa><end>3.25</end></relativerisk><relativerisk><age>36</age><sex>1</sex><cat>1</cat><begin>1.0</begin><alfa>0.0</alfa><end>1.0</end></relativerisk><relativerisk><age>36</age><sex>1</sex><cat>2</cat><begin>1.0</begin><alfa>0.24228</alfa><end>1.0</end></relativerisk><relativerisk><age>36</age><sex>1</sex><cat>3</cat><begin>1.0</begin><alfa>0.0</alfa><end>1.0</end></relativerisk><relativerisk><age>37</age><sex>0</sex><cat>1</cat><begin>1.0</begin><alfa>0.0</alfa><end>1.0</end></relativerisk><relativerisk><age>37</age><sex>0</sex><cat>2</cat><begin>3.25</begin><alfa>0.24228</alfa><end>1.0</end></relativerisk><relativerisk><age>37</age><sex>0</sex><cat>3</cat><begin>3.25</begin><alfa>0.0</alfa><end>3.25</end></relativerisk><relativerisk><age>37</age><sex>1</sex><cat>1</cat><begin>1.0</begin><alfa>0.0</alfa><end>1.0</end></relativerisk><relativerisk><age>37</age><sex>1</sex><cat>2</cat><begin>1.0</begin><alfa>0.24228</alfa><end>1.0</end></relativerisk><relativerisk><age>37</age><sex>1</sex><cat>3</cat><begin>1.0</begin><alfa>0.0</alfa><end>1.0</end></relativerisk><relativerisk><age>38</age><sex>0</sex><cat>1</cat><begin>1.0</begin><alfa>0.0</alfa><end>1.0</end></relativerisk><relativerisk><age>38</age><sex>0</sex><cat>2</cat><begin>3.25</begin><alfa>0.24228</alfa><end>1.0</end></relativerisk><relativerisk><age>38</age><sex>0</sex><cat>3</cat><begin>3.25</begin><alfa>0.0</alfa><end>3.25</end></relativerisk><relativerisk><age>38</age><sex>1</sex><cat>1</cat><begin>1.0</begin><alfa>0.0</alfa><end>1.0</end></relativerisk><relativerisk><age>38</age><sex>1</sex><cat>2</cat><begin>1.0</begin><alfa>0.24228</alfa><end>1.0</end></relativerisk><relativerisk><age>38</age><sex>1</sex><cat>3</cat><begin>1.0</begin><alfa>0.0</alfa><end>1.0</end></relativerisk><relativerisk><age>39</age><sex>0</sex><cat>1</cat><begin>1.0</begin><alfa>0.0</alfa><end>1.0</end></relativerisk><relativerisk><age>39</age><sex>0</sex><cat>2</cat><begin>3.25</begin><alfa>0.24228</alfa><end>1.0</end></relativerisk><relativerisk><age>39</age><sex>0</sex><cat>3</cat><begin>3.25</begin><alfa>0.0</alfa><end>3.25</end></relativerisk><relativerisk><age>39</age><sex>1</sex><cat>1</cat><begin>1.0</begin><alfa>0.0</alfa><end>1.0</end></relativerisk><relativerisk><age>39</age><sex>1</sex><cat>2</cat><begin>1.0</begin><alfa>0.24228</alfa><end>1.0</end></relativerisk><relativerisk><age>39</age><sex>1</sex><cat>3</cat><begin>1.0</begin><alfa>0.0</alfa><end>1.0</end></relativerisk><relativerisk><age>40</age><sex>0</sex><cat>1</cat><begin>1.0</begin><alfa>0.0</alfa><end>1.0</end></relativerisk><relativerisk><age>40</age><sex>0</sex><cat>2</cat><begin>4.71</begin><alfa>0.24228</alfa><end>1.0</end></relativerisk><relativerisk><age>40</age><sex>0</sex><cat>3</cat><begin>4.71</begin><alfa>0.0</alfa><end>4.71</end></relativerisk><relativerisk><age>40</age><sex>1</sex><cat>1</cat><begin>1.0</begin><alfa>0.0</alfa><end>1.0</end></relativerisk><relativerisk><age>40</age><sex>1</sex><cat>2</cat><begin>1.89</begin><alfa>0.24228</alfa><end>1.0</end></relativerisk><relativerisk><age>40</age><sex>1</sex><cat>3</cat><begin>1.89</begin><alfa>0.0</alfa><end>1.89</end></relativerisk><relativerisk><age>41</age><sex>0</sex><cat>1</cat><begin>1.0</begin><alfa>0.0</alfa><end>1.0</end></relativerisk><relativerisk><age>41</age><sex>0</sex><cat>2</cat><begin>4.71</begin><alfa>0.24228</alfa><end>1.0</end></relativerisk><relativerisk><age>41</age><sex>0</sex><cat>3</cat><begin>4.71</begin><alfa>0.0</alfa><end>4.71</end></relativerisk><relativerisk><age>41</age><sex>1</sex><cat>1</cat><begin>1.0</begin><alfa>0.0</alfa><end>1.0</end></relativerisk><relativerisk><age>41</age><sex>1</sex><cat>2</cat><begin>1.89</begin><alfa>0.24228</alfa><end>1.0</end></relativerisk><relativerisk><age>41</age><sex>1</sex><cat>3</cat><begin>1.89</begin><alfa>0.0</alfa><end>1.89</end></relativerisk><relativerisk><age>42</age><sex>0</sex><cat>1</cat><begin>1.0</begin><alfa>0.0</alfa><end>1.0</end></relativerisk><relativerisk><age>42</age><sex>0</sex><cat>2</cat><begin>4.71</begin><alfa>0.24228</alfa><end>1.0</end></relativerisk><relativerisk><age>42</age><sex>0</sex><cat>3</cat><begin>4.71</begin><alfa>0.0</alfa><end>4.71</end></relativerisk><relativerisk><age>42</age><sex>1</sex><cat>1</cat><begin>1.0</begin><alfa>0.0</alfa><end>1.0</end></relativerisk><relativerisk><age>42</age><sex>1</sex><cat>2</cat><begin>1.89</begin><alfa>0.24228</alfa><end>1.0</end></relativerisk><relativerisk><age>42</age><sex>1</sex><cat>3</cat><begin>1.89</begin><alfa>0.0</alfa><end>1.89</end></relativerisk><relativerisk><age>43</age><sex>0</sex><cat>1</cat><begin>1.0</begin><alfa>0.0</alfa><end>1.0</end></relativerisk><relativerisk><age>43</age><sex>0</sex><cat>2</cat><begin>4.71</begin><alfa>0.24228</alfa><end>1.0</end></relativerisk><relativerisk><age>43</age><sex>0</sex><cat>3</cat><begin>4.71</begin><alfa>0.0</alfa><end>4.71</end></relativerisk><relativerisk><age>43</age><sex>1</sex><cat>1</cat><begin>1.0</begin><alfa>0.0</alfa><end>1.0</end></relativerisk><relativerisk><age>43</age><sex>1</sex><cat>2</cat><begin>1.89</begin><alfa>0.24228</alfa><end>1.0</end></relativerisk><relativerisk><age>43</age><sex>1</sex><cat>3</cat><begin>1.89</begin><alfa>0.0</alfa><end>1.89</end></relativerisk><relativerisk><age>44</age><sex>0</sex><cat>1</cat><begin>1.0</begin><alfa>0.0</alfa><end>1.0</end></relativerisk><relativerisk><age>44</age><sex>0</sex><cat>2</cat><begin>4.71</begin><alfa>0.24228</alfa><end>1.0</end></relativerisk><relativerisk><age>44</age><sex>0</sex><cat>3</cat><begin>4.71</begin><alfa>0.0</alfa><end>4.71</end></relativerisk><relativerisk><age>44</age><sex>1</sex><cat>1</cat><begin>1.0</begin><alfa>0.0</alfa><end>1.0</end></relativerisk><relativerisk><age>44</age><sex>1</sex><cat>2</cat><begin>1.89</begin><alfa>0.24228</alfa><end>1.0</end></relativerisk><relativerisk><age>44</age><sex>1</sex><cat>3</cat><begin>1.89</begin><alfa>0.0</alfa><end>1.89</end></relativerisk><relativerisk><age>45</age><sex>0</sex><cat>1</cat><begin>1.0</begin><alfa>0.0</alfa><end>1.0</end></relativerisk><relativerisk><age>45</age><sex>0</sex><cat>2</cat><begin>5.85</begin><alfa>0.24228</alfa><end>1.0</end></relativerisk><relativerisk><age>45</age><sex>0</sex><cat>3</cat><begin>5.85</begin><alfa>0.0</alfa><end>5.85</end></relativerisk><relativerisk><age>45</age><sex>1</sex><cat>1</cat><begin>1.0</begin><alfa>0.0</alfa><end>1.0</end></relativerisk><relativerisk><age>45</age><sex>1</sex><cat>2</cat><begin>7.71</begin><alfa>0.24228</alfa><end>1.0</end></relativerisk><relativerisk><age>45</age><sex>1</sex><cat>3</cat><begin>7.71</begin><alfa>0.0</alfa><end>7.71</end></relativerisk><relativerisk><age>46</age><sex>0</sex><cat>1</cat><begin>1.0</begin><alfa>0.0</alfa><end>1.0</end></relativerisk><relativerisk><age>46</age><sex>0</sex><cat>2</cat><begin>5.85</begin><alfa>0.24228</alfa><end>1.0</end></relativerisk><relativerisk><age>46</age><sex>0</sex><cat>3</cat><begin>5.85</begin><alfa>0.0</alfa><end>5.85</end></relativerisk><relativerisk><age>46</age><sex>1</sex><cat>1</cat><begin>1.0</begin><alfa>0.0</alfa><end>1.0</end></relativerisk><relativerisk><age>46</age><sex>1</sex><cat>2</cat><begin>7.71</begin><alfa>0.24228</alfa><end>1.0</end></relativerisk><relativerisk><age>46</age><sex>1</sex><cat>3</cat><begin>7.71</begin><alfa>0.0</alfa><end>7.71</end></relativerisk><relativerisk><age>47</age><sex>0</sex><cat>1</cat><begin>1.0</begin><alfa>0.0</alfa><end>1.0</end></relativerisk><relativerisk><age>47</age><sex>0</sex><cat>2</cat><begin>5.85</begin><alfa>0.24228</alfa><end>1.0</end></relativerisk><relativerisk><age>47</age><sex>0</sex><cat>3</cat><begin>5.85</begin><alfa>0.0</alfa><end>5.85</end></relativerisk><relativerisk><age>47</age><sex>1</sex><cat>1</cat><begin>1.0</begin><alfa>0.0</alfa><end>1.0</end></relativerisk><relativerisk><age>47</age><sex>1</sex><cat>2</cat><begin>7.71</begin><alfa>0.24228</alfa><end>1.0</end></relativerisk><relativerisk><age>47</age><sex>1</sex><cat>3</cat><begin>7.71</begin><alfa>0.0</alfa><end>7.71</end></relativerisk><relativerisk><age>48</age><sex>0</sex><cat>1</cat><begin>1.0</begin><alfa>0.0</alfa><end>1.0</end></relativerisk><relativerisk><age>48</age><sex>0</sex><cat>2</cat><begin>5.85</begin><alfa>0.24228</alfa><end>1.0</end></relativerisk><relativerisk><age>48</age><sex>0</sex><cat>3</cat><begin>5.85</begin><alfa>0.0</alfa><end>5.85</end></relativerisk><relativerisk><age>48</age><sex>1</sex><cat>1</cat><begin>1.0</begin><alfa>0.0</alfa><end>1.0</end></relativerisk><relativerisk><age>48</age><sex>1</sex><cat>2</cat><begin>7.71</begin><alfa>0.24228</alfa><end>1.0</end></relativerisk><relativerisk><age>48</age><sex>1</sex><cat>3</cat><begin>7.71</begin><alfa>0.0</alfa><end>7.71</end></relativerisk><relativerisk><age>49</age><sex>0</sex><cat>1</cat><begin>1.0</begin><alfa>0.0</alfa><end>1.0</end></relativerisk><relativerisk><age>49</age><sex>0</sex><cat>2</cat><begin>5.85</begin><alfa>0.24228</alfa><end>1.0</end></relativerisk><relativerisk><age>49</age><sex>0</sex><cat>3</cat><begin>5.85</begin><alfa>0.0</alfa><end>5.85</end></relativerisk><relativerisk><age>49</age><sex>1</sex><cat>1</cat><begin>1.0</begin><alfa>0.0</alfa><end>1.0</end></relativerisk><relativerisk><age>49</age><sex>1</sex><cat>2</cat><begin>7.71</begin><alfa>0.24228</alfa><end>1.0</end></relativerisk><relativerisk><age>49</age><sex>1</sex><cat>3</cat><begin>7.71</begin><alfa>0.0</alfa><end>7.71</end></relativerisk><relativerisk><age>50</age><sex>0</sex><cat>1</cat><begin>1.0</begin><alfa>0.0</alfa><end>1.0</end></relativerisk><relativerisk><age>50</age><sex>0</sex><cat>2</cat><begin>3.69</begin><alfa>0.24228</alfa><end>1.0</end></relativerisk><relativerisk><age>50</age><sex>0</sex><cat>3</cat><begin>3.69</begin><alfa>0.0</alfa><end>3.69</end></relativerisk><relativerisk><age>50</age><sex>1</sex><cat>1</cat><begin>1.0</begin><alfa>0.0</alfa><end>1.0</end></relativerisk><relativerisk><age>50</age><sex>1</sex><cat>2</cat><begin>5.69</begin><alfa>0.24228</alfa><end>1.0</end></relativerisk><relativerisk><age>50</age><sex>1</sex><cat>3</cat><begin>5.69</begin><alfa>0.0</alfa><end>5.69</end></relativerisk><relativerisk><age>51</age><sex>0</sex><cat>1</cat><begin>1.0</begin><alfa>0.0</alfa><end>1.0</end></relativerisk><relativerisk><age>51</age><sex>0</sex><cat>2</cat><begin>3.69</begin><alfa>0.2285772</alfa><end>1.0</end></relativerisk><relativerisk><age>51</age><sex>0</sex><cat>3</cat><begin>3.69</begin><alfa>0.0</alfa><end>3.69</end></relativerisk><relativerisk><age>51</age><sex>1</sex><cat>1</cat><begin>1.0</begin><alfa>0.0</alfa><end>1.0</end></relativerisk><relativerisk><age>51</age><sex>1</sex><cat>2</cat><begin>5.69</begin><alfa>0.2285772</alfa><end>1.0</end></relativerisk><relativerisk><age>51</age><sex>1</sex><cat>3</cat><begin>5.69</begin><alfa>0.0</alfa><end>5.69</end></relativerisk><relativerisk><age>52</age><sex>0</sex><cat>1</cat><begin>1.0</begin><alfa>0.0</alfa><end>1.0</end></relativerisk><relativerisk><age>52</age><sex>0</sex><cat>2</cat><begin>3.69</begin><alfa>0.2156494</alfa><end>1.0</end></relativerisk><relativerisk><age>52</age><sex>0</sex><cat>3</cat><begin>3.69</begin><alfa>0.0</alfa><end>3.69</end></relativerisk><relativerisk><age>52</age><sex>1</sex><cat>1</cat><begin>1.0</begin><alfa>0.0</alfa><end>1.0</end></relativerisk><relativerisk><age>52</age><sex>1</sex><cat>2</cat><begin>5.69</begin><alfa>0.2156494</alfa><end>1.0</end></relativerisk><relativerisk><age>52</age><sex>1</sex><cat>3</cat><begin>5.69</begin><alfa>0.0</alfa><end>5.69</end></relativerisk><relativerisk><age>53</age><sex>0</sex><cat>1</cat><begin>1.0</begin><alfa>0.0</alfa><end>1.0</end></relativerisk><relativerisk><age>53</age><sex>0</sex><cat>2</cat><begin>3.69</begin><alfa>0.2034528</alfa><end>1.0</end></relativerisk><relativerisk><age>53</age><sex>0</sex><cat>3</cat><begin>3.69</begin><alfa>0.0</alfa><end>3.69</end></relativerisk><relativerisk><age>53</age><sex>1</sex><cat>1</cat><begin>1.0</begin><alfa>0.0</alfa><end>1.0</end></relativerisk><relativerisk><age>53</age><sex>1</sex><cat>2</cat><begin>5.69</begin><alfa>0.2034528</alfa><end>1.0</end></relativerisk><relativerisk><age>53</age><sex>1</sex><cat>3</cat><begin>5.69</begin><alfa>0.0</alfa><end>5.69</end></relativerisk><relativerisk><age>54</age><sex>0</sex><cat>1</cat><begin>1.0</begin><alfa>0.0</alfa><end>1.0</end></relativerisk><relativerisk><age>54</age><sex>0</sex><cat>2</cat><begin>3.69</begin><alfa>0.191946</alfa><end>1.0</end></relativerisk><relativerisk><age>54</age><sex>0</sex><cat>3</cat><begin>3.69</begin><alfa>0.0</alfa><end>3.69</end></relativerisk><relativerisk><age>54</age><sex>1</sex><cat>1</cat><begin>1.0</begin><alfa>0.0</alfa><end>1.0</end></relativerisk><relativerisk><age>54</age><sex>1</sex><cat>2</cat><begin>5.69</begin><alfa>0.191946</alfa><end>1.0</end></relativerisk><relativerisk><age>54</age><sex>1</sex><cat>3</cat><begin>5.69</begin><alfa>0.0</alfa><end>5.69</end></relativerisk><relativerisk><age>55</age><sex>0</sex><cat>1</cat><begin>1.0</begin><alfa>0.0</alfa><end>1.0</end></relativerisk><relativerisk><age>55</age><sex>0</sex><cat>2</cat><begin>2.71</begin><alfa>0.18109</alfa><end>1.0</end></relativerisk><relativerisk><age>55</age><sex>0</sex><cat>3</cat><begin>2.71</begin><alfa>0.0</alfa><end>2.71</end></relativerisk><relativerisk><age>55</age><sex>1</sex><cat>1</cat><begin>1.0</begin><alfa>0.0</alfa><end>1.0</end></relativerisk><relativerisk><age>55</age><sex>1</sex><cat>2</cat><begin>3.06</begin><alfa>0.18109</alfa><end>1.0</end></relativerisk><relativerisk><age>55</age><sex>1</sex><cat>3</cat><begin>3.06</begin><alfa>0.0</alfa><end>3.06</end></relativerisk><relativerisk><age>56</age><sex>0</sex><cat>1</cat><begin>1.0</begin><alfa>0.0</alfa><end>1.0</end></relativerisk><relativerisk><age>56</age><sex>0</sex><cat>2</cat><begin>2.71</begin><alfa>0.170848</alfa><end>1.0</end></relativerisk><relativerisk><age>56</age><sex>0</sex><cat>3</cat><begin>2.71</begin><alfa>0.0</alfa><end>2.71</end></relativerisk><relativerisk><age>56</age><sex>1</sex><cat>1</cat><begin>1.0</begin><alfa>0.0</alfa><end>1.0</end></relativerisk><relativerisk><age>56</age><sex>1</sex><cat>2</cat><begin>3.06</begin><alfa>0.170848</alfa><end>1.0</end></relativerisk><relativerisk><age>56</age><sex>1</sex><cat>3</cat><begin>3.06</begin><alfa>0.0</alfa><end>3.06</end></relativerisk><relativerisk><age>57</age><sex>0</sex><cat>1</cat><begin>1.0</begin><alfa>0.0</alfa><end>1.0</end></relativerisk><relativerisk><age>57</age><sex>0</sex><cat>2</cat><begin>2.71</begin><alfa>0.1611852</alfa><end>1.0</end></relativerisk><relativerisk><age>57</age><sex>0</sex><cat>3</cat><begin>2.71</begin><alfa>0.0</alfa><end>2.71</end></relativerisk><relativerisk><age>57</age><sex>1</sex><cat>1</cat><begin>1.0</begin><alfa>0.0</alfa><end>1.0</end></relativerisk><relativerisk><age>57</age><sex>1</sex><cat>2</cat><begin>3.06</begin><alfa>0.1611852</alfa><end>1.0</end></relativerisk><relativerisk><age>57</age><sex>1</sex><cat>3</cat><begin>3.06</begin><alfa>0.0</alfa><end>3.06</end></relativerisk><relativerisk><age>58</age><sex>0</sex><cat>1</cat><begin>1.0</begin><alfa>0.0</alfa><end>1.0</end></relativerisk><relativerisk><age>58</age><sex>0</sex><cat>2</cat><begin>2.71</begin><alfa>0.152069</alfa><end>1.0</end></relativerisk><relativerisk><age>58</age><sex>0</sex><cat>3</cat><begin>2.71</begin><alfa>0.0</alfa><end>2.71</end></relativerisk><relativerisk><age>58</age><sex>1</sex><cat>1</cat><begin>1.0</begin><alfa>0.0</alfa><end>1.0</end></relativerisk><relativerisk><age>58</age><sex>1</sex><cat>2</cat><begin>3.06</begin><alfa>0.152069</alfa><end>1.0</end></relativerisk><relativerisk><age>58</age><sex>1</sex><cat>3</cat><begin>3.06</begin><alfa>0.0</alfa><end>3.06</end></relativerisk><relativerisk><age>59</age><sex>0</sex><cat>1</cat><begin>1.0</begin><alfa>0.0</alfa><end>1.0</end></relativerisk><relativerisk><age>59</age><sex>0</sex><cat>2</cat><begin>2.71</begin><alfa>0.1434683</alfa><end>1.0</end></relativerisk><relativerisk><age>59</age><sex>0</sex><cat>3</cat><begin>2.71</begin><alfa>0.0</alfa><end>2.71</end></relativerisk><relativerisk><age>59</age><sex>1</sex><cat>1</cat><begin>1.0</begin><alfa>0.0</alfa><end>1.0</end></relativerisk><relativerisk><age>59</age><sex>1</sex><cat>2</cat><begin>3.06</begin><alfa>0.1434683</alfa><end>1.0</end></relativerisk><relativerisk><age>59</age><sex>1</sex><cat>3</cat><begin>3.06</begin><alfa>0.0</alfa><end>3.06</end></relativerisk><relativerisk><age>60</age><sex>0</sex><cat>1</cat><begin>1.0</begin><alfa>0.0</alfa><end>1.0</end></relativerisk><relativerisk><age>60</age><sex>0</sex><cat>2</cat><begin>2.39</begin><alfa>0.1353541</alfa><end>1.0</end></relativerisk><relativerisk><age>60</age><sex>0</sex><cat>3</cat><begin>2.39</begin><alfa>0.0</alfa><end>2.39</end></relativerisk><relativerisk><age>60</age><sex>1</sex><cat>1</cat><begin>1.0</begin><alfa>0.0</alfa><end>1.0</end></relativerisk><relativerisk><age>60</age><sex>1</sex><cat>2</cat><begin>2.56</begin><alfa>0.1353541</alfa><end>1.0</end></relativerisk><relativerisk><age>60</age><sex>1</sex><cat>3</cat><begin>2.56</begin><alfa>0.0</alfa><end>2.56</end></relativerisk><relativerisk><age>61</age><sex>0</sex><cat>1</cat><begin>1.0</begin><alfa>0.0</alfa><end>1.0</end></relativerisk><relativerisk><age>61</age><sex>0</sex><cat>2</cat><begin>2.39</begin><alfa>0.1276988</alfa><end>1.0</end></relativerisk><relativerisk><age>61</age><sex>0</sex><cat>3</cat><begin>2.39</begin><alfa>0.0</alfa><end>2.39</end></relativerisk><relativerisk><age>61</age><sex>1</sex><cat>1</cat><begin>1.0</begin><alfa>0.0</alfa><end>1.0</end></relativerisk><relativerisk><age>61</age><sex>1</sex><cat>2</cat><begin>2.56</begin><alfa>0.1276988</alfa><end>1.0</end></relativerisk><relativerisk><age>61</age><sex>1</sex><cat>3</cat><begin>2.56</begin><alfa>0.0</alfa><end>2.56</end></relativerisk><relativerisk><age>62</age><sex>0</sex><cat>1</cat><begin>1.0</begin><alfa>0.0</alfa><end>1.0</end></relativerisk><relativerisk><age>62</age><sex>0</sex><cat>2</cat><begin>2.39</begin><alfa>0.1204764</alfa><end>1.0</end></relativerisk><relativerisk><age>62</age><sex>0</sex><cat>3</cat><begin>2.39</begin><alfa>0.0</alfa><end>2.39</end></relativerisk><relativerisk><age>62</age><sex>1</sex><cat>1</cat><begin>1.0</begin><alfa>0.0</alfa><end>1.0</end></relativerisk><relativerisk><age>62</age><sex>1</sex><cat>2</cat><begin>2.56</begin><alfa>0.1204764</alfa><end>1.0</end></relativerisk><relativerisk><age>62</age><sex>1</sex><cat>3</cat><begin>2.56</begin><alfa>0.0</alfa><end>2.56</end></relativerisk><relativerisk><age>63</age><sex>0</sex><cat>1</cat><begin>1.0</begin><alfa>0.0</alfa><end>1.0</end></relativerisk><relativerisk><age>63</age><sex>0</sex><cat>2</cat><begin>2.39</begin><alfa>0.1136626</alfa><end>1.0</end></relativerisk><relativerisk><age>63</age><sex>0</sex><cat>3</cat><begin>2.39</begin><alfa>0.0</alfa><end>2.39</end></relativerisk><relativerisk><age>63</age><sex>1</sex><cat>1</cat><begin>1.0</begin><alfa>0.0</alfa><end>1.0</end></relativerisk><relativerisk><age>63</age><sex>1</sex><cat>2</cat><begin>2.56</begin><alfa>0.1136626</alfa><end>1.0</end></relativerisk><relativerisk><age>63</age><sex>1</sex><cat>3</cat><begin>2.56</begin><alfa>0.0</alfa><end>2.56</end></relativerisk><relativerisk><age>64</age><sex>0</sex><cat>1</cat><begin>1.0</begin><alfa>0.0</alfa><end>1.0</end></relativerisk><relativerisk><age>64</age><sex>0</sex><cat>2</cat><begin>2.39</begin><alfa>0.1072341</alfa><end>1.0</end></relativerisk><relativerisk><age>64</age><sex>0</sex><cat>3</cat><begin>2.39</begin><alfa>0.0</alfa><end>2.39</end></relativerisk><relativerisk><age>64</age><sex>1</sex><cat>1</cat><begin>1.0</begin><alfa>0.0</alfa><end>1.0</end></relativerisk><relativerisk><age>64</age><sex>1</sex><cat>2</cat><begin>2.56</begin><alfa>0.1072341</alfa><end>1.0</end></relativerisk><relativerisk><age>64</age><sex>1</sex><cat>3</cat><begin>2.56</begin><alfa>0.0</alfa><end>2.56</end></relativerisk><relativerisk><age>65</age><sex>0</sex><cat>1</cat><begin>1.0</begin><alfa>0.0</alfa><end>1.0</end></relativerisk><relativerisk><age>65</age><sex>0</sex><cat>2</cat><begin>1.91</begin><alfa>0.1011692</alfa><end>1.0</end></relativerisk><relativerisk><age>65</age><sex>0</sex><cat>3</cat><begin>1.91</begin><alfa>0.0</alfa><end>1.91</end></relativerisk><relativerisk><age>65</age><sex>1</sex><cat>1</cat><begin>1.0</begin><alfa>0.0</alfa><end>1.0</end></relativerisk><relativerisk><age>65</age><sex>1</sex><cat>2</cat><begin>2.48</begin><alfa>0.1011692</alfa><end>1.0</end></relativerisk><relativerisk><age>65</age><sex>1</sex><cat>3</cat><begin>2.48</begin><alfa>0.0</alfa><end>2.48</end></relativerisk><relativerisk><age>66</age><sex>0</sex><cat>1</cat><begin>1.0</begin><alfa>0.0</alfa><end>1.0</end></relativerisk><relativerisk><age>66</age><sex>0</sex><cat>2</cat><begin>1.91</begin><alfa>0.0954473</alfa><end>1.0</end></relativerisk><relativerisk><age>66</age><sex>0</sex><cat>3</cat><begin>1.91</begin><alfa>0.0</alfa><end>1.91</end></relativerisk><relativerisk><age>66</age><sex>1</sex><cat>1</cat><begin>1.0</begin><alfa>0.0</alfa><end>1.0</end></relativerisk><relativerisk><age>66</age><sex>1</sex><cat>2</cat><begin>2.48</begin><alfa>0.0954473</alfa><end>1.0</end></relativerisk><relativerisk><age>66</age><sex>1</sex><cat>3</cat><begin>2.48</begin><alfa>0.0</alfa><end>2.48</end></relativerisk><relativerisk><age>67</age><sex>0</sex><cat>1</cat><begin>1.0</begin><alfa>0.0</alfa><end>1.0</end></relativerisk><relativerisk><age>67</age><sex>0</sex><cat>2</cat><begin>1.91</begin><alfa>0.090049</alfa><end>1.0</end></relativerisk><relativerisk><age>67</age><sex>0</sex><cat>3</cat><begin>1.91</begin><alfa>0.0</alfa><end>1.91</end></relativerisk><relativerisk><age>67</age><sex>1</sex><cat>1</cat><begin>1.0</begin><alfa>0.0</alfa><end>1.0</end></relativerisk><relativerisk><age>67</age><sex>1</sex><cat>2</cat><begin>2.48</begin><alfa>0.090049</alfa><end>1.0</end></relativerisk><relativerisk><age>67</age><sex>1</sex><cat>3</cat><begin>2.48</begin><alfa>0.0</alfa><end>2.48</end></relativerisk><relativerisk><age>68</age><sex>0</sex><cat>1</cat><begin>1.0</begin><alfa>0.0</alfa><end>1.0</end></relativerisk><relativerisk><age>68</age><sex>0</sex><cat>2</cat><begin>1.91</begin><alfa>0.0849561</alfa><end>1.0</end></relativerisk><relativerisk><age>68</age><sex>0</sex><cat>3</cat><begin>1.91</begin><alfa>0.0</alfa><end>1.91</end></relativerisk><relativerisk><age>68</age><sex>1</sex><cat>1</cat><begin>1.0</begin><alfa>0.0</alfa><end>1.0</end></relativerisk><relativerisk><age>68</age><sex>1</sex><cat>2</cat><begin>2.48</begin><alfa>0.0849561</alfa><end>1.0</end></relativerisk><relativerisk><age>68</age><sex>1</sex><cat>3</cat><begin>2.48</begin><alfa>0.0</alfa><end>2.48</end></relativerisk><relativerisk><age>69</age><sex>0</sex><cat>1</cat><begin>1.0</begin><alfa>0.0</alfa><end>1.0</end></relativerisk><relativerisk><age>69</age><sex>0</sex><cat>2</cat><begin>1.91</begin><alfa>0.0801511</alfa><end>1.0</end></relativerisk><relativerisk><age>69</age><sex>0</sex><cat>3</cat><begin>1.91</begin><alfa>0.0</alfa><end>1.91</end></relativerisk><relativerisk><age>69</age><sex>1</sex><cat>1</cat><begin>1.0</begin><alfa>0.0</alfa><end>1.0</end></relativerisk><relativerisk><age>69</age><sex>1</sex><cat>2</cat><begin>2.48</begin><alfa>0.0801511</alfa><end>1.0</end></relativerisk><relativerisk><age>69</age><sex>1</sex><cat>3</cat><begin>2.48</begin><alfa>0.0</alfa><end>2.48</end></relativerisk><relativerisk><age>70</age><sex>0</sex><cat>1</cat><begin>1.0</begin><alfa>0.0</alfa><end>1.0</end></relativerisk><relativerisk><age>70</age><sex>0</sex><cat>2</cat><begin>1.91</begin><alfa>0.075618</alfa><end>1.0</end></relativerisk><relativerisk><age>70</age><sex>0</sex><cat>3</cat><begin>1.91</begin><alfa>0.0</alfa><end>1.91</end></relativerisk><relativerisk><age>70</age><sex>1</sex><cat>1</cat><begin>1.0</begin><alfa>0.0</alfa><end>1.0</end></relativerisk><relativerisk><age>70</age><sex>1</sex><cat>2</cat><begin>2.48</begin><alfa>0.075618</alfa><end>1.0</end></relativerisk><relativerisk><age>70</age><sex>1</sex><cat>3</cat><begin>2.48</begin><alfa>0.0</alfa><end>2.48</end></relativerisk><relativerisk><age>71</age><sex>0</sex><cat>1</cat><begin>1.0</begin><alfa>0.0</alfa><end>1.0</end></relativerisk><relativerisk><age>71</age><sex>0</sex><cat>2</cat><begin>1.91</begin><alfa>0.0713412</alfa><end>1.0</end></relativerisk><relativerisk><age>71</age><sex>0</sex><cat>3</cat><begin>1.91</begin><alfa>0.0</alfa><end>1.91</end></relativerisk><relativerisk><age>71</age><sex>1</sex><cat>1</cat><begin>1.0</begin><alfa>0.0</alfa><end>1.0</end></relativerisk><relativerisk><age>71</age><sex>1</sex><cat>2</cat><begin>2.48</begin><alfa>0.0713412</alfa><end>1.0</end></relativerisk><relativerisk><age>71</age><sex>1</sex><cat>3</cat><begin>2.48</begin><alfa>0.0</alfa><end>2.48</end></relativerisk><relativerisk><age>72</age><sex>0</sex><cat>1</cat><begin>1.0</begin><alfa>0.0</alfa><end>1.0</end></relativerisk><relativerisk><age>72</age><sex>0</sex><cat>2</cat><begin>1.91</begin><alfa>0.0673063</alfa><end>1.0</end></relativerisk><relativerisk><age>72</age><sex>0</sex><cat>3</cat><begin>1.91</begin><alfa>0.0</alfa><end>1.91</end></relativerisk><relativerisk><age>72</age><sex>1</sex><cat>1</cat><begin>1.0</begin><alfa>0.0</alfa><end>1.0</end></relativerisk><relativerisk><age>72</age><sex>1</sex><cat>2</cat><begin>2.48</begin><alfa>0.0673063</alfa><end>1.0</end></relativerisk><relativerisk><age>72</age><sex>1</sex><cat>3</cat><begin>2.48</begin><alfa>0.0</alfa><end>2.48</end></relativerisk><relativerisk><age>73</age><sex>0</sex><cat>1</cat><begin>1.0</begin><alfa>0.0</alfa><end>1.0</end></relativerisk><relativerisk><age>73</age><sex>0</sex><cat>2</cat><begin>1.91</begin><alfa>0.0634996</alfa><end>1.0</end></relativerisk><relativerisk><age>73</age><sex>0</sex><cat>3</cat><begin>1.91</begin><alfa>0.0</alfa><end>1.91</end></relativerisk><relativerisk><age>73</age><sex>1</sex><cat>1</cat><begin>1.0</begin><alfa>0.0</alfa><end>1.0</end></relativerisk><relativerisk><age>73</age><sex>1</sex><cat>2</cat><begin>2.48</begin><alfa>0.0634996</alfa><end>1.0</end></relativerisk><relativerisk><age>73</age><sex>1</sex><cat>3</cat><begin>2.48</begin><alfa>0.0</alfa><end>2.48</end></relativerisk><relativerisk><age>74</age><sex>0</sex><cat>1</cat><begin>1.0</begin><alfa>0.0</alfa><end>1.0</end></relativerisk><relativerisk><age>74</age><sex>0</sex><cat>2</cat><begin>1.91</begin><alfa>0.0599082</alfa><end>1.0</end></relativerisk><relativerisk><age>74</age><sex>0</sex><cat>3</cat><begin>1.91</begin><alfa>0.0</alfa><end>1.91</end></relativerisk><relativerisk><age>74</age><sex>1</sex><cat>1</cat><begin>1.0</begin><alfa>0.0</alfa><end>1.0</end></relativerisk><relativerisk><age>74</age><sex>1</sex><cat>2</cat><begin>2.48</begin><alfa>0.0599082</alfa><end>1.0</end></relativerisk><relativerisk><age>74</age><sex>1</sex><cat>3</cat><begin>2.48</begin><alfa>0.0</alfa><end>2.48</end></relativerisk><relativerisk><age>75</age><sex>0</sex><cat>1</cat><begin>1.0</begin><alfa>0.0</alfa><end>1.0</end></relativerisk><relativerisk><age>75</age><sex>0</sex><cat>2</cat><begin>1.91</begin><alfa>0.05652</alfa><end>1.0</end></relativerisk><relativerisk><age>75</age><sex>0</sex><cat>3</cat><begin>1.91</begin><alfa>0.0</alfa><end>1.91</end></relativerisk><relativerisk><age>75</age><sex>1</sex><cat>1</cat><begin>1.0</begin><alfa>0.0</alfa><end>1.0</end></relativerisk><relativerisk><age>75</age><sex>1</sex><cat>2</cat><begin>2.48</begin><alfa>0.05652</alfa><end>1.0</end></relativerisk><relativerisk><age>75</age><sex>1</sex><cat>3</cat><begin>2.48</begin><alfa>0.0</alfa><end>2.48</end></relativerisk><relativerisk><age>76</age><sex>0</sex><cat>1</cat><begin>1.0</begin><alfa>0.0</alfa><end>1.0</end></relativerisk><relativerisk><age>76</age><sex>0</sex><cat>2</cat><begin>1.91</begin><alfa>0.0533233</alfa><end>1.0</end></relativerisk><relativerisk><age>76</age><sex>0</sex><cat>3</cat><begin>1.91</begin><alfa>0.0</alfa><end>1.91</end></relativerisk><relativerisk><age>76</age><sex>1</sex><cat>1</cat><begin>1.0</begin><alfa>0.0</alfa><end>1.0</end></relativerisk><relativerisk><age>76</age><sex>1</sex><cat>2</cat><begin>2.48</begin><alfa>0.0533233</alfa><end>1.0</end></relativerisk><relativerisk><age>76</age><sex>1</sex><cat>3</cat><begin>2.48</begin><alfa>0.0</alfa><end>2.48</end></relativerisk><relativerisk><age>77</age><sex>0</sex><cat>1</cat><begin>1.0</begin><alfa>0.0</alfa><end>1.0</end></relativerisk><relativerisk><age>77</age><sex>0</sex><cat>2</cat><begin>1.91</begin><alfa>0.0503075</alfa><end>1.0</end></relativerisk><relativerisk><age>77</age><sex>0</sex><cat>3</cat><begin>1.91</begin><alfa>0.0</alfa><end>1.91</end></relativerisk><relativerisk><age>77</age><sex>1</sex><cat>1</cat><begin>1.0</begin><alfa>0.0</alfa><end>1.0</end></relativerisk><relativerisk><age>77</age><sex>1</sex><cat>2</cat><begin>2.48</begin><alfa>0.0503075</alfa><end>1.0</end></relativerisk><relativerisk><age>77</age><sex>1</sex><cat>3</cat><begin>2.48</begin><alfa>0.0</alfa><end>2.48</end></relativerisk><relativerisk><age>78</age><sex>0</sex><cat>1</cat><begin>1.0</begin><alfa>0.0</alfa><end>1.0</end></relativerisk><relativerisk><age>78</age><sex>0</sex><cat>2</cat><begin>1.91</begin><alfa>0.0474622</alfa><end>1.0</end></relativerisk><relativerisk><age>78</age><sex>0</sex><cat>3</cat><begin>1.91</begin><alfa>0.0</alfa><end>1.91</end></relativerisk><relativerisk><age>78</age><sex>1</sex><cat>1</cat><begin>1.0</begin><alfa>0.0</alfa><end>1.0</end></relativerisk><relativerisk><age>78</age><sex>1</sex><cat>2</cat><begin>2.48</begin><alfa>0.0474622</alfa><end>1.0</end></relativerisk><relativerisk><age>78</age><sex>1</sex><cat>3</cat><begin>2.48</begin><alfa>0.0</alfa><end>2.48</end></relativerisk><relativerisk><age>79</age><sex>0</sex><cat>1</cat><begin>1.0</begin><alfa>0.0</alfa><end>1.0</end></relativerisk><relativerisk><age>79</age><sex>0</sex><cat>2</cat><begin>1.91</begin><alfa>0.0447779</alfa><end>1.0</end></relativerisk><relativerisk><age>79</age><sex>0</sex><cat>3</cat><begin>1.91</begin><alfa>0.0</alfa><end>1.91</end></relativerisk><relativerisk><age>79</age><sex>1</sex><cat>1</cat><begin>1.0</begin><alfa>0.0</alfa><end>1.0</end></relativerisk><relativerisk><age>79</age><sex>1</sex><cat>2</cat><begin>2.48</begin><alfa>0.0447779</alfa><end>1.0</end></relativerisk><relativerisk><age>79</age><sex>1</sex><cat>3</cat><begin>2.48</begin><alfa>0.0</alfa><end>2.48</end></relativerisk><relativerisk><age>80</age><sex>0</sex><cat>1</cat><begin>1.0</begin><alfa>0.0</alfa><end>1.0</end></relativerisk><relativerisk><age>80</age><sex>0</sex><cat>2</cat><begin>1.91</begin><alfa>0.0422453</alfa><end>1.0</end></relativerisk><relativerisk><age>80</age><sex>0</sex><cat>3</cat><begin>1.91</begin><alfa>0.0</alfa><end>1.91</end></relativerisk><relativerisk><age>80</age><sex>1</sex><cat>1</cat><begin>1.0</begin><alfa>0.0</alfa><end>1.0</end></relativerisk><relativerisk><age>80</age><sex>1</sex><cat>2</cat><begin>2.48</begin><alfa>0.0422453</alfa><end>1.0</end></relativerisk><relativerisk><age>80</age><sex>1</sex><cat>3</cat><begin>2.48</begin><alfa>0.0</alfa><end>2.48</end></relativerisk><relativerisk><age>81</age><sex>0</sex><cat>1</cat><begin>1.0</begin><alfa>0.0</alfa><end>1.0</end></relativerisk><relativerisk><age>81</age><sex>0</sex><cat>2</cat><begin>1.91</begin><alfa>0.039856</alfa><end>1.0</end></relativerisk><relativerisk><age>81</age><sex>0</sex><cat>3</cat><begin>1.91</begin><alfa>0.0</alfa><end>1.91</end></relativerisk><relativerisk><age>81</age><sex>1</sex><cat>1</cat><begin>1.0</begin><alfa>0.0</alfa><end>1.0</end></relativerisk><relativerisk><age>81</age><sex>1</sex><cat>2</cat><begin>2.48</begin><alfa>0.039856</alfa><end>1.0</end></relativerisk><relativerisk><age>81</age><sex>1</sex><cat>3</cat><begin>2.48</begin><alfa>0.0</alfa><end>2.48</end></relativerisk><relativerisk><age>82</age><sex>0</sex><cat>1</cat><begin>1.0</begin><alfa>0.0</alfa><end>1.0</end></relativerisk><relativerisk><age>82</age><sex>0</sex><cat>2</cat><begin>1.91</begin><alfa>0.0376019</alfa><end>1.0</end></relativerisk><relativerisk><age>82</age><sex>0</sex><cat>3</cat><begin>1.91</begin><alfa>0.0</alfa><end>1.91</end></relativerisk><relativerisk><age>82</age><sex>1</sex><cat>1</cat><begin>1.0</begin><alfa>0.0</alfa><end>1.0</end></relativerisk><relativerisk><age>82</age><sex>1</sex><cat>2</cat><begin>2.48</begin><alfa>0.0376019</alfa><end>1.0</end></relativerisk><relativerisk><age>82</age><sex>1</sex><cat>3</cat><begin>2.48</begin><alfa>0.0</alfa><end>2.48</end></relativerisk><relativerisk><age>83</age><sex>0</sex><cat>1</cat><begin>1.0</begin><alfa>0.0</alfa><end>1.0</end></relativerisk><relativerisk><age>83</age><sex>0</sex><cat>2</cat><begin>1.91</begin><alfa>0.0354752</alfa><end>1.0</end></relativerisk><relativerisk><age>83</age><sex>0</sex><cat>3</cat><begin>1.91</begin><alfa>0.0</alfa><end>1.91</end></relativerisk><relativerisk><age>83</age><sex>1</sex><cat>1</cat><begin>1.0</begin><alfa>0.0</alfa><end>1.0</end></relativerisk><relativerisk><age>83</age><sex>1</sex><cat>2</cat><begin>2.48</begin><alfa>0.0354752</alfa><end>1.0</end></relativerisk><relativerisk><age>83</age><sex>1</sex><cat>3</cat><begin>2.48</begin><alfa>0.0</alfa><end>2.48</end></relativerisk><relativerisk><age>84</age><sex>0</sex><cat>1</cat><begin>1.0</begin><alfa>0.0</alfa><end>1.0</end></relativerisk><relativerisk><age>84</age><sex>0</sex><cat>2</cat><begin>1.91</begin><alfa>0.0334688</alfa><end>1.0</end></relativerisk><relativerisk><age>84</age><sex>0</sex><cat>3</cat><begin>1.91</begin><alfa>0.0</alfa><end>1.91</end></relativerisk><relativerisk><age>84</age><sex>1</sex><cat>1</cat><begin>1.0</begin><alfa>0.0</alfa><end>1.0</end></relativerisk><relativerisk><age>84</age><sex>1</sex><cat>2</cat><begin>2.48</begin><alfa>0.0334688</alfa><end>1.0</end></relativerisk><relativerisk><age>84</age><sex>1</sex><cat>3</cat><begin>2.48</begin><alfa>0.0</alfa><end>2.48</end></relativerisk><relativerisk><age>85</age><sex>0</sex><cat>1</cat><begin>1.0</begin><alfa>0.0</alfa><end>1.0</end></relativerisk><relativerisk><age>85</age><sex>0</sex><cat>2</cat><begin>1.91</begin><alfa>0.0315759</alfa><end>1.0</end></relativerisk><relativerisk><age>85</age><sex>0</sex><cat>3</cat><begin>1.91</begin><alfa>0.0</alfa><end>1.91</end></relativerisk><relativerisk><age>85</age><sex>1</sex><cat>1</cat><begin>1.0</begin><alfa>0.0</alfa><end>1.0</end></relativerisk><relativerisk><age>85</age><sex>1</sex><cat>2</cat><begin>2.48</begin><alfa>0.0315759</alfa><end>1.0</end></relativerisk><relativerisk><age>85</age><sex>1</sex><cat>3</cat><begin>2.48</begin><alfa>0.0</alfa><end>2.48</end></relativerisk><relativerisk><age>86</age><sex>0</sex><cat>1</cat><begin>1.0</begin><alfa>0.0</alfa><end>1.0</end></relativerisk><relativerisk><age>86</age><sex>0</sex><cat>2</cat><begin>1.91</begin><alfa>0.02979</alfa><end>1.0</end></relativerisk><relativerisk><age>86</age><sex>0</sex><cat>3</cat><begin>1.91</begin><alfa>0.0</alfa><end>1.91</end></relativerisk><relativerisk><age>86</age><sex>1</sex><cat>1</cat><begin>1.0</begin><alfa>0.0</alfa><end>1.0</end></relativerisk><relativerisk><age>86</age><sex>1</sex><cat>2</cat><begin>2.48</begin><alfa>0.02979</alfa><end>1.0</end></relativerisk><relativerisk><age>86</age><sex>1</sex><cat>3</cat><begin>2.48</begin><alfa>0.0</alfa><end>2.48</end></relativerisk><relativerisk><age>87</age><sex>0</sex><cat>1</cat><begin>1.0</begin><alfa>0.0</alfa><end>1.0</end></relativerisk><relativerisk><age>87</age><sex>0</sex><cat>2</cat><begin>1.91</begin><alfa>0.0281052</alfa><end>1.0</end></relativerisk><relativerisk><age>87</age><sex>0</sex><cat>3</cat><begin>1.91</begin><alfa>0.0</alfa><end>1.91</end></relativerisk><relativerisk><age>87</age><sex>1</sex><cat>1</cat><begin>1.0</begin><alfa>0.0</alfa><end>1.0</end></relativerisk><relativerisk><age>87</age><sex>1</sex><cat>2</cat><begin>2.48</begin><alfa>0.0281052</alfa><end>1.0</end></relativerisk><relativerisk><age>87</age><sex>1</sex><cat>3</cat><begin>2.48</begin><alfa>0.0</alfa><end>2.48</end></relativerisk><relativerisk><age>88</age><sex>0</sex><cat>1</cat><begin>1.0</begin><alfa>0.0</alfa><end>1.0</end></relativerisk><relativerisk><age>88</age><sex>0</sex><cat>2</cat><begin>1.91</begin><alfa>0.0265156</alfa><end>1.0</end></relativerisk><relativerisk><age>88</age><sex>0</sex><cat>3</cat><begin>1.91</begin><alfa>0.0</alfa><end>1.91</end></relativerisk><relativerisk><age>88</age><sex>1</sex><cat>1</cat><begin>1.0</begin><alfa>0.0</alfa><end>1.0</end></relativerisk><relativerisk><age>88</age><sex>1</sex><cat>2</cat><begin>2.48</begin><alfa>0.0265156</alfa><end>1.0</end></relativerisk><relativerisk><age>88</age><sex>1</sex><cat>3</cat><begin>2.48</begin><alfa>0.0</alfa><end>2.48</end></relativerisk><relativerisk><age>89</age><sex>0</sex><cat>1</cat><begin>1.0</begin><alfa>0.0</alfa><end>1.0</end></relativerisk><relativerisk><age>89</age><sex>0</sex><cat>2</cat><begin>1.91</begin><alfa>0.025016</alfa><end>1.0</end></relativerisk><relativerisk><age>89</age><sex>0</sex><cat>3</cat><begin>1.91</begin><alfa>0.0</alfa><end>1.91</end></relativerisk><relativerisk><age>89</age><sex>1</sex><cat>1</cat><begin>1.0</begin><alfa>0.0</alfa><end>1.0</end></relativerisk><relativerisk><age>89</age><sex>1</sex><cat>2</cat><begin>2.48</begin><alfa>0.025016</alfa><end>1.0</end></relativerisk><relativerisk><age>89</age><sex>1</sex><cat>3</cat><begin>2.48</begin><alfa>0.0</alfa><end>2.48</end></relativerisk><relativerisk><age>90</age><sex>0</sex><cat>1</cat><begin>1.0</begin><alfa>0.0</alfa><end>1.0</end></relativerisk><relativerisk><age>90</age><sex>0</sex><cat>2</cat><begin>1.91</begin><alfa>0.0236011</alfa><end>1.0</end></relativerisk><relativerisk><age>90</age><sex>0</sex><cat>3</cat><begin>1.91</begin><alfa>0.0</alfa><end>1.91</end></relativerisk><relativerisk><age>90</age><sex>1</sex><cat>1</cat><begin>1.0</begin><alfa>0.0</alfa><end>1.0</end></relativerisk><relativerisk><age>90</age><sex>1</sex><cat>2</cat><begin>2.48</begin><alfa>0.0236011</alfa><end>1.0</end></relativerisk><relativerisk><age>90</age><sex>1</sex><cat>3</cat><begin>2.48</begin><alfa>0.0</alfa><end>2.48</end></relativerisk><relativerisk><age>91</age><sex>0</sex><cat>1</cat><begin>1.0</begin><alfa>0.0</alfa><end>1.0</end></relativerisk><relativerisk><age>91</age><sex>0</sex><cat>2</cat><begin>1.91</begin><alfa>0.0222663</alfa><end>1.0</end></relativerisk><relativerisk><age>91</age><sex>0</sex><cat>3</cat><begin>1.91</begin><alfa>0.0</alfa><end>1.91</end></relativerisk><relativerisk><age>91</age><sex>1</sex><cat>1</cat><begin>1.0</begin><alfa>0.0</alfa><end>1.0</end></relativerisk><relativerisk><age>91</age><sex>1</sex><cat>2</cat><begin>2.48</begin><alfa>0.0222663</alfa><end>1.0</end></relativerisk><relativerisk><age>91</age><sex>1</sex><cat>3</cat><begin>2.48</begin><alfa>0.0</alfa><end>2.48</end></relativerisk><relativerisk><age>92</age><sex>0</sex><cat>1</cat><begin>1.0</begin><alfa>0.0</alfa><end>1.0</end></relativerisk><relativerisk><age>92</age><sex>0</sex><cat>2</cat><begin>1.91</begin><alfa>0.021007</alfa><end>1.0</end></relativerisk><relativerisk><age>92</age><sex>0</sex><cat>3</cat><begin>1.91</begin><alfa>0.0</alfa><end>1.91</end></relativerisk><relativerisk><age>92</age><sex>1</sex><cat>1</cat><begin>1.0</begin><alfa>0.0</alfa><end>1.0</end></relativerisk><relativerisk><age>92</age><sex>1</sex><cat>2</cat><begin>2.48</begin><alfa>0.021007</alfa><end>1.0</end></relativerisk><relativerisk><age>92</age><sex>1</sex><cat>3</cat><begin>2.48</begin><alfa>0.0</alfa><end>2.48</end></relativerisk><relativerisk><age>93</age><sex>0</sex><cat>1</cat><begin>1.0</begin><alfa>0.0</alfa><end>1.0</end></relativerisk><relativerisk><age>93</age><sex>0</sex><cat>2</cat><begin>1.91</begin><alfa>0.0198189</alfa><end>1.0</end></relativerisk><relativerisk><age>93</age><sex>0</sex><cat>3</cat><begin>1.91</begin><alfa>0.0</alfa><end>1.91</end></relativerisk><relativerisk><age>93</age><sex>1</sex><cat>1</cat><begin>1.0</begin><alfa>0.0</alfa><end>1.0</end></relativerisk><relativerisk><age>93</age><sex>1</sex><cat>2</cat><begin>2.48</begin><alfa>0.0198189</alfa><end>1.0</end></relativerisk><relativerisk><age>93</age><sex>1</sex><cat>3</cat><begin>2.48</begin><alfa>0.0</alfa><end>2.48</end></relativerisk><relativerisk><age>94</age><sex>0</sex><cat>1</cat><begin>1.0</begin><alfa>0.0</alfa><end>1.0</end></relativerisk><relativerisk><age>94</age><sex>0</sex><cat>2</cat><begin>1.91</begin><alfa>0.018698</alfa><end>1.0</end></relativerisk><relativerisk><age>94</age><sex>0</sex><cat>3</cat><begin>1.91</begin><alfa>0.0</alfa><end>1.91</end></relativerisk><relativerisk><age>94</age><sex>1</sex><cat>1</cat><begin>1.0</begin><alfa>0.0</alfa><end>1.0</end></relativerisk><relativerisk><age>94</age><sex>1</sex><cat>2</cat><begin>2.48</begin><alfa>0.018698</alfa><end>1.0</end></relativerisk><relativerisk><age>94</age><sex>1</sex><cat>3</cat><begin>2.48</begin><alfa>0.0</alfa><end>2.48</end></relativerisk><relativerisk><age>95</age><sex>0</sex><cat>1</cat><begin>1.0</begin><alfa>0.0</alfa><end>1.0</end></relativerisk><relativerisk><age>95</age><sex>0</sex><cat>2</cat><begin>1.91</begin><alfa>0.0176404</alfa><end>1.0</end></relativerisk><relativerisk><age>95</age><sex>0</sex><cat>3</cat><begin>1.91</begin><alfa>0.0</alfa><end>1.91</end></relativerisk><relativerisk><age>95</age><sex>1</sex><cat>1</cat><begin>1.0</begin><alfa>0.0</alfa><end>1.0</end></relativerisk><relativerisk><age>95</age><sex>1</sex><cat>2</cat><begin>2.48</begin><alfa>0.0176404</alfa><end>1.0</end></relativerisk><relativerisk><age>95</age><sex>1</sex><cat>3</cat><begin>2.48</begin><alfa>0.0</alfa><end>2.48</end></relativerisk></relrisksfromriskfactor_compound>