<?xml version="1.0"?><diseaseprevalences><prevalence><age>0</age><sex>0</sex><percent>0.0</percent></prevalence><prevalence><age>0</age><sex>1</sex><percent>0.0</percent></prevalence><prevalence><age>1</age><sex>0</sex><percent>0.0</percent></prevalence><prevalence><age>1</age><sex>1</sex><percent>0.0</percent></prevalence><prevalence><age>2</age><sex>0</sex><percent>0.0</percent></prevalence><prevalence><age>2</age><sex>1</sex><percent>0.0</percent></prevalence><prevalence><age>3</age><sex>0</sex><percent>0.0</percent></prevalence><prevalence><age>3</age><sex>1</sex><percent>0.0</percent></prevalence><prevalence><age>4</age><sex>0</sex><percent>0.0</percent></prevalence><prevalence><age>4</age><sex>1</sex><percent>0.0</percent></prevalence><prevalence><age>5</age><sex>0</sex><percent>0.0</percent></prevalence><prevalence><age>5</age><sex>1</sex><percent>0.0</percent></prevalence><prevalence><age>6</age><sex>0</sex><percent>0.0</percent></prevalence><prevalence><age>6</age><sex>1</sex><percent>0.0</percent></prevalence><prevalence><age>7</age><sex>0</sex><percent>0.0</percent></prevalence><prevalence><age>7</age><sex>1</sex><percent>0.0</percent></prevalence><prevalence><age>8</age><sex>0</sex><percent>0.0</percent></prevalence><prevalence><age>8</age><sex>1</sex><percent>0.0</percent></prevalence><prevalence><age>9</age><sex>0</sex><percent>0.0</percent></prevalence><prevalence><age>9</age><sex>1</sex><percent>0.0</percent></prevalence><prevalence><age>10</age><sex>0</sex><percent>0.0</percent></prevalence><prevalence><age>10</age><sex>1</sex><percent>0.0</percent></prevalence><prevalence><age>11</age><sex>0</sex><percent>0.0</percent></prevalence><prevalence><age>11</age><sex>1</sex><percent>0.0</percent></prevalence><prevalence><age>12</age><sex>0</sex><percent>0.0</percent></prevalence><prevalence><age>12</age><sex>1</sex><percent>0.0</percent></prevalence><prevalence><age>13</age><sex>0</sex><percent>0.0</percent></prevalence><prevalence><age>13</age><sex>1</sex><percent>0.0</percent></prevalence><prevalence><age>14</age><sex>0</sex><percent>0.0</percent></prevalence><prevalence><age>14</age><sex>1</sex><percent>0.0</percent></prevalence><prevalence><age>15</age><sex>0</sex><percent>0.00243</percent></prevalence><prevalence><age>15</age><sex>1</sex><percent>4.4E-4</percent></prevalence><prevalence><age>16</age><sex>0</sex><percent>0.0026</percent></prevalence><prevalence><age>16</age><sex>1</sex><percent>4.8E-4</percent></prevalence><prevalence><age>17</age><sex>0</sex><percent>0.00276</percent></prevalence><prevalence><age>17</age><sex>1</sex><percent>5.3E-4</percent></prevalence><prevalence><age>18</age><sex>0</sex><percent>0.00293</percent></prevalence><prevalence><age>18</age><sex>1</sex><percent>5.9E-4</percent></prevalence><prevalence><age>19</age><sex>0</sex><percent>0.00314</percent></prevalence><prevalence><age>19</age><sex>1</sex><percent>6.9E-4</percent></prevalence><prevalence><age>20</age><sex>0</sex><percent>0.00339</percent></prevalence><prevalence><age>20</age><sex>1</sex><percent>8.3E-4</percent></prevalence><prevalence><age>21</age><sex>0</sex><percent>0.00369</percent></prevalence><prevalence><age>21</age><sex>1</sex><percent>0.00103</percent></prevalence><prevalence><age>22</age><sex>0</sex><percent>0.00404</percent></prevalence><prevalence><age>22</age><sex>1</sex><percent>0.00129</percent></prevalence><prevalence><age>23</age><sex>0</sex><percent>0.00441</percent></prevalence><prevalence><age>23</age><sex>1</sex><percent>0.00159</percent></prevalence><prevalence><age>24</age><sex>0</sex><percent>0.0048</percent></prevalence><prevalence><age>24</age><sex>1</sex><percent>0.00193</percent></prevalence><prevalence><age>25</age><sex>0</sex><percent>0.0052</percent></prevalence><prevalence><age>25</age><sex>1</sex><percent>0.0023</percent></prevalence><prevalence><age>26</age><sex>0</sex><percent>0.00562</percent></prevalence><prevalence><age>26</age><sex>1</sex><percent>0.00269</percent></prevalence><prevalence><age>27</age><sex>0</sex><percent>0.0061</percent></prevalence><prevalence><age>27</age><sex>1</sex><percent>0.00307</percent></prevalence><prevalence><age>28</age><sex>0</sex><percent>0.00667</percent></prevalence><prevalence><age>28</age><sex>1</sex><percent>0.00342</percent></prevalence><prevalence><age>29</age><sex>0</sex><percent>0.00738</percent></prevalence><prevalence><age>29</age><sex>1</sex><percent>0.00375</percent></prevalence><prevalence><age>30</age><sex>0</sex><percent>0.00825</percent></prevalence><prevalence><age>30</age><sex>1</sex><percent>0.00404</percent></prevalence><prevalence><age>31</age><sex>0</sex><percent>0.00932</percent></prevalence><prevalence><age>31</age><sex>1</sex><percent>0.00432</percent></prevalence><prevalence><age>32</age><sex>0</sex><percent>0.0106</percent></prevalence><prevalence><age>32</age><sex>1</sex><percent>0.00464</percent></prevalence><prevalence><age>33</age><sex>0</sex><percent>0.01212</percent></prevalence><prevalence><age>33</age><sex>1</sex><percent>0.00504</percent></prevalence><prevalence><age>34</age><sex>0</sex><percent>0.0139</percent></prevalence><prevalence><age>34</age><sex>1</sex><percent>0.00558</percent></prevalence><prevalence><age>35</age><sex>0</sex><percent>0.016</percent></prevalence><prevalence><age>35</age><sex>1</sex><percent>0.00629</percent></prevalence><prevalence><age>36</age><sex>0</sex><percent>0.01849</percent></prevalence><prevalence><age>36</age><sex>1</sex><percent>0.00718</percent></prevalence><prevalence><age>37</age><sex>0</sex><percent>0.0215</percent></prevalence><prevalence><age>37</age><sex>1</sex><percent>0.00824</percent></prevalence><prevalence><age>38</age><sex>0</sex><percent>0.02515</percent></prevalence><prevalence><age>38</age><sex>1</sex><percent>0.00942</percent></prevalence><prevalence><age>39</age><sex>0</sex><percent>0.02953</percent></prevalence><prevalence><age>39</age><sex>1</sex><percent>0.01069</percent></prevalence><prevalence><age>40</age><sex>0</sex><percent>0.03475</percent></prevalence><prevalence><age>40</age><sex>1</sex><percent>0.01203</percent></prevalence><prevalence><age>41</age><sex>0</sex><percent>0.04089</percent></prevalence><prevalence><age>41</age><sex>1</sex><percent>0.01348</percent></prevalence><prevalence><age>42</age><sex>0</sex><percent>0.04804</percent></prevalence><prevalence><age>42</age><sex>1</sex><percent>0.01512</percent></prevalence><prevalence><age>43</age><sex>0</sex><percent>0.05636</percent></prevalence><prevalence><age>43</age><sex>1</sex><percent>0.01705</percent></prevalence><prevalence><age>44</age><sex>0</sex><percent>0.06602</percent></prevalence><prevalence><age>44</age><sex>1</sex><percent>0.01941</percent></prevalence><prevalence><age>45</age><sex>0</sex><percent>0.07722</percent></prevalence><prevalence><age>45</age><sex>1</sex><percent>0.02227</percent></prevalence><prevalence><age>46</age><sex>0</sex><percent>0.0902</percent></prevalence><prevalence><age>46</age><sex>1</sex><percent>0.02567</percent></prevalence><prevalence><age>47</age><sex>0</sex><percent>0.10516</percent></prevalence><prevalence><age>47</age><sex>1</sex><percent>0.02961</percent></prevalence><prevalence><age>48</age><sex>0</sex><percent>0.12227</percent></prevalence><prevalence><age>48</age><sex>1</sex><percent>0.03404</percent></prevalence><prevalence><age>49</age><sex>0</sex><percent>0.14155</percent></prevalence><prevalence><age>49</age><sex>1</sex><percent>0.03885</percent></prevalence><prevalence><age>50</age><sex>0</sex><percent>0.16282</percent></prevalence><prevalence><age>50</age><sex>1</sex><percent>0.04397</percent></prevalence><prevalence><age>51</age><sex>0</sex><percent>0.1857</percent></prevalence><prevalence><age>51</age><sex>1</sex><percent>0.04931</percent></prevalence><prevalence><age>52</age><sex>0</sex><percent>0.2096</percent></prevalence><prevalence><age>52</age><sex>1</sex><percent>0.05486</percent></prevalence><prevalence><age>53</age><sex>0</sex><percent>0.23384</percent></prevalence><prevalence><age>53</age><sex>1</sex><percent>0.06065</percent></prevalence><prevalence><age>54</age><sex>0</sex><percent>0.25777</percent></prevalence><prevalence><age>54</age><sex>1</sex><percent>0.06674</percent></prevalence><prevalence><age>55</age><sex>0</sex><percent>0.28103</percent></prevalence><prevalence><age>55</age><sex>1</sex><percent>0.07316</percent></prevalence><prevalence><age>56</age><sex>0</sex><percent>0.30352</percent></prevalence><prevalence><age>56</age><sex>1</sex><percent>0.07989</percent></prevalence><prevalence><age>57</age><sex>0</sex><percent>0.32538</percent></prevalence><prevalence><age>57</age><sex>1</sex><percent>0.08683</percent></prevalence><prevalence><age>58</age><sex>0</sex><percent>0.34699</percent></prevalence><prevalence><age>58</age><sex>1</sex><percent>0.09377</percent></prevalence><prevalence><age>59</age><sex>0</sex><percent>0.36873</percent></prevalence><prevalence><age>59</age><sex>1</sex><percent>0.10048</percent></prevalence><prevalence><age>60</age><sex>0</sex><percent>0.39081</percent></prevalence><prevalence><age>60</age><sex>1</sex><percent>0.10679</percent></prevalence><prevalence><age>61</age><sex>0</sex><percent>0.41325</percent></prevalence><prevalence><age>61</age><sex>1</sex><percent>0.11262</percent></prevalence><prevalence><age>62</age><sex>0</sex><percent>0.43585</percent></prevalence><prevalence><age>62</age><sex>1</sex><percent>0.11798</percent></prevalence><prevalence><age>63</age><sex>0</sex><percent>0.45823</percent></prevalence><prevalence><age>63</age><sex>1</sex><percent>0.12299</percent></prevalence><prevalence><age>64</age><sex>0</sex><percent>0.47994</percent></prevalence><prevalence><age>64</age><sex>1</sex><percent>0.12781</percent></prevalence><prevalence><age>65</age><sex>0</sex><percent>0.50064</percent></prevalence><prevalence><age>65</age><sex>1</sex><percent>0.13259</percent></prevalence><prevalence><age>66</age><sex>0</sex><percent>0.52014</percent></prevalence><prevalence><age>66</age><sex>1</sex><percent>0.13742</percent></prevalence><prevalence><age>67</age><sex>0</sex><percent>0.53841</percent></prevalence><prevalence><age>67</age><sex>1</sex><percent>0.1424</percent></prevalence><prevalence><age>68</age><sex>0</sex><percent>0.55559</percent></prevalence><prevalence><age>68</age><sex>1</sex><percent>0.14756</percent></prevalence><prevalence><age>69</age><sex>0</sex><percent>0.57192</percent></prevalence><prevalence><age>69</age><sex>1</sex><percent>0.1529</percent></prevalence><prevalence><age>70</age><sex>0</sex><percent>0.5877</percent></prevalence><prevalence><age>70</age><sex>1</sex><percent>0.1584</percent></prevalence><prevalence><age>71</age><sex>0</sex><percent>0.60324</percent></prevalence><prevalence><age>71</age><sex>1</sex><percent>0.16402</percent></prevalence><prevalence><age>72</age><sex>0</sex><percent>0.61887</percent></prevalence><prevalence><age>72</age><sex>1</sex><percent>0.16969</percent></prevalence><prevalence><age>73</age><sex>0</sex><percent>0.6349</percent></prevalence><prevalence><age>73</age><sex>1</sex><percent>0.17534</percent></prevalence><prevalence><age>74</age><sex>0</sex><percent>0.65156</percent></prevalence><prevalence><age>74</age><sex>1</sex><percent>0.18093</percent></prevalence><prevalence><age>75</age><sex>0</sex><percent>0.66894</percent></prevalence><prevalence><age>75</age><sex>1</sex><percent>0.18643</percent></prevalence><prevalence><age>76</age><sex>0</sex><percent>0.68696</percent></prevalence><prevalence><age>76</age><sex>1</sex><percent>0.19184</percent></prevalence><prevalence><age>77</age><sex>0</sex><percent>0.70535</percent></prevalence><prevalence><age>77</age><sex>1</sex><percent>0.19719</percent></prevalence><prevalence><age>78</age><sex>0</sex><percent>0.72365</percent></prevalence><prevalence><age>78</age><sex>1</sex><percent>0.20253</percent></prevalence><prevalence><age>79</age><sex>0</sex><percent>0.74136</percent></prevalence><prevalence><age>79</age><sex>1</sex><percent>0.20787</percent></prevalence><prevalence><age>80</age><sex>0</sex><percent>0.75803</percent></prevalence><prevalence><age>80</age><sex>1</sex><percent>0.21326</percent></prevalence><prevalence><age>81</age><sex>0</sex><percent>0.77332</percent></prevalence><prevalence><age>81</age><sex>1</sex><percent>0.21874</percent></prevalence><prevalence><age>82</age><sex>0</sex><percent>0.78704</percent></prevalence><prevalence><age>82</age><sex>1</sex><percent>0.22432</percent></prevalence><prevalence><age>83</age><sex>0</sex><percent>0.79915</percent></prevalence><prevalence><age>83</age><sex>1</sex><percent>0.23004</percent></prevalence><prevalence><age>84</age><sex>0</sex><percent>0.80973</percent></prevalence><prevalence><age>84</age><sex>1</sex><percent>0.23591</percent></prevalence><prevalence><age>85</age><sex>0</sex><percent>0.8189</percent></prevalence><prevalence><age>85</age><sex>1</sex><percent>0.24193</percent></prevalence><prevalence><age>86</age><sex>0</sex><percent>0.82688</percent></prevalence><prevalence><age>86</age><sex>1</sex><percent>0.24806</percent></prevalence><prevalence><age>87</age><sex>0</sex><percent>0.83391</percent></prevalence><prevalence><age>87</age><sex>1</sex><percent>0.25426</percent></prevalence><prevalence><age>88</age><sex>0</sex><percent>0.84027</percent></prevalence><prevalence><age>88</age><sex>1</sex><percent>0.26049</percent></prevalence><prevalence><age>89</age><sex>0</sex><percent>0.84622</percent></prevalence><prevalence><age>89</age><sex>1</sex><percent>0.26671</percent></prevalence><prevalence><age>90</age><sex>0</sex><percent>0.85199</percent></prevalence><prevalence><age>90</age><sex>1</sex><percent>0.27292</percent></prevalence><prevalence><age>91</age><sex>0</sex><percent>0.85771</percent></prevalence><prevalence><age>91</age><sex>1</sex><percent>0.27914</percent></prevalence><prevalence><age>92</age><sex>0</sex><percent>0.86347</percent></prevalence><prevalence><age>92</age><sex>1</sex><percent>0.28538</percent></prevalence><prevalence><age>93</age><sex>0</sex><percent>0.86932</percent></prevalence><prevalence><age>93</age><sex>1</sex><percent>0.29168</percent></prevalence><prevalence><age>94</age><sex>0</sex><percent>0.87525</percent></prevalence><prevalence><age>94</age><sex>1</sex><percent>0.29807</percent></prevalence><prevalence><age>95</age><sex>0</sex><percent>0.8963</percent></prevalence><prevalence><age>95</age><sex>1</sex><percent>0.32104</percent></prevalence></diseaseprevalences>