<?xml version="1.0"?><diseaseincidences><incidence><age>0</age><sex>0</sex><value>0.0</value></incidence><incidence><age>0</age><sex>1</sex><value>0.0</value></incidence><incidence><age>1</age><sex>0</sex><value>0.0</value></incidence><incidence><age>1</age><sex>1</sex><value>0.0</value></incidence><incidence><age>2</age><sex>0</sex><value>0.0</value></incidence><incidence><age>2</age><sex>1</sex><value>0.0</value></incidence><incidence><age>3</age><sex>0</sex><value>0.0</value></incidence><incidence><age>3</age><sex>1</sex><value>0.0</value></incidence><incidence><age>4</age><sex>0</sex><value>0.0</value></incidence><incidence><age>4</age><sex>1</sex><value>0.0</value></incidence><incidence><age>5</age><sex>0</sex><value>0.0</value></incidence><incidence><age>5</age><sex>1</sex><value>0.0</value></incidence><incidence><age>6</age><sex>0</sex><value>0.0</value></incidence><incidence><age>6</age><sex>1</sex><value>0.0</value></incidence><incidence><age>7</age><sex>0</sex><value>0.0</value></incidence><incidence><age>7</age><sex>1</sex><value>0.0</value></incidence><incidence><age>8</age><sex>0</sex><value>0.0</value></incidence><incidence><age>8</age><sex>1</sex><value>0.0</value></incidence><incidence><age>9</age><sex>0</sex><value>0.0</value></incidence><incidence><age>9</age><sex>1</sex><value>0.0</value></incidence><incidence><age>10</age><sex>0</sex><value>0.0</value></incidence><incidence><age>10</age><sex>1</sex><value>0.0</value></incidence><incidence><age>11</age><sex>0</sex><value>0.0</value></incidence><incidence><age>11</age><sex>1</sex><value>0.0</value></incidence><incidence><age>12</age><sex>0</sex><value>0.0</value></incidence><incidence><age>12</age><sex>1</sex><value>0.0</value></incidence><incidence><age>13</age><sex>0</sex><value>0.0</value></incidence><incidence><age>13</age><sex>1</sex><value>0.0</value></incidence><incidence><age>14</age><sex>0</sex><value>0.0</value></incidence><incidence><age>14</age><sex>1</sex><value>0.0</value></incidence><incidence><age>15</age><sex>0</sex><value>0.0</value></incidence><incidence><age>15</age><sex>1</sex><value>4.0E-7</value></incidence><incidence><age>16</age><sex>0</sex><value>1.0E-7</value></incidence><incidence><age>16</age><sex>1</sex><value>4.0E-7</value></incidence><incidence><age>17</age><sex>0</sex><value>4.0E-7</value></incidence><incidence><age>17</age><sex>1</sex><value>6.0E-7</value></incidence><incidence><age>18</age><sex>0</sex><value>8.0E-7</value></incidence><incidence><age>18</age><sex>1</sex><value>1.0E-6</value></incidence><incidence><age>19</age><sex>0</sex><value>1.3E-6</value></incidence><incidence><age>19</age><sex>1</sex><value>1.6E-6</value></incidence><incidence><age>20</age><sex>0</sex><value>1.8E-6</value></incidence><incidence><age>20</age><sex>1</sex><value>2.3E-6</value></incidence><incidence><age>21</age><sex>0</sex><value>2.3E-6</value></incidence><incidence><age>21</age><sex>1</sex><value>2.9E-6</value></incidence><incidence><age>22</age><sex>0</sex><value>2.7E-6</value></incidence><incidence><age>22</age><sex>1</sex><value>3.4E-6</value></incidence><incidence><age>23</age><sex>0</sex><value>3.0E-6</value></incidence><incidence><age>23</age><sex>1</sex><value>3.7E-6</value></incidence><incidence><age>24</age><sex>0</sex><value>3.3E-6</value></incidence><incidence><age>24</age><sex>1</sex><value>3.8E-6</value></incidence><incidence><age>25</age><sex>0</sex><value>3.6E-6</value></incidence><incidence><age>25</age><sex>1</sex><value>4.0E-6</value></incidence><incidence><age>26</age><sex>0</sex><value>4.1E-6</value></incidence><incidence><age>26</age><sex>1</sex><value>4.4E-6</value></incidence><incidence><age>27</age><sex>0</sex><value>4.9E-6</value></incidence><incidence><age>27</age><sex>1</sex><value>5.2E-6</value></incidence><incidence><age>28</age><sex>0</sex><value>6.2E-6</value></incidence><incidence><age>28</age><sex>1</sex><value>6.4E-6</value></incidence><incidence><age>29</age><sex>0</sex><value>7.8E-6</value></incidence><incidence><age>29</age><sex>1</sex><value>7.9E-6</value></incidence><incidence><age>30</age><sex>0</sex><value>9.9E-6</value></incidence><incidence><age>30</age><sex>1</sex><value>9.8E-6</value></incidence><incidence><age>31</age><sex>0</sex><value>1.24E-5</value></incidence><incidence><age>31</age><sex>1</sex><value>1.18E-5</value></incidence><incidence><age>32</age><sex>0</sex><value>1.54E-5</value></incidence><incidence><age>32</age><sex>1</sex><value>1.39E-5</value></incidence><incidence><age>33</age><sex>0</sex><value>1.89E-5</value></incidence><incidence><age>33</age><sex>1</sex><value>1.61E-5</value></incidence><incidence><age>34</age><sex>0</sex><value>2.34E-5</value></incidence><incidence><age>34</age><sex>1</sex><value>1.87E-5</value></incidence><incidence><age>35</age><sex>0</sex><value>2.93E-5</value></incidence><incidence><age>35</age><sex>1</sex><value>2.23E-5</value></incidence><incidence><age>36</age><sex>0</sex><value>3.72E-5</value></incidence><incidence><age>36</age><sex>1</sex><value>2.72E-5</value></incidence><incidence><age>37</age><sex>0</sex><value>4.75E-5</value></incidence><incidence><age>37</age><sex>1</sex><value>3.39E-5</value></incidence><incidence><age>38</age><sex>0</sex><value>6.06E-5</value></incidence><incidence><age>38</age><sex>1</sex><value>4.27E-5</value></incidence><incidence><age>39</age><sex>0</sex><value>7.7E-5</value></incidence><incidence><age>39</age><sex>1</sex><value>5.37E-5</value></incidence><incidence><age>40</age><sex>0</sex><value>9.7E-5</value></incidence><incidence><age>40</age><sex>1</sex><value>6.67E-5</value></incidence><incidence><age>41</age><sex>0</sex><value>1.21E-4</value></incidence><incidence><age>41</age><sex>1</sex><value>8.15E-5</value></incidence><incidence><age>42</age><sex>0</sex><value>1.49E-4</value></incidence><incidence><age>42</age><sex>1</sex><value>9.79E-5</value></incidence><incidence><age>43</age><sex>0</sex><value>1.83E-4</value></incidence><incidence><age>43</age><sex>1</sex><value>1.16E-4</value></incidence><incidence><age>44</age><sex>0</sex><value>2.21E-4</value></incidence><incidence><age>44</age><sex>1</sex><value>1.36E-4</value></incidence><incidence><age>45</age><sex>0</sex><value>2.67E-4</value></incidence><incidence><age>45</age><sex>1</sex><value>1.57E-4</value></incidence><incidence><age>46</age><sex>0</sex><value>3.19E-4</value></incidence><incidence><age>46</age><sex>1</sex><value>1.8E-4</value></incidence><incidence><age>47</age><sex>0</sex><value>3.8E-4</value></incidence><incidence><age>47</age><sex>1</sex><value>2.04E-4</value></incidence><incidence><age>48</age><sex>0</sex><value>4.5E-4</value></incidence><incidence><age>48</age><sex>1</sex><value>2.31E-4</value></incidence><incidence><age>49</age><sex>0</sex><value>5.28E-4</value></incidence><incidence><age>49</age><sex>1</sex><value>2.59E-4</value></incidence><incidence><age>50</age><sex>0</sex><value>6.14E-4</value></incidence><incidence><age>50</age><sex>1</sex><value>2.88E-4</value></incidence><incidence><age>51</age><sex>0</sex><value>7.06E-4</value></incidence><incidence><age>51</age><sex>1</sex><value>3.17E-4</value></incidence><incidence><age>52</age><sex>0</sex><value>8.04E-4</value></incidence><incidence><age>52</age><sex>1</sex><value>3.47E-4</value></incidence><incidence><age>53</age><sex>0</sex><value>9.07E-4</value></incidence><incidence><age>53</age><sex>1</sex><value>3.77E-4</value></incidence><incidence><age>54</age><sex>0</sex><value>0.001011</value></incidence><incidence><age>54</age><sex>1</sex><value>4.05E-4</value></incidence><incidence><age>55</age><sex>0</sex><value>0.001115</value></incidence><incidence><age>55</age><sex>1</sex><value>4.31E-4</value></incidence><incidence><age>56</age><sex>0</sex><value>0.001215</value></incidence><incidence><age>56</age><sex>1</sex><value>4.54E-4</value></incidence><incidence><age>57</age><sex>0</sex><value>0.001309</value></incidence><incidence><age>57</age><sex>1</sex><value>4.72E-4</value></incidence><incidence><age>58</age><sex>0</sex><value>0.001394</value></incidence><incidence><age>58</age><sex>1</sex><value>4.85E-4</value></incidence><incidence><age>59</age><sex>0</sex><value>0.001477</value></incidence><incidence><age>59</age><sex>1</sex><value>4.95E-4</value></incidence><incidence><age>60</age><sex>0</sex><value>0.001561</value></incidence><incidence><age>60</age><sex>1</sex><value>5.04E-4</value></incidence><incidence><age>61</age><sex>0</sex><value>0.001653</value></incidence><incidence><age>61</age><sex>1</sex><value>5.13E-4</value></incidence><incidence><age>62</age><sex>0</sex><value>0.001758</value></incidence><incidence><age>62</age><sex>1</sex><value>5.24E-4</value></incidence><incidence><age>63</age><sex>0</sex><value>0.001881</value></incidence><incidence><age>63</age><sex>1</sex><value>5.39E-4</value></incidence><incidence><age>64</age><sex>0</sex><value>0.002021</value></incidence><incidence><age>64</age><sex>1</sex><value>5.6E-4</value></incidence><incidence><age>65</age><sex>0</sex><value>0.002175</value></incidence><incidence><age>65</age><sex>1</sex><value>5.86E-4</value></incidence><incidence><age>66</age><sex>0</sex><value>0.002341</value></incidence><incidence><age>66</age><sex>1</sex><value>6.18E-4</value></incidence><incidence><age>67</age><sex>0</sex><value>0.002517</value></incidence><incidence><age>67</age><sex>1</sex><value>6.57E-4</value></incidence><incidence><age>68</age><sex>0</sex><value>0.002701</value></incidence><incidence><age>68</age><sex>1</sex><value>7.03E-4</value></incidence><incidence><age>69</age><sex>0</sex><value>0.002885</value></incidence><incidence><age>69</age><sex>1</sex><value>7.53E-4</value></incidence><incidence><age>70</age><sex>0</sex><value>0.003063</value></incidence><incidence><age>70</age><sex>1</sex><value>8.02E-4</value></incidence><incidence><age>71</age><sex>0</sex><value>0.003226</value></incidence><incidence><age>71</age><sex>1</sex><value>8.47E-4</value></incidence><incidence><age>72</age><sex>0</sex><value>0.003369</value></incidence><incidence><age>72</age><sex>1</sex><value>8.83E-4</value></incidence><incidence><age>73</age><sex>0</sex><value>0.003486</value></incidence><incidence><age>73</age><sex>1</sex><value>9.07E-4</value></incidence><incidence><age>74</age><sex>0</sex><value>0.003577</value></incidence><incidence><age>74</age><sex>1</sex><value>9.22E-4</value></incidence><incidence><age>75</age><sex>0</sex><value>0.003646</value></incidence><incidence><age>75</age><sex>1</sex><value>9.3E-4</value></incidence><incidence><age>76</age><sex>0</sex><value>0.003697</value></incidence><incidence><age>76</age><sex>1</sex><value>9.35E-4</value></incidence><incidence><age>77</age><sex>0</sex><value>0.003731</value></incidence><incidence><age>77</age><sex>1</sex><value>9.4E-4</value></incidence><incidence><age>78</age><sex>0</sex><value>0.003753</value></incidence><incidence><age>78</age><sex>1</sex><value>9.47E-4</value></incidence><incidence><age>79</age><sex>0</sex><value>0.003758</value></incidence><incidence><age>79</age><sex>1</sex><value>9.56E-4</value></incidence><incidence><age>80</age><sex>0</sex><value>0.003746</value></incidence><incidence><age>80</age><sex>1</sex><value>9.65E-4</value></incidence><incidence><age>81</age><sex>0</sex><value>0.003712</value></incidence><incidence><age>81</age><sex>1</sex><value>9.74E-4</value></incidence><incidence><age>82</age><sex>0</sex><value>0.003655</value></incidence><incidence><age>82</age><sex>1</sex><value>9.81E-4</value></incidence><incidence><age>83</age><sex>0</sex><value>0.003574</value></incidence><incidence><age>83</age><sex>1</sex><value>9.84E-4</value></incidence><incidence><age>84</age><sex>0</sex><value>0.003477</value></incidence><incidence><age>84</age><sex>1</sex><value>9.86E-4</value></incidence><incidence><age>85</age><sex>0</sex><value>0.003377</value></incidence><incidence><age>85</age><sex>1</sex><value>9.86E-4</value></incidence><incidence><age>86</age><sex>0</sex><value>0.003284</value></incidence><incidence><age>86</age><sex>1</sex><value>9.85E-4</value></incidence><incidence><age>87</age><sex>0</sex><value>0.00321</value></incidence><incidence><age>87</age><sex>1</sex><value>9.84E-4</value></incidence><incidence><age>88</age><sex>0</sex><value>0.003163</value></incidence><incidence><age>88</age><sex>1</sex><value>9.83E-4</value></incidence><incidence><age>89</age><sex>0</sex><value>0.003139</value></incidence><incidence><age>89</age><sex>1</sex><value>9.83E-4</value></incidence><incidence><age>90</age><sex>0</sex><value>0.003132</value></incidence><incidence><age>90</age><sex>1</sex><value>9.84E-4</value></incidence><incidence><age>91</age><sex>0</sex><value>0.003134</value></incidence><incidence><age>91</age><sex>1</sex><value>9.84E-4</value></incidence><incidence><age>92</age><sex>0</sex><value>0.00314</value></incidence><incidence><age>92</age><sex>1</sex><value>9.84E-4</value></incidence><incidence><age>93</age><sex>0</sex><value>0.003144</value></incidence><incidence><age>93</age><sex>1</sex><value>9.83E-4</value></incidence><incidence><age>94</age><sex>0</sex><value>0.003145</value></incidence><incidence><age>94</age><sex>1</sex><value>9.82E-4</value></incidence><incidence><age>95</age><sex>0</sex><value>0.003127</value></incidence><incidence><age>95</age><sex>1</sex><value>9.76E-4</value></incidence></diseaseincidences>