<?xml version="1.0"?><diseaseprevalences><prevalence><age>0</age><sex>0</sex><percent>0.0</percent></prevalence><prevalence><age>0</age><sex>1</sex><percent>0.0</percent></prevalence><prevalence><age>1</age><sex>0</sex><percent>0.0</percent></prevalence><prevalence><age>1</age><sex>1</sex><percent>0.0</percent></prevalence><prevalence><age>2</age><sex>0</sex><percent>0.0</percent></prevalence><prevalence><age>2</age><sex>1</sex><percent>0.0</percent></prevalence><prevalence><age>3</age><sex>0</sex><percent>0.0</percent></prevalence><prevalence><age>3</age><sex>1</sex><percent>0.0</percent></prevalence><prevalence><age>4</age><sex>0</sex><percent>0.0</percent></prevalence><prevalence><age>4</age><sex>1</sex><percent>0.0</percent></prevalence><prevalence><age>5</age><sex>0</sex><percent>0.0</percent></prevalence><prevalence><age>5</age><sex>1</sex><percent>0.0</percent></prevalence><prevalence><age>6</age><sex>0</sex><percent>0.0</percent></prevalence><prevalence><age>6</age><sex>1</sex><percent>0.0</percent></prevalence><prevalence><age>7</age><sex>0</sex><percent>0.0</percent></prevalence><prevalence><age>7</age><sex>1</sex><percent>0.0</percent></prevalence><prevalence><age>8</age><sex>0</sex><percent>0.0</percent></prevalence><prevalence><age>8</age><sex>1</sex><percent>0.0</percent></prevalence><prevalence><age>9</age><sex>0</sex><percent>0.0</percent></prevalence><prevalence><age>9</age><sex>1</sex><percent>0.0</percent></prevalence><prevalence><age>10</age><sex>0</sex><percent>0.0</percent></prevalence><prevalence><age>10</age><sex>1</sex><percent>0.0</percent></prevalence><prevalence><age>11</age><sex>0</sex><percent>0.0</percent></prevalence><prevalence><age>11</age><sex>1</sex><percent>0.0</percent></prevalence><prevalence><age>12</age><sex>0</sex><percent>0.0</percent></prevalence><prevalence><age>12</age><sex>1</sex><percent>0.0</percent></prevalence><prevalence><age>13</age><sex>0</sex><percent>0.0</percent></prevalence><prevalence><age>13</age><sex>1</sex><percent>0.0</percent></prevalence><prevalence><age>14</age><sex>0</sex><percent>0.0</percent></prevalence><prevalence><age>14</age><sex>1</sex><percent>0.0</percent></prevalence><prevalence><age>15</age><sex>0</sex><percent>0.0</percent></prevalence><prevalence><age>15</age><sex>1</sex><percent>0.0</percent></prevalence><prevalence><age>16</age><sex>0</sex><percent>0.0</percent></prevalence><prevalence><age>16</age><sex>1</sex><percent>0.0</percent></prevalence><prevalence><age>17</age><sex>0</sex><percent>0.0</percent></prevalence><prevalence><age>17</age><sex>1</sex><percent>0.0</percent></prevalence><prevalence><age>18</age><sex>0</sex><percent>0.0</percent></prevalence><prevalence><age>18</age><sex>1</sex><percent>0.0</percent></prevalence><prevalence><age>19</age><sex>0</sex><percent>0.0</percent></prevalence><prevalence><age>19</age><sex>1</sex><percent>0.0</percent></prevalence><prevalence><age>20</age><sex>0</sex><percent>0.0</percent></prevalence><prevalence><age>20</age><sex>1</sex><percent>0.0</percent></prevalence><prevalence><age>21</age><sex>0</sex><percent>0.0</percent></prevalence><prevalence><age>21</age><sex>1</sex><percent>0.0</percent></prevalence><prevalence><age>22</age><sex>0</sex><percent>0.0</percent></prevalence><prevalence><age>22</age><sex>1</sex><percent>0.0</percent></prevalence><prevalence><age>23</age><sex>0</sex><percent>0.0</percent></prevalence><prevalence><age>23</age><sex>1</sex><percent>0.0</percent></prevalence><prevalence><age>24</age><sex>0</sex><percent>0.0</percent></prevalence><prevalence><age>24</age><sex>1</sex><percent>0.0</percent></prevalence><prevalence><age>25</age><sex>0</sex><percent>0.0</percent></prevalence><prevalence><age>25</age><sex>1</sex><percent>0.0</percent></prevalence><prevalence><age>26</age><sex>0</sex><percent>0.0</percent></prevalence><prevalence><age>26</age><sex>1</sex><percent>0.0</percent></prevalence><prevalence><age>27</age><sex>0</sex><percent>0.0</percent></prevalence><prevalence><age>27</age><sex>1</sex><percent>0.0</percent></prevalence><prevalence><age>28</age><sex>0</sex><percent>0.0</percent></prevalence><prevalence><age>28</age><sex>1</sex><percent>0.0</percent></prevalence><prevalence><age>29</age><sex>0</sex><percent>0.0</percent></prevalence><prevalence><age>29</age><sex>1</sex><percent>0.0</percent></prevalence><prevalence><age>30</age><sex>0</sex><percent>0.0</percent></prevalence><prevalence><age>30</age><sex>1</sex><percent>0.0</percent></prevalence><prevalence><age>31</age><sex>0</sex><percent>0.0</percent></prevalence><prevalence><age>31</age><sex>1</sex><percent>0.0</percent></prevalence><prevalence><age>32</age><sex>0</sex><percent>0.0</percent></prevalence><prevalence><age>32</age><sex>1</sex><percent>0.0</percent></prevalence><prevalence><age>33</age><sex>0</sex><percent>0.0</percent></prevalence><prevalence><age>33</age><sex>1</sex><percent>0.0</percent></prevalence><prevalence><age>34</age><sex>0</sex><percent>0.0</percent></prevalence><prevalence><age>34</age><sex>1</sex><percent>0.0</percent></prevalence><prevalence><age>35</age><sex>0</sex><percent>0.0</percent></prevalence><prevalence><age>35</age><sex>1</sex><percent>0.0</percent></prevalence><prevalence><age>36</age><sex>0</sex><percent>0.0257031</percent></prevalence><prevalence><age>36</age><sex>1</sex><percent>0.0166194</percent></prevalence><prevalence><age>37</age><sex>0</sex><percent>0.0535568</percent></prevalence><prevalence><age>37</age><sex>1</sex><percent>0.0343022</percent></prevalence><prevalence><age>38</age><sex>0</sex><percent>0.0838333</percent></prevalence><prevalence><age>38</age><sex>1</sex><percent>0.0532086</percent></prevalence><prevalence><age>39</age><sex>0</sex><percent>0.1168324</percent></prevalence><prevalence><age>39</age><sex>1</sex><percent>0.0735144</percent></prevalence><prevalence><age>40</age><sex>0</sex><percent>0.1528845</percent></prevalence><prevalence><age>40</age><sex>1</sex><percent>0.0954138</percent></prevalence><prevalence><age>41</age><sex>0</sex><percent>0.1923542</percent></prevalence><prevalence><age>41</age><sex>1</sex><percent>0.1191218</percent></prevalence><prevalence><age>42</age><sex>0</sex><percent>0.2356432</percent></prevalence><prevalence><age>42</age><sex>1</sex><percent>0.1448779</percent></prevalence><prevalence><age>43</age><sex>0</sex><percent>0.2831947</percent></prevalence><prevalence><age>43</age><sex>1</sex><percent>0.1729493</percent></prevalence><prevalence><age>44</age><sex>0</sex><percent>0.3354964</percent></prevalence><prevalence><age>44</age><sex>1</sex><percent>0.2036343</percent></prevalence><prevalence><age>45</age><sex>0</sex><percent>0.3930844</percent></prevalence><prevalence><age>45</age><sex>1</sex><percent>0.2372663</percent></prevalence><prevalence><age>46</age><sex>0</sex><percent>0.4565471</percent></prevalence><prevalence><age>46</age><sex>1</sex><percent>0.2742181</percent></prevalence><prevalence><age>47</age><sex>0</sex><percent>0.5265284</percent></prevalence><prevalence><age>47</age><sex>1</sex><percent>0.3149061</percent></prevalence><prevalence><age>48</age><sex>0</sex><percent>0.6037319</percent></prevalence><prevalence><age>48</age><sex>1</sex><percent>0.3597949</percent></prevalence><prevalence><age>49</age><sex>0</sex><percent>0.688923</percent></prevalence><prevalence><age>49</age><sex>1</sex><percent>0.4094025</percent></prevalence><prevalence><age>50</age><sex>0</sex><percent>0.7829326</percent></prevalence><prevalence><age>50</age><sex>1</sex><percent>0.4643048</percent></prevalence><prevalence><age>51</age><sex>0</sex><percent>0.8866583</percent></prevalence><prevalence><age>51</age><sex>1</sex><percent>0.5251408</percent></prevalence><prevalence><age>52</age><sex>0</sex><percent>1.0010664</percent></prevalence><prevalence><age>52</age><sex>1</sex><percent>0.5926176</percent></prevalence><prevalence><age>53</age><sex>0</sex><percent>1.1271918</percent></prevalence><prevalence><age>53</age><sex>1</sex><percent>0.6675148</percent></prevalence><prevalence><age>54</age><sex>0</sex><percent>1.2661366</percent></prevalence><prevalence><age>54</age><sex>1</sex><percent>0.7506886</percent></prevalence><prevalence><age>55</age><sex>0</sex><percent>1.4190677</percent></prevalence><prevalence><age>55</age><sex>1</sex><percent>0.8430752</percent></prevalence><prevalence><age>56</age><sex>0</sex><percent>1.5872122</percent></prevalence><prevalence><age>56</age><sex>1</sex><percent>0.9456926</percent></prevalence><prevalence><age>57</age><sex>0</sex><percent>1.7718505</percent></prevalence><prevalence><age>57</age><sex>1</sex><percent>1.0596414</percent></prevalence><prevalence><age>58</age><sex>0</sex><percent>1.9743062</percent></prevalence><prevalence><age>58</age><sex>1</sex><percent>1.1861027</percent></prevalence><prevalence><age>59</age><sex>0</sex><percent>2.1959343</percent></prevalence><prevalence><age>59</age><sex>1</sex><percent>1.3263344</percent></prevalence><prevalence><age>60</age><sex>0</sex><percent>2.4381042</percent></prevalence><prevalence><age>60</age><sex>1</sex><percent>1.4816622</percent></prevalence><prevalence><age>61</age><sex>0</sex><percent>2.702181</percent></prevalence><prevalence><age>61</age><sex>1</sex><percent>1.6534692</percent></prevalence><prevalence><age>62</age><sex>0</sex><percent>2.989501</percent></prevalence><prevalence><age>62</age><sex>1</sex><percent>1.8431778</percent></prevalence><prevalence><age>63</age><sex>0</sex><percent>3.3013437</percent></prevalence><prevalence><age>63</age><sex>1</sex><percent>2.0522275</percent></prevalence><prevalence><age>64</age><sex>0</sex><percent>3.6388986</percent></prevalence><prevalence><age>64</age><sex>1</sex><percent>2.2820446</percent></prevalence><prevalence><age>65</age><sex>0</sex><percent>4.003228</percent></prevalence><prevalence><age>65</age><sex>1</sex><percent>2.5340075</percent></prevalence><prevalence><age>66</age><sex>0</sex><percent>4.3952255</percent></prevalence><prevalence><age>66</age><sex>1</sex><percent>2.8093991</percent></prevalence><prevalence><age>67</age><sex>0</sex><percent>4.815569</percent></prevalence><prevalence><age>67</age><sex>1</sex><percent>3.1093552</percent></prevalence><prevalence><age>68</age><sex>0</sex><percent>5.264669</percent></prevalence><prevalence><age>68</age><sex>1</sex><percent>3.4348016</percent></prevalence><prevalence><age>69</age><sex>0</sex><percent>5.7426167</percent></prevalence><prevalence><age>69</age><sex>1</sex><percent>3.7863832</percent></prevalence><prevalence><age>70</age><sex>0</sex><percent>6.249126</percent></prevalence><prevalence><age>70</age><sex>1</sex><percent>4.164387</percent></prevalence><prevalence><age>71</age><sex>0</sex><percent>6.783475</percent></prevalence><prevalence><age>71</age><sex>1</sex><percent>4.568657</percent></prevalence><prevalence><age>72</age><sex>0</sex><percent>7.3444486</percent></prevalence><prevalence><age>72</age><sex>1</sex><percent>4.998507</percent></prevalence><prevalence><age>73</age><sex>0</sex><percent>7.9302807</percent></prevalence><prevalence><age>73</age><sex>1</sex><percent>5.4526315</percent></prevalence><prevalence><age>74</age><sex>0</sex><percent>8.538601</percent></prevalence><prevalence><age>74</age><sex>1</sex><percent>5.9290223</percent></prevalence><prevalence><age>75</age><sex>0</sex><percent>9.166387</percent></prevalence><prevalence><age>75</age><sex>1</sex><percent>6.4248905</percent></prevalence><prevalence><age>76</age><sex>0</sex><percent>9.809918</percent></prevalence><prevalence><age>76</age><sex>1</sex><percent>6.936608</percent></prevalence><prevalence><age>77</age><sex>0</sex><percent>10.464755</percent></prevalence><prevalence><age>77</age><sex>1</sex><percent>7.459664</percent></prevalence><prevalence><age>78</age><sex>0</sex><percent>11.12571</percent></prevalence><prevalence><age>78</age><sex>1</sex><percent>7.9886584</percent></prevalence><prevalence><age>79</age><sex>0</sex><percent>11.786851</percent></prevalence><prevalence><age>79</age><sex>1</sex><percent>8.517324</percent></prevalence><prevalence><age>80</age><sex>0</sex><percent>12.441514</percent></prevalence><prevalence><age>80</age><sex>1</sex><percent>9.038598</percent></prevalence><prevalence><age>81</age><sex>0</sex><percent>13.082334</percent></prevalence><prevalence><age>81</age><sex>1</sex><percent>9.544739</percent></prevalence><prevalence><age>82</age><sex>0</sex><percent>13.701304</percent></prevalence><prevalence><age>82</age><sex>1</sex><percent>10.027504</percent></prevalence><prevalence><age>83</age><sex>0</sex><percent>14.289857</percent></prevalence><prevalence><age>83</age><sex>1</sex><percent>10.478383</percent></prevalence><prevalence><age>84</age><sex>0</sex><percent>14.838965</percent></prevalence><prevalence><age>84</age><sex>1</sex><percent>10.88889</percent></prevalence><prevalence><age>85</age><sex>0</sex><percent>15.339279</percent></prevalence><prevalence><age>85</age><sex>1</sex><percent>11.250911</percent></prevalence><prevalence><age>86</age><sex>0</sex><percent>15.781286</percent></prevalence><prevalence><age>86</age><sex>1</sex><percent>11.55709</percent></prevalence><prevalence><age>87</age><sex>0</sex><percent>16.155495</percent></prevalence><prevalence><age>87</age><sex>1</sex><percent>11.801252</percent></prevalence><prevalence><age>88</age><sex>0</sex><percent>16.452654</percent></prevalence><prevalence><age>88</age><sex>1</sex><percent>11.97883</percent></prevalence><prevalence><age>89</age><sex>0</sex><percent>16.663996</percent></prevalence><prevalence><age>89</age><sex>1</sex><percent>12.087256</percent></prevalence><prevalence><age>90</age><sex>0</sex><percent>16.78149</percent></prevalence><prevalence><age>90</age><sex>1</sex><percent>12.126307</percent></prevalence><prevalence><age>91</age><sex>0</sex><percent>16.798134</percent></prevalence><prevalence><age>91</age><sex>1</sex><percent>12.09834</percent></prevalence><prevalence><age>92</age><sex>0</sex><percent>16.708246</percent></prevalence><prevalence><age>92</age><sex>1</sex><percent>12.008411</percent></prevalence><prevalence><age>93</age><sex>0</sex><percent>16.507755</percent></prevalence><prevalence><age>93</age><sex>1</sex><percent>11.864223</percent></prevalence><prevalence><age>94</age><sex>0</sex><percent>16.194492</percent></prevalence><prevalence><age>94</age><sex>1</sex><percent>11.675918</percent></prevalence><prevalence><age>95</age><sex>0</sex><percent>15.768456</percent></prevalence><prevalence><age>95</age><sex>1</sex><percent>11.455737</percent></prevalence></diseaseprevalences>