<?xml version="1.0"?><diseaseprevalences><prevalence><age>0</age><sex>0</sex><percent>0.0</percent></prevalence><prevalence><age>0</age><sex>1</sex><percent>0.0</percent></prevalence><prevalence><age>1</age><sex>0</sex><percent>0.0</percent></prevalence><prevalence><age>1</age><sex>1</sex><percent>0.0</percent></prevalence><prevalence><age>2</age><sex>0</sex><percent>0.0</percent></prevalence><prevalence><age>2</age><sex>1</sex><percent>0.0</percent></prevalence><prevalence><age>3</age><sex>0</sex><percent>0.0</percent></prevalence><prevalence><age>3</age><sex>1</sex><percent>0.0</percent></prevalence><prevalence><age>4</age><sex>0</sex><percent>0.0</percent></prevalence><prevalence><age>4</age><sex>1</sex><percent>0.0</percent></prevalence><prevalence><age>5</age><sex>0</sex><percent>0.0</percent></prevalence><prevalence><age>5</age><sex>1</sex><percent>0.0</percent></prevalence><prevalence><age>6</age><sex>0</sex><percent>0.0</percent></prevalence><prevalence><age>6</age><sex>1</sex><percent>0.0</percent></prevalence><prevalence><age>7</age><sex>0</sex><percent>0.0</percent></prevalence><prevalence><age>7</age><sex>1</sex><percent>0.0</percent></prevalence><prevalence><age>8</age><sex>0</sex><percent>0.0</percent></prevalence><prevalence><age>8</age><sex>1</sex><percent>0.0</percent></prevalence><prevalence><age>9</age><sex>0</sex><percent>0.0</percent></prevalence><prevalence><age>9</age><sex>1</sex><percent>0.0</percent></prevalence><prevalence><age>10</age><sex>0</sex><percent>0.0</percent></prevalence><prevalence><age>10</age><sex>1</sex><percent>0.0</percent></prevalence><prevalence><age>11</age><sex>0</sex><percent>0.0</percent></prevalence><prevalence><age>11</age><sex>1</sex><percent>0.0</percent></prevalence><prevalence><age>12</age><sex>0</sex><percent>0.0</percent></prevalence><prevalence><age>12</age><sex>1</sex><percent>0.0</percent></prevalence><prevalence><age>13</age><sex>0</sex><percent>0.0</percent></prevalence><prevalence><age>13</age><sex>1</sex><percent>0.0</percent></prevalence><prevalence><age>14</age><sex>0</sex><percent>0.0</percent></prevalence><prevalence><age>14</age><sex>1</sex><percent>0.0</percent></prevalence><prevalence><age>15</age><sex>0</sex><percent>0.00196</percent></prevalence><prevalence><age>15</age><sex>1</sex><percent>0.0018</percent></prevalence><prevalence><age>16</age><sex>0</sex><percent>0.00236</percent></prevalence><prevalence><age>16</age><sex>1</sex><percent>0.00206</percent></prevalence><prevalence><age>17</age><sex>0</sex><percent>0.00278</percent></prevalence><prevalence><age>17</age><sex>1</sex><percent>0.00233</percent></prevalence><prevalence><age>18</age><sex>0</sex><percent>0.00318</percent></prevalence><prevalence><age>18</age><sex>1</sex><percent>0.0026</percent></prevalence><prevalence><age>19</age><sex>0</sex><percent>0.00354</percent></prevalence><prevalence><age>19</age><sex>1</sex><percent>0.00285</percent></prevalence><prevalence><age>20</age><sex>0</sex><percent>0.00386</percent></prevalence><prevalence><age>20</age><sex>1</sex><percent>0.0031</percent></prevalence><prevalence><age>21</age><sex>0</sex><percent>0.00415</percent></prevalence><prevalence><age>21</age><sex>1</sex><percent>0.00334</percent></prevalence><prevalence><age>22</age><sex>0</sex><percent>0.00442</percent></prevalence><prevalence><age>22</age><sex>1</sex><percent>0.00356</percent></prevalence><prevalence><age>23</age><sex>0</sex><percent>0.00472</percent></prevalence><prevalence><age>23</age><sex>1</sex><percent>0.00379</percent></prevalence><prevalence><age>24</age><sex>0</sex><percent>0.00507</percent></prevalence><prevalence><age>24</age><sex>1</sex><percent>0.00403</percent></prevalence><prevalence><age>25</age><sex>0</sex><percent>0.00548</percent></prevalence><prevalence><age>25</age><sex>1</sex><percent>0.00428</percent></prevalence><prevalence><age>26</age><sex>0</sex><percent>0.00596</percent></prevalence><prevalence><age>26</age><sex>1</sex><percent>0.00456</percent></prevalence><prevalence><age>27</age><sex>0</sex><percent>0.00651</percent></prevalence><prevalence><age>27</age><sex>1</sex><percent>0.0049</percent></prevalence><prevalence><age>28</age><sex>0</sex><percent>0.00709</percent></prevalence><prevalence><age>28</age><sex>1</sex><percent>0.00531</percent></prevalence><prevalence><age>29</age><sex>0</sex><percent>0.00771</percent></prevalence><prevalence><age>29</age><sex>1</sex><percent>0.00579</percent></prevalence><prevalence><age>30</age><sex>0</sex><percent>0.00837</percent></prevalence><prevalence><age>30</age><sex>1</sex><percent>0.00636</percent></prevalence><prevalence><age>31</age><sex>0</sex><percent>0.00912</percent></prevalence><prevalence><age>31</age><sex>1</sex><percent>0.00698</percent></prevalence><prevalence><age>32</age><sex>0</sex><percent>0.01001</percent></prevalence><prevalence><age>32</age><sex>1</sex><percent>0.00763</percent></prevalence><prevalence><age>33</age><sex>0</sex><percent>0.01113</percent></prevalence><prevalence><age>33</age><sex>1</sex><percent>0.00827</percent></prevalence><prevalence><age>34</age><sex>0</sex><percent>0.01257</percent></prevalence><prevalence><age>34</age><sex>1</sex><percent>0.00888</percent></prevalence><prevalence><age>35</age><sex>0</sex><percent>0.01439</percent></prevalence><prevalence><age>35</age><sex>1</sex><percent>0.00947</percent></prevalence><prevalence><age>36</age><sex>0</sex><percent>0.01667</percent></prevalence><prevalence><age>36</age><sex>1</sex><percent>0.01007</percent></prevalence><prevalence><age>37</age><sex>0</sex><percent>0.01947</percent></prevalence><prevalence><age>37</age><sex>1</sex><percent>0.01074</percent></prevalence><prevalence><age>38</age><sex>0</sex><percent>0.0229</percent></prevalence><prevalence><age>38</age><sex>1</sex><percent>0.01157</percent></prevalence><prevalence><age>39</age><sex>0</sex><percent>0.02705</percent></prevalence><prevalence><age>39</age><sex>1</sex><percent>0.01263</percent></prevalence><prevalence><age>40</age><sex>0</sex><percent>0.03208</percent></prevalence><prevalence><age>40</age><sex>1</sex><percent>0.01395</percent></prevalence><prevalence><age>41</age><sex>0</sex><percent>0.03814</percent></prevalence><prevalence><age>41</age><sex>1</sex><percent>0.01552</percent></prevalence><prevalence><age>42</age><sex>0</sex><percent>0.04539</percent></prevalence><prevalence><age>42</age><sex>1</sex><percent>0.0173</percent></prevalence><prevalence><age>43</age><sex>0</sex><percent>0.05394</percent></prevalence><prevalence><age>43</age><sex>1</sex><percent>0.01918</percent></prevalence><prevalence><age>44</age><sex>0</sex><percent>0.06385</percent></prevalence><prevalence><age>44</age><sex>1</sex><percent>0.02107</percent></prevalence><prevalence><age>45</age><sex>0</sex><percent>0.07511</percent></prevalence><prevalence><age>45</age><sex>1</sex><percent>0.02292</percent></prevalence><prevalence><age>46</age><sex>0</sex><percent>0.08767</percent></prevalence><prevalence><age>46</age><sex>1</sex><percent>0.02469</percent></prevalence><prevalence><age>47</age><sex>0</sex><percent>0.10149</percent></prevalence><prevalence><age>47</age><sex>1</sex><percent>0.02641</percent></prevalence><prevalence><age>48</age><sex>0</sex><percent>0.11655</percent></prevalence><prevalence><age>48</age><sex>1</sex><percent>0.02811</percent></prevalence><prevalence><age>49</age><sex>0</sex><percent>0.13288</percent></prevalence><prevalence><age>49</age><sex>1</sex><percent>0.02988</percent></prevalence><prevalence><age>50</age><sex>0</sex><percent>0.15055</percent></prevalence><prevalence><age>50</age><sex>1</sex><percent>0.03176</percent></prevalence><prevalence><age>51</age><sex>0</sex><percent>0.16961</percent></prevalence><prevalence><age>51</age><sex>1</sex><percent>0.03379</percent></prevalence><prevalence><age>52</age><sex>0</sex><percent>0.19013</percent></prevalence><prevalence><age>52</age><sex>1</sex><percent>0.03602</percent></prevalence><prevalence><age>53</age><sex>0</sex><percent>0.2121</percent></prevalence><prevalence><age>53</age><sex>1</sex><percent>0.03846</percent></prevalence><prevalence><age>54</age><sex>0</sex><percent>0.23549</percent></prevalence><prevalence><age>54</age><sex>1</sex><percent>0.04113</percent></prevalence><prevalence><age>55</age><sex>0</sex><percent>0.26013</percent></prevalence><prevalence><age>55</age><sex>1</sex><percent>0.04403</percent></prevalence><prevalence><age>56</age><sex>0</sex><percent>0.2858</percent></prevalence><prevalence><age>56</age><sex>1</sex><percent>0.04712</percent></prevalence><prevalence><age>57</age><sex>0</sex><percent>0.31218</percent></prevalence><prevalence><age>57</age><sex>1</sex><percent>0.05035</percent></prevalence><prevalence><age>58</age><sex>0</sex><percent>0.33891</percent></prevalence><prevalence><age>58</age><sex>1</sex><percent>0.05368</percent></prevalence><prevalence><age>59</age><sex>0</sex><percent>0.36564</percent></prevalence><prevalence><age>59</age><sex>1</sex><percent>0.05706</percent></prevalence><prevalence><age>60</age><sex>0</sex><percent>0.39217</percent></prevalence><prevalence><age>60</age><sex>1</sex><percent>0.06051</percent></prevalence><prevalence><age>61</age><sex>0</sex><percent>0.41839</percent></prevalence><prevalence><age>61</age><sex>1</sex><percent>0.06406</percent></prevalence><prevalence><age>62</age><sex>0</sex><percent>0.44429</percent></prevalence><prevalence><age>62</age><sex>1</sex><percent>0.06781</percent></prevalence><prevalence><age>63</age><sex>0</sex><percent>0.46998</percent></prevalence><prevalence><age>63</age><sex>1</sex><percent>0.07189</percent></prevalence><prevalence><age>64</age><sex>0</sex><percent>0.49555</percent></prevalence><prevalence><age>64</age><sex>1</sex><percent>0.0764</percent></prevalence><prevalence><age>65</age><sex>0</sex><percent>0.52112</percent></prevalence><prevalence><age>65</age><sex>1</sex><percent>0.08143</percent></prevalence><prevalence><age>66</age><sex>0</sex><percent>0.54675</percent></prevalence><prevalence><age>66</age><sex>1</sex><percent>0.08702</percent></prevalence><prevalence><age>67</age><sex>0</sex><percent>0.57251</percent></prevalence><prevalence><age>67</age><sex>1</sex><percent>0.09319</percent></prevalence><prevalence><age>68</age><sex>0</sex><percent>0.59841</percent></prevalence><prevalence><age>68</age><sex>1</sex><percent>0.09994</percent></prevalence><prevalence><age>69</age><sex>0</sex><percent>0.6245</percent></prevalence><prevalence><age>69</age><sex>1</sex><percent>0.10722</percent></prevalence><prevalence><age>70</age><sex>0</sex><percent>0.65085</percent></prevalence><prevalence><age>70</age><sex>1</sex><percent>0.11497</percent></prevalence><prevalence><age>71</age><sex>0</sex><percent>0.67757</percent></prevalence><prevalence><age>71</age><sex>1</sex><percent>0.12311</percent></prevalence><prevalence><age>72</age><sex>0</sex><percent>0.7048</percent></prevalence><prevalence><age>72</age><sex>1</sex><percent>0.13156</percent></prevalence><prevalence><age>73</age><sex>0</sex><percent>0.73272</percent></prevalence><prevalence><age>73</age><sex>1</sex><percent>0.14023</percent></prevalence><prevalence><age>74</age><sex>0</sex><percent>0.76143</percent></prevalence><prevalence><age>74</age><sex>1</sex><percent>0.14905</percent></prevalence><prevalence><age>75</age><sex>0</sex><percent>0.79086</percent></prevalence><prevalence><age>75</age><sex>1</sex><percent>0.15803</percent></prevalence><prevalence><age>76</age><sex>0</sex><percent>0.82071</percent></prevalence><prevalence><age>76</age><sex>1</sex><percent>0.16721</percent></prevalence><prevalence><age>77</age><sex>0</sex><percent>0.85051</percent></prevalence><prevalence><age>77</age><sex>1</sex><percent>0.17669</percent></prevalence><prevalence><age>78</age><sex>0</sex><percent>0.8796</percent></prevalence><prevalence><age>78</age><sex>1</sex><percent>0.18658</percent></prevalence><prevalence><age>79</age><sex>0</sex><percent>0.90742</percent></prevalence><prevalence><age>79</age><sex>1</sex><percent>0.19697</percent></prevalence><prevalence><age>80</age><sex>0</sex><percent>0.93364</percent></prevalence><prevalence><age>80</age><sex>1</sex><percent>0.20786</percent></prevalence><prevalence><age>81</age><sex>0</sex><percent>0.95828</percent></prevalence><prevalence><age>81</age><sex>1</sex><percent>0.21917</percent></prevalence><prevalence><age>82</age><sex>0</sex><percent>0.98164</percent></prevalence><prevalence><age>82</age><sex>1</sex><percent>0.23073</percent></prevalence><prevalence><age>83</age><sex>0</sex><percent>1.00431</percent></prevalence><prevalence><age>83</age><sex>1</sex><percent>0.24233</percent></prevalence><prevalence><age>84</age><sex>0</sex><percent>1.0269</percent></prevalence><prevalence><age>84</age><sex>1</sex><percent>0.25375</percent></prevalence><prevalence><age>85</age><sex>0</sex><percent>1.04983</percent></prevalence><prevalence><age>85</age><sex>1</sex><percent>0.26483</percent></prevalence><prevalence><age>86</age><sex>0</sex><percent>1.0733</percent></prevalence><prevalence><age>86</age><sex>1</sex><percent>0.27549</percent></prevalence><prevalence><age>87</age><sex>0</sex><percent>1.09733</percent></prevalence><prevalence><age>87</age><sex>1</sex><percent>0.28574</percent></prevalence><prevalence><age>88</age><sex>0</sex><percent>1.12175</percent></prevalence><prevalence><age>88</age><sex>1</sex><percent>0.29566</percent></prevalence><prevalence><age>89</age><sex>0</sex><percent>1.14636</percent></prevalence><prevalence><age>89</age><sex>1</sex><percent>0.30536</percent></prevalence><prevalence><age>90</age><sex>0</sex><percent>1.17101</percent></prevalence><prevalence><age>90</age><sex>1</sex><percent>0.31496</percent></prevalence><prevalence><age>91</age><sex>0</sex><percent>1.19562</percent></prevalence><prevalence><age>91</age><sex>1</sex><percent>0.32455</percent></prevalence><prevalence><age>92</age><sex>0</sex><percent>1.22019</percent></prevalence><prevalence><age>92</age><sex>1</sex><percent>0.33418</percent></prevalence><prevalence><age>93</age><sex>0</sex><percent>1.24476</percent></prevalence><prevalence><age>93</age><sex>1</sex><percent>0.34391</percent></prevalence><prevalence><age>94</age><sex>0</sex><percent>1.26937</percent></prevalence><prevalence><age>94</age><sex>1</sex><percent>0.35374</percent></prevalence><prevalence><age>95</age><sex>0</sex><percent>1.32095</percent></prevalence><prevalence><age>95</age><sex>1</sex><percent>0.37502</percent></prevalence></diseaseprevalences>