<?xml version="1.0"?><diseaseprevalences><prevalence><age>0</age><sex>0</sex><percent>0.0</percent></prevalence><prevalence><age>0</age><sex>1</sex><percent>0.0</percent></prevalence><prevalence><age>1</age><sex>0</sex><percent>0.0</percent></prevalence><prevalence><age>1</age><sex>1</sex><percent>0.0</percent></prevalence><prevalence><age>2</age><sex>0</sex><percent>0.0</percent></prevalence><prevalence><age>2</age><sex>1</sex><percent>0.0</percent></prevalence><prevalence><age>3</age><sex>0</sex><percent>0.0</percent></prevalence><prevalence><age>3</age><sex>1</sex><percent>0.0</percent></prevalence><prevalence><age>4</age><sex>0</sex><percent>0.0</percent></prevalence><prevalence><age>4</age><sex>1</sex><percent>0.0</percent></prevalence><prevalence><age>5</age><sex>0</sex><percent>0.0</percent></prevalence><prevalence><age>5</age><sex>1</sex><percent>0.0</percent></prevalence><prevalence><age>6</age><sex>0</sex><percent>0.0</percent></prevalence><prevalence><age>6</age><sex>1</sex><percent>0.0</percent></prevalence><prevalence><age>7</age><sex>0</sex><percent>0.0</percent></prevalence><prevalence><age>7</age><sex>1</sex><percent>0.0</percent></prevalence><prevalence><age>8</age><sex>0</sex><percent>0.0</percent></prevalence><prevalence><age>8</age><sex>1</sex><percent>0.0</percent></prevalence><prevalence><age>9</age><sex>0</sex><percent>0.0</percent></prevalence><prevalence><age>9</age><sex>1</sex><percent>0.0</percent></prevalence><prevalence><age>10</age><sex>0</sex><percent>0.0</percent></prevalence><prevalence><age>10</age><sex>1</sex><percent>0.0</percent></prevalence><prevalence><age>11</age><sex>0</sex><percent>0.0</percent></prevalence><prevalence><age>11</age><sex>1</sex><percent>0.0</percent></prevalence><prevalence><age>12</age><sex>0</sex><percent>0.0</percent></prevalence><prevalence><age>12</age><sex>1</sex><percent>0.0</percent></prevalence><prevalence><age>13</age><sex>0</sex><percent>0.0</percent></prevalence><prevalence><age>13</age><sex>1</sex><percent>0.0</percent></prevalence><prevalence><age>14</age><sex>0</sex><percent>0.0</percent></prevalence><prevalence><age>14</age><sex>1</sex><percent>0.0</percent></prevalence><prevalence><age>15</age><sex>0</sex><percent>0.0</percent></prevalence><prevalence><age>15</age><sex>1</sex><percent>0.0</percent></prevalence><prevalence><age>16</age><sex>0</sex><percent>0.0</percent></prevalence><prevalence><age>16</age><sex>1</sex><percent>0.0</percent></prevalence><prevalence><age>17</age><sex>0</sex><percent>0.0</percent></prevalence><prevalence><age>17</age><sex>1</sex><percent>0.0</percent></prevalence><prevalence><age>18</age><sex>0</sex><percent>0.0</percent></prevalence><prevalence><age>18</age><sex>1</sex><percent>0.0</percent></prevalence><prevalence><age>19</age><sex>0</sex><percent>0.0</percent></prevalence><prevalence><age>19</age><sex>1</sex><percent>0.0</percent></prevalence><prevalence><age>20</age><sex>0</sex><percent>0.0</percent></prevalence><prevalence><age>20</age><sex>1</sex><percent>0.0</percent></prevalence><prevalence><age>21</age><sex>0</sex><percent>0.0</percent></prevalence><prevalence><age>21</age><sex>1</sex><percent>0.0</percent></prevalence><prevalence><age>22</age><sex>0</sex><percent>0.0</percent></prevalence><prevalence><age>22</age><sex>1</sex><percent>0.0</percent></prevalence><prevalence><age>23</age><sex>0</sex><percent>0.0</percent></prevalence><prevalence><age>23</age><sex>1</sex><percent>0.0</percent></prevalence><prevalence><age>24</age><sex>0</sex><percent>0.0</percent></prevalence><prevalence><age>24</age><sex>1</sex><percent>0.0</percent></prevalence><prevalence><age>25</age><sex>0</sex><percent>0.0</percent></prevalence><prevalence><age>25</age><sex>1</sex><percent>0.0</percent></prevalence><prevalence><age>26</age><sex>0</sex><percent>0.0</percent></prevalence><prevalence><age>26</age><sex>1</sex><percent>0.0</percent></prevalence><prevalence><age>27</age><sex>0</sex><percent>0.0</percent></prevalence><prevalence><age>27</age><sex>1</sex><percent>0.0</percent></prevalence><prevalence><age>28</age><sex>0</sex><percent>0.0</percent></prevalence><prevalence><age>28</age><sex>1</sex><percent>0.0</percent></prevalence><prevalence><age>29</age><sex>0</sex><percent>0.0</percent></prevalence><prevalence><age>29</age><sex>1</sex><percent>0.0</percent></prevalence><prevalence><age>30</age><sex>0</sex><percent>0.0</percent></prevalence><prevalence><age>30</age><sex>1</sex><percent>0.0</percent></prevalence><prevalence><age>31</age><sex>0</sex><percent>0.0</percent></prevalence><prevalence><age>31</age><sex>1</sex><percent>0.0</percent></prevalence><prevalence><age>32</age><sex>0</sex><percent>0.0</percent></prevalence><prevalence><age>32</age><sex>1</sex><percent>0.0</percent></prevalence><prevalence><age>33</age><sex>0</sex><percent>0.0</percent></prevalence><prevalence><age>33</age><sex>1</sex><percent>0.0</percent></prevalence><prevalence><age>34</age><sex>0</sex><percent>0.0</percent></prevalence><prevalence><age>34</age><sex>1</sex><percent>0.0</percent></prevalence><prevalence><age>35</age><sex>0</sex><percent>0.0</percent></prevalence><prevalence><age>35</age><sex>1</sex><percent>0.0</percent></prevalence><prevalence><age>36</age><sex>0</sex><percent>0.0248299</percent></prevalence><prevalence><age>36</age><sex>1</sex><percent>0.0096749</percent></prevalence><prevalence><age>37</age><sex>0</sex><percent>0.0531107</percent></prevalence><prevalence><age>37</age><sex>1</sex><percent>0.0207463</percent></prevalence><prevalence><age>38</age><sex>0</sex><percent>0.0853462</percent></prevalence><prevalence><age>38</age><sex>1</sex><percent>0.0334513</percent></prevalence><prevalence><age>39</age><sex>0</sex><percent>0.1221097</percent></prevalence><prevalence><age>39</age><sex>1</sex><percent>0.0480664</percent></prevalence><prevalence><age>40</age><sex>0</sex><percent>0.1640518</percent></prevalence><prevalence><age>40</age><sex>1</sex><percent>0.0649147</percent></prevalence><prevalence><age>41</age><sex>0</sex><percent>0.2119094</percent></prevalence><prevalence><age>41</age><sex>1</sex><percent>0.0843724</percent></prevalence><prevalence><age>42</age><sex>0</sex><percent>0.2665144</percent></prevalence><prevalence><age>42</age><sex>1</sex><percent>0.106878</percent></prevalence><prevalence><age>43</age><sex>0</sex><percent>0.3288035</percent></prevalence><prevalence><age>43</age><sex>1</sex><percent>0.1329414</percent></prevalence><prevalence><age>44</age><sex>0</sex><percent>0.3998283</percent></prevalence><prevalence><age>44</age><sex>1</sex><percent>0.1631545</percent></prevalence><prevalence><age>45</age><sex>0</sex><percent>0.4807657</percent></prevalence><prevalence><age>45</age><sex>1</sex><percent>0.1982035</percent></prevalence><prevalence><age>46</age><sex>0</sex><percent>0.5729281</percent></prevalence><prevalence><age>46</age><sex>1</sex><percent>0.2388817</percent></prevalence><prevalence><age>47</age><sex>0</sex><percent>0.6777743</percent></prevalence><prevalence><age>47</age><sex>1</sex><percent>0.2861042</percent></prevalence><prevalence><age>48</age><sex>0</sex><percent>0.7969192</percent></prevalence><prevalence><age>48</age><sex>1</sex><percent>0.3409236</percent></prevalence><prevalence><age>49</age><sex>0</sex><percent>0.9321435</percent></prevalence><prevalence><age>49</age><sex>1</sex><percent>0.4045469</percent></prevalence><prevalence><age>50</age><sex>0</sex><percent>1.0854025</percent></prevalence><prevalence><age>50</age><sex>1</sex><percent>0.4783532</percent></prevalence><prevalence><age>51</age><sex>0</sex><percent>1.2588335</percent></prevalence><prevalence><age>51</age><sex>1</sex><percent>0.5639124</percent></prevalence><prevalence><age>52</age><sex>0</sex><percent>1.454761</percent></prevalence><prevalence><age>52</age><sex>1</sex><percent>0.6630038</percent></prevalence><prevalence><age>53</age><sex>0</sex><percent>1.6757003</percent></prevalence><prevalence><age>53</age><sex>1</sex><percent>0.7776347</percent></prevalence><prevalence><age>54</age><sex>0</sex><percent>1.924358</percent></prevalence><prevalence><age>54</age><sex>1</sex><percent>0.910058</percent></prevalence><prevalence><age>55</age><sex>0</sex><percent>2.203629</percent></prevalence><prevalence><age>55</age><sex>1</sex><percent>1.0627878</percent></prevalence><prevalence><age>56</age><sex>0</sex><percent>2.516589</percent></prevalence><prevalence><age>56</age><sex>1</sex><percent>1.2386122</percent></prevalence><prevalence><age>57</age><sex>0</sex><percent>2.866483</percent></prevalence><prevalence><age>57</age><sex>1</sex><percent>1.4406017</percent></prevalence><prevalence><age>58</age><sex>0</sex><percent>3.256707</percent></prevalence><prevalence><age>58</age><sex>1</sex><percent>1.6721116</percent></prevalence><prevalence><age>59</age><sex>0</sex><percent>3.6907847</percent></prevalence><prevalence><age>59</age><sex>1</sex><percent>1.9367778</percent></prevalence><prevalence><age>60</age><sex>0</sex><percent>4.172337</percent></prevalence><prevalence><age>60</age><sex>1</sex><percent>2.2385015</percent></prevalence><prevalence><age>61</age><sex>0</sex><percent>4.705042</percent></prevalence><prevalence><age>61</age><sex>1</sex><percent>2.5814242</percent></prevalence><prevalence><age>62</age><sex>0</sex><percent>5.292589</percent></prevalence><prevalence><age>62</age><sex>1</sex><percent>2.9698875</percent></prevalence><prevalence><age>63</age><sex>0</sex><percent>5.9386234</percent></prevalence><prevalence><age>63</age><sex>1</sex><percent>3.408378</percent></prevalence><prevalence><age>64</age><sex>0</sex><percent>6.6466804</percent></prevalence><prevalence><age>64</age><sex>1</sex><percent>3.901454</percent></prevalence><prevalence><age>65</age><sex>0</sex><percent>7.420112</percent></prevalence><prevalence><age>65</age><sex>1</sex><percent>4.4536533</percent></prevalence><prevalence><age>66</age><sex>0</sex><percent>8.262005</percent></prevalence><prevalence><age>66</age><sex>1</sex><percent>5.0693774</percent></prevalence><prevalence><age>67</age><sex>0</sex><percent>9.175084</percent></prevalence><prevalence><age>67</age><sex>1</sex><percent>5.7527585</percent></prevalence><prevalence><age>68</age><sex>0</sex><percent>10.161618</percent></prevalence><prevalence><age>68</age><sex>1</sex><percent>6.5074997</percent></prevalence><prevalence><age>69</age><sex>0</sex><percent>11.223307</percent></prevalence><prevalence><age>69</age><sex>1</sex><percent>7.336696</percent></prevalence><prevalence><age>70</age><sex>0</sex><percent>12.361169</percent></prevalence><prevalence><age>70</age><sex>1</sex><percent>8.242637</percent></prevalence><prevalence><age>71</age><sex>0</sex><percent>13.575424</percent></prevalence><prevalence><age>71</age><sex>1</sex><percent>9.22659</percent></prevalence><prevalence><age>72</age><sex>0</sex><percent>14.865372</percent></prevalence><prevalence><age>72</age><sex>1</sex><percent>10.288575</percent></prevalence><prevalence><age>73</age><sex>0</sex><percent>16.229267</percent></prevalence><prevalence><age>73</age><sex>1</sex><percent>11.427127</percent></prevalence><prevalence><age>74</age><sex>0</sex><percent>17.664206</percent></prevalence><prevalence><age>74</age><sex>1</sex><percent>12.639064</percent></prevalence><prevalence><age>75</age><sex>0</sex><percent>19.166002</percent></prevalence><prevalence><age>75</age><sex>1</sex><percent>13.919257</percent></prevalence><prevalence><age>76</age><sex>0</sex><percent>20.729095</percent></prevalence><prevalence><age>76</age><sex>1</sex><percent>15.260425</percent></prevalence><prevalence><age>77</age><sex>0</sex><percent>22.346434</percent></prevalence><prevalence><age>77</age><sex>1</sex><percent>16.652943</percent></prevalence><prevalence><age>78</age><sex>0</sex><percent>24.009405</percent></prevalence><prevalence><age>78</age><sex>1</sex><percent>18.084705</percent></prevalence><prevalence><age>79</age><sex>0</sex><percent>25.707758</percent></prevalence><prevalence><age>79</age><sex>1</sex><percent>19.541021</percent></prevalence><prevalence><age>80</age><sex>0</sex><percent>27.42955</percent></prevalence><prevalence><age>80</age><sex>1</sex><percent>21.004581</percent></prevalence><prevalence><age>81</age><sex>0</sex><percent>29.16112</percent></prevalence><prevalence><age>81</age><sex>1</sex><percent>22.455492</percent></prevalence><prevalence><age>82</age><sex>0</sex><percent>30.887058</percent></prevalence><prevalence><age>82</age><sex>1</sex><percent>23.871395</percent></prevalence><prevalence><age>83</age><sex>0</sex><percent>32.590225</percent></prevalence><prevalence><age>83</age><sex>1</sex><percent>25.227684</percent></prevalence><prevalence><age>84</age><sex>0</sex><percent>34.251762</percent></prevalence><prevalence><age>84</age><sex>1</sex><percent>26.49784</percent></prevalence><prevalence><age>85</age><sex>0</sex><percent>35.85113</percent></prevalence><prevalence><age>85</age><sex>1</sex><percent>27.65389</percent></prevalence><prevalence><age>86</age><sex>0</sex><percent>37.36617</percent></prevalence><prevalence><age>86</age><sex>1</sex><percent>28.667028</percent></prevalence><prevalence><age>87</age><sex>0</sex><percent>38.773163</percent></prevalence><prevalence><age>87</age><sex>1</sex><percent>29.508419</percent></prevalence><prevalence><age>88</age><sex>0</sex><percent>40.04693</percent></prevalence><prevalence><age>88</age><sex>1</sex><percent>30.150206</percent></prevalence><prevalence><age>89</age><sex>0</sex><percent>41.160915</percent></prevalence><prevalence><age>89</age><sex>1</sex><percent>30.566793</percent></prevalence><prevalence><age>90</age><sex>0</sex><percent>42.08733</percent></prevalence><prevalence><age>90</age><sex>1</sex><percent>30.736393</percent></prevalence><prevalence><age>91</age><sex>0</sex><percent>42.797283</percent></prevalence><prevalence><age>91</age><sex>1</sex><percent>30.642897</percent></prevalence><prevalence><age>92</age><sex>0</sex><percent>43.261017</percent></prevalence><prevalence><age>92</age><sex>1</sex><percent>30.277992</percent></prevalence><prevalence><age>93</age><sex>0</sex><percent>43.44818</percent></prevalence><prevalence><age>93</age><sex>1</sex><percent>29.643469</percent></prevalence><prevalence><age>94</age><sex>0</sex><percent>43.32827</percent></prevalence><prevalence><age>94</age><sex>1</sex><percent>28.75343</percent></prevalence><prevalence><age>95</age><sex>0</sex><percent>42.871273</percent></prevalence><prevalence><age>95</age><sex>1</sex><percent>27.63609</percent></prevalence></diseaseprevalences>