<?xml version="1.0"?><excessmortality><unittype>Rate</unittype><parametertype>Acutely Fatal</parametertype><mortalities><mortality><age>0</age><sex>0</sex><unit>0.0</unit><acutelyfatal>0.0</acutelyfatal><curedfraction>0.0</curedfraction></mortality><mortality><age>0</age><sex>1</sex><unit>0.0</unit><acutelyfatal>0.0</acutelyfatal><curedfraction>0.0</curedfraction></mortality><mortality><age>1</age><sex>0</sex><unit>0.0</unit><acutelyfatal>0.0</acutelyfatal><curedfraction>0.0</curedfraction></mortality><mortality><age>1</age><sex>1</sex><unit>0.0</unit><acutelyfatal>0.0</acutelyfatal><curedfraction>0.0</curedfraction></mortality><mortality><age>2</age><sex>0</sex><unit>0.0</unit><acutelyfatal>0.0</acutelyfatal><curedfraction>0.0</curedfraction></mortality><mortality><age>2</age><sex>1</sex><unit>0.0</unit><acutelyfatal>0.0</acutelyfatal><curedfraction>0.0</curedfraction></mortality><mortality><age>3</age><sex>0</sex><unit>0.0</unit><acutelyfatal>0.0</acutelyfatal><curedfraction>0.0</curedfraction></mortality><mortality><age>3</age><sex>1</sex><unit>0.0</unit><acutelyfatal>0.0</acutelyfatal><curedfraction>0.0</curedfraction></mortality><mortality><age>4</age><sex>0</sex><unit>0.0</unit><acutelyfatal>0.0</acutelyfatal><curedfraction>0.0</curedfraction></mortality><mortality><age>4</age><sex>1</sex><unit>0.0</unit><acutelyfatal>0.0</acutelyfatal><curedfraction>0.0</curedfraction></mortality><mortality><age>5</age><sex>0</sex><unit>0.0</unit><acutelyfatal>0.0</acutelyfatal><curedfraction>0.0</curedfraction></mortality><mortality><age>5</age><sex>1</sex><unit>0.0</unit><acutelyfatal>0.0</acutelyfatal><curedfraction>0.0</curedfraction></mortality><mortality><age>6</age><sex>0</sex><unit>0.0</unit><acutelyfatal>0.0</acutelyfatal><curedfraction>0.0</curedfraction></mortality><mortality><age>6</age><sex>1</sex><unit>0.0</unit><acutelyfatal>0.0</acutelyfatal><curedfraction>0.0</curedfraction></mortality><mortality><age>7</age><sex>0</sex><unit>0.0</unit><acutelyfatal>0.0</acutelyfatal><curedfraction>0.0</curedfraction></mortality><mortality><age>7</age><sex>1</sex><unit>0.0</unit><acutelyfatal>0.0</acutelyfatal><curedfraction>0.0</curedfraction></mortality><mortality><age>8</age><sex>0</sex><unit>0.0</unit><acutelyfatal>0.0</acutelyfatal><curedfraction>0.0</curedfraction></mortality><mortality><age>8</age><sex>1</sex><unit>0.0</unit><acutelyfatal>0.0</acutelyfatal><curedfraction>0.0</curedfraction></mortality><mortality><age>9</age><sex>0</sex><unit>0.0</unit><acutelyfatal>0.0</acutelyfatal><curedfraction>0.0</curedfraction></mortality><mortality><age>9</age><sex>1</sex><unit>0.0</unit><acutelyfatal>0.0</acutelyfatal><curedfraction>0.0</curedfraction></mortality><mortality><age>10</age><sex>0</sex><unit>0.0</unit><acutelyfatal>0.0</acutelyfatal><curedfraction>0.0</curedfraction></mortality><mortality><age>10</age><sex>1</sex><unit>0.0</unit><acutelyfatal>0.0</acutelyfatal><curedfraction>0.0</curedfraction></mortality><mortality><age>11</age><sex>0</sex><unit>0.0</unit><acutelyfatal>0.0</acutelyfatal><curedfraction>0.0</curedfraction></mortality><mortality><age>11</age><sex>1</sex><unit>0.0</unit><acutelyfatal>0.0</acutelyfatal><curedfraction>0.0</curedfraction></mortality><mortality><age>12</age><sex>0</sex><unit>0.0</unit><acutelyfatal>0.0</acutelyfatal><curedfraction>0.0</curedfraction></mortality><mortality><age>12</age><sex>1</sex><unit>0.0</unit><acutelyfatal>0.0</acutelyfatal><curedfraction>0.0</curedfraction></mortality><mortality><age>13</age><sex>0</sex><unit>0.0</unit><acutelyfatal>0.0</acutelyfatal><curedfraction>0.0</curedfraction></mortality><mortality><age>13</age><sex>1</sex><unit>0.0</unit><acutelyfatal>0.0</acutelyfatal><curedfraction>0.0</curedfraction></mortality><mortality><age>14</age><sex>0</sex><unit>0.0</unit><acutelyfatal>0.0</acutelyfatal><curedfraction>0.0</curedfraction></mortality><mortality><age>14</age><sex>1</sex><unit>0.0</unit><acutelyfatal>0.0</acutelyfatal><curedfraction>0.0</curedfraction></mortality><mortality><age>15</age><sex>0</sex><unit>3.659E-4</unit><acutelyfatal>0.0</acutelyfatal><curedfraction>0.0</curedfraction></mortality><mortality><age>15</age><sex>1</sex><unit>0.0103356</unit><acutelyfatal>0.0</acutelyfatal><curedfraction>0.0</curedfraction></mortality><mortality><age>16</age><sex>0</sex><unit>0.0015242</unit><acutelyfatal>0.0</acutelyfatal><curedfraction>0.0</curedfraction></mortality><mortality><age>16</age><sex>1</sex><unit>0.0128872</unit><acutelyfatal>0.0</acutelyfatal><curedfraction>0.0</curedfraction></mortality><mortality><age>17</age><sex>0</sex><unit>0.0036364</unit><acutelyfatal>0.0</acutelyfatal><curedfraction>0.0</curedfraction></mortality><mortality><age>17</age><sex>1</sex><unit>0.0145716</unit><acutelyfatal>0.0</acutelyfatal><curedfraction>0.0</curedfraction></mortality><mortality><age>18</age><sex>0</sex><unit>0.0069217</unit><acutelyfatal>0.0</acutelyfatal><curedfraction>0.0</curedfraction></mortality><mortality><age>18</age><sex>1</sex><unit>0.0150659</unit><acutelyfatal>0.0</acutelyfatal><curedfraction>0.0</curedfraction></mortality><mortality><age>19</age><sex>0</sex><unit>0.0114296</unit><acutelyfatal>0.0</acutelyfatal><curedfraction>0.0</curedfraction></mortality><mortality><age>19</age><sex>1</sex><unit>0.0146096</unit><acutelyfatal>0.0</acutelyfatal><curedfraction>0.0</curedfraction></mortality><mortality><age>20</age><sex>0</sex><unit>0.0171671</unit><acutelyfatal>0.0</acutelyfatal><curedfraction>0.0</curedfraction></mortality><mortality><age>20</age><sex>1</sex><unit>0.0135824</unit><acutelyfatal>0.0</acutelyfatal><curedfraction>0.0</curedfraction></mortality><mortality><age>21</age><sex>0</sex><unit>0.0241414</unit><acutelyfatal>0.0</acutelyfatal><curedfraction>0.0</curedfraction></mortality><mortality><age>21</age><sex>1</sex><unit>0.0123644</unit><acutelyfatal>0.0</acutelyfatal><curedfraction>0.0</curedfraction></mortality><mortality><age>22</age><sex>0</sex><unit>0.0323596</unit><acutelyfatal>0.0</acutelyfatal><curedfraction>0.0</curedfraction></mortality><mortality><age>22</age><sex>1</sex><unit>0.0113355</unit><acutelyfatal>0.0</acutelyfatal><curedfraction>0.0</curedfraction></mortality><mortality><age>23</age><sex>0</sex><unit>0.0416214</unit><acutelyfatal>0.0</acutelyfatal><curedfraction>0.0</curedfraction></mortality><mortality><age>23</age><sex>1</sex><unit>0.0108284</unit><acutelyfatal>0.0</acutelyfatal><curedfraction>0.0</curedfraction></mortality><mortality><age>24</age><sex>0</sex><unit>0.0508977</unit><acutelyfatal>0.0</acutelyfatal><curedfraction>0.0</curedfraction></mortality><mortality><age>24</age><sex>1</sex><unit>0.0109873</unit><acutelyfatal>0.0</acutelyfatal><curedfraction>0.0</curedfraction></mortality><mortality><age>25</age><sex>0</sex><unit>0.0589522</unit><acutelyfatal>0.0</acutelyfatal><curedfraction>0.0</curedfraction></mortality><mortality><age>25</age><sex>1</sex><unit>0.0119093</unit><acutelyfatal>0.0</acutelyfatal><curedfraction>0.0</curedfraction></mortality><mortality><age>26</age><sex>0</sex><unit>0.0645482</unit><acutelyfatal>0.0</acutelyfatal><curedfraction>0.0</curedfraction></mortality><mortality><age>26</age><sex>1</sex><unit>0.0136915</unit><acutelyfatal>0.0</acutelyfatal><curedfraction>0.0</curedfraction></mortality><mortality><age>27</age><sex>0</sex><unit>0.0664496</unit><acutelyfatal>0.0</acutelyfatal><curedfraction>0.0</curedfraction></mortality><mortality><age>27</age><sex>1</sex><unit>0.0164308</unit><acutelyfatal>0.0</acutelyfatal><curedfraction>0.0</curedfraction></mortality><mortality><age>28</age><sex>0</sex><unit>0.0639167</unit><acutelyfatal>0.0</acutelyfatal><curedfraction>0.0</curedfraction></mortality><mortality><age>28</age><sex>1</sex><unit>0.0201322</unit><acutelyfatal>0.0</acutelyfatal><curedfraction>0.0</curedfraction></mortality><mortality><age>29</age><sex>0</sex><unit>0.0581977</unit><acutelyfatal>0.0</acutelyfatal><curedfraction>0.0</curedfraction></mortality><mortality><age>29</age><sex>1</sex><unit>0.0244321</unit><acutelyfatal>0.0</acutelyfatal><curedfraction>0.0</curedfraction></mortality><mortality><age>30</age><sex>0</sex><unit>0.0510377</unit><acutelyfatal>0.0</acutelyfatal><curedfraction>0.0</curedfraction></mortality><mortality><age>30</age><sex>1</sex><unit>0.0288745</unit><acutelyfatal>0.0</acutelyfatal><curedfraction>0.0</curedfraction></mortality><mortality><age>31</age><sex>0</sex><unit>0.0441818</unit><acutelyfatal>0.0</acutelyfatal><curedfraction>0.0</curedfraction></mortality><mortality><age>31</age><sex>1</sex><unit>0.0330038</unit><acutelyfatal>0.0</acutelyfatal><curedfraction>0.0</curedfraction></mortality><mortality><age>32</age><sex>0</sex><unit>0.0393751</unit><acutelyfatal>0.0</acutelyfatal><curedfraction>0.0</curedfraction></mortality><mortality><age>32</age><sex>1</sex><unit>0.0363641</unit><acutelyfatal>0.0</acutelyfatal><curedfraction>0.0</curedfraction></mortality><mortality><age>33</age><sex>0</sex><unit>0.0379348</unit><acutelyfatal>0.0</acutelyfatal><curedfraction>0.0</curedfraction></mortality><mortality><age>33</age><sex>1</sex><unit>0.0386473</unit><acutelyfatal>0.0</acutelyfatal><curedfraction>0.0</curedfraction></mortality><mortality><age>34</age><sex>0</sex><unit>0.0394666</unit><acutelyfatal>0.0</acutelyfatal><curedfraction>0.0</curedfraction></mortality><mortality><age>34</age><sex>1</sex><unit>0.0401363</unit><acutelyfatal>0.0</acutelyfatal><curedfraction>0.0</curedfraction></mortality><mortality><age>35</age><sex>0</sex><unit>0.0431485</unit><acutelyfatal>0.0</acutelyfatal><curedfraction>0.0</curedfraction></mortality><mortality><age>35</age><sex>1</sex><unit>0.0412616</unit><acutelyfatal>0.0</acutelyfatal><curedfraction>0.0</curedfraction></mortality><mortality><age>36</age><sex>0</sex><unit>0.0481581</unit><acutelyfatal>0.0</acutelyfatal><curedfraction>0.0</curedfraction></mortality><mortality><age>36</age><sex>1</sex><unit>0.0424536</unit><acutelyfatal>0.0</acutelyfatal><curedfraction>0.0</curedfraction></mortality><mortality><age>37</age><sex>0</sex><unit>0.0536734</unit><acutelyfatal>0.0</acutelyfatal><curedfraction>0.0</curedfraction></mortality><mortality><age>37</age><sex>1</sex><unit>0.0441431</unit><acutelyfatal>0.0</acutelyfatal><curedfraction>0.0</curedfraction></mortality><mortality><age>38</age><sex>0</sex><unit>0.0589803</unit><acutelyfatal>0.0</acutelyfatal><curedfraction>0.0</curedfraction></mortality><mortality><age>38</age><sex>1</sex><unit>0.0466491</unit><acutelyfatal>0.0</acutelyfatal><curedfraction>0.0</curedfraction></mortality><mortality><age>39</age><sex>0</sex><unit>0.0637972</unit><acutelyfatal>0.0</acutelyfatal><curedfraction>0.0</curedfraction></mortality><mortality><age>39</age><sex>1</sex><unit>0.0498454</unit><acutelyfatal>0.0</acutelyfatal><curedfraction>0.0</curedfraction></mortality><mortality><age>40</age><sex>0</sex><unit>0.0679508</unit><acutelyfatal>0.0</acutelyfatal><curedfraction>0.0</curedfraction></mortality><mortality><age>40</age><sex>1</sex><unit>0.0534943</unit><acutelyfatal>0.0</acutelyfatal><curedfraction>0.0</curedfraction></mortality><mortality><age>41</age><sex>0</sex><unit>0.0712675</unit><acutelyfatal>0.0</acutelyfatal><curedfraction>0.0</curedfraction></mortality><mortality><age>41</age><sex>1</sex><unit>0.057358</unit><acutelyfatal>0.0</acutelyfatal><curedfraction>0.0</curedfraction></mortality><mortality><age>42</age><sex>0</sex><unit>0.0735739</unit><acutelyfatal>0.0</acutelyfatal><curedfraction>0.0</curedfraction></mortality><mortality><age>42</age><sex>1</sex><unit>0.0611991</unit><acutelyfatal>0.0</acutelyfatal><curedfraction>0.0</curedfraction></mortality><mortality><age>43</age><sex>0</sex><unit>0.0747625</unit><acutelyfatal>0.0</acutelyfatal><curedfraction>0.0</curedfraction></mortality><mortality><age>43</age><sex>1</sex><unit>0.0647676</unit><acutelyfatal>0.0</acutelyfatal><curedfraction>0.0</curedfraction></mortality><mortality><age>44</age><sex>0</sex><unit>0.0749893</unit><acutelyfatal>0.0</acutelyfatal><curedfraction>0.0</curedfraction></mortality><mortality><age>44</age><sex>1</sex><unit>0.0677656</unit><acutelyfatal>0.0</acutelyfatal><curedfraction>0.0</curedfraction></mortality><mortality><age>45</age><sex>0</sex><unit>0.0744763</unit><acutelyfatal>0.0</acutelyfatal><curedfraction>0.0</curedfraction></mortality><mortality><age>45</age><sex>1</sex><unit>0.0698829</unit><acutelyfatal>0.0</acutelyfatal><curedfraction>0.0</curedfraction></mortality><mortality><age>46</age><sex>0</sex><unit>0.0734457</unit><acutelyfatal>0.0</acutelyfatal><curedfraction>0.0</curedfraction></mortality><mortality><age>46</age><sex>1</sex><unit>0.0708094</unit><acutelyfatal>0.0</acutelyfatal><curedfraction>0.0</curedfraction></mortality><mortality><age>47</age><sex>0</sex><unit>0.0721194</unit><acutelyfatal>0.0</acutelyfatal><curedfraction>0.0</curedfraction></mortality><mortality><age>47</age><sex>1</sex><unit>0.070235</unit><acutelyfatal>0.0</acutelyfatal><curedfraction>0.0</curedfraction></mortality><mortality><age>48</age><sex>0</sex><unit>0.0706874</unit><acutelyfatal>0.0</acutelyfatal><curedfraction>0.0</curedfraction></mortality><mortality><age>48</age><sex>1</sex><unit>0.0680088</unit><acutelyfatal>0.0</acutelyfatal><curedfraction>0.0</curedfraction></mortality><mortality><age>49</age><sex>0</sex><unit>0.0692119</unit><acutelyfatal>0.0</acutelyfatal><curedfraction>0.0</curedfraction></mortality><mortality><age>49</age><sex>1</sex><unit>0.0646168</unit><acutelyfatal>0.0</acutelyfatal><curedfraction>0.0</curedfraction></mortality><mortality><age>50</age><sex>0</sex><unit>0.0677233</unit><acutelyfatal>0.0</acutelyfatal><curedfraction>0.0</curedfraction></mortality><mortality><age>50</age><sex>1</sex><unit>0.0607046</unit><acutelyfatal>0.0</acutelyfatal><curedfraction>0.0</curedfraction></mortality><mortality><age>51</age><sex>0</sex><unit>0.0662518</unit><acutelyfatal>0.0</acutelyfatal><curedfraction>0.0</curedfraction></mortality><mortality><age>51</age><sex>1</sex><unit>0.0569173</unit><acutelyfatal>0.0</acutelyfatal><curedfraction>0.0</curedfraction></mortality><mortality><age>52</age><sex>0</sex><unit>0.0648277</unit><acutelyfatal>0.0</acutelyfatal><curedfraction>0.0</curedfraction></mortality><mortality><age>52</age><sex>1</sex><unit>0.0539004</unit><acutelyfatal>0.0</acutelyfatal><curedfraction>0.0</curedfraction></mortality><mortality><age>53</age><sex>0</sex><unit>0.0634887</unit><acutelyfatal>0.0</acutelyfatal><curedfraction>0.0</curedfraction></mortality><mortality><age>53</age><sex>1</sex><unit>0.0521387</unit><acutelyfatal>0.0</acutelyfatal><curedfraction>0.0</curedfraction></mortality><mortality><age>54</age><sex>0</sex><unit>0.0623025</unit><acutelyfatal>0.0</acutelyfatal><curedfraction>0.0</curedfraction></mortality><mortality><age>54</age><sex>1</sex><unit>0.0514753</unit><acutelyfatal>0.0</acutelyfatal><curedfraction>0.0</curedfraction></mortality><mortality><age>55</age><sex>0</sex><unit>0.0613445</unit><acutelyfatal>0.0</acutelyfatal><curedfraction>0.0</curedfraction></mortality><mortality><age>55</age><sex>1</sex><unit>0.051593</unit><acutelyfatal>0.0</acutelyfatal><curedfraction>0.0</curedfraction></mortality><mortality><age>56</age><sex>0</sex><unit>0.0606898</unit><acutelyfatal>0.0</acutelyfatal><curedfraction>0.0</curedfraction></mortality><mortality><age>56</age><sex>1</sex><unit>0.0521743</unit><acutelyfatal>0.0</acutelyfatal><curedfraction>0.0</curedfraction></mortality><mortality><age>57</age><sex>0</sex><unit>0.0604138</unit><acutelyfatal>0.0</acutelyfatal><curedfraction>0.0</curedfraction></mortality><mortality><age>57</age><sex>1</sex><unit>0.0529019</unit><acutelyfatal>0.0</acutelyfatal><curedfraction>0.0</curedfraction></mortality><mortality><age>58</age><sex>0</sex><unit>0.0605586</unit><acutelyfatal>0.0</acutelyfatal><curedfraction>0.0</curedfraction></mortality><mortality><age>58</age><sex>1</sex><unit>0.053515</unit><acutelyfatal>0.0</acutelyfatal><curedfraction>0.0</curedfraction></mortality><mortality><age>59</age><sex>0</sex><unit>0.0610348</unit><acutelyfatal>0.0</acutelyfatal><curedfraction>0.0</curedfraction></mortality><mortality><age>59</age><sex>1</sex><unit>0.0539792</unit><acutelyfatal>0.0</acutelyfatal><curedfraction>0.0</curedfraction></mortality><mortality><age>60</age><sex>0</sex><unit>0.0617196</unit><acutelyfatal>0.0</acutelyfatal><curedfraction>0.0</curedfraction></mortality><mortality><age>60</age><sex>1</sex><unit>0.0543167</unit><acutelyfatal>0.0</acutelyfatal><curedfraction>0.0</curedfraction></mortality><mortality><age>61</age><sex>0</sex><unit>0.0624904</unit><acutelyfatal>0.0</acutelyfatal><curedfraction>0.0</curedfraction></mortality><mortality><age>61</age><sex>1</sex><unit>0.0545496</unit><acutelyfatal>0.0</acutelyfatal><curedfraction>0.0</curedfraction></mortality><mortality><age>62</age><sex>0</sex><unit>0.0632247</unit><acutelyfatal>0.0</acutelyfatal><curedfraction>0.0</curedfraction></mortality><mortality><age>62</age><sex>1</sex><unit>0.0547</unit><acutelyfatal>0.0</acutelyfatal><curedfraction>0.0</curedfraction></mortality><mortality><age>63</age><sex>0</sex><unit>0.0638146</unit><acutelyfatal>0.0</acutelyfatal><curedfraction>0.0</curedfraction></mortality><mortality><age>63</age><sex>1</sex><unit>0.0547938</unit><acutelyfatal>0.0</acutelyfatal><curedfraction>0.0</curedfraction></mortality><mortality><age>64</age><sex>0</sex><unit>0.0642103</unit><acutelyfatal>0.0</acutelyfatal><curedfraction>0.0</curedfraction></mortality><mortality><age>64</age><sex>1</sex><unit>0.0548712</unit><acutelyfatal>0.0</acutelyfatal><curedfraction>0.0</curedfraction></mortality><mortality><age>65</age><sex>0</sex><unit>0.0643772</unit><acutelyfatal>0.0</acutelyfatal><curedfraction>0.0</curedfraction></mortality><mortality><age>65</age><sex>1</sex><unit>0.0549759</unit><acutelyfatal>0.0</acutelyfatal><curedfraction>0.0</curedfraction></mortality><mortality><age>66</age><sex>0</sex><unit>0.0642802</unit><acutelyfatal>0.0</acutelyfatal><curedfraction>0.0</curedfraction></mortality><mortality><age>66</age><sex>1</sex><unit>0.055152</unit><acutelyfatal>0.0</acutelyfatal><curedfraction>0.0</curedfraction></mortality><mortality><age>67</age><sex>0</sex><unit>0.0638845</unit><acutelyfatal>0.0</acutelyfatal><curedfraction>0.0</curedfraction></mortality><mortality><age>67</age><sex>1</sex><unit>0.0554432</unit><acutelyfatal>0.0</acutelyfatal><curedfraction>0.0</curedfraction></mortality><mortality><age>68</age><sex>0</sex><unit>0.0632028</unit><acutelyfatal>0.0</acutelyfatal><curedfraction>0.0</curedfraction></mortality><mortality><age>68</age><sex>1</sex><unit>0.0558933</unit><acutelyfatal>0.0</acutelyfatal><curedfraction>0.0</curedfraction></mortality><mortality><age>69</age><sex>0</sex><unit>0.0624389</unit><acutelyfatal>0.0</acutelyfatal><curedfraction>0.0</curedfraction></mortality><mortality><age>69</age><sex>1</sex><unit>0.056546</unit><acutelyfatal>0.0</acutelyfatal><curedfraction>0.0</curedfraction></mortality><mortality><age>70</age><sex>0</sex><unit>0.0618441</unit><acutelyfatal>0.0</acutelyfatal><curedfraction>0.0</curedfraction></mortality><mortality><age>70</age><sex>1</sex><unit>0.0574449</unit><acutelyfatal>0.0</acutelyfatal><curedfraction>0.0</curedfraction></mortality><mortality><age>71</age><sex>0</sex><unit>0.0616699</unit><acutelyfatal>0.0</acutelyfatal><curedfraction>0.0</curedfraction></mortality><mortality><age>71</age><sex>1</sex><unit>0.0586336</unit><acutelyfatal>0.0</acutelyfatal><curedfraction>0.0</curedfraction></mortality><mortality><age>72</age><sex>0</sex><unit>0.0621676</unit><acutelyfatal>0.0</acutelyfatal><curedfraction>0.0</curedfraction></mortality><mortality><age>72</age><sex>1</sex><unit>0.0601557</unit><acutelyfatal>0.0</acutelyfatal><curedfraction>0.0</curedfraction></mortality><mortality><age>73</age><sex>0</sex><unit>0.0634925</unit><acutelyfatal>0.0</acutelyfatal><curedfraction>0.0</curedfraction></mortality><mortality><age>73</age><sex>1</sex><unit>0.0620206</unit><acutelyfatal>0.0</acutelyfatal><curedfraction>0.0</curedfraction></mortality><mortality><age>74</age><sex>0</sex><unit>0.065416</unit><acutelyfatal>0.0</acutelyfatal><curedfraction>0.0</curedfraction></mortality><mortality><age>74</age><sex>1</sex><unit>0.0641003</unit><acutelyfatal>0.0</acutelyfatal><curedfraction>0.0</curedfraction></mortality><mortality><age>75</age><sex>0</sex><unit>0.0676134</unit><acutelyfatal>0.0</acutelyfatal><curedfraction>0.0</curedfraction></mortality><mortality><age>75</age><sex>1</sex><unit>0.0662331</unit><acutelyfatal>0.0</acutelyfatal><curedfraction>0.0</curedfraction></mortality><mortality><age>76</age><sex>0</sex><unit>0.0697599</unit><acutelyfatal>0.0</acutelyfatal><curedfraction>0.0</curedfraction></mortality><mortality><age>76</age><sex>1</sex><unit>0.0682567</unit><acutelyfatal>0.0</acutelyfatal><curedfraction>0.0</curedfraction></mortality><mortality><age>77</age><sex>0</sex><unit>0.0715307</unit><acutelyfatal>0.0</acutelyfatal><curedfraction>0.0</curedfraction></mortality><mortality><age>77</age><sex>1</sex><unit>0.0700092</unit><acutelyfatal>0.0</acutelyfatal><curedfraction>0.0</curedfraction></mortality><mortality><age>78</age><sex>0</sex><unit>0.0727292</unit><acutelyfatal>0.0</acutelyfatal><curedfraction>0.0</curedfraction></mortality><mortality><age>78</age><sex>1</sex><unit>0.0714357</unit><acutelyfatal>0.0</acutelyfatal><curedfraction>0.0</curedfraction></mortality><mortality><age>79</age><sex>0</sex><unit>0.0736704</unit><acutelyfatal>0.0</acutelyfatal><curedfraction>0.0</curedfraction></mortality><mortality><age>79</age><sex>1</sex><unit>0.0729098</unit><acutelyfatal>0.0</acutelyfatal><curedfraction>0.0</curedfraction></mortality><mortality><age>80</age><sex>0</sex><unit>0.0747974</unit><acutelyfatal>0.0</acutelyfatal><curedfraction>0.0</curedfraction></mortality><mortality><age>80</age><sex>1</sex><unit>0.0749122</unit><acutelyfatal>0.0</acutelyfatal><curedfraction>0.0</curedfraction></mortality><mortality><age>81</age><sex>0</sex><unit>0.0765532</unit><acutelyfatal>0.0</acutelyfatal><curedfraction>0.0</curedfraction></mortality><mortality><age>81</age><sex>1</sex><unit>0.0779236</unit><acutelyfatal>0.0</acutelyfatal><curedfraction>0.0</curedfraction></mortality><mortality><age>82</age><sex>0</sex><unit>0.0793808</unit><acutelyfatal>0.0</acutelyfatal><curedfraction>0.0</curedfraction></mortality><mortality><age>82</age><sex>1</sex><unit>0.0824247</unit><acutelyfatal>0.0</acutelyfatal><curedfraction>0.0</curedfraction></mortality><mortality><age>83</age><sex>0</sex><unit>0.0835409</unit><acutelyfatal>0.0</acutelyfatal><curedfraction>0.0</curedfraction></mortality><mortality><age>83</age><sex>1</sex><unit>0.0886776</unit><acutelyfatal>0.0</acutelyfatal><curedfraction>0.0</curedfraction></mortality><mortality><age>84</age><sex>0</sex><unit>0.0885639</unit><acutelyfatal>0.0</acutelyfatal><curedfraction>0.0</curedfraction></mortality><mortality><age>84</age><sex>1</sex><unit>0.0960688</unit><acutelyfatal>0.0</acutelyfatal><curedfraction>0.0</curedfraction></mortality><mortality><age>85</age><sex>0</sex><unit>0.0937979</unit><acutelyfatal>0.0</acutelyfatal><curedfraction>0.0</curedfraction></mortality><mortality><age>85</age><sex>1</sex><unit>0.1037663</unit><acutelyfatal>0.0</acutelyfatal><curedfraction>0.0</curedfraction></mortality><mortality><age>86</age><sex>0</sex><unit>0.0985909</unit><acutelyfatal>0.0</acutelyfatal><curedfraction>0.0</curedfraction></mortality><mortality><age>86</age><sex>1</sex><unit>0.110938</unit><acutelyfatal>0.0</acutelyfatal><curedfraction>0.0</curedfraction></mortality><mortality><age>87</age><sex>0</sex><unit>0.1022908</unit><acutelyfatal>0.0</acutelyfatal><curedfraction>0.0</curedfraction></mortality><mortality><age>87</age><sex>1</sex><unit>0.1167519</unit><acutelyfatal>0.0</acutelyfatal><curedfraction>0.0</curedfraction></mortality><mortality><age>88</age><sex>0</sex><unit>0.104415</unit><acutelyfatal>0.0</acutelyfatal><curedfraction>0.0</curedfraction></mortality><mortality><age>88</age><sex>1</sex><unit>0.1205945</unit><acutelyfatal>0.0</acutelyfatal><curedfraction>0.0</curedfraction></mortality><mortality><age>89</age><sex>0</sex><unit>0.1051582</unit><acutelyfatal>0.0</acutelyfatal><curedfraction>0.0</curedfraction></mortality><mortality><age>89</age><sex>1</sex><unit>0.1227275</unit><acutelyfatal>0.0</acutelyfatal><curedfraction>0.0</curedfraction></mortality><mortality><age>90</age><sex>0</sex><unit>0.1048841</unit><acutelyfatal>0.0</acutelyfatal><curedfraction>0.0</curedfraction></mortality><mortality><age>90</age><sex>1</sex><unit>0.1236312</unit><acutelyfatal>0.0</acutelyfatal><curedfraction>0.0</curedfraction></mortality><mortality><age>91</age><sex>0</sex><unit>0.1039568</unit><acutelyfatal>0.0</acutelyfatal><curedfraction>0.0</curedfraction></mortality><mortality><age>91</age><sex>1</sex><unit>0.1237859</unit><acutelyfatal>0.0</acutelyfatal><curedfraction>0.0</curedfraction></mortality><mortality><age>92</age><sex>0</sex><unit>0.1027401</unit><acutelyfatal>0.0</acutelyfatal><curedfraction>0.0</curedfraction></mortality><mortality><age>92</age><sex>1</sex><unit>0.1236721</unit><acutelyfatal>0.0</acutelyfatal><curedfraction>0.0</curedfraction></mortality><mortality><age>93</age><sex>0</sex><unit>0.1015417</unit><acutelyfatal>0.0</acutelyfatal><curedfraction>0.0</curedfraction></mortality><mortality><age>93</age><sex>1</sex><unit>0.1236845</unit><acutelyfatal>0.0</acutelyfatal><curedfraction>0.0</curedfraction></mortality><mortality><age>94</age><sex>0</sex><unit>0.1004442</unit><acutelyfatal>0.0</acutelyfatal><curedfraction>0.0</curedfraction></mortality><mortality><age>94</age><sex>1</sex><unit>0.1238761</unit><acutelyfatal>0.0</acutelyfatal><curedfraction>0.0</curedfraction></mortality><mortality><age>95</age><sex>0</sex><unit>0.0985984</unit><acutelyfatal>0.0</acutelyfatal><curedfraction>0.0</curedfraction></mortality><mortality><age>95</age><sex>1</sex><unit>0.1250114</unit><acutelyfatal>0.0</acutelyfatal><curedfraction>0.0</curedfraction></mortality></mortalities></excessmortality>