<?xml version="1.0" encoding="UTF-8" standalone="no"?><attributableMortalities><attributableMortality><age>0</age><sex>0</sex><value>0.0</value></attributableMortality><attributableMortality><age>0</age><sex>1</sex><value>0.0</value></attributableMortality><attributableMortality><age>1</age><sex>0</sex><value>0.0</value></attributableMortality><attributableMortality><age>1</age><sex>1</sex><value>0.0</value></attributableMortality><attributableMortality><age>2</age><sex>0</sex><value>0.0</value></attributableMortality><attributableMortality><age>2</age><sex>1</sex><value>0.0</value></attributableMortality><attributableMortality><age>3</age><sex>0</sex><value>0.0</value></attributableMortality><attributableMortality><age>3</age><sex>1</sex><value>0.0</value></attributableMortality><attributableMortality><age>4</age><sex>0</sex><value>0.0</value></attributableMortality><attributableMortality><age>4</age><sex>1</sex><value>0.0</value></attributableMortality><attributableMortality><age>5</age><sex>0</sex><value>0.0</value></attributableMortality><attributableMortality><age>5</age><sex>1</sex><value>0.0</value></attributableMortality><attributableMortality><age>6</age><sex>0</sex><value>0.0</value></attributableMortality><attributableMortality><age>6</age><sex>1</sex><value>0.0</value></attributableMortality><attributableMortality><age>7</age><sex>0</sex><value>0.0</value></attributableMortality><attributableMortality><age>7</age><sex>1</sex><value>0.0</value></attributableMortality><attributableMortality><age>8</age><sex>0</sex><value>0.0</value></attributableMortality><attributableMortality><age>8</age><sex>1</sex><value>0.0</value></attributableMortality><attributableMortality><age>9</age><sex>0</sex><value>0.0</value></attributableMortality><attributableMortality><age>9</age><sex>1</sex><value>0.0</value></attributableMortality><attributableMortality><age>10</age><sex>0</sex><value>0.0</value></attributableMortality><attributableMortality><age>10</age><sex>1</sex><value>0.0</value></attributableMortality><attributableMortality><age>11</age><sex>0</sex><value>0.0</value></attributableMortality><attributableMortality><age>11</age><sex>1</sex><value>0.0</value></attributableMortality><attributableMortality><age>12</age><sex>0</sex><value>0.0</value></attributableMortality><attributableMortality><age>12</age><sex>1</sex><value>0.0</value></attributableMortality><attributableMortality><age>13</age><sex>0</sex><value>0.0</value></attributableMortality><attributableMortality><age>13</age><sex>1</sex><value>0.0</value></attributableMortality><attributableMortality><age>14</age><sex>0</sex><value>0.0</value></attributableMortality><attributableMortality><age>14</age><sex>1</sex><value>0.0</value></attributableMortality><attributableMortality><age>15</age><sex>0</sex><value>0.5335644</value></attributableMortality><attributableMortality><age>15</age><sex>1</sex><value>0.0</value></attributableMortality><attributableMortality><age>16</age><sex>0</sex><value>0.32474732</value></attributableMortality><attributableMortality><age>16</age><sex>1</sex><value>0.007518</value></attributableMortality><attributableMortality><age>17</age><sex>0</sex><value>0.1489454</value></attributableMortality><attributableMortality><age>17</age><sex>1</sex><value>0.023598</value></attributableMortality><attributableMortality><age>18</age><sex>0</sex><value>0.037944596</value></attributableMortality><attributableMortality><age>18</age><sex>1</sex><value>0.048986</value></attributableMortality><attributableMortality><age>19</age><sex>0</sex><value>0.0</value></attributableMortality><attributableMortality><age>19</age><sex>1</sex><value>0.081045</value></attributableMortality><attributableMortality><age>20</age><sex>0</sex><value>0.0</value></attributableMortality><attributableMortality><age>20</age><sex>1</sex><value>0.116148</value></attributableMortality><attributableMortality><age>21</age><sex>0</sex><value>0.0</value></attributableMortality><attributableMortality><age>21</age><sex>1</sex><value>0.1506682</value></attributableMortality><attributableMortality><age>22</age><sex>0</sex><value>0.0053214873</value></attributableMortality><attributableMortality><age>22</age><sex>1</sex><value>0.18098043</value></attributableMortality><attributableMortality><age>23</age><sex>0</sex><value>0.020022808</value></attributableMortality><attributableMortality><age>23</age><sex>1</sex><value>0.20444489</value></attributableMortality><attributableMortality><age>24</age><sex>0</sex><value>0.029553317</value></attributableMortality><attributableMortality><age>24</age><sex>1</sex><value>0.22237873</value></attributableMortality><attributableMortality><age>25</age><sex>0</sex><value>0.037641693</value></attributableMortality><attributableMortality><age>25</age><sex>1</sex><value>0.23708966</value></attributableMortality><attributableMortality><age>26</age><sex>0</sex><value>0.048012957</value></attributableMortality><attributableMortality><age>26</age><sex>1</sex><value>0.2508822</value></attributableMortality><attributableMortality><age>27</age><sex>0</sex><value>0.06439408</value></attributableMortality><attributableMortality><age>27</age><sex>1</sex><value>0.2660615</value></attributableMortality><attributableMortality><age>28</age><sex>0</sex><value>0.08977765</value></attributableMortality><attributableMortality><age>28</age><sex>1</sex><value>0.28404763</value></attributableMortality><attributableMortality><age>29</age><sex>0</sex><value>0.124214925</value></attributableMortality><attributableMortality><age>29</age><sex>1</sex><value>0.3027115</value></attributableMortality><attributableMortality><age>30</age><sex>0</sex><value>0.16702157</value></attributableMortality><attributableMortality><age>30</age><sex>1</sex><value>0.31904072</value></attributableMortality><attributableMortality><age>31</age><sex>0</sex><value>0.2175114</value></attributableMortality><attributableMortality><age>31</age><sex>1</sex><value>0.3300201</value></attributableMortality><attributableMortality><age>32</age><sex>0</sex><value>0.275005</value></attributableMortality><attributableMortality><age>32</age><sex>1</sex><value>0.33263567</value></attributableMortality><attributableMortality><age>33</age><sex>0</sex><value>0.3386086</value></attributableMortality><attributableMortality><age>33</age><sex>1</sex><value>0.3252016</value></attributableMortality><attributableMortality><age>34</age><sex>0</sex><value>0.40660086</value></attributableMortality><attributableMortality><age>34</age><sex>1</sex><value>0.3113384</value></attributableMortality><attributableMortality><age>35</age><sex>0</sex><value>0.47705096</value></attributableMortality><attributableMortality><age>35</age><sex>1</sex><value>0.29599398</value></attributableMortality><attributableMortality><age>36</age><sex>0</sex><value>0.54803073</value></attributableMortality><attributableMortality><age>36</age><sex>1</sex><value>0.2841176</value></attributableMortality><attributableMortality><age>37</age><sex>0</sex><value>0.61761</value></attributableMortality><attributableMortality><age>37</age><sex>1</sex><value>0.28065914</value></attributableMortality><attributableMortality><age>38</age><sex>0</sex><value>0.6839882</value></attributableMortality><attributableMortality><age>38</age><sex>1</sex><value>0.2891759</value></attributableMortality><attributableMortality><age>39</age><sex>0</sex><value>0.74588364</value></attributableMortality><attributableMortality><age>39</age><sex>1</sex><value>0.307659</value></attributableMortality><attributableMortality><age>40</age><sex>0</sex><value>0.8021358</value></attributableMortality><attributableMortality><age>40</age><sex>1</sex><value>0.33271065</value></attributableMortality><attributableMortality><age>41</age><sex>0</sex><value>0.8515948</value></attributableMortality><attributableMortality><age>41</age><sex>1</sex><value>0.3609283</value></attributableMortality><attributableMortality><age>42</age><sex>0</sex><value>0.893106</value></attributableMortality><attributableMortality><age>42</age><sex>1</sex><value>0.38891265</value></attributableMortality><attributableMortality><age>43</age><sex>0</sex><value>0.9258693</value></attributableMortality><attributableMortality><age>43</age><sex>1</sex><value>0.41377154</value></attributableMortality><attributableMortality><age>44</age><sex>0</sex><value>0.9505123</value></attributableMortality><attributableMortality><age>44</age><sex>1</sex><value>0.43462592</value></attributableMortality><attributableMortality><age>45</age><sex>0</sex><value>0.96804583</value></attributableMortality><attributableMortality><age>45</age><sex>1</sex><value>0.4510946</value></attributableMortality><attributableMortality><age>46</age><sex>0</sex><value>0.97944134</value></attributableMortality><attributableMortality><age>46</age><sex>1</sex><value>0.4628142</value></attributableMortality><attributableMortality><age>47</age><sex>0</sex><value>0.9857092</value></attributableMortality><attributableMortality><age>47</age><sex>1</sex><value>0.46940258</value></attributableMortality><attributableMortality><age>48</age><sex>0</sex><value>0.9878644</value></attributableMortality><attributableMortality><age>48</age><sex>1</sex><value>0.47084168</value></attributableMortality><attributableMortality><age>49</age><sex>0</sex><value>0.98707473</value></attributableMortality><attributableMortality><age>49</age><sex>1</sex><value>0.468523</value></attributableMortality><attributableMortality><age>50</age><sex>0</sex><value>0.9845489</value></attributableMortality><attributableMortality><age>50</age><sex>1</sex><value>0.46418765</value></attributableMortality><attributableMortality><age>51</age><sex>0</sex><value>0.98150057</value></attributableMortality><attributableMortality><age>51</age><sex>1</sex><value>0.45958525</value></attributableMortality><attributableMortality><age>52</age><sex>0</sex><value>0.97912335</value></attributableMortality><attributableMortality><age>52</age><sex>1</sex><value>0.45646584</value></attributableMortality><attributableMortality><age>53</age><sex>0</sex><value>0.9781769</value></attributableMortality><attributableMortality><age>53</age><sex>1</sex><value>0.45605016</value></attributableMortality><attributableMortality><age>54</age><sex>0</sex><value>0.97756505</value></attributableMortality><attributableMortality><age>54</age><sex>1</sex><value>0.45758972</value></attributableMortality><attributableMortality><age>55</age><sex>0</sex><value>0.9757272</value></attributableMortality><attributableMortality><age>55</age><sex>1</sex><value>0.45980006</value></attributableMortality><attributableMortality><age>56</age><sex>0</sex><value>0.9711145</value></attributableMortality><attributableMortality><age>56</age><sex>1</sex><value>0.4613954</value></attributableMortality><attributableMortality><age>57</age><sex>0</sex><value>0.9621762</value></attributableMortality><attributableMortality><age>57</age><sex>1</sex><value>0.46111912</value></attributableMortality><attributableMortality><age>58</age><sex>0</sex><value>0.948104</value></attributableMortality><attributableMortality><age>58</age><sex>1</sex><value>0.45811218</value></attributableMortality><attributableMortality><age>59</age><sex>0</sex><value>0.93104404</value></attributableMortality><attributableMortality><age>59</age><sex>1</sex><value>0.4532905</value></attributableMortality><attributableMortality><age>60</age><sex>0</sex><value>0.91390496</value></attributableMortality><attributableMortality><age>60</age><sex>1</sex><value>0.4480025</value></attributableMortality><attributableMortality><age>61</age><sex>0</sex><value>0.8995497</value></attributableMortality><attributableMortality><age>61</age><sex>1</sex><value>0.4435597</value></attributableMortality><attributableMortality><age>62</age><sex>0</sex><value>0.890924</value></attributableMortality><attributableMortality><age>62</age><sex>1</sex><value>0.44133386</value></attributableMortality><attributableMortality><age>63</age><sex>0</sex><value>0.8899426</value></attributableMortality><attributableMortality><age>63</age><sex>1</sex><value>0.44225654</value></attributableMortality><attributableMortality><age>64</age><sex>0</sex><value>0.8947397</value></attributableMortality><attributableMortality><age>64</age><sex>1</sex><value>0.445622</value></attributableMortality><attributableMortality><age>65</age><sex>0</sex><value>0.9024862</value></attributableMortality><attributableMortality><age>65</age><sex>1</sex><value>0.45030838</value></attributableMortality><attributableMortality><age>66</age><sex>0</sex><value>0.91032094</value></attributableMortality><attributableMortality><age>66</age><sex>1</sex><value>0.4552112</value></attributableMortality><attributableMortality><age>67</age><sex>0</sex><value>0.9154322</value></attributableMortality><attributableMortality><age>67</age><sex>1</sex><value>0.45921528</value></attributableMortality><attributableMortality><age>68</age><sex>0</sex><value>0.91560364</value></attributableMortality><attributableMortality><age>68</age><sex>1</sex><value>0.4614046</value></attributableMortality><attributableMortality><age>69</age><sex>0</sex><value>0.9111161</value></attributableMortality><attributableMortality><age>69</age><sex>1</sex><value>0.46169376</value></attributableMortality><attributableMortality><age>70</age><sex>0</sex><value>0.9028088</value></attributableMortality><attributableMortality><age>70</age><sex>1</sex><value>0.4601428</value></attributableMortality><attributableMortality><age>71</age><sex>0</sex><value>0.8917087</value></attributableMortality><attributableMortality><age>71</age><sex>1</sex><value>0.4570197</value></attributableMortality><attributableMortality><age>72</age><sex>0</sex><value>0.87866366</value></attributableMortality><attributableMortality><age>72</age><sex>1</sex><value>0.45236853</value></attributableMortality><attributableMortality><age>73</age><sex>0</sex><value>0.86460924</value></attributableMortality><attributableMortality><age>73</age><sex>1</sex><value>0.4464349</value></attributableMortality><attributableMortality><age>74</age><sex>0</sex><value>0.85056716</value></attributableMortality><attributableMortality><age>74</age><sex>1</sex><value>0.43995965</value></attributableMortality><attributableMortality><age>75</age><sex>0</sex><value>0.8375789</value></attributableMortality><attributableMortality><age>75</age><sex>1</sex><value>0.4337576</value></attributableMortality><attributableMortality><age>76</age><sex>0</sex><value>0.8267395</value></attributableMortality><attributableMortality><age>76</age><sex>1</sex><value>0.42870808</value></attributableMortality><attributableMortality><age>77</age><sex>0</sex><value>0.81905466</value></attributableMortality><attributableMortality><age>77</age><sex>1</sex><value>0.42563984</value></attributableMortality><attributableMortality><age>78</age><sex>0</sex><value>0.81518835</value></attributableMortality><attributableMortality><age>78</age><sex>1</sex><value>0.42530668</value></attributableMortality><attributableMortality><age>79</age><sex>0</sex><value>0.81414926</value></attributableMortality><attributableMortality><age>79</age><sex>1</sex><value>0.42811835</value></attributableMortality><attributableMortality><age>80</age><sex>0</sex><value>0.81441754</value></attributableMortality><attributableMortality><age>80</age><sex>1</sex><value>0.4342848</value></attributableMortality><attributableMortality><age>81</age><sex>0</sex><value>0.815074</value></attributableMortality><attributableMortality><age>81</age><sex>1</sex><value>0.44434595</value></attributableMortality><attributableMortality><age>82</age><sex>0</sex><value>0.81455934</value></attributableMortality><attributableMortality><age>82</age><sex>1</sex><value>0.45851976</value></attributableMortality><attributableMortality><age>83</age><sex>0</sex><value>0.81204575</value></attributableMortality><attributableMortality><age>83</age><sex>1</sex><value>0.4769817</value></attributableMortality><attributableMortality><age>84</age><sex>0</sex><value>0.80821127</value></attributableMortality><attributableMortality><age>84</age><sex>1</sex><value>0.49942982</value></attributableMortality><attributableMortality><age>85</age><sex>0</sex><value>0.8045249</value></attributableMortality><attributableMortality><age>85</age><sex>1</sex><value>0.52541125</value></attributableMortality><attributableMortality><age>86</age><sex>0</sex><value>0.80230623</value></attributableMortality><attributableMortality><age>86</age><sex>1</sex><value>0.55445313</value></attributableMortality><attributableMortality><age>87</age><sex>0</sex><value>0.8028552</value></attributableMortality><attributableMortality><age>87</age><sex>1</sex><value>0.58610713</value></attributableMortality><attributableMortality><age>88</age><sex>0</sex><value>0.80782896</value></attributableMortality><attributableMortality><age>88</age><sex>1</sex><value>0.621539</value></attributableMortality><attributableMortality><age>89</age><sex>0</sex><value>0.8195151</value></attributableMortality><attributableMortality><age>89</age><sex>1</sex><value>0.6683952</value></attributableMortality><attributableMortality><age>90</age><sex>0</sex><value>0.8406109</value></attributableMortality><attributableMortality><age>90</age><sex>1</sex><value>0.7359223</value></attributableMortality><attributableMortality><age>91</age><sex>0</sex><value>0.8737029</value></attributableMortality><attributableMortality><age>91</age><sex>1</sex><value>0.83338</value></attributableMortality><attributableMortality><age>92</age><sex>0</sex><value>0.92132676</value></attributableMortality><attributableMortality><age>92</age><sex>1</sex><value>0.9700152</value></attributableMortality><attributableMortality><age>93</age><sex>0</sex><value>0.98503447</value></attributableMortality><attributableMortality><age>93</age><sex>1</sex><value>1.1513635</value></attributableMortality><attributableMortality><age>94</age><sex>0</sex><value>1.0612348</value></attributableMortality><attributableMortality><age>94</age><sex>1</sex><value>1.3680886</value></attributableMortality><attributableMortality><age>95</age><sex>0</sex><value>1.2590606</value></attributableMortality><attributableMortality><age>95</age><sex>1</sex><value>1.9357758</value></attributableMortality></attributableMortalities>