<?xml version="1.0" encoding="UTF-8" standalone="no"?><attributableMortalities><attributableMortality><age>0</age><sex>0</sex><value>0.0</value></attributableMortality><attributableMortality><age>0</age><sex>1</sex><value>0.0</value></attributableMortality><attributableMortality><age>1</age><sex>0</sex><value>0.0</value></attributableMortality><attributableMortality><age>1</age><sex>1</sex><value>0.0</value></attributableMortality><attributableMortality><age>2</age><sex>0</sex><value>0.0</value></attributableMortality><attributableMortality><age>2</age><sex>1</sex><value>0.0</value></attributableMortality><attributableMortality><age>3</age><sex>0</sex><value>0.0</value></attributableMortality><attributableMortality><age>3</age><sex>1</sex><value>0.0</value></attributableMortality><attributableMortality><age>4</age><sex>0</sex><value>0.0</value></attributableMortality><attributableMortality><age>4</age><sex>1</sex><value>0.0</value></attributableMortality><attributableMortality><age>5</age><sex>0</sex><value>0.0</value></attributableMortality><attributableMortality><age>5</age><sex>1</sex><value>0.0</value></attributableMortality><attributableMortality><age>6</age><sex>0</sex><value>0.0</value></attributableMortality><attributableMortality><age>6</age><sex>1</sex><value>0.0</value></attributableMortality><attributableMortality><age>7</age><sex>0</sex><value>0.0</value></attributableMortality><attributableMortality><age>7</age><sex>1</sex><value>0.0</value></attributableMortality><attributableMortality><age>8</age><sex>0</sex><value>0.0</value></attributableMortality><attributableMortality><age>8</age><sex>1</sex><value>0.0</value></attributableMortality><attributableMortality><age>9</age><sex>0</sex><value>0.0</value></attributableMortality><attributableMortality><age>9</age><sex>1</sex><value>0.0</value></attributableMortality><attributableMortality><age>10</age><sex>0</sex><value>0.0</value></attributableMortality><attributableMortality><age>10</age><sex>1</sex><value>0.0</value></attributableMortality><attributableMortality><age>11</age><sex>0</sex><value>0.0</value></attributableMortality><attributableMortality><age>11</age><sex>1</sex><value>0.0</value></attributableMortality><attributableMortality><age>12</age><sex>0</sex><value>0.0</value></attributableMortality><attributableMortality><age>12</age><sex>1</sex><value>0.0</value></attributableMortality><attributableMortality><age>13</age><sex>0</sex><value>0.0</value></attributableMortality><attributableMortality><age>13</age><sex>1</sex><value>0.0</value></attributableMortality><attributableMortality><age>14</age><sex>0</sex><value>0.0</value></attributableMortality><attributableMortality><age>14</age><sex>1</sex><value>0.0</value></attributableMortality><attributableMortality><age>15</age><sex>0</sex><value>0.0102211</value></attributableMortality><attributableMortality><age>15</age><sex>1</sex><value>0.0</value></attributableMortality><attributableMortality><age>16</age><sex>0</sex><value>0.0082265</value></attributableMortality><attributableMortality><age>16</age><sex>1</sex><value>0.040581</value></attributableMortality><attributableMortality><age>17</age><sex>0</sex><value>0.0</value></attributableMortality><attributableMortality><age>17</age><sex>1</sex><value>0.165375</value></attributableMortality><attributableMortality><age>18</age><sex>0</sex><value>0.0</value></attributableMortality><attributableMortality><age>18</age><sex>1</sex><value>0.36345997</value></attributableMortality><attributableMortality><age>19</age><sex>0</sex><value>0.0</value></attributableMortality><attributableMortality><age>19</age><sex>1</sex><value>0.598348</value></attributableMortality><attributableMortality><age>20</age><sex>0</sex><value>0.0</value></attributableMortality><attributableMortality><age>20</age><sex>1</sex><value>0.822392</value></attributableMortality><attributableMortality><age>21</age><sex>0</sex><value>0.0455531</value></attributableMortality><attributableMortality><age>21</age><sex>1</sex><value>0.98794997</value></attributableMortality><attributableMortality><age>22</age><sex>0</sex><value>0.1489534</value></attributableMortality><attributableMortality><age>22</age><sex>1</sex><value>1.047377</value></attributableMortality><attributableMortality><age>23</age><sex>0</sex><value>0.3121018</value></attributableMortality><attributableMortality><age>23</age><sex>1</sex><value>0.97055</value></attributableMortality><attributableMortality><age>24</age><sex>0</sex><value>0.514248</value></attributableMortality><attributableMortality><age>24</age><sex>1</sex><value>0.797437</value></attributableMortality><attributableMortality><age>25</age><sex>0</sex><value>0.7274817</value></attributableMortality><attributableMortality><age>25</age><sex>1</sex><value>0.585529</value></attributableMortality><attributableMortality><age>26</age><sex>0</sex><value>0.9238922</value></attributableMortality><attributableMortality><age>26</age><sex>1</sex><value>0.392317</value></attributableMortality><attributableMortality><age>27</age><sex>0</sex><value>1.0755692</value></attributableMortality><attributableMortality><age>27</age><sex>1</sex><value>0.27529</value></attributableMortality><attributableMortality><age>28</age><sex>0</sex><value>1.1619304</value></attributableMortality><attributableMortality><age>28</age><sex>1</sex><value>0.275284</value></attributableMortality><attributableMortality><age>29</age><sex>0</sex><value>1.1917071</value></attributableMortality><attributableMortality><age>29</age><sex>1</sex><value>0.366513</value></attributableMortality><attributableMortality><age>30</age><sex>0</sex><value>1.1809587</value></attributableMortality><attributableMortality><age>30</age><sex>1</sex><value>0.5065379</value></attributableMortality><attributableMortality><age>31</age><sex>0</sex><value>1.1457452</value></attributableMortality><attributableMortality><age>31</age><sex>1</sex><value>0.652917</value></attributableMortality><attributableMortality><age>32</age><sex>0</sex><value>1.1021255</value></attributableMortality><attributableMortality><age>32</age><sex>1</sex><value>0.76321</value></attributableMortality><attributableMortality><age>33</age><sex>0</sex><value>1.0635498</value></attributableMortality><attributableMortality><age>33</age><sex>1</sex><value>0.805443</value></attributableMortality><attributableMortality><age>34</age><sex>0</sex><value>1.0330255</value></attributableMortality><attributableMortality><age>34</age><sex>1</sex><value>0.78950393</value></attributableMortality><attributableMortality><age>35</age><sex>0</sex><value>1.0109512</value></attributableMortality><attributableMortality><age>35</age><sex>1</sex><value>0.735748</value></attributableMortality><attributableMortality><age>36</age><sex>0</sex><value>0.9977247</value></attributableMortality><attributableMortality><age>36</age><sex>1</sex><value>0.664531</value></attributableMortality><attributableMortality><age>37</age><sex>0</sex><value>0.99374425</value></attributableMortality><attributableMortality><age>37</age><sex>1</sex><value>0.596207</value></attributableMortality><attributableMortality><age>38</age><sex>0</sex><value>0.9987088</value></attributableMortality><attributableMortality><age>38</age><sex>1</sex><value>0.547458</value></attributableMortality><attributableMortality><age>39</age><sex>0</sex><value>1.0095229</value></attributableMortality><attributableMortality><age>39</age><sex>1</sex><value>0.520275</value></attributableMortality><attributableMortality><age>40</age><sex>0</sex><value>1.0223919</value></attributableMortality><attributableMortality><age>40</age><sex>1</sex><value>0.512972</value></attributableMortality><attributableMortality><age>41</age><sex>0</sex><value>1.033521</value></attributableMortality><attributableMortality><age>41</age><sex>1</sex><value>0.523868</value></attributableMortality><attributableMortality><age>42</age><sex>0</sex><value>1.0391164</value></attributableMortality><attributableMortality><age>42</age><sex>1</sex><value>0.551277</value></attributableMortality><attributableMortality><age>43</age><sex>0</sex><value>1.0363283</value></attributableMortality><attributableMortality><age>43</age><sex>1</sex><value>0.59226805</value></attributableMortality><attributableMortality><age>44</age><sex>0</sex><value>1.0260898</value></attributableMortality><attributableMortality><age>44</age><sex>1</sex><value>0.638909</value></attributableMortality><attributableMortality><age>45</age><sex>0</sex><value>1.0102792</value></attributableMortality><attributableMortality><age>45</age><sex>1</sex><value>0.682023</value></attributableMortality><attributableMortality><age>46</age><sex>0</sex><value>0.9907747</value></attributableMortality><attributableMortality><age>46</age><sex>1</sex><value>0.71242905</value></attributableMortality><attributableMortality><age>47</age><sex>0</sex><value>0.9694546</value></attributableMortality><attributableMortality><age>47</age><sex>1</sex><value>0.720948</value></attributableMortality><attributableMortality><age>48</age><sex>0</sex><value>0.9480442</value></attributableMortality><attributableMortality><age>48</age><sex>1</sex><value>0.7015421</value></attributableMortality><attributableMortality><age>49</age><sex>0</sex><value>0.9276579</value></attributableMortality><attributableMortality><age>49</age><sex>1</sex><value>0.660735</value></attributableMortality><attributableMortality><age>50</age><sex>0</sex><value>0.9092569</value></attributableMortality><attributableMortality><age>50</age><sex>1</sex><value>0.608193</value></attributableMortality><attributableMortality><age>51</age><sex>0</sex><value>0.8938028</value></attributableMortality><attributableMortality><age>51</age><sex>1</sex><value>0.55358</value></attributableMortality><attributableMortality><age>52</age><sex>0</sex><value>0.8822568</value></attributableMortality><attributableMortality><age>52</age><sex>1</sex><value>0.506564</value></attributableMortality><attributableMortality><age>53</age><sex>0</sex><value>0.8751845</value></attributableMortality><attributableMortality><age>53</age><sex>1</sex><value>0.47454104</value></attributableMortality><attributableMortality><age>54</age><sex>0</sex><value>0.87156767</value></attributableMortality><attributableMortality><age>54</age><sex>1</sex><value>0.455844</value></attributableMortality><attributableMortality><age>55</age><sex>0</sex><value>0.8699924</value></attributableMortality><attributableMortality><age>55</age><sex>1</sex><value>0.446536</value></attributableMortality><attributableMortality><age>56</age><sex>0</sex><value>0.8690445</value></attributableMortality><attributableMortality><age>56</age><sex>1</sex><value>0.44268104</value></attributableMortality><attributableMortality><age>57</age><sex>0</sex><value>0.8673099</value></attributableMortality><attributableMortality><age>57</age><sex>1</sex><value>0.440344</value></attributableMortality><attributableMortality><age>58</age><sex>0</sex><value>0.8636478</value></attributableMortality><attributableMortality><age>58</age><sex>1</sex><value>0.43629497</value></attributableMortality><attributableMortality><age>59</age><sex>0</sex><value>0.8580103</value></attributableMortality><attributableMortality><age>59</age><sex>1</sex><value>0.43013498</value></attributableMortality><attributableMortality><age>60</age><sex>0</sex><value>0.8506226</value></attributableMortality><attributableMortality><age>60</age><sex>1</sex><value>0.422172</value></attributableMortality><attributableMortality><age>61</age><sex>0</sex><value>0.84171</value></attributableMortality><attributableMortality><age>61</age><sex>1</sex><value>0.41271204</value></attributableMortality><attributableMortality><age>62</age><sex>0</sex><value>0.83149767</value></attributableMortality><attributableMortality><age>62</age><sex>1</sex><value>0.40206304</value></attributableMortality><attributableMortality><age>63</age><sex>0</sex><value>0.8203228</value></attributableMortality><attributableMortality><age>63</age><sex>1</sex><value>0.39083296</value></attributableMortality><attributableMortality><age>64</age><sex>0</sex><value>0.8089705</value></attributableMortality><attributableMortality><age>64</age><sex>1</sex><value>0.380836</value></attributableMortality><attributableMortality><age>65</age><sex>0</sex><value>0.7983376</value></attributableMortality><attributableMortality><age>65</age><sex>1</sex><value>0.37418503</value></attributableMortality><attributableMortality><age>66</age><sex>0</sex><value>0.78932095</value></attributableMortality><attributableMortality><age>66</age><sex>1</sex><value>0.372993</value></attributableMortality><attributableMortality><age>67</age><sex>0</sex><value>0.7828174</value></attributableMortality><attributableMortality><age>67</age><sex>1</sex><value>0.37937397</value></attributableMortality><attributableMortality><age>68</age><sex>0</sex><value>0.7794027</value></attributableMortality><attributableMortality><age>68</age><sex>1</sex><value>0.394562</value></attributableMortality><attributableMortality><age>69</age><sex>0</sex><value>0.7783658</value></attributableMortality><attributableMortality><age>69</age><sex>1</sex><value>0.416265</value></attributableMortality><attributableMortality><age>70</age><sex>0</sex><value>0.7786742</value></attributableMortality><attributableMortality><age>70</age><sex>1</sex><value>0.44131103</value></attributableMortality><attributableMortality><age>71</age><sex>0</sex><value>0.7792959</value></attributableMortality><attributableMortality><age>71</age><sex>1</sex><value>0.46653</value></attributableMortality><attributableMortality><age>72</age><sex>0</sex><value>0.7791983</value></attributableMortality><attributableMortality><age>72</age><sex>1</sex><value>0.48874998</value></attributableMortality><attributableMortality><age>73</age><sex>0</sex><value>0.7776294</value></attributableMortality><attributableMortality><age>73</age><sex>1</sex><value>0.505639</value></attributableMortality><attributableMortality><age>74</age><sex>0</sex><value>0.774958</value></attributableMortality><attributableMortality><age>74</age><sex>1</sex><value>0.518222</value></attributableMortality><attributableMortality><age>75</age><sex>0</sex><value>0.7718333</value></attributableMortality><attributableMortality><age>75</age><sex>1</sex><value>0.5283661</value></attributableMortality><attributableMortality><age>76</age><sex>0</sex><value>0.7689041</value></attributableMortality><attributableMortality><age>76</age><sex>1</sex><value>0.537937</value></attributableMortality><attributableMortality><age>77</age><sex>0</sex><value>0.7668196</value></attributableMortality><attributableMortality><age>77</age><sex>1</sex><value>0.548799</value></attributableMortality><attributableMortality><age>78</age><sex>0</sex><value>0.7661067</value></attributableMortality><attributableMortality><age>78</age><sex>1</sex><value>0.56273097</value></attributableMortality><attributableMortality><age>79</age><sex>0</sex><value>0.7668048</value></attributableMortality><attributableMortality><age>79</age><sex>1</sex><value>0.5811471</value></attributableMortality><attributableMortality><age>80</age><sex>0</sex><value>0.7688311</value></attributableMortality><attributableMortality><age>80</age><sex>1</sex><value>0.60537595</value></attributableMortality><attributableMortality><age>81</age><sex>0</sex><value>0.7721023</value></attributableMortality><attributableMortality><age>81</age><sex>1</sex><value>0.636744</value></attributableMortality><attributableMortality><age>82</age><sex>0</sex><value>0.776536</value></attributableMortality><attributableMortality><age>82</age><sex>1</sex><value>0.676578</value></attributableMortality><attributableMortality><age>83</age><sex>0</sex><value>0.781976</value></attributableMortality><attributableMortality><age>83</age><sex>1</sex><value>0.725205</value></attributableMortality><attributableMortality><age>84</age><sex>0</sex><value>0.7879735</value></attributableMortality><attributableMortality><age>84</age><sex>1</sex><value>0.778949</value></attributableMortality><attributableMortality><age>85</age><sex>0</sex><value>0.7940065</value></attributableMortality><attributableMortality><age>85</age><sex>1</sex><value>0.833131</value></attributableMortality><attributableMortality><age>86</age><sex>0</sex><value>0.7995529</value></attributableMortality><attributableMortality><age>86</age><sex>1</sex><value>0.883076</value></attributableMortality><attributableMortality><age>87</age><sex>0</sex><value>0.8040909</value></attributableMortality><attributableMortality><age>87</age><sex>1</sex><value>0.92410505</value></attributableMortality><attributableMortality><age>88</age><sex>0</sex><value>0.8074392</value></attributableMortality><attributableMortality><age>88</age><sex>1</sex><value>0.953441</value></attributableMortality><attributableMortality><age>89</age><sex>0</sex><value>0.81078064</value></attributableMortality><attributableMortality><age>89</age><sex>1</sex><value>0.97591</value></attributableMortality><attributableMortality><age>90</age><sex>0</sex><value>0.81563884</value></attributableMortality><attributableMortality><age>90</age><sex>1</sex><value>0.998236</value></attributableMortality><attributableMortality><age>91</age><sex>0</sex><value>0.8235373</value></attributableMortality><attributableMortality><age>91</age><sex>1</sex><value>1.027142</value></attributableMortality><attributableMortality><age>92</age><sex>0</sex><value>0.8359998</value></attributableMortality><attributableMortality><age>92</age><sex>1</sex><value>1.069355</value></attributableMortality><attributableMortality><age>93</age><sex>0</sex><value>0.85404736</value></attributableMortality><attributableMortality><age>93</age><sex>1</sex><value>1.129655</value></attributableMortality><attributableMortality><age>94</age><sex>0</sex><value>0.8766913</value></attributableMortality><attributableMortality><age>94</age><sex>1</sex><value>1.20505</value></attributableMortality><attributableMortality><age>95</age><sex>0</sex><value>0.94321394</value></attributableMortality><attributableMortality><age>95</age><sex>1</sex><value>1.4282191</value></attributableMortality></attributableMortalities>