<?xml version="1.0" encoding="UTF-8" standalone="no"?><attributableMortalities><attributableMortality><age>0</age><sex>0</sex><value>0.0</value></attributableMortality><attributableMortality><age>0</age><sex>1</sex><value>0.0</value></attributableMortality><attributableMortality><age>1</age><sex>0</sex><value>0.0</value></attributableMortality><attributableMortality><age>1</age><sex>1</sex><value>0.0</value></attributableMortality><attributableMortality><age>2</age><sex>0</sex><value>0.0</value></attributableMortality><attributableMortality><age>2</age><sex>1</sex><value>0.0</value></attributableMortality><attributableMortality><age>3</age><sex>0</sex><value>0.0</value></attributableMortality><attributableMortality><age>3</age><sex>1</sex><value>0.0</value></attributableMortality><attributableMortality><age>4</age><sex>0</sex><value>0.0</value></attributableMortality><attributableMortality><age>4</age><sex>1</sex><value>0.0</value></attributableMortality><attributableMortality><age>5</age><sex>0</sex><value>0.0</value></attributableMortality><attributableMortality><age>5</age><sex>1</sex><value>0.0</value></attributableMortality><attributableMortality><age>6</age><sex>0</sex><value>0.0</value></attributableMortality><attributableMortality><age>6</age><sex>1</sex><value>0.0</value></attributableMortality><attributableMortality><age>7</age><sex>0</sex><value>0.0</value></attributableMortality><attributableMortality><age>7</age><sex>1</sex><value>0.0</value></attributableMortality><attributableMortality><age>8</age><sex>0</sex><value>0.0</value></attributableMortality><attributableMortality><age>8</age><sex>1</sex><value>0.0</value></attributableMortality><attributableMortality><age>9</age><sex>0</sex><value>0.0</value></attributableMortality><attributableMortality><age>9</age><sex>1</sex><value>0.0</value></attributableMortality><attributableMortality><age>10</age><sex>0</sex><value>0.0</value></attributableMortality><attributableMortality><age>10</age><sex>1</sex><value>0.0</value></attributableMortality><attributableMortality><age>11</age><sex>0</sex><value>0.0</value></attributableMortality><attributableMortality><age>11</age><sex>1</sex><value>0.0</value></attributableMortality><attributableMortality><age>12</age><sex>0</sex><value>0.0</value></attributableMortality><attributableMortality><age>12</age><sex>1</sex><value>0.0</value></attributableMortality><attributableMortality><age>13</age><sex>0</sex><value>0.0</value></attributableMortality><attributableMortality><age>13</age><sex>1</sex><value>0.0</value></attributableMortality><attributableMortality><age>14</age><sex>0</sex><value>0.0</value></attributableMortality><attributableMortality><age>14</age><sex>1</sex><value>0.0</value></attributableMortality><attributableMortality><age>15</age><sex>0</sex><value>0.0</value></attributableMortality><attributableMortality><age>15</age><sex>1</sex><value>0.0</value></attributableMortality><attributableMortality><age>16</age><sex>0</sex><value>0.0</value></attributableMortality><attributableMortality><age>16</age><sex>1</sex><value>0.0</value></attributableMortality><attributableMortality><age>17</age><sex>0</sex><value>0.0</value></attributableMortality><attributableMortality><age>17</age><sex>1</sex><value>0.0</value></attributableMortality><attributableMortality><age>18</age><sex>0</sex><value>0.0</value></attributableMortality><attributableMortality><age>18</age><sex>1</sex><value>0.0</value></attributableMortality><attributableMortality><age>19</age><sex>0</sex><value>0.0</value></attributableMortality><attributableMortality><age>19</age><sex>1</sex><value>0.0</value></attributableMortality><attributableMortality><age>20</age><sex>0</sex><value>0.0</value></attributableMortality><attributableMortality><age>20</age><sex>1</sex><value>0.0</value></attributableMortality><attributableMortality><age>21</age><sex>0</sex><value>0.0</value></attributableMortality><attributableMortality><age>21</age><sex>1</sex><value>0.0</value></attributableMortality><attributableMortality><age>22</age><sex>0</sex><value>0.0</value></attributableMortality><attributableMortality><age>22</age><sex>1</sex><value>0.0</value></attributableMortality><attributableMortality><age>23</age><sex>0</sex><value>0.0</value></attributableMortality><attributableMortality><age>23</age><sex>1</sex><value>0.0</value></attributableMortality><attributableMortality><age>24</age><sex>0</sex><value>0.0</value></attributableMortality><attributableMortality><age>24</age><sex>1</sex><value>0.0</value></attributableMortality><attributableMortality><age>25</age><sex>0</sex><value>0.0</value></attributableMortality><attributableMortality><age>25</age><sex>1</sex><value>0.0</value></attributableMortality><attributableMortality><age>26</age><sex>0</sex><value>0.0</value></attributableMortality><attributableMortality><age>26</age><sex>1</sex><value>0.0</value></attributableMortality><attributableMortality><age>27</age><sex>0</sex><value>0.0</value></attributableMortality><attributableMortality><age>27</age><sex>1</sex><value>0.0</value></attributableMortality><attributableMortality><age>28</age><sex>0</sex><value>0.0</value></attributableMortality><attributableMortality><age>28</age><sex>1</sex><value>0.0</value></attributableMortality><attributableMortality><age>29</age><sex>0</sex><value>0.0</value></attributableMortality><attributableMortality><age>29</age><sex>1</sex><value>0.0</value></attributableMortality><attributableMortality><age>30</age><sex>0</sex><value>0.0</value></attributableMortality><attributableMortality><age>30</age><sex>1</sex><value>0.0</value></attributableMortality><attributableMortality><age>31</age><sex>0</sex><value>0.0</value></attributableMortality><attributableMortality><age>31</age><sex>1</sex><value>0.0</value></attributableMortality><attributableMortality><age>32</age><sex>0</sex><value>0.0</value></attributableMortality><attributableMortality><age>32</age><sex>1</sex><value>0.0</value></attributableMortality><attributableMortality><age>33</age><sex>0</sex><value>0.0</value></attributableMortality><attributableMortality><age>33</age><sex>1</sex><value>0.0</value></attributableMortality><attributableMortality><age>34</age><sex>0</sex><value>0.0</value></attributableMortality><attributableMortality><age>34</age><sex>1</sex><value>0.0</value></attributableMortality><attributableMortality><age>35</age><sex>0</sex><value>0.0224601</value></attributableMortality><attributableMortality><age>35</age><sex>1</sex><value>0.0129463</value></attributableMortality><attributableMortality><age>36</age><sex>0</sex><value>0.022440502</value></attributableMortality><attributableMortality><age>36</age><sex>1</sex><value>0.012630893</value></attributableMortality><attributableMortality><age>37</age><sex>0</sex><value>0.022521235</value></attributableMortality><attributableMortality><age>37</age><sex>1</sex><value>0.012408321</value></attributableMortality><attributableMortality><age>38</age><sex>0</sex><value>0.022628844</value></attributableMortality><attributableMortality><age>38</age><sex>1</sex><value>0.012232857</value></attributableMortality><attributableMortality><age>39</age><sex>0</sex><value>0.022760829</value></attributableMortality><attributableMortality><age>39</age><sex>1</sex><value>0.012102562</value></attributableMortality><attributableMortality><age>40</age><sex>0</sex><value>0.022922613</value></attributableMortality><attributableMortality><age>40</age><sex>1</sex><value>0.012009942</value></attributableMortality><attributableMortality><age>41</age><sex>0</sex><value>0.023108678</value></attributableMortality><attributableMortality><age>41</age><sex>1</sex><value>0.011958364</value></attributableMortality><attributableMortality><age>42</age><sex>0</sex><value>0.023318507</value></attributableMortality><attributableMortality><age>42</age><sex>1</sex><value>0.011946768</value></attributableMortality><attributableMortality><age>43</age><sex>0</sex><value>0.023554884</value></attributableMortality><attributableMortality><age>43</age><sex>1</sex><value>0.01196795</value></attributableMortality><attributableMortality><age>44</age><sex>0</sex><value>0.023824604</value></attributableMortality><attributableMortality><age>44</age><sex>1</sex><value>0.012021282</value></attributableMortality><attributableMortality><age>45</age><sex>0</sex><value>0.024107685</value></attributableMortality><attributableMortality><age>45</age><sex>1</sex><value>0.0121189775</value></attributableMortality><attributableMortality><age>46</age><sex>0</sex><value>0.024426064</value></attributableMortality><attributableMortality><age>46</age><sex>1</sex><value>0.012240999</value></attributableMortality><attributableMortality><age>47</age><sex>0</sex><value>0.024760311</value></attributableMortality><attributableMortality><age>47</age><sex>1</sex><value>0.012403517</value></attributableMortality><attributableMortality><age>48</age><sex>0</sex><value>0.02512399</value></attributableMortality><attributableMortality><age>48</age><sex>1</sex><value>0.012599189</value></attributableMortality><attributableMortality><age>49</age><sex>0</sex><value>0.025519254</value></attributableMortality><attributableMortality><age>49</age><sex>1</sex><value>0.012829626</value></attributableMortality><attributableMortality><age>50</age><sex>0</sex><value>0.025943972</value></attributableMortality><attributableMortality><age>50</age><sex>1</sex><value>0.013102848</value></attributableMortality><attributableMortality><age>51</age><sex>0</sex><value>0.026390705</value></attributableMortality><attributableMortality><age>51</age><sex>1</sex><value>0.013413168</value></attributableMortality><attributableMortality><age>52</age><sex>0</sex><value>0.02687232</value></attributableMortality><attributableMortality><age>52</age><sex>1</sex><value>0.013753561</value></attributableMortality><attributableMortality><age>53</age><sex>0</sex><value>0.027374733</value></attributableMortality><attributableMortality><age>53</age><sex>1</sex><value>0.014156457</value></attributableMortality><attributableMortality><age>54</age><sex>0</sex><value>0.027904227</value></attributableMortality><attributableMortality><age>54</age><sex>1</sex><value>0.0145897595</value></attributableMortality><attributableMortality><age>55</age><sex>0</sex><value>0.028469546</value></attributableMortality><attributableMortality><age>55</age><sex>1</sex><value>0.015067094</value></attributableMortality><attributableMortality><age>56</age><sex>0</sex><value>0.02906722</value></attributableMortality><attributableMortality><age>56</age><sex>1</sex><value>0.015603859</value></attributableMortality><attributableMortality><age>57</age><sex>0</sex><value>0.029697474</value></attributableMortality><attributableMortality><age>57</age><sex>1</sex><value>0.016176198</value></attributableMortality><attributableMortality><age>58</age><sex>0</sex><value>0.030358972</value></attributableMortality><attributableMortality><age>58</age><sex>1</sex><value>0.01681266</value></attributableMortality><attributableMortality><age>59</age><sex>0</sex><value>0.03106309</value></attributableMortality><attributableMortality><age>59</age><sex>1</sex><value>0.017506083</value></attributableMortality><attributableMortality><age>60</age><sex>0</sex><value>0.031804446</value></attributableMortality><attributableMortality><age>60</age><sex>1</sex><value>0.018254591</value></attributableMortality><attributableMortality><age>61</age><sex>0</sex><value>0.032612856</value></attributableMortality><attributableMortality><age>61</age><sex>1</sex><value>0.01909638</value></attributableMortality><attributableMortality><age>62</age><sex>0</sex><value>0.033442337</value></attributableMortality><attributableMortality><age>62</age><sex>1</sex><value>0.020000884</value></attributableMortality><attributableMortality><age>63</age><sex>0</sex><value>0.034323025</value></attributableMortality><attributableMortality><age>63</age><sex>1</sex><value>0.020964483</value></attributableMortality><attributableMortality><age>64</age><sex>0</sex><value>0.03524751</value></attributableMortality><attributableMortality><age>64</age><sex>1</sex><value>0.022006487</value></attributableMortality><attributableMortality><age>65</age><sex>0</sex><value>0.036230456</value></attributableMortality><attributableMortality><age>65</age><sex>1</sex><value>0.02316094</value></attributableMortality><attributableMortality><age>66</age><sex>0</sex><value>0.037262384</value></attributableMortality><attributableMortality><age>66</age><sex>1</sex><value>0.024388703</value></attributableMortality><attributableMortality><age>67</age><sex>0</sex><value>0.038345896</value></attributableMortality><attributableMortality><age>67</age><sex>1</sex><value>0.025715163</value></attributableMortality><attributableMortality><age>68</age><sex>0</sex><value>0.03948801</value></attributableMortality><attributableMortality><age>68</age><sex>1</sex><value>0.02716015</value></attributableMortality><attributableMortality><age>69</age><sex>0</sex><value>0.04069559</value></attributableMortality><attributableMortality><age>69</age><sex>1</sex><value>0.028730117</value></attributableMortality><attributableMortality><age>70</age><sex>0</sex><value>0.04205835</value></attributableMortality><attributableMortality><age>70</age><sex>1</sex><value>0.030530987</value></attributableMortality><attributableMortality><age>71</age><sex>0</sex><value>0.043423124</value></attributableMortality><attributableMortality><age>71</age><sex>1</sex><value>0.032366384</value></attributableMortality><attributableMortality><age>72</age><sex>0</sex><value>0.044871636</value></attributableMortality><attributableMortality><age>72</age><sex>1</sex><value>0.034359735</value></attributableMortality><attributableMortality><age>73</age><sex>0</sex><value>0.04640567</value></attributableMortality><attributableMortality><age>73</age><sex>1</sex><value>0.036519106</value></attributableMortality><attributableMortality><age>74</age><sex>0</sex><value>0.04803493</value></attributableMortality><attributableMortality><age>74</age><sex>1</sex><value>0.038842328</value></attributableMortality><attributableMortality><age>75</age><sex>0</sex><value>0.049773168</value></attributableMortality><attributableMortality><age>75</age><sex>1</sex><value>0.041378416</value></attributableMortality><attributableMortality><age>76</age><sex>0</sex><value>0.051595416</value></attributableMortality><attributableMortality><age>76</age><sex>1</sex><value>0.04410796</value></attributableMortality><attributableMortality><age>77</age><sex>0</sex><value>0.053537697</value></attributableMortality><attributableMortality><age>77</age><sex>1</sex><value>0.04705965</value></attributableMortality><attributableMortality><age>78</age><sex>0</sex><value>0.055602763</value></attributableMortality><attributableMortality><age>78</age><sex>1</sex><value>0.05025824</value></attributableMortality><attributableMortality><age>79</age><sex>0</sex><value>0.05784603</value></attributableMortality><attributableMortality><age>79</age><sex>1</sex><value>0.053724974</value></attributableMortality><attributableMortality><age>80</age><sex>0</sex><value>0.060548883</value></attributableMortality><attributableMortality><age>80</age><sex>1</sex><value>0.057620335</value></attributableMortality><attributableMortality><age>81</age><sex>0</sex><value>0.06315159</value></attributableMortality><attributableMortality><age>81</age><sex>1</sex><value>0.061678536</value></attributableMortality><attributableMortality><age>82</age><sex>0</sex><value>0.06595953</value></attributableMortality><attributableMortality><age>82</age><sex>1</sex><value>0.066052</value></attributableMortality><attributableMortality><age>83</age><sex>0</sex><value>0.068945356</value></attributableMortality><attributableMortality><age>83</age><sex>1</sex><value>0.070772894</value></attributableMortality><attributableMortality><age>84</age><sex>0</sex><value>0.072263196</value></attributableMortality><attributableMortality><age>84</age><sex>1</sex><value>0.07583595</value></attributableMortality><attributableMortality><age>85</age><sex>0</sex><value>0.07584926</value></attributableMortality><attributableMortality><age>85</age><sex>1</sex><value>0.081252776</value></attributableMortality><attributableMortality><age>86</age><sex>0</sex><value>0.07974207</value></attributableMortality><attributableMortality><age>86</age><sex>1</sex><value>0.087037526</value></attributableMortality><attributableMortality><age>87</age><sex>0</sex><value>0.08399578</value></attributableMortality><attributableMortality><age>87</age><sex>1</sex><value>0.09317121</value></attributableMortality><attributableMortality><age>88</age><sex>0</sex><value>0.08856932</value></attributableMortality><attributableMortality><age>88</age><sex>1</sex><value>0.09962216</value></attributableMortality><attributableMortality><age>89</age><sex>0</sex><value>0.09357376</value></attributableMortality><attributableMortality><age>89</age><sex>1</sex><value>0.10633118</value></attributableMortality><attributableMortality><age>90</age><sex>0</sex><value>0.098997325</value></attributableMortality><attributableMortality><age>90</age><sex>1</sex><value>0.11322275</value></attributableMortality><attributableMortality><age>91</age><sex>0</sex><value>0.10491507</value></attributableMortality><attributableMortality><age>91</age><sex>1</sex><value>0.12016532</value></attributableMortality><attributableMortality><age>92</age><sex>0</sex><value>0.11142597</value></attributableMortality><attributableMortality><age>92</age><sex>1</sex><value>0.12698501</value></attributableMortality><attributableMortality><age>93</age><sex>0</sex><value>0.118517764</value></attributableMortality><attributableMortality><age>93</age><sex>1</sex><value>0.13343008</value></attributableMortality><attributableMortality><age>94</age><sex>0</sex><value>0.12637049</value></attributableMortality><attributableMortality><age>94</age><sex>1</sex><value>0.13917129</value></attributableMortality><attributableMortality><age>95</age><sex>0</sex><value>0.13505113</value></attributableMortality><attributableMortality><age>95</age><sex>1</sex><value>0.14375152</value></attributableMortality></attributableMortalities>