<?xml version="1.0" encoding="UTF-8" standalone="no"?><attributableMortalities><attributableMortality><age>0</age><sex>0</sex><value>0.0</value></attributableMortality><attributableMortality><age>0</age><sex>1</sex><value>0.0</value></attributableMortality><attributableMortality><age>1</age><sex>0</sex><value>0.0</value></attributableMortality><attributableMortality><age>1</age><sex>1</sex><value>0.0</value></attributableMortality><attributableMortality><age>2</age><sex>0</sex><value>0.0</value></attributableMortality><attributableMortality><age>2</age><sex>1</sex><value>0.0</value></attributableMortality><attributableMortality><age>3</age><sex>0</sex><value>0.0</value></attributableMortality><attributableMortality><age>3</age><sex>1</sex><value>0.0</value></attributableMortality><attributableMortality><age>4</age><sex>0</sex><value>0.0</value></attributableMortality><attributableMortality><age>4</age><sex>1</sex><value>0.0</value></attributableMortality><attributableMortality><age>5</age><sex>0</sex><value>0.0</value></attributableMortality><attributableMortality><age>5</age><sex>1</sex><value>0.0</value></attributableMortality><attributableMortality><age>6</age><sex>0</sex><value>0.0</value></attributableMortality><attributableMortality><age>6</age><sex>1</sex><value>0.0</value></attributableMortality><attributableMortality><age>7</age><sex>0</sex><value>0.0</value></attributableMortality><attributableMortality><age>7</age><sex>1</sex><value>0.0</value></attributableMortality><attributableMortality><age>8</age><sex>0</sex><value>0.0</value></attributableMortality><attributableMortality><age>8</age><sex>1</sex><value>0.0</value></attributableMortality><attributableMortality><age>9</age><sex>0</sex><value>0.0</value></attributableMortality><attributableMortality><age>9</age><sex>1</sex><value>0.0</value></attributableMortality><attributableMortality><age>10</age><sex>0</sex><value>0.0</value></attributableMortality><attributableMortality><age>10</age><sex>1</sex><value>0.0</value></attributableMortality><attributableMortality><age>11</age><sex>0</sex><value>0.0</value></attributableMortality><attributableMortality><age>11</age><sex>1</sex><value>0.0</value></attributableMortality><attributableMortality><age>12</age><sex>0</sex><value>0.0</value></attributableMortality><attributableMortality><age>12</age><sex>1</sex><value>0.0</value></attributableMortality><attributableMortality><age>13</age><sex>0</sex><value>0.0</value></attributableMortality><attributableMortality><age>13</age><sex>1</sex><value>0.0</value></attributableMortality><attributableMortality><age>14</age><sex>0</sex><value>0.0</value></attributableMortality><attributableMortality><age>14</age><sex>1</sex><value>0.0</value></attributableMortality><attributableMortality><age>15</age><sex>0</sex><value>0.0</value></attributableMortality><attributableMortality><age>15</age><sex>1</sex><value>0.0</value></attributableMortality><attributableMortality><age>16</age><sex>0</sex><value>0.0</value></attributableMortality><attributableMortality><age>16</age><sex>1</sex><value>0.0</value></attributableMortality><attributableMortality><age>17</age><sex>0</sex><value>0.0</value></attributableMortality><attributableMortality><age>17</age><sex>1</sex><value>0.0</value></attributableMortality><attributableMortality><age>18</age><sex>0</sex><value>0.0</value></attributableMortality><attributableMortality><age>18</age><sex>1</sex><value>0.0</value></attributableMortality><attributableMortality><age>19</age><sex>0</sex><value>0.0</value></attributableMortality><attributableMortality><age>19</age><sex>1</sex><value>0.0</value></attributableMortality><attributableMortality><age>20</age><sex>0</sex><value>0.0</value></attributableMortality><attributableMortality><age>20</age><sex>1</sex><value>0.0</value></attributableMortality><attributableMortality><age>21</age><sex>0</sex><value>0.0</value></attributableMortality><attributableMortality><age>21</age><sex>1</sex><value>0.0</value></attributableMortality><attributableMortality><age>22</age><sex>0</sex><value>0.0</value></attributableMortality><attributableMortality><age>22</age><sex>1</sex><value>0.0</value></attributableMortality><attributableMortality><age>23</age><sex>0</sex><value>0.0</value></attributableMortality><attributableMortality><age>23</age><sex>1</sex><value>0.0</value></attributableMortality><attributableMortality><age>24</age><sex>0</sex><value>0.0</value></attributableMortality><attributableMortality><age>24</age><sex>1</sex><value>0.0</value></attributableMortality><attributableMortality><age>25</age><sex>0</sex><value>0.0</value></attributableMortality><attributableMortality><age>25</age><sex>1</sex><value>0.0</value></attributableMortality><attributableMortality><age>26</age><sex>0</sex><value>0.0</value></attributableMortality><attributableMortality><age>26</age><sex>1</sex><value>0.0</value></attributableMortality><attributableMortality><age>27</age><sex>0</sex><value>0.0</value></attributableMortality><attributableMortality><age>27</age><sex>1</sex><value>0.0</value></attributableMortality><attributableMortality><age>28</age><sex>0</sex><value>0.0</value></attributableMortality><attributableMortality><age>28</age><sex>1</sex><value>0.0</value></attributableMortality><attributableMortality><age>29</age><sex>0</sex><value>0.0</value></attributableMortality><attributableMortality><age>29</age><sex>1</sex><value>0.0</value></attributableMortality><attributableMortality><age>30</age><sex>0</sex><value>0.0</value></attributableMortality><attributableMortality><age>30</age><sex>1</sex><value>0.0</value></attributableMortality><attributableMortality><age>31</age><sex>0</sex><value>0.0</value></attributableMortality><attributableMortality><age>31</age><sex>1</sex><value>0.0</value></attributableMortality><attributableMortality><age>32</age><sex>0</sex><value>0.0</value></attributableMortality><attributableMortality><age>32</age><sex>1</sex><value>0.0</value></attributableMortality><attributableMortality><age>33</age><sex>0</sex><value>0.0</value></attributableMortality><attributableMortality><age>33</age><sex>1</sex><value>0.0</value></attributableMortality><attributableMortality><age>34</age><sex>0</sex><value>0.0</value></attributableMortality><attributableMortality><age>34</age><sex>1</sex><value>0.0</value></attributableMortality><attributableMortality><age>35</age><sex>0</sex><value>0.0</value></attributableMortality><attributableMortality><age>35</age><sex>1</sex><value>0.0</value></attributableMortality><attributableMortality><age>36</age><sex>0</sex><value>0.0</value></attributableMortality><attributableMortality><age>36</age><sex>1</sex><value>0.0</value></attributableMortality><attributableMortality><age>37</age><sex>0</sex><value>0.0</value></attributableMortality><attributableMortality><age>37</age><sex>1</sex><value>0.0</value></attributableMortality><attributableMortality><age>38</age><sex>0</sex><value>0.0</value></attributableMortality><attributableMortality><age>38</age><sex>1</sex><value>0.0</value></attributableMortality><attributableMortality><age>39</age><sex>0</sex><value>0.0</value></attributableMortality><attributableMortality><age>39</age><sex>1</sex><value>0.0</value></attributableMortality><attributableMortality><age>40</age><sex>0</sex><value>0.0160916</value></attributableMortality><attributableMortality><age>40</age><sex>1</sex><value>0.0116165</value></attributableMortality><attributableMortality><age>41</age><sex>0</sex><value>0.0168494</value></attributableMortality><attributableMortality><age>41</age><sex>1</sex><value>0.012217</value></attributableMortality><attributableMortality><age>42</age><sex>0</sex><value>0.017635003</value></attributableMortality><attributableMortality><age>42</age><sex>1</sex><value>0.012845901</value></attributableMortality><attributableMortality><age>43</age><sex>0</sex><value>0.0184487</value></attributableMortality><attributableMortality><age>43</age><sex>1</sex><value>0.0135045</value></attributableMortality><attributableMortality><age>44</age><sex>0</sex><value>0.0192916</value></attributableMortality><attributableMortality><age>44</age><sex>1</sex><value>0.0141948</value></attributableMortality><attributableMortality><age>45</age><sex>0</sex><value>0.020167101</value></attributableMortality><attributableMortality><age>45</age><sex>1</sex><value>0.014921102</value></attributableMortality><attributableMortality><age>46</age><sex>0</sex><value>0.0210791</value></attributableMortality><attributableMortality><age>46</age><sex>1</sex><value>0.0156861</value></attributableMortality><attributableMortality><age>47</age><sex>0</sex><value>0.0220321</value></attributableMortality><attributableMortality><age>47</age><sex>1</sex><value>0.0164918</value></attributableMortality><attributableMortality><age>48</age><sex>0</sex><value>0.023031402</value></attributableMortality><attributableMortality><age>48</age><sex>1</sex><value>0.0173407</value></attributableMortality><attributableMortality><age>49</age><sex>0</sex><value>0.024082802</value></attributableMortality><attributableMortality><age>49</age><sex>1</sex><value>0.018235102</value></attributableMortality><attributableMortality><age>50</age><sex>0</sex><value>0.0251932</value></attributableMortality><attributableMortality><age>50</age><sex>1</sex><value>0.0191777</value></attributableMortality><attributableMortality><age>51</age><sex>0</sex><value>0.0263702</value></attributableMortality><attributableMortality><age>51</age><sex>1</sex><value>0.020171203</value></attributableMortality><attributableMortality><age>52</age><sex>0</sex><value>0.0276225</value></attributableMortality><attributableMortality><age>52</age><sex>1</sex><value>0.021218598</value></attributableMortality><attributableMortality><age>53</age><sex>0</sex><value>0.028960202</value></attributableMortality><attributableMortality><age>53</age><sex>1</sex><value>0.0223229</value></attributableMortality><attributableMortality><age>54</age><sex>0</sex><value>0.030394599</value></attributableMortality><attributableMortality><age>54</age><sex>1</sex><value>0.0234873</value></attributableMortality><attributableMortality><age>55</age><sex>0</sex><value>0.031938598</value></attributableMortality><attributableMortality><age>55</age><sex>1</sex><value>0.0247151</value></attributableMortality><attributableMortality><age>56</age><sex>0</sex><value>0.0336074</value></attributableMortality><attributableMortality><age>56</age><sex>1</sex><value>0.0260124</value></attributableMortality><attributableMortality><age>57</age><sex>0</sex><value>0.0354231</value></attributableMortality><attributableMortality><age>57</age><sex>1</sex><value>0.027403802</value></attributableMortality><attributableMortality><age>58</age><sex>0</sex><value>0.0374081</value></attributableMortality><attributableMortality><age>58</age><sex>1</sex><value>0.028917298</value></attributableMortality><attributableMortality><age>59</age><sex>0</sex><value>0.0395773</value></attributableMortality><attributableMortality><age>59</age><sex>1</sex><value>0.030566597</value></attributableMortality><attributableMortality><age>60</age><sex>0</sex><value>0.0419459</value></attributableMortality><attributableMortality><age>60</age><sex>1</sex><value>0.032365195</value></attributableMortality><attributableMortality><age>61</age><sex>0</sex><value>0.0445305</value></attributableMortality><attributableMortality><age>61</age><sex>1</sex><value>0.0343288</value></attributableMortality><attributableMortality><age>62</age><sex>0</sex><value>0.047349896</value></attributableMortality><attributableMortality><age>62</age><sex>1</sex><value>0.036475398</value></attributableMortality><attributableMortality><age>63</age><sex>0</sex><value>0.050424498</value></attributableMortality><attributableMortality><age>63</age><sex>1</sex><value>0.0388262</value></attributableMortality><attributableMortality><age>64</age><sex>0</sex><value>0.053777203</value></attributableMortality><attributableMortality><age>64</age><sex>1</sex><value>0.041406304</value></attributableMortality><attributableMortality><age>65</age><sex>0</sex><value>0.0574334</value></attributableMortality><attributableMortality><age>65</age><sex>1</sex><value>0.044244997</value></attributableMortality><attributableMortality><age>66</age><sex>0</sex><value>0.0614214</value></attributableMortality><attributableMortality><age>66</age><sex>1</sex><value>0.047376495</value></attributableMortality><attributableMortality><age>67</age><sex>0</sex><value>0.0657725</value></attributableMortality><attributableMortality><age>67</age><sex>1</sex><value>0.0508406</value></attributableMortality><attributableMortality><age>68</age><sex>0</sex><value>0.0705207</value></attributableMortality><attributableMortality><age>68</age><sex>1</sex><value>0.0546815</value></attributableMortality><attributableMortality><age>69</age><sex>0</sex><value>0.07568741</value></attributableMortality><attributableMortality><age>69</age><sex>1</sex><value>0.0589131</value></attributableMortality><attributableMortality><age>70</age><sex>0</sex><value>0.0812757</value></attributableMortality><attributableMortality><age>70</age><sex>1</sex><value>0.06350461</value></attributableMortality><attributableMortality><age>71</age><sex>0</sex><value>0.087285794</value></attributableMortality><attributableMortality><age>71</age><sex>1</sex><value>0.0684165</value></attributableMortality><attributableMortality><age>72</age><sex>0</sex><value>0.0937342</value></attributableMortality><attributableMortality><age>72</age><sex>1</sex><value>0.07365179</value></attributableMortality><attributableMortality><age>73</age><sex>0</sex><value>0.100640506</value></attributableMortality><attributableMortality><age>73</age><sex>1</sex><value>0.0792239</value></attributableMortality><attributableMortality><age>74</age><sex>0</sex><value>0.10802169</value></attributableMortality><attributableMortality><age>74</age><sex>1</sex><value>0.08514349</value></attributableMortality><attributableMortality><age>75</age><sex>0</sex><value>0.115891315</value></attributableMortality><attributableMortality><age>75</age><sex>1</sex><value>0.0914193</value></attributableMortality><attributableMortality><age>76</age><sex>0</sex><value>0.1242583</value></attributableMortality><attributableMortality><age>76</age><sex>1</sex><value>0.09805809</value></attributableMortality><attributableMortality><age>77</age><sex>0</sex><value>0.13312678</value></attributableMortality><attributableMortality><age>77</age><sex>1</sex><value>0.1050666</value></attributableMortality><attributableMortality><age>78</age><sex>0</sex><value>0.1424945</value></attributableMortality><attributableMortality><age>78</age><sex>1</sex><value>0.112453006</value></attributableMortality><attributableMortality><age>79</age><sex>0</sex><value>0.15235202</value></attributableMortality><attributableMortality><age>79</age><sex>1</sex><value>0.1202296</value></attributableMortality><attributableMortality><age>80</age><sex>0</sex><value>0.162682</value></attributableMortality><attributableMortality><age>80</age><sex>1</sex><value>0.128416</value></attributableMortality><attributableMortality><age>81</age><sex>0</sex><value>0.17347598</value></attributableMortality><attributableMortality><age>81</age><sex>1</sex><value>0.137064</value></attributableMortality><attributableMortality><age>82</age><sex>0</sex><value>0.18477248</value></attributableMortality><attributableMortality><age>82</age><sex>1</sex><value>0.1463071</value></attributableMortality><attributableMortality><age>83</age><sex>0</sex><value>0.19662802</value></attributableMortality><attributableMortality><age>83</age><sex>1</sex><value>0.1563354</value></attributableMortality><attributableMortality><age>84</age><sex>0</sex><value>0.20910801</value></attributableMortality><attributableMortality><age>84</age><sex>1</sex><value>0.16738279</value></attributableMortality><attributableMortality><age>85</age><sex>0</sex><value>0.22226381</value></attributableMortality><attributableMortality><age>85</age><sex>1</sex><value>0.1796166</value></attributableMortality><attributableMortality><age>86</age><sex>0</sex><value>0.2361401</value></attributableMortality><attributableMortality><age>86</age><sex>1</sex><value>0.19316977</value></attributableMortality><attributableMortality><age>87</age><sex>0</sex><value>0.2507848</value></attributableMortality><attributableMortality><age>87</age><sex>1</sex><value>0.2081875</value></attributableMortality><attributableMortality><age>88</age><sex>0</sex><value>0.2662487</value></attributableMortality><attributableMortality><age>88</age><sex>1</sex><value>0.22482708</value></attributableMortality><attributableMortality><age>89</age><sex>0</sex><value>0.28258604</value></attributableMortality><attributableMortality><age>89</age><sex>1</sex><value>0.24325842</value></attributableMortality><attributableMortality><age>90</age><sex>0</sex><value>0.2998534</value></attributableMortality><attributableMortality><age>90</age><sex>1</sex><value>0.2636626</value></attributableMortality><attributableMortality><age>91</age><sex>0</sex><value>0.31811047</value></attributableMortality><attributableMortality><age>91</age><sex>1</sex><value>0.2862309</value></attributableMortality><attributableMortality><age>92</age><sex>0</sex><value>0.33740973</value></attributableMortality><attributableMortality><age>92</age><sex>1</sex><value>0.31115806</value></attributableMortality><attributableMortality><age>93</age><sex>0</sex><value>0.35776633</value></attributableMortality><attributableMortality><age>93</age><sex>1</sex><value>0.3386235</value></attributableMortality><attributableMortality><age>94</age><sex>0</sex><value>0.3791746</value></attributableMortality><attributableMortality><age>94</age><sex>1</sex><value>0.3687926</value></attributableMortality><attributableMortality><age>95</age><sex>0</sex><value>0.40161264</value></attributableMortality><attributableMortality><age>95</age><sex>1</sex><value>0.40181068</value></attributableMortality></attributableMortalities>