<?xml version="1.0" encoding="UTF-8" standalone="no"?><baselineIncidences><baselineIncidence><age>0</age><sex>0</sex><value>0.0</value></baselineIncidence><baselineIncidence><age>0</age><sex>1</sex><value>0.0</value></baselineIncidence><baselineIncidence><age>1</age><sex>0</sex><value>0.0</value></baselineIncidence><baselineIncidence><age>1</age><sex>1</sex><value>0.0</value></baselineIncidence><baselineIncidence><age>2</age><sex>0</sex><value>0.0</value></baselineIncidence><baselineIncidence><age>2</age><sex>1</sex><value>0.0</value></baselineIncidence><baselineIncidence><age>3</age><sex>0</sex><value>0.0</value></baselineIncidence><baselineIncidence><age>3</age><sex>1</sex><value>0.0</value></baselineIncidence><baselineIncidence><age>4</age><sex>0</sex><value>0.0</value></baselineIncidence><baselineIncidence><age>4</age><sex>1</sex><value>0.0</value></baselineIncidence><baselineIncidence><age>5</age><sex>0</sex><value>0.0</value></baselineIncidence><baselineIncidence><age>5</age><sex>1</sex><value>0.0</value></baselineIncidence><baselineIncidence><age>6</age><sex>0</sex><value>0.0</value></baselineIncidence><baselineIncidence><age>6</age><sex>1</sex><value>0.0</value></baselineIncidence><baselineIncidence><age>7</age><sex>0</sex><value>0.0</value></baselineIncidence><baselineIncidence><age>7</age><sex>1</sex><value>0.0</value></baselineIncidence><baselineIncidence><age>8</age><sex>0</sex><value>0.0</value></baselineIncidence><baselineIncidence><age>8</age><sex>1</sex><value>0.0</value></baselineIncidence><baselineIncidence><age>9</age><sex>0</sex><value>0.0</value></baselineIncidence><baselineIncidence><age>9</age><sex>1</sex><value>0.0</value></baselineIncidence><baselineIncidence><age>10</age><sex>0</sex><value>0.0</value></baselineIncidence><baselineIncidence><age>10</age><sex>1</sex><value>0.0</value></baselineIncidence><baselineIncidence><age>11</age><sex>0</sex><value>0.0</value></baselineIncidence><baselineIncidence><age>11</age><sex>1</sex><value>0.0</value></baselineIncidence><baselineIncidence><age>12</age><sex>0</sex><value>0.0</value></baselineIncidence><baselineIncidence><age>12</age><sex>1</sex><value>0.0</value></baselineIncidence><baselineIncidence><age>13</age><sex>0</sex><value>0.0</value></baselineIncidence><baselineIncidence><age>13</age><sex>1</sex><value>0.0</value></baselineIncidence><baselineIncidence><age>14</age><sex>0</sex><value>0.0</value></baselineIncidence><baselineIncidence><age>14</age><sex>1</sex><value>0.0</value></baselineIncidence><baselineIncidence><age>15</age><sex>0</sex><value>0.0</value></baselineIncidence><baselineIncidence><age>15</age><sex>1</sex><value>0.0</value></baselineIncidence><baselineIncidence><age>16</age><sex>0</sex><value>0.0</value></baselineIncidence><baselineIncidence><age>16</age><sex>1</sex><value>0.0</value></baselineIncidence><baselineIncidence><age>17</age><sex>0</sex><value>0.0</value></baselineIncidence><baselineIncidence><age>17</age><sex>1</sex><value>0.0</value></baselineIncidence><baselineIncidence><age>18</age><sex>0</sex><value>0.0</value></baselineIncidence><baselineIncidence><age>18</age><sex>1</sex><value>0.0</value></baselineIncidence><baselineIncidence><age>19</age><sex>0</sex><value>0.0</value></baselineIncidence><baselineIncidence><age>19</age><sex>1</sex><value>0.0</value></baselineIncidence><baselineIncidence><age>20</age><sex>0</sex><value>0.0</value></baselineIncidence><baselineIncidence><age>20</age><sex>1</sex><value>0.0</value></baselineIncidence><baselineIncidence><age>21</age><sex>0</sex><value>0.0</value></baselineIncidence><baselineIncidence><age>21</age><sex>1</sex><value>0.0</value></baselineIncidence><baselineIncidence><age>22</age><sex>0</sex><value>0.0</value></baselineIncidence><baselineIncidence><age>22</age><sex>1</sex><value>0.0</value></baselineIncidence><baselineIncidence><age>23</age><sex>0</sex><value>0.0</value></baselineIncidence><baselineIncidence><age>23</age><sex>1</sex><value>0.0</value></baselineIncidence><baselineIncidence><age>24</age><sex>0</sex><value>0.0</value></baselineIncidence><baselineIncidence><age>24</age><sex>1</sex><value>0.0</value></baselineIncidence><baselineIncidence><age>25</age><sex>0</sex><value>0.0</value></baselineIncidence><baselineIncidence><age>25</age><sex>1</sex><value>0.0</value></baselineIncidence><baselineIncidence><age>26</age><sex>0</sex><value>0.0</value></baselineIncidence><baselineIncidence><age>26</age><sex>1</sex><value>0.0</value></baselineIncidence><baselineIncidence><age>27</age><sex>0</sex><value>0.0</value></baselineIncidence><baselineIncidence><age>27</age><sex>1</sex><value>0.0</value></baselineIncidence><baselineIncidence><age>28</age><sex>0</sex><value>0.0</value></baselineIncidence><baselineIncidence><age>28</age><sex>1</sex><value>0.0</value></baselineIncidence><baselineIncidence><age>29</age><sex>0</sex><value>0.0</value></baselineIncidence><baselineIncidence><age>29</age><sex>1</sex><value>0.0</value></baselineIncidence><baselineIncidence><age>30</age><sex>0</sex><value>3.7850157E-4</value></baselineIncidence><baselineIncidence><age>30</age><sex>1</sex><value>2.5451393E-4</value></baselineIncidence><baselineIncidence><age>31</age><sex>0</sex><value>4.1684622E-4</value></baselineIncidence><baselineIncidence><age>31</age><sex>1</sex><value>2.7328308E-4</value></baselineIncidence><baselineIncidence><age>32</age><sex>0</sex><value>4.7166817E-4</value></baselineIncidence><baselineIncidence><age>32</age><sex>1</sex><value>3.034899E-4</value></baselineIncidence><baselineIncidence><age>33</age><sex>0</sex><value>5.320282E-4</value></baselineIncidence><baselineIncidence><age>33</age><sex>1</sex><value>3.3757804E-4</value></baselineIncidence><baselineIncidence><age>34</age><sex>0</sex><value>5.9613487E-4</value></baselineIncidence><baselineIncidence><age>34</age><sex>1</sex><value>3.65401E-4</value></baselineIncidence><baselineIncidence><age>35</age><sex>0</sex><value>6.836902E-4</value></baselineIncidence><baselineIncidence><age>35</age><sex>1</sex><value>4.0299754E-4</value></baselineIncidence><baselineIncidence><age>36</age><sex>0</sex><value>7.6051796E-4</value></baselineIncidence><baselineIncidence><age>36</age><sex>1</sex><value>4.462991E-4</value></baselineIncidence><baselineIncidence><age>37</age><sex>0</sex><value>8.438581E-4</value></baselineIncidence><baselineIncidence><age>37</age><sex>1</sex><value>4.942448E-4</value></baselineIncidence><baselineIncidence><age>38</age><sex>0</sex><value>9.101953E-4</value></baselineIncidence><baselineIncidence><age>38</age><sex>1</sex><value>5.468998E-4</value></baselineIncidence><baselineIncidence><age>39</age><sex>0</sex><value>9.79477E-4</value></baselineIncidence><baselineIncidence><age>39</age><sex>1</sex><value>6.218653E-4</value></baselineIncidence><baselineIncidence><age>40</age><sex>0</sex><value>0.0010514145</value></baselineIncidence><baselineIncidence><age>40</age><sex>1</sex><value>6.841494E-4</value></baselineIncidence><baselineIncidence><age>41</age><sex>0</sex><value>0.0011257539</value></baselineIncidence><baselineIncidence><age>41</age><sex>1</sex><value>7.5185497E-4</value></baselineIncidence><baselineIncidence><age>42</age><sex>0</sex><value>0.0012059173</value></baselineIncidence><baselineIncidence><age>42</age><sex>1</sex><value>8.251703E-4</value></baselineIncidence><baselineIncidence><age>43</age><sex>0</sex><value>0.0013164405</value></baselineIncidence><baselineIncidence><age>43</age><sex>1</sex><value>8.769968E-4</value></baselineIncidence><baselineIncidence><age>44</age><sex>0</sex><value>0.0013969089</value></baselineIncidence><baselineIncidence><age>44</age><sex>1</sex><value>9.5994736E-4</value></baselineIncidence><baselineIncidence><age>45</age><sex>0</sex><value>0.0014833824</value></baselineIncidence><baselineIncidence><age>45</age><sex>1</sex><value>0.0010165067</value></baselineIncidence><baselineIncidence><age>46</age><sex>0</sex><value>0.0016011611</value></baselineIncidence><baselineIncidence><age>46</age><sex>1</sex><value>0.0011112744</value></baselineIncidence><baselineIncidence><age>47</age><sex>0</sex><value>0.0016828877</value></baselineIncidence><baselineIncidence><age>47</age><sex>1</sex><value>0.0011764305</value></baselineIncidence><baselineIncidence><age>48</age><sex>0</sex><value>0.0017990547</value></baselineIncidence><baselineIncidence><age>48</age><sex>1</sex><value>0.0012441615</value></baselineIncidence><baselineIncidence><age>49</age><sex>0</sex><value>0.0019160586</value></baselineIncidence><baselineIncidence><age>49</age><sex>1</sex><value>0.0013143569</value></baselineIncidence><baselineIncidence><age>50</age><sex>0</sex><value>0.0020330343</value></baselineIncidence><baselineIncidence><age>50</age><sex>1</sex><value>0.0013865731</value></baselineIncidence><baselineIncidence><age>51</age><sex>0</sex><value>0.0021490827</value></baselineIncidence><baselineIncidence><age>51</age><sex>1</sex><value>0.0014604589</value></baselineIncidence><baselineIncidence><age>52</age><sex>0</sex><value>0.0022631797</value></baselineIncidence><baselineIncidence><age>52</age><sex>1</sex><value>0.0015356605</value></baselineIncidence><baselineIncidence><age>53</age><sex>0</sex><value>0.002342177</value></baselineIncidence><baselineIncidence><age>53</age><sex>1</sex><value>0.0016909053</value></baselineIncidence><baselineIncidence><age>54</age><sex>0</sex><value>0.0024019643</value></baselineIncidence><baselineIncidence><age>54</age><sex>1</sex><value>0.0018570807</value></baselineIncidence><baselineIncidence><age>55</age><sex>0</sex><value>0.0024553372</value></baselineIncidence><baselineIncidence><age>55</age><sex>1</sex><value>0.0019826146</value></baselineIncidence><baselineIncidence><age>56</age><sex>0</sex><value>0.0025625615</value></baselineIncidence><baselineIncidence><age>56</age><sex>1</sex><value>0.0021658773</value></baselineIncidence><baselineIncidence><age>57</age><sex>0</sex><value>0.0026162185</value></baselineIncidence><baselineIncidence><age>57</age><sex>1</sex><value>0.0022989</value></baselineIncidence><baselineIncidence><age>58</age><sex>0</sex><value>0.0027615104</value></baselineIncidence><baselineIncidence><age>58</age><sex>1</sex><value>0.0024320818</value></baselineIncidence><baselineIncidence><age>59</age><sex>0</sex><value>0.0029056054</value></baselineIncidence><baselineIncidence><age>59</age><sex>1</sex><value>0.0025024046</value></baselineIncidence><baselineIncidence><age>60</age><sex>0</sex><value>0.0032287675</value></baselineIncidence><baselineIncidence><age>60</age><sex>1</sex><value>0.002725406</value></baselineIncidence><baselineIncidence><age>61</age><sex>0</sex><value>0.00343435</value></baselineIncidence><baselineIncidence><age>61</age><sex>1</sex><value>0.0027777092</value></baselineIncidence><baselineIncidence><age>62</age><sex>0</sex><value>0.0035769623</value></baselineIncidence><baselineIncidence><age>62</age><sex>1</sex><value>0.0027812095</value></baselineIncidence><baselineIncidence><age>63</age><sex>0</sex><value>0.003646072</value></baselineIncidence><baselineIncidence><age>63</age><sex>1</sex><value>0.0030904806</value></baselineIncidence><baselineIncidence><age>64</age><sex>0</sex><value>0.003749314</value></baselineIncidence><baselineIncidence><age>64</age><sex>1</sex><value>0.0032378554</value></baselineIncidence><baselineIncidence><age>65</age><sex>0</sex><value>0.0037913115</value></baselineIncidence><baselineIncidence><age>65</age><sex>1</sex><value>0.0032051622</value></baselineIncidence><baselineIncidence><age>66</age><sex>0</sex><value>0.0038294566</value></baselineIncidence><baselineIncidence><age>66</age><sex>1</sex><value>0.0031773234</value></baselineIncidence><baselineIncidence><age>67</age><sex>0</sex><value>0.003815278</value></baselineIncidence><baselineIncidence><age>67</age><sex>1</sex><value>0.0031691552</value></baselineIncidence><baselineIncidence><age>68</age><sex>0</sex><value>0.0038513492</value></baselineIncidence><baselineIncidence><age>68</age><sex>1</sex><value>0.0031492831</value></baselineIncidence><baselineIncidence><age>69</age><sex>0</sex><value>0.003856922</value></baselineIncidence><baselineIncidence><age>69</age><sex>1</sex><value>0.0032294106</value></baselineIncidence><baselineIncidence><age>70</age><sex>0</sex><value>0.0038772027</value></baselineIncidence><baselineIncidence><age>70</age><sex>1</sex><value>0.0034109252</value></baselineIncidence><baselineIncidence><age>71</age><sex>0</sex><value>0.0038684765</value></baselineIncidence><baselineIncidence><age>71</age><sex>1</sex><value>0.0034903835</value></baselineIncidence><baselineIncidence><age>72</age><sex>0</sex><value>0.0038919796</value></baselineIncidence><baselineIncidence><age>72</age><sex>1</sex><value>0.003567831</value></baselineIncidence><baselineIncidence><age>73</age><sex>0</sex><value>0.0039354786</value></baselineIncidence><baselineIncidence><age>73</age><sex>1</sex><value>0.003642097</value></baselineIncidence><baselineIncidence><age>74</age><sex>0</sex><value>0.0039493307</value></baselineIncidence><baselineIncidence><age>74</age><sex>1</sex><value>0.003695225</value></baselineIncidence><baselineIncidence><age>75</age><sex>0</sex><value>0.0040020864</value></baselineIncidence><baselineIncidence><age>75</age><sex>1</sex><value>0.003728427</value></baselineIncidence><baselineIncidence><age>76</age><sex>0</sex><value>0.004287621</value></baselineIncidence><baselineIncidence><age>76</age><sex>1</sex><value>0.003961031</value></baselineIncidence><baselineIncidence><age>77</age><sex>0</sex><value>0.0043966454</value></baselineIncidence><baselineIncidence><age>77</age><sex>1</sex><value>0.004057485</value></baselineIncidence><baselineIncidence><age>78</age><sex>0</sex><value>0.004536727</value></baselineIncidence><baselineIncidence><age>78</age><sex>1</sex><value>0.004303961</value></baselineIncidence><baselineIncidence><age>79</age><sex>0</sex><value>0.0046440875</value></baselineIncidence><baselineIncidence><age>79</age><sex>1</sex><value>0.004467162</value></baselineIncidence><baselineIncidence><age>80</age><sex>0</sex><value>0.00473923</value></baselineIncidence><baselineIncidence><age>80</age><sex>1</sex><value>0.0045909593</value></baselineIncidence><baselineIncidence><age>81</age><sex>0</sex><value>0.0049242186</value></baselineIncidence><baselineIncidence><age>81</age><sex>1</sex><value>0.004836214</value></baselineIncidence><baselineIncidence><age>82</age><sex>0</sex><value>0.0050673904</value></baselineIncidence><baselineIncidence><age>82</age><sex>1</sex><value>0.0051445975</value></baselineIncidence><baselineIncidence><age>83</age><sex>0</sex><value>0.0052475194</value></baselineIncidence><baselineIncidence><age>83</age><sex>1</sex><value>0.005485261</value></baselineIncidence><baselineIncidence><age>84</age><sex>0</sex><value>0.0055214446</value></baselineIncidence><baselineIncidence><age>84</age><sex>1</sex><value>0.005824363</value></baselineIncidence><baselineIncidence><age>85</age><sex>0</sex><value>0.005913457</value></baselineIncidence><baselineIncidence><age>85</age><sex>1</sex><value>0.0061064847</value></baselineIncidence><baselineIncidence><age>86</age><sex>0</sex><value>0.006474166</value></baselineIncidence><baselineIncidence><age>86</age><sex>1</sex><value>0.006436829</value></baselineIncidence><baselineIncidence><age>87</age><sex>0</sex><value>0.0068818205</value></baselineIncidence><baselineIncidence><age>87</age><sex>1</sex><value>0.006898551</value></baselineIncidence><baselineIncidence><age>88</age><sex>0</sex><value>0.007396423</value></baselineIncidence><baselineIncidence><age>88</age><sex>1</sex><value>0.00739598</value></baselineIncidence><baselineIncidence><age>89</age><sex>0</sex><value>0.008095561</value></baselineIncidence><baselineIncidence><age>89</age><sex>1</sex><value>0.007933123</value></baselineIncidence><baselineIncidence><age>90</age><sex>0</sex><value>0.008636267</value></baselineIncidence><baselineIncidence><age>90</age><sex>1</sex><value>0.008462365</value></baselineIncidence><baselineIncidence><age>91</age><sex>0</sex><value>0.009310012</value></baselineIncidence><baselineIncidence><age>91</age><sex>1</sex><value>0.009121658</value></baselineIncidence><baselineIncidence><age>92</age><sex>0</sex><value>0.009939978</value></baselineIncidence><baselineIncidence><age>92</age><sex>1</sex><value>0.009815734</value></baselineIncidence><baselineIncidence><age>93</age><sex>0</sex><value>0.010709152</value></baselineIncidence><baselineIncidence><age>93</age><sex>1</sex><value>0.010697405</value></baselineIncidence><baselineIncidence><age>94</age><sex>0</sex><value>0.011504181</value></baselineIncidence><baselineIncidence><age>94</age><sex>1</sex><value>0.011608814</value></baselineIncidence><baselineIncidence><age>95</age><sex>0</sex><value>0.012753718</value></baselineIncidence><baselineIncidence><age>95</age><sex>1</sex><value>0.012303629</value></baselineIncidence></baselineIncidences>