<?xml version="1.0" encoding="UTF-8" standalone="no"?><baselineIncidences><baselineIncidence><age>0</age><sex>0</sex><value>0.0</value></baselineIncidence><baselineIncidence><age>0</age><sex>1</sex><value>0.0</value></baselineIncidence><baselineIncidence><age>1</age><sex>0</sex><value>0.0</value></baselineIncidence><baselineIncidence><age>1</age><sex>1</sex><value>0.0</value></baselineIncidence><baselineIncidence><age>2</age><sex>0</sex><value>0.0</value></baselineIncidence><baselineIncidence><age>2</age><sex>1</sex><value>0.0</value></baselineIncidence><baselineIncidence><age>3</age><sex>0</sex><value>0.0</value></baselineIncidence><baselineIncidence><age>3</age><sex>1</sex><value>0.0</value></baselineIncidence><baselineIncidence><age>4</age><sex>0</sex><value>0.0</value></baselineIncidence><baselineIncidence><age>4</age><sex>1</sex><value>0.0</value></baselineIncidence><baselineIncidence><age>5</age><sex>0</sex><value>0.0</value></baselineIncidence><baselineIncidence><age>5</age><sex>1</sex><value>0.0</value></baselineIncidence><baselineIncidence><age>6</age><sex>0</sex><value>0.0</value></baselineIncidence><baselineIncidence><age>6</age><sex>1</sex><value>0.0</value></baselineIncidence><baselineIncidence><age>7</age><sex>0</sex><value>0.0</value></baselineIncidence><baselineIncidence><age>7</age><sex>1</sex><value>0.0</value></baselineIncidence><baselineIncidence><age>8</age><sex>0</sex><value>0.0</value></baselineIncidence><baselineIncidence><age>8</age><sex>1</sex><value>0.0</value></baselineIncidence><baselineIncidence><age>9</age><sex>0</sex><value>0.0</value></baselineIncidence><baselineIncidence><age>9</age><sex>1</sex><value>0.0</value></baselineIncidence><baselineIncidence><age>10</age><sex>0</sex><value>0.0</value></baselineIncidence><baselineIncidence><age>10</age><sex>1</sex><value>0.0</value></baselineIncidence><baselineIncidence><age>11</age><sex>0</sex><value>0.0</value></baselineIncidence><baselineIncidence><age>11</age><sex>1</sex><value>0.0</value></baselineIncidence><baselineIncidence><age>12</age><sex>0</sex><value>0.0</value></baselineIncidence><baselineIncidence><age>12</age><sex>1</sex><value>0.0</value></baselineIncidence><baselineIncidence><age>13</age><sex>0</sex><value>0.0</value></baselineIncidence><baselineIncidence><age>13</age><sex>1</sex><value>0.0</value></baselineIncidence><baselineIncidence><age>14</age><sex>0</sex><value>0.0</value></baselineIncidence><baselineIncidence><age>14</age><sex>1</sex><value>0.0</value></baselineIncidence><baselineIncidence><age>15</age><sex>0</sex><value>0.0</value></baselineIncidence><baselineIncidence><age>15</age><sex>1</sex><value>0.0</value></baselineIncidence><baselineIncidence><age>16</age><sex>0</sex><value>0.0</value></baselineIncidence><baselineIncidence><age>16</age><sex>1</sex><value>0.0</value></baselineIncidence><baselineIncidence><age>17</age><sex>0</sex><value>0.0</value></baselineIncidence><baselineIncidence><age>17</age><sex>1</sex><value>0.0</value></baselineIncidence><baselineIncidence><age>18</age><sex>0</sex><value>0.0</value></baselineIncidence><baselineIncidence><age>18</age><sex>1</sex><value>0.0</value></baselineIncidence><baselineIncidence><age>19</age><sex>0</sex><value>0.0</value></baselineIncidence><baselineIncidence><age>19</age><sex>1</sex><value>0.0</value></baselineIncidence><baselineIncidence><age>20</age><sex>0</sex><value>0.0</value></baselineIncidence><baselineIncidence><age>20</age><sex>1</sex><value>0.0</value></baselineIncidence><baselineIncidence><age>21</age><sex>0</sex><value>0.0</value></baselineIncidence><baselineIncidence><age>21</age><sex>1</sex><value>0.0</value></baselineIncidence><baselineIncidence><age>22</age><sex>0</sex><value>0.0</value></baselineIncidence><baselineIncidence><age>22</age><sex>1</sex><value>0.0</value></baselineIncidence><baselineIncidence><age>23</age><sex>0</sex><value>0.0</value></baselineIncidence><baselineIncidence><age>23</age><sex>1</sex><value>0.0</value></baselineIncidence><baselineIncidence><age>24</age><sex>0</sex><value>0.0</value></baselineIncidence><baselineIncidence><age>24</age><sex>1</sex><value>0.0</value></baselineIncidence><baselineIncidence><age>25</age><sex>0</sex><value>0.0</value></baselineIncidence><baselineIncidence><age>25</age><sex>1</sex><value>0.0</value></baselineIncidence><baselineIncidence><age>26</age><sex>0</sex><value>0.0</value></baselineIncidence><baselineIncidence><age>26</age><sex>1</sex><value>0.0</value></baselineIncidence><baselineIncidence><age>27</age><sex>0</sex><value>0.0</value></baselineIncidence><baselineIncidence><age>27</age><sex>1</sex><value>0.0</value></baselineIncidence><baselineIncidence><age>28</age><sex>0</sex><value>0.0</value></baselineIncidence><baselineIncidence><age>28</age><sex>1</sex><value>0.0</value></baselineIncidence><baselineIncidence><age>29</age><sex>0</sex><value>0.0</value></baselineIncidence><baselineIncidence><age>29</age><sex>1</sex><value>0.0</value></baselineIncidence><baselineIncidence><age>30</age><sex>0</sex><value>0.0</value></baselineIncidence><baselineIncidence><age>30</age><sex>1</sex><value>0.0</value></baselineIncidence><baselineIncidence><age>31</age><sex>0</sex><value>0.0</value></baselineIncidence><baselineIncidence><age>31</age><sex>1</sex><value>0.0</value></baselineIncidence><baselineIncidence><age>32</age><sex>0</sex><value>0.0</value></baselineIncidence><baselineIncidence><age>32</age><sex>1</sex><value>0.0</value></baselineIncidence><baselineIncidence><age>33</age><sex>0</sex><value>0.0</value></baselineIncidence><baselineIncidence><age>33</age><sex>1</sex><value>0.0</value></baselineIncidence><baselineIncidence><age>34</age><sex>0</sex><value>0.0</value></baselineIncidence><baselineIncidence><age>34</age><sex>1</sex><value>0.0</value></baselineIncidence><baselineIncidence><age>35</age><sex>0</sex><value>4.5041903E-4</value></baselineIncidence><baselineIncidence><age>35</age><sex>1</sex><value>2.1130823E-4</value></baselineIncidence><baselineIncidence><age>36</age><sex>0</sex><value>4.4591798E-4</value></baselineIncidence><baselineIncidence><age>36</age><sex>1</sex><value>2.0621515E-4</value></baselineIncidence><baselineIncidence><age>37</age><sex>0</sex><value>5.2163674E-4</value></baselineIncidence><baselineIncidence><age>37</age><sex>1</sex><value>2.3703306E-4</value></baselineIncidence><baselineIncidence><age>38</age><sex>0</sex><value>6.0254603E-4</value></baselineIncidence><baselineIncidence><age>38</age><sex>1</sex><value>2.7173728E-4</value></baselineIncidence><baselineIncidence><age>39</age><sex>0</sex><value>6.920437E-4</value></baselineIncidence><baselineIncidence><age>39</age><sex>1</sex><value>3.1332148E-4</value></baselineIncidence><baselineIncidence><age>40</age><sex>0</sex><value>7.919754E-4</value></baselineIncidence><baselineIncidence><age>40</age><sex>1</sex><value>3.5785465E-4</value></baselineIncidence><baselineIncidence><age>41</age><sex>0</sex><value>9.025525E-4</value></baselineIncidence><baselineIncidence><age>41</age><sex>1</sex><value>4.0758096E-4</value></baselineIncidence><baselineIncidence><age>42</age><sex>0</sex><value>0.0010253334</value></baselineIncidence><baselineIncidence><age>42</age><sex>1</sex><value>4.6400054E-4</value></baselineIncidence><baselineIncidence><age>43</age><sex>0</sex><value>0.0011686914</value></baselineIncidence><baselineIncidence><age>43</age><sex>1</sex><value>5.2246195E-4</value></baselineIncidence><baselineIncidence><age>44</age><sex>0</sex><value>0.0013134003</value></baselineIncidence><baselineIncidence><age>44</age><sex>1</sex><value>5.9119664E-4</value></baselineIncidence><baselineIncidence><age>45</age><sex>0</sex><value>0.0014730239</value></baselineIncidence><baselineIncidence><age>45</age><sex>1</sex><value>6.622542E-4</value></baselineIncidence><baselineIncidence><age>46</age><sex>0</sex><value>0.0016569995</value></baselineIncidence><baselineIncidence><age>46</age><sex>1</sex><value>7.475969E-4</value></baselineIncidence><baselineIncidence><age>47</age><sex>0</sex><value>0.001840242</value></baselineIncidence><baselineIncidence><age>47</age><sex>1</sex><value>8.3488884E-4</value></baselineIncidence><baselineIncidence><age>48</age><sex>0</sex><value>0.0020502862</value></baselineIncidence><baselineIncidence><age>48</age><sex>1</sex><value>9.2982146E-4</value></baselineIncidence><baselineIncidence><age>49</age><sex>0</sex><value>0.0022757596</value></baselineIncidence><baselineIncidence><age>49</age><sex>1</sex><value>0.0010326536</value></baselineIncidence><baselineIncidence><age>50</age><sex>0</sex><value>0.002515378</value></baselineIncidence><baselineIncidence><age>50</age><sex>1</sex><value>0.0011443335</value></baselineIncidence><baselineIncidence><age>51</age><sex>0</sex><value>0.002769259</value></baselineIncidence><baselineIncidence><age>51</age><sex>1</sex><value>0.0012657198</value></baselineIncidence><baselineIncidence><age>52</age><sex>0</sex><value>0.0030368345</value></baselineIncidence><baselineIncidence><age>52</age><sex>1</sex><value>0.001396164</value></baselineIncidence><baselineIncidence><age>53</age><sex>0</sex><value>0.0033006007</value></baselineIncidence><baselineIncidence><age>53</age><sex>1</sex><value>0.0015596974</value></baselineIncidence><baselineIncidence><age>54</age><sex>0</sex><value>0.003565472</value></baselineIncidence><baselineIncidence><age>54</age><sex>1</sex><value>0.001738032</value></baselineIncidence><baselineIncidence><age>55</age><sex>0</sex><value>0.0038378902</value></baselineIncidence><baselineIncidence><age>55</age><sex>1</sex><value>0.0019152245</value></baselineIncidence><baselineIncidence><age>56</age><sex>0</sex><value>0.0041565998</value></baselineIncidence><baselineIncidence><age>56</age><sex>1</sex><value>0.0021226683</value></baselineIncidence><baselineIncidence><age>57</age><sex>0</sex><value>0.004453769</value></baselineIncidence><baselineIncidence><age>57</age><sex>1</sex><value>0.0023263742</value></baselineIncidence><baselineIncidence><age>58</age><sex>0</sex><value>0.0048257075</value></baselineIncidence><baselineIncidence><age>58</age><sex>1</sex><value>0.0025421947</value></baselineIncidence><baselineIncidence><age>59</age><sex>0</sex><value>0.005211344</value></baselineIncidence><baselineIncidence><age>59</age><sex>1</sex><value>0.0027477895</value></baselineIncidence><baselineIncidence><age>60</age><sex>0</sex><value>0.005656569</value></baselineIncidence><baselineIncidence><age>60</age><sex>1</sex><value>0.0029580567</value></baselineIncidence><baselineIncidence><age>61</age><sex>0</sex><value>0.0061175027</value></baselineIncidence><baselineIncidence><age>61</age><sex>1</sex><value>0.0031701194</value></baselineIncidence><baselineIncidence><age>62</age><sex>0</sex><value>0.0065445784</value></baselineIncidence><baselineIncidence><age>62</age><sex>1</sex><value>0.0033686638</value></baselineIncidence><baselineIncidence><age>63</age><sex>0</sex><value>0.0069250064</value></baselineIncidence><baselineIncidence><age>63</age><sex>1</sex><value>0.003718441</value></baselineIncidence><baselineIncidence><age>64</age><sex>0</sex><value>0.0073418273</value></baselineIncidence><baselineIncidence><age>64</age><sex>1</sex><value>0.0040072976</value></baselineIncidence><baselineIncidence><age>65</age><sex>0</sex><value>0.008004567</value></baselineIncidence><baselineIncidence><age>65</age><sex>1</sex><value>0.0044213873</value></baselineIncidence><baselineIncidence><age>66</age><sex>0</sex><value>0.008388276</value></baselineIncidence><baselineIncidence><age>66</age><sex>1</sex><value>0.00465801</value></baselineIncidence><baselineIncidence><age>67</age><sex>0</sex><value>0.00872717</value></baselineIncidence><baselineIncidence><age>67</age><sex>1</sex><value>0.0049044704</value></baselineIncidence><baselineIncidence><age>68</age><sex>0</sex><value>0.009102993</value></baselineIncidence><baselineIncidence><age>68</age><sex>1</sex><value>0.005144873</value></baselineIncidence><baselineIncidence><age>69</age><sex>0</sex><value>0.009445096</value></baselineIncidence><baselineIncidence><age>69</age><sex>1</sex><value>0.0054378794</value></baselineIncidence><baselineIncidence><age>70</age><sex>0</sex><value>0.009789818</value></baselineIncidence><baselineIncidence><age>70</age><sex>1</sex><value>0.0057874178</value></baselineIncidence><baselineIncidence><age>71</age><sex>0</sex><value>0.010092881</value></baselineIncidence><baselineIncidence><age>71</age><sex>1</sex><value>0.006081549</value></baselineIncidence><baselineIncidence><age>72</age><sex>0</sex><value>0.010408007</value></baselineIncidence><baselineIncidence><age>72</age><sex>1</sex><value>0.006371123</value></baselineIncidence><baselineIncidence><age>73</age><sex>0</sex><value>0.010722302</value></baselineIncidence><baselineIncidence><age>73</age><sex>1</sex><value>0.0066499542</value></baselineIncidence><baselineIncidence><age>74</age><sex>0</sex><value>0.010981318</value></baselineIncidence><baselineIncidence><age>74</age><sex>1</sex><value>0.006905309</value></baselineIncidence><baselineIncidence><age>75</age><sex>0</sex><value>0.011249647</value></baselineIncidence><baselineIncidence><age>75</age><sex>1</sex><value>0.0071312482</value></baselineIncidence><baselineIncidence><age>76</age><sex>0</sex><value>0.011959723</value></baselineIncidence><baselineIncidence><age>76</age><sex>1</sex><value>0.007751625</value></baselineIncidence><baselineIncidence><age>77</age><sex>0</sex><value>0.012209728</value></baselineIncidence><baselineIncidence><age>77</age><sex>1</sex><value>0.0079764575</value></baselineIncidence><baselineIncidence><age>78</age><sex>0</sex><value>0.0124437865</value></baselineIncidence><baselineIncidence><age>78</age><sex>1</sex><value>0.008248038</value></baselineIncidence><baselineIncidence><age>79</age><sex>0</sex><value>0.012598497</value></baselineIncidence><baselineIncidence><age>79</age><sex>1</sex><value>0.00843974</value></baselineIncidence><baselineIncidence><age>80</age><sex>0</sex><value>0.012689617</value></baselineIncidence><baselineIncidence><age>80</age><sex>1</sex><value>0.008572494</value></baselineIncidence><baselineIncidence><age>81</age><sex>0</sex><value>0.012797036</value></baselineIncidence><baselineIncidence><age>81</age><sex>1</sex><value>0.008715528</value></baselineIncidence><baselineIncidence><age>82</age><sex>0</sex><value>0.012812618</value></baselineIncidence><baselineIncidence><age>82</age><sex>1</sex><value>0.008834066</value></baselineIncidence><baselineIncidence><age>83</age><sex>0</sex><value>0.01279322</value></baselineIncidence><baselineIncidence><age>83</age><sex>1</sex><value>0.0089051565</value></baselineIncidence><baselineIncidence><age>84</age><sex>0</sex><value>0.012762774</value></baselineIncidence><baselineIncidence><age>84</age><sex>1</sex><value>0.008913779</value></baselineIncidence><baselineIncidence><age>85</age><sex>0</sex><value>0.012724092</value></baselineIncidence><baselineIncidence><age>85</age><sex>1</sex><value>0.008838995</value></baselineIncidence><baselineIncidence><age>86</age><sex>0</sex><value>0.013062298</value></baselineIncidence><baselineIncidence><age>86</age><sex>1</sex><value>0.008988394</value></baselineIncidence><baselineIncidence><age>87</age><sex>0</sex><value>0.012855385</value></baselineIncidence><baselineIncidence><age>87</age><sex>1</sex><value>0.008834369</value></baselineIncidence><baselineIncidence><age>88</age><sex>0</sex><value>0.012624956</value></baselineIncidence><baselineIncidence><age>88</age><sex>1</sex><value>0.0086257765</value></baselineIncidence><baselineIncidence><age>89</age><sex>0</sex><value>0.012385371</value></baselineIncidence><baselineIncidence><age>89</age><sex>1</sex><value>0.008369628</value></baselineIncidence><baselineIncidence><age>90</age><sex>0</sex><value>0.012034652</value></baselineIncidence><baselineIncidence><age>90</age><sex>1</sex><value>0.008060006</value></baselineIncidence><baselineIncidence><age>91</age><sex>0</sex><value>0.011655534</value></baselineIncidence><baselineIncidence><age>91</age><sex>1</sex><value>0.0077312253</value></baselineIncidence><baselineIncidence><age>92</age><sex>0</sex><value>0.0112079885</value></baselineIncidence><baselineIncidence><age>92</age><sex>1</sex><value>0.007366899</value></baselineIncidence><baselineIncidence><age>93</age><sex>0</sex><value>0.01074036</value></baselineIncidence><baselineIncidence><age>93</age><sex>1</sex><value>0.006992263</value></baselineIncidence><baselineIncidence><age>94</age><sex>0</sex><value>0.010234231</value></baselineIncidence><baselineIncidence><age>94</age><sex>1</sex><value>0.006593064</value></baselineIncidence><baselineIncidence><age>95</age><sex>0</sex><value>0.009767928</value></baselineIncidence><baselineIncidence><age>95</age><sex>1</sex><value>0.006151212</value></baselineIncidence></baselineIncidences>