<?xml version="1.0" encoding="UTF-8" standalone="no"?><baselineOtherMortalities><baselineOtherMortality><age>0</age><sex>0</sex><value>0.0050500003</value></baselineOtherMortality><baselineOtherMortality><age>0</age><sex>1</sex><value>0.004216</value></baselineOtherMortality><baselineOtherMortality><age>1</age><sex>0</sex><value>3.5800002E-4</value></baselineOtherMortality><baselineOtherMortality><age>1</age><sex>1</sex><value>4.17E-4</value></baselineOtherMortality><baselineOtherMortality><age>2</age><sex>0</sex><value>2.7400002E-4</value></baselineOtherMortality><baselineOtherMortality><age>2</age><sex>1</sex><value>1.64E-4</value></baselineOtherMortality><baselineOtherMortality><age>3</age><sex>0</sex><value>2.0800001E-4</value></baselineOtherMortality><baselineOtherMortality><age>3</age><sex>1</sex><value>1.32E-4</value></baselineOtherMortality><baselineOtherMortality><age>4</age><sex>0</sex><value>1.34E-4</value></baselineOtherMortality><baselineOtherMortality><age>4</age><sex>1</sex><value>1.45E-4</value></baselineOtherMortality><baselineOtherMortality><age>5</age><sex>0</sex><value>1.43E-4</value></baselineOtherMortality><baselineOtherMortality><age>5</age><sex>1</sex><value>1.0E-4</value></baselineOtherMortality><baselineOtherMortality><age>6</age><sex>0</sex><value>1.11E-4</value></baselineOtherMortality><baselineOtherMortality><age>6</age><sex>1</sex><value>8.1000006E-5</value></baselineOtherMortality><baselineOtherMortality><age>7</age><sex>0</sex><value>1.1300001E-4</value></baselineOtherMortality><baselineOtherMortality><age>7</age><sex>1</sex><value>8.7E-5</value></baselineOtherMortality><baselineOtherMortality><age>8</age><sex>0</sex><value>1.35E-4</value></baselineOtherMortality><baselineOtherMortality><age>8</age><sex>1</sex><value>6.8E-5</value></baselineOtherMortality><baselineOtherMortality><age>9</age><sex>0</sex><value>7.000001E-5</value></baselineOtherMortality><baselineOtherMortality><age>9</age><sex>1</sex><value>6.300001E-5</value></baselineOtherMortality><baselineOtherMortality><age>10</age><sex>0</sex><value>9.500001E-5</value></baselineOtherMortality><baselineOtherMortality><age>10</age><sex>1</sex><value>1.26E-4</value></baselineOtherMortality><baselineOtherMortality><age>11</age><sex>0</sex><value>9.4E-5</value></baselineOtherMortality><baselineOtherMortality><age>11</age><sex>1</sex><value>1.09E-4</value></baselineOtherMortality><baselineOtherMortality><age>12</age><sex>0</sex><value>1.1300001E-4</value></baselineOtherMortality><baselineOtherMortality><age>12</age><sex>1</sex><value>8.2E-5</value></baselineOtherMortality><baselineOtherMortality><age>13</age><sex>0</sex><value>1.7500001E-4</value></baselineOtherMortality><baselineOtherMortality><age>13</age><sex>1</sex><value>1.32E-4</value></baselineOtherMortality><baselineOtherMortality><age>14</age><sex>0</sex><value>1.54E-4</value></baselineOtherMortality><baselineOtherMortality><age>14</age><sex>1</sex><value>1.36E-4</value></baselineOtherMortality><baselineOtherMortality><age>15</age><sex>0</sex><value>1.6325054E-4</value></baselineOtherMortality><baselineOtherMortality><age>15</age><sex>1</sex><value>1.3060102E-4</value></baselineOtherMortality><baselineOtherMortality><age>16</age><sex>0</sex><value>3.493746E-4</value></baselineOtherMortality><baselineOtherMortality><age>16</age><sex>1</sex><value>1.7433635E-4</value></baselineOtherMortality><baselineOtherMortality><age>17</age><sex>0</sex><value>3.28495E-4</value></baselineOtherMortality><baselineOtherMortality><age>17</age><sex>1</sex><value>1.4490445E-4</value></baselineOtherMortality><baselineOtherMortality><age>18</age><sex>0</sex><value>3.9756528E-4</value></baselineOtherMortality><baselineOtherMortality><age>18</age><sex>1</sex><value>1.5919728E-4</value></baselineOtherMortality><baselineOtherMortality><age>19</age><sex>0</sex><value>3.744287E-4</value></baselineOtherMortality><baselineOtherMortality><age>19</age><sex>1</sex><value>1.8921804E-4</value></baselineOtherMortality><baselineOtherMortality><age>20</age><sex>0</sex><value>5.060649E-4</value></baselineOtherMortality><baselineOtherMortality><age>20</age><sex>1</sex><value>1.788685E-4</value></baselineOtherMortality><baselineOtherMortality><age>21</age><sex>0</sex><value>4.778358E-4</value></baselineOtherMortality><baselineOtherMortality><age>21</age><sex>1</sex><value>2.5207485E-4</value></baselineOtherMortality><baselineOtherMortality><age>22</age><sex>0</sex><value>4.421729E-4</value></baselineOtherMortality><baselineOtherMortality><age>22</age><sex>1</sex><value>2.5617884E-4</value></baselineOtherMortality><baselineOtherMortality><age>23</age><sex>0</sex><value>5.326794E-4</value></baselineOtherMortality><baselineOtherMortality><age>23</age><sex>1</sex><value>2.3742976E-4</value></baselineOtherMortality><baselineOtherMortality><age>24</age><sex>0</sex><value>4.321485E-4</value></baselineOtherMortality><baselineOtherMortality><age>24</age><sex>1</sex><value>1.2796948E-4</value></baselineOtherMortality><baselineOtherMortality><age>25</age><sex>0</sex><value>4.6574592E-4</value></baselineOtherMortality><baselineOtherMortality><age>25</age><sex>1</sex><value>1.958411E-4</value></baselineOtherMortality><baselineOtherMortality><age>26</age><sex>0</sex><value>4.6006255E-4</value></baselineOtherMortality><baselineOtherMortality><age>26</age><sex>1</sex><value>2.0826167E-4</value></baselineOtherMortality><baselineOtherMortality><age>27</age><sex>0</sex><value>4.6297803E-4</value></baselineOtherMortality><baselineOtherMortality><age>27</age><sex>1</sex><value>2.0371562E-4</value></baselineOtherMortality><baselineOtherMortality><age>28</age><sex>0</sex><value>4.3324474E-4</value></baselineOtherMortality><baselineOtherMortality><age>28</age><sex>1</sex><value>2.9012776E-4</value></baselineOtherMortality><baselineOtherMortality><age>29</age><sex>0</sex><value>4.93513E-4</value></baselineOtherMortality><baselineOtherMortality><age>29</age><sex>1</sex><value>2.4152265E-4</value></baselineOtherMortality><baselineOtherMortality><age>30</age><sex>0</sex><value>5.4308295E-4</value></baselineOtherMortality><baselineOtherMortality><age>30</age><sex>1</sex><value>3.2094776E-4</value></baselineOtherMortality><baselineOtherMortality><age>31</age><sex>0</sex><value>4.665944E-4</value></baselineOtherMortality><baselineOtherMortality><age>31</age><sex>1</sex><value>3.0512665E-4</value></baselineOtherMortality><baselineOtherMortality><age>32</age><sex>0</sex><value>5.2797626E-4</value></baselineOtherMortality><baselineOtherMortality><age>32</age><sex>1</sex><value>2.5761584E-4</value></baselineOtherMortality><baselineOtherMortality><age>33</age><sex>0</sex><value>5.570332E-4</value></baselineOtherMortality><baselineOtherMortality><age>33</age><sex>1</sex><value>3.7327723E-4</value></baselineOtherMortality><baselineOtherMortality><age>34</age><sex>0</sex><value>6.001101E-4</value></baselineOtherMortality><baselineOtherMortality><age>34</age><sex>1</sex><value>3.7096793E-4</value></baselineOtherMortality><baselineOtherMortality><age>35</age><sex>0</sex><value>6.1546266E-4</value></baselineOtherMortality><baselineOtherMortality><age>35</age><sex>1</sex><value>3.7733398E-4</value></baselineOtherMortality><baselineOtherMortality><age>36</age><sex>0</sex><value>6.3311704E-4</value></baselineOtherMortality><baselineOtherMortality><age>36</age><sex>1</sex><value>3.8875392E-4</value></baselineOtherMortality><baselineOtherMortality><age>37</age><sex>0</sex><value>6.5630476E-4</value></baselineOtherMortality><baselineOtherMortality><age>37</age><sex>1</sex><value>3.9044878E-4</value></baselineOtherMortality><baselineOtherMortality><age>38</age><sex>0</sex><value>6.411013E-4</value></baselineOtherMortality><baselineOtherMortality><age>38</age><sex>1</sex><value>3.946296E-4</value></baselineOtherMortality><baselineOtherMortality><age>39</age><sex>0</sex><value>7.536939E-4</value></baselineOtherMortality><baselineOtherMortality><age>39</age><sex>1</sex><value>3.9996605E-4</value></baselineOtherMortality><baselineOtherMortality><age>40</age><sex>0</sex><value>6.5524457E-4</value></baselineOtherMortality><baselineOtherMortality><age>40</age><sex>1</sex><value>4.6026087E-4</value></baselineOtherMortality><baselineOtherMortality><age>41</age><sex>0</sex><value>6.8185653E-4</value></baselineOtherMortality><baselineOtherMortality><age>41</age><sex>1</sex><value>4.9017277E-4</value></baselineOtherMortality><baselineOtherMortality><age>42</age><sex>0</sex><value>7.8579935E-4</value></baselineOtherMortality><baselineOtherMortality><age>42</age><sex>1</sex><value>4.1872222E-4</value></baselineOtherMortality><baselineOtherMortality><age>43</age><sex>0</sex><value>9.037977E-4</value></baselineOtherMortality><baselineOtherMortality><age>43</age><sex>1</sex><value>4.3008034E-4</value></baselineOtherMortality><baselineOtherMortality><age>44</age><sex>0</sex><value>6.404733E-4</value></baselineOtherMortality><baselineOtherMortality><age>44</age><sex>1</sex><value>6.6739623E-4</value></baselineOtherMortality><baselineOtherMortality><age>45</age><sex>0</sex><value>8.5586915E-4</value></baselineOtherMortality><baselineOtherMortality><age>45</age><sex>1</sex><value>4.27232E-4</value></baselineOtherMortality><baselineOtherMortality><age>46</age><sex>0</sex><value>7.5288315E-4</value></baselineOtherMortality><baselineOtherMortality><age>46</age><sex>1</sex><value>7.0502877E-4</value></baselineOtherMortality><baselineOtherMortality><age>47</age><sex>0</sex><value>9.809436E-4</value></baselineOtherMortality><baselineOtherMortality><age>47</age><sex>1</sex><value>6.645816E-4</value></baselineOtherMortality><baselineOtherMortality><age>48</age><sex>0</sex><value>0.0011482855</value></baselineOtherMortality><baselineOtherMortality><age>48</age><sex>1</sex><value>7.1371224E-4</value></baselineOtherMortality><baselineOtherMortality><age>49</age><sex>0</sex><value>0.0011139561</value></baselineOtherMortality><baselineOtherMortality><age>49</age><sex>1</sex><value>8.104663E-4</value></baselineOtherMortality><baselineOtherMortality><age>50</age><sex>0</sex><value>0.001238256</value></baselineOtherMortality><baselineOtherMortality><age>50</age><sex>1</sex><value>9.41245E-4</value></baselineOtherMortality><baselineOtherMortality><age>51</age><sex>0</sex><value>0.0013514686</value></baselineOtherMortality><baselineOtherMortality><age>51</age><sex>1</sex><value>8.886223E-4</value></baselineOtherMortality><baselineOtherMortality><age>52</age><sex>0</sex><value>0.0011542476</value></baselineOtherMortality><baselineOtherMortality><age>52</age><sex>1</sex><value>0.0011926405</value></baselineOtherMortality><baselineOtherMortality><age>53</age><sex>0</sex><value>0.0011238196</value></baselineOtherMortality><baselineOtherMortality><age>53</age><sex>1</sex><value>8.601587E-4</value></baselineOtherMortality><baselineOtherMortality><age>54</age><sex>0</sex><value>0.0012746791</value></baselineOtherMortality><baselineOtherMortality><age>54</age><sex>1</sex><value>0.0010297016</value></baselineOtherMortality><baselineOtherMortality><age>55</age><sex>0</sex><value>0.0012012883</value></baselineOtherMortality><baselineOtherMortality><age>55</age><sex>1</sex><value>0.0011701265</value></baselineOtherMortality><baselineOtherMortality><age>56</age><sex>0</sex><value>0.0010968809</value></baselineOtherMortality><baselineOtherMortality><age>56</age><sex>1</sex><value>9.820753E-4</value></baselineOtherMortality><baselineOtherMortality><age>57</age><sex>0</sex><value>9.129391E-4</value></baselineOtherMortality><baselineOtherMortality><age>57</age><sex>1</sex><value>0.0013237629</value></baselineOtherMortality><baselineOtherMortality><age>58</age><sex>0</sex><value>0.0010631534</value></baselineOtherMortality><baselineOtherMortality><age>58</age><sex>1</sex><value>0.0012550765</value></baselineOtherMortality><baselineOtherMortality><age>59</age><sex>0</sex><value>9.615071E-4</value></baselineOtherMortality><baselineOtherMortality><age>59</age><sex>1</sex><value>0.0010598138</value></baselineOtherMortality><baselineOtherMortality><age>60</age><sex>0</sex><value>0.0012838667</value></baselineOtherMortality><baselineOtherMortality><age>60</age><sex>1</sex><value>0.0014415478</value></baselineOtherMortality><baselineOtherMortality><age>61</age><sex>0</sex><value>0.002117195</value></baselineOtherMortality><baselineOtherMortality><age>61</age><sex>1</sex><value>0.0018270551</value></baselineOtherMortality><baselineOtherMortality><age>62</age><sex>0</sex><value>0.0021107844</value></baselineOtherMortality><baselineOtherMortality><age>62</age><sex>1</sex><value>0.0012862552</value></baselineOtherMortality><baselineOtherMortality><age>63</age><sex>0</sex><value>0.0012775564</value></baselineOtherMortality><baselineOtherMortality><age>63</age><sex>1</sex><value>0.0016306645</value></baselineOtherMortality><baselineOtherMortality><age>64</age><sex>0</sex><value>0.0013732759</value></baselineOtherMortality><baselineOtherMortality><age>64</age><sex>1</sex><value>0.0018870428</value></baselineOtherMortality><baselineOtherMortality><age>65</age><sex>0</sex><value>0.0016341999</value></baselineOtherMortality><baselineOtherMortality><age>65</age><sex>1</sex><value>0.0015022551</value></baselineOtherMortality><baselineOtherMortality><age>66</age><sex>0</sex><value>0.00103439</value></baselineOtherMortality><baselineOtherMortality><age>66</age><sex>1</sex><value>0.001539006</value></baselineOtherMortality><baselineOtherMortality><age>67</age><sex>0</sex><value>0.0012589764</value></baselineOtherMortality><baselineOtherMortality><age>67</age><sex>1</sex><value>0.0019369135</value></baselineOtherMortality><baselineOtherMortality><age>68</age><sex>0</sex><value>0.0013218294</value></baselineOtherMortality><baselineOtherMortality><age>68</age><sex>1</sex><value>0.0019975444</value></baselineOtherMortality><baselineOtherMortality><age>69</age><sex>0</sex><value>0.0018326328</value></baselineOtherMortality><baselineOtherMortality><age>69</age><sex>1</sex><value>0.0020748873</value></baselineOtherMortality><baselineOtherMortality><age>70</age><sex>0</sex><value>0.002886039</value></baselineOtherMortality><baselineOtherMortality><age>70</age><sex>1</sex><value>0.0023531632</value></baselineOtherMortality><baselineOtherMortality><age>71</age><sex>0</sex><value>0.0035329002</value></baselineOtherMortality><baselineOtherMortality><age>71</age><sex>1</sex><value>0.0037950093</value></baselineOtherMortality><baselineOtherMortality><age>72</age><sex>0</sex><value>0.0039661555</value></baselineOtherMortality><baselineOtherMortality><age>72</age><sex>1</sex><value>0.00423882</value></baselineOtherMortality><baselineOtherMortality><age>73</age><sex>0</sex><value>0.0044496856</value></baselineOtherMortality><baselineOtherMortality><age>73</age><sex>1</sex><value>0.0046388637</value></baselineOtherMortality><baselineOtherMortality><age>74</age><sex>0</sex><value>0.0057215067</value></baselineOtherMortality><baselineOtherMortality><age>74</age><sex>1</sex><value>0.0071221506</value></baselineOtherMortality><baselineOtherMortality><age>75</age><sex>0</sex><value>0.006334704</value></baselineOtherMortality><baselineOtherMortality><age>75</age><sex>1</sex><value>0.0071856924</value></baselineOtherMortality><baselineOtherMortality><age>76</age><sex>0</sex><value>0.0088644065</value></baselineOtherMortality><baselineOtherMortality><age>76</age><sex>1</sex><value>0.008630342</value></baselineOtherMortality><baselineOtherMortality><age>77</age><sex>0</sex><value>0.011662935</value></baselineOtherMortality><baselineOtherMortality><age>77</age><sex>1</sex><value>0.010394463</value></baselineOtherMortality><baselineOtherMortality><age>78</age><sex>0</sex><value>0.014635061</value></baselineOtherMortality><baselineOtherMortality><age>78</age><sex>1</sex><value>0.012721282</value></baselineOtherMortality><baselineOtherMortality><age>79</age><sex>0</sex><value>0.016006112</value></baselineOtherMortality><baselineOtherMortality><age>79</age><sex>1</sex><value>0.013898592</value></baselineOtherMortality><baselineOtherMortality><age>80</age><sex>0</sex><value>0.021888984</value></baselineOtherMortality><baselineOtherMortality><age>80</age><sex>1</sex><value>0.018914273</value></baselineOtherMortality><baselineOtherMortality><age>81</age><sex>0</sex><value>0.026513895</value></baselineOtherMortality><baselineOtherMortality><age>81</age><sex>1</sex><value>0.02175707</value></baselineOtherMortality><baselineOtherMortality><age>82</age><sex>0</sex><value>0.029244691</value></baselineOtherMortality><baselineOtherMortality><age>82</age><sex>1</sex><value>0.027366027</value></baselineOtherMortality><baselineOtherMortality><age>83</age><sex>0</sex><value>0.03843301</value></baselineOtherMortality><baselineOtherMortality><age>83</age><sex>1</sex><value>0.031125357</value></baselineOtherMortality><baselineOtherMortality><age>84</age><sex>0</sex><value>0.039475936</value></baselineOtherMortality><baselineOtherMortality><age>84</age><sex>1</sex><value>0.038555916</value></baselineOtherMortality><baselineOtherMortality><age>85</age><sex>0</sex><value>0.048699204</value></baselineOtherMortality><baselineOtherMortality><age>85</age><sex>1</sex><value>0.04737686</value></baselineOtherMortality><baselineOtherMortality><age>86</age><sex>0</sex><value>0.06480737</value></baselineOtherMortality><baselineOtherMortality><age>86</age><sex>1</sex><value>0.05545556</value></baselineOtherMortality><baselineOtherMortality><age>87</age><sex>0</sex><value>0.06664005</value></baselineOtherMortality><baselineOtherMortality><age>87</age><sex>1</sex><value>0.063986614</value></baselineOtherMortality><baselineOtherMortality><age>88</age><sex>0</sex><value>0.07936357</value></baselineOtherMortality><baselineOtherMortality><age>88</age><sex>1</sex><value>0.07583032</value></baselineOtherMortality><baselineOtherMortality><age>89</age><sex>0</sex><value>0.09545404</value></baselineOtherMortality><baselineOtherMortality><age>89</age><sex>1</sex><value>0.092116214</value></baselineOtherMortality><baselineOtherMortality><age>90</age><sex>0</sex><value>0.10493658</value></baselineOtherMortality><baselineOtherMortality><age>90</age><sex>1</sex><value>0.10748237</value></baselineOtherMortality><baselineOtherMortality><age>91</age><sex>0</sex><value>0.12809113</value></baselineOtherMortality><baselineOtherMortality><age>91</age><sex>1</sex><value>0.12501936</value></baselineOtherMortality><baselineOtherMortality><age>92</age><sex>0</sex><value>0.14047942</value></baselineOtherMortality><baselineOtherMortality><age>92</age><sex>1</sex><value>0.14064817</value></baselineOtherMortality><baselineOtherMortality><age>93</age><sex>0</sex><value>0.17598274</value></baselineOtherMortality><baselineOtherMortality><age>93</age><sex>1</sex><value>0.16431555</value></baselineOtherMortality><baselineOtherMortality><age>94</age><sex>0</sex><value>0.19069119</value></baselineOtherMortality><baselineOtherMortality><age>94</age><sex>1</sex><value>0.18761705</value></baselineOtherMortality><baselineOtherMortality><age>95</age><sex>0</sex><value>0.20776108</value></baselineOtherMortality><baselineOtherMortality><age>95</age><sex>1</sex><value>0.21197493</value></baselineOtherMortality></baselineOtherMortalities>