<?xml version="1.0" encoding="UTF-8" standalone="no"?><baselineIncidences><baselineIncidence><age>0</age><sex>0</sex><value>0.0</value></baselineIncidence><baselineIncidence><age>0</age><sex>1</sex><value>0.0</value></baselineIncidence><baselineIncidence><age>1</age><sex>0</sex><value>0.0</value></baselineIncidence><baselineIncidence><age>1</age><sex>1</sex><value>0.0</value></baselineIncidence><baselineIncidence><age>2</age><sex>0</sex><value>0.0</value></baselineIncidence><baselineIncidence><age>2</age><sex>1</sex><value>0.0</value></baselineIncidence><baselineIncidence><age>3</age><sex>0</sex><value>0.0</value></baselineIncidence><baselineIncidence><age>3</age><sex>1</sex><value>0.0</value></baselineIncidence><baselineIncidence><age>4</age><sex>0</sex><value>0.0</value></baselineIncidence><baselineIncidence><age>4</age><sex>1</sex><value>0.0</value></baselineIncidence><baselineIncidence><age>5</age><sex>0</sex><value>0.0</value></baselineIncidence><baselineIncidence><age>5</age><sex>1</sex><value>0.0</value></baselineIncidence><baselineIncidence><age>6</age><sex>0</sex><value>0.0</value></baselineIncidence><baselineIncidence><age>6</age><sex>1</sex><value>0.0</value></baselineIncidence><baselineIncidence><age>7</age><sex>0</sex><value>0.0</value></baselineIncidence><baselineIncidence><age>7</age><sex>1</sex><value>0.0</value></baselineIncidence><baselineIncidence><age>8</age><sex>0</sex><value>0.0</value></baselineIncidence><baselineIncidence><age>8</age><sex>1</sex><value>0.0</value></baselineIncidence><baselineIncidence><age>9</age><sex>0</sex><value>0.0</value></baselineIncidence><baselineIncidence><age>9</age><sex>1</sex><value>0.0</value></baselineIncidence><baselineIncidence><age>10</age><sex>0</sex><value>0.0</value></baselineIncidence><baselineIncidence><age>10</age><sex>1</sex><value>0.0</value></baselineIncidence><baselineIncidence><age>11</age><sex>0</sex><value>0.0</value></baselineIncidence><baselineIncidence><age>11</age><sex>1</sex><value>0.0</value></baselineIncidence><baselineIncidence><age>12</age><sex>0</sex><value>0.0</value></baselineIncidence><baselineIncidence><age>12</age><sex>1</sex><value>0.0</value></baselineIncidence><baselineIncidence><age>13</age><sex>0</sex><value>0.0</value></baselineIncidence><baselineIncidence><age>13</age><sex>1</sex><value>0.0</value></baselineIncidence><baselineIncidence><age>14</age><sex>0</sex><value>0.0</value></baselineIncidence><baselineIncidence><age>14</age><sex>1</sex><value>0.0</value></baselineIncidence><baselineIncidence><age>15</age><sex>0</sex><value>0.0</value></baselineIncidence><baselineIncidence><age>15</age><sex>1</sex><value>0.0</value></baselineIncidence><baselineIncidence><age>16</age><sex>0</sex><value>0.0</value></baselineIncidence><baselineIncidence><age>16</age><sex>1</sex><value>0.0</value></baselineIncidence><baselineIncidence><age>17</age><sex>0</sex><value>0.0</value></baselineIncidence><baselineIncidence><age>17</age><sex>1</sex><value>1.0E-7</value></baselineIncidence><baselineIncidence><age>18</age><sex>0</sex><value>0.0</value></baselineIncidence><baselineIncidence><age>18</age><sex>1</sex><value>3.0E-7</value></baselineIncidence><baselineIncidence><age>19</age><sex>0</sex><value>0.0</value></baselineIncidence><baselineIncidence><age>19</age><sex>1</sex><value>5.0E-7</value></baselineIncidence><baselineIncidence><age>20</age><sex>0</sex><value>0.0</value></baselineIncidence><baselineIncidence><age>20</age><sex>1</sex><value>6.000001E-7</value></baselineIncidence><baselineIncidence><age>21</age><sex>0</sex><value>0.0</value></baselineIncidence><baselineIncidence><age>21</age><sex>1</sex><value>8.0E-7</value></baselineIncidence><baselineIncidence><age>22</age><sex>0</sex><value>1.0E-7</value></baselineIncidence><baselineIncidence><age>22</age><sex>1</sex><value>8.0E-7</value></baselineIncidence><baselineIncidence><age>23</age><sex>0</sex><value>3.0000004E-7</value></baselineIncidence><baselineIncidence><age>23</age><sex>1</sex><value>7.0E-7</value></baselineIncidence><baselineIncidence><age>24</age><sex>0</sex><value>5.0000006E-7</value></baselineIncidence><baselineIncidence><age>24</age><sex>1</sex><value>6.000001E-7</value></baselineIncidence><baselineIncidence><age>25</age><sex>0</sex><value>7.0E-7</value></baselineIncidence><baselineIncidence><age>25</age><sex>1</sex><value>5.0E-7</value></baselineIncidence><baselineIncidence><age>26</age><sex>0</sex><value>9.0000003E-7</value></baselineIncidence><baselineIncidence><age>26</age><sex>1</sex><value>3.0000004E-7</value></baselineIncidence><baselineIncidence><age>27</age><sex>0</sex><value>1.1E-6</value></baselineIncidence><baselineIncidence><age>27</age><sex>1</sex><value>2.0E-7</value></baselineIncidence><baselineIncidence><age>28</age><sex>0</sex><value>1.3E-6</value></baselineIncidence><baselineIncidence><age>28</age><sex>1</sex><value>3.0E-7</value></baselineIncidence><baselineIncidence><age>29</age><sex>0</sex><value>1.5000002E-6</value></baselineIncidence><baselineIncidence><age>29</age><sex>1</sex><value>4.0E-7</value></baselineIncidence><baselineIncidence><age>30</age><sex>0</sex><value>1.8E-6</value></baselineIncidence><baselineIncidence><age>30</age><sex>1</sex><value>6.0E-7</value></baselineIncidence><baselineIncidence><age>31</age><sex>0</sex><value>2.1E-6</value></baselineIncidence><baselineIncidence><age>31</age><sex>1</sex><value>8.0000007E-7</value></baselineIncidence><baselineIncidence><age>32</age><sex>0</sex><value>2.6E-6</value></baselineIncidence><baselineIncidence><age>32</age><sex>1</sex><value>1.1E-6</value></baselineIncidence><baselineIncidence><age>33</age><sex>0</sex><value>3.2E-6</value></baselineIncidence><baselineIncidence><age>33</age><sex>1</sex><value>1.4E-6</value></baselineIncidence><baselineIncidence><age>34</age><sex>0</sex><value>4.1E-6</value></baselineIncidence><baselineIncidence><age>34</age><sex>1</sex><value>1.6999999E-6</value></baselineIncidence><baselineIncidence><age>35</age><sex>0</sex><value>5.2E-6</value></baselineIncidence><baselineIncidence><age>35</age><sex>1</sex><value>2.1000003E-6</value></baselineIncidence><baselineIncidence><age>36</age><sex>0</sex><value>6.7000005E-6</value></baselineIncidence><baselineIncidence><age>36</age><sex>1</sex><value>2.6E-6</value></baselineIncidence><baselineIncidence><age>37</age><sex>0</sex><value>8.6E-6</value></baselineIncidence><baselineIncidence><age>37</age><sex>1</sex><value>3.2000003E-6</value></baselineIncidence><baselineIncidence><age>38</age><sex>0</sex><value>1.1000001E-5</value></baselineIncidence><baselineIncidence><age>38</age><sex>1</sex><value>3.9000006E-6</value></baselineIncidence><baselineIncidence><age>39</age><sex>0</sex><value>1.4000001E-5</value></baselineIncidence><baselineIncidence><age>39</age><sex>1</sex><value>4.9E-6</value></baselineIncidence><baselineIncidence><age>40</age><sex>0</sex><value>1.77E-5</value></baselineIncidence><baselineIncidence><age>40</age><sex>1</sex><value>6.0E-6</value></baselineIncidence><baselineIncidence><age>41</age><sex>0</sex><value>2.22E-5</value></baselineIncidence><baselineIncidence><age>41</age><sex>1</sex><value>7.4E-6</value></baselineIncidence><baselineIncidence><age>42</age><sex>0</sex><value>2.7700002E-5</value></baselineIncidence><baselineIncidence><age>42</age><sex>1</sex><value>9.1E-6</value></baselineIncidence><baselineIncidence><age>43</age><sex>0</sex><value>3.4100005E-5</value></baselineIncidence><baselineIncidence><age>43</age><sex>1</sex><value>1.1E-5</value></baselineIncidence><baselineIncidence><age>44</age><sex>0</sex><value>4.16E-5</value></baselineIncidence><baselineIncidence><age>44</age><sex>1</sex><value>1.3299999E-5</value></baselineIncidence><baselineIncidence><age>45</age><sex>0</sex><value>5.0E-5</value></baselineIncidence><baselineIncidence><age>45</age><sex>1</sex><value>1.5900001E-5</value></baselineIncidence><baselineIncidence><age>46</age><sex>0</sex><value>5.9300004E-5</value></baselineIncidence><baselineIncidence><age>46</age><sex>1</sex><value>1.9E-5</value></baselineIncidence><baselineIncidence><age>47</age><sex>0</sex><value>6.9500005E-5</value></baselineIncidence><baselineIncidence><age>47</age><sex>1</sex><value>2.25E-5</value></baselineIncidence><baselineIncidence><age>48</age><sex>0</sex><value>8.05E-5</value></baselineIncidence><baselineIncidence><age>48</age><sex>1</sex><value>2.6400001E-5</value></baselineIncidence><baselineIncidence><age>49</age><sex>0</sex><value>9.25E-5</value></baselineIncidence><baselineIncidence><age>49</age><sex>1</sex><value>3.07E-5</value></baselineIncidence><baselineIncidence><age>50</age><sex>0</sex><value>1.06E-4</value></baselineIncidence><baselineIncidence><age>50</age><sex>1</sex><value>3.52E-5</value></baselineIncidence><baselineIncidence><age>51</age><sex>0</sex><value>1.2E-4</value></baselineIncidence><baselineIncidence><age>51</age><sex>1</sex><value>3.9700004E-5</value></baselineIncidence><baselineIncidence><age>52</age><sex>0</sex><value>1.35E-4</value></baselineIncidence><baselineIncidence><age>52</age><sex>1</sex><value>4.42E-5</value></baselineIncidence><baselineIncidence><age>53</age><sex>0</sex><value>1.52E-4</value></baselineIncidence><baselineIncidence><age>53</age><sex>1</sex><value>4.8500002E-5</value></baselineIncidence><baselineIncidence><age>54</age><sex>0</sex><value>1.71E-4</value></baselineIncidence><baselineIncidence><age>54</age><sex>1</sex><value>5.2700005E-5</value></baselineIncidence><baselineIncidence><age>55</age><sex>0</sex><value>1.9E-4</value></baselineIncidence><baselineIncidence><age>55</age><sex>1</sex><value>5.7100002E-5</value></baselineIncidence><baselineIncidence><age>56</age><sex>0</sex><value>2.0900002E-4</value></baselineIncidence><baselineIncidence><age>56</age><sex>1</sex><value>6.1700004E-5</value></baselineIncidence><baselineIncidence><age>57</age><sex>0</sex><value>2.2900001E-4</value></baselineIncidence><baselineIncidence><age>57</age><sex>1</sex><value>6.67E-5</value></baselineIncidence><baselineIncidence><age>58</age><sex>0</sex><value>2.4900003E-4</value></baselineIncidence><baselineIncidence><age>58</age><sex>1</sex><value>7.22E-5</value></baselineIncidence><baselineIncidence><age>59</age><sex>0</sex><value>2.6900004E-4</value></baselineIncidence><baselineIncidence><age>59</age><sex>1</sex><value>7.8E-5</value></baselineIncidence><baselineIncidence><age>60</age><sex>0</sex><value>2.88E-4</value></baselineIncidence><baselineIncidence><age>60</age><sex>1</sex><value>8.38E-5</value></baselineIncidence><baselineIncidence><age>61</age><sex>0</sex><value>3.0800002E-4</value></baselineIncidence><baselineIncidence><age>61</age><sex>1</sex><value>8.91E-5</value></baselineIncidence><baselineIncidence><age>62</age><sex>0</sex><value>3.2700002E-4</value></baselineIncidence><baselineIncidence><age>62</age><sex>1</sex><value>9.38E-5</value></baselineIncidence><baselineIncidence><age>63</age><sex>0</sex><value>3.4600002E-4</value></baselineIncidence><baselineIncidence><age>63</age><sex>1</sex><value>9.770001E-5</value></baselineIncidence><baselineIncidence><age>64</age><sex>0</sex><value>3.6500004E-4</value></baselineIncidence><baselineIncidence><age>64</age><sex>1</sex><value>1.01E-4</value></baselineIncidence><baselineIncidence><age>65</age><sex>0</sex><value>3.85E-4</value></baselineIncidence><baselineIncidence><age>65</age><sex>1</sex><value>1.0500001E-4</value></baselineIncidence><baselineIncidence><age>66</age><sex>0</sex><value>4.06E-4</value></baselineIncidence><baselineIncidence><age>66</age><sex>1</sex><value>1.1000001E-4</value></baselineIncidence><baselineIncidence><age>67</age><sex>0</sex><value>4.2900004E-4</value></baselineIncidence><baselineIncidence><age>67</age><sex>1</sex><value>1.1700001E-4</value></baselineIncidence><baselineIncidence><age>68</age><sex>0</sex><value>4.54E-4</value></baselineIncidence><baselineIncidence><age>68</age><sex>1</sex><value>1.25E-4</value></baselineIncidence><baselineIncidence><age>69</age><sex>0</sex><value>4.81E-4</value></baselineIncidence><baselineIncidence><age>69</age><sex>1</sex><value>1.3600002E-4</value></baselineIncidence><baselineIncidence><age>70</age><sex>0</sex><value>5.089999E-4</value></baselineIncidence><baselineIncidence><age>70</age><sex>1</sex><value>1.47E-4</value></baselineIncidence><baselineIncidence><age>71</age><sex>0</sex><value>5.370001E-4</value></baselineIncidence><baselineIncidence><age>71</age><sex>1</sex><value>1.58E-4</value></baselineIncidence><baselineIncidence><age>72</age><sex>0</sex><value>5.6300004E-4</value></baselineIncidence><baselineIncidence><age>72</age><sex>1</sex><value>1.69E-4</value></baselineIncidence><baselineIncidence><age>73</age><sex>0</sex><value>5.87E-4</value></baselineIncidence><baselineIncidence><age>73</age><sex>1</sex><value>1.78E-4</value></baselineIncidence><baselineIncidence><age>74</age><sex>0</sex><value>6.1E-4</value></baselineIncidence><baselineIncidence><age>74</age><sex>1</sex><value>1.8600002E-4</value></baselineIncidence><baselineIncidence><age>75</age><sex>0</sex><value>6.3100003E-4</value></baselineIncidence><baselineIncidence><age>75</age><sex>1</sex><value>1.95E-4</value></baselineIncidence><baselineIncidence><age>76</age><sex>0</sex><value>6.5E-4</value></baselineIncidence><baselineIncidence><age>76</age><sex>1</sex><value>2.03E-4</value></baselineIncidence><baselineIncidence><age>77</age><sex>0</sex><value>6.68E-4</value></baselineIncidence><baselineIncidence><age>77</age><sex>1</sex><value>2.12E-4</value></baselineIncidence><baselineIncidence><age>78</age><sex>0</sex><value>6.84E-4</value></baselineIncidence><baselineIncidence><age>78</age><sex>1</sex><value>2.22E-4</value></baselineIncidence><baselineIncidence><age>79</age><sex>0</sex><value>6.98E-4</value></baselineIncidence><baselineIncidence><age>79</age><sex>1</sex><value>2.33E-4</value></baselineIncidence><baselineIncidence><age>80</age><sex>0</sex><value>7.100001E-4</value></baselineIncidence><baselineIncidence><age>80</age><sex>1</sex><value>2.45E-4</value></baselineIncidence><baselineIncidence><age>81</age><sex>0</sex><value>7.19E-4</value></baselineIncidence><baselineIncidence><age>81</age><sex>1</sex><value>2.56E-4</value></baselineIncidence><baselineIncidence><age>82</age><sex>0</sex><value>7.24E-4</value></baselineIncidence><baselineIncidence><age>82</age><sex>1</sex><value>2.67E-4</value></baselineIncidence><baselineIncidence><age>83</age><sex>0</sex><value>7.2600006E-4</value></baselineIncidence><baselineIncidence><age>83</age><sex>1</sex><value>2.7600004E-4</value></baselineIncidence><baselineIncidence><age>84</age><sex>0</sex><value>7.25E-4</value></baselineIncidence><baselineIncidence><age>84</age><sex>1</sex><value>2.84E-4</value></baselineIncidence><baselineIncidence><age>85</age><sex>0</sex><value>7.220001E-4</value></baselineIncidence><baselineIncidence><age>85</age><sex>1</sex><value>2.9100003E-4</value></baselineIncidence><baselineIncidence><age>86</age><sex>0</sex><value>7.19E-4</value></baselineIncidence><baselineIncidence><age>86</age><sex>1</sex><value>2.9600004E-4</value></baselineIncidence><baselineIncidence><age>87</age><sex>0</sex><value>7.1700005E-4</value></baselineIncidence><baselineIncidence><age>87</age><sex>1</sex><value>3.0100002E-4</value></baselineIncidence><baselineIncidence><age>88</age><sex>0</sex><value>7.17E-4</value></baselineIncidence><baselineIncidence><age>88</age><sex>1</sex><value>3.0400002E-4</value></baselineIncidence><baselineIncidence><age>89</age><sex>0</sex><value>7.17E-4</value></baselineIncidence><baselineIncidence><age>89</age><sex>1</sex><value>3.07E-4</value></baselineIncidence><baselineIncidence><age>90</age><sex>0</sex><value>7.18E-4</value></baselineIncidence><baselineIncidence><age>90</age><sex>1</sex><value>3.0800002E-4</value></baselineIncidence><baselineIncidence><age>91</age><sex>0</sex><value>7.1800005E-4</value></baselineIncidence><baselineIncidence><age>91</age><sex>1</sex><value>3.0800002E-4</value></baselineIncidence><baselineIncidence><age>92</age><sex>0</sex><value>7.1600004E-4</value></baselineIncidence><baselineIncidence><age>92</age><sex>1</sex><value>3.07E-4</value></baselineIncidence><baselineIncidence><age>93</age><sex>0</sex><value>7.12E-4</value></baselineIncidence><baselineIncidence><age>93</age><sex>1</sex><value>3.05E-4</value></baselineIncidence><baselineIncidence><age>94</age><sex>0</sex><value>7.060001E-4</value></baselineIncidence><baselineIncidence><age>94</age><sex>1</sex><value>3.0300004E-4</value></baselineIncidence><baselineIncidence><age>95</age><sex>0</sex><value>6.82E-4</value></baselineIncidence><baselineIncidence><age>95</age><sex>1</sex><value>2.93E-4</value></baselineIncidence></baselineIncidences>