<?xml version="1.0" encoding="UTF-8" standalone="no"?><baselineIncidences><baselineIncidence><age>0</age><sex>0</sex><value>0.0</value></baselineIncidence><baselineIncidence><age>0</age><sex>1</sex><value>0.0</value></baselineIncidence><baselineIncidence><age>1</age><sex>0</sex><value>0.0</value></baselineIncidence><baselineIncidence><age>1</age><sex>1</sex><value>0.0</value></baselineIncidence><baselineIncidence><age>2</age><sex>0</sex><value>0.0</value></baselineIncidence><baselineIncidence><age>2</age><sex>1</sex><value>0.0</value></baselineIncidence><baselineIncidence><age>3</age><sex>0</sex><value>0.0</value></baselineIncidence><baselineIncidence><age>3</age><sex>1</sex><value>0.0</value></baselineIncidence><baselineIncidence><age>4</age><sex>0</sex><value>0.0</value></baselineIncidence><baselineIncidence><age>4</age><sex>1</sex><value>0.0</value></baselineIncidence><baselineIncidence><age>5</age><sex>0</sex><value>0.0</value></baselineIncidence><baselineIncidence><age>5</age><sex>1</sex><value>0.0</value></baselineIncidence><baselineIncidence><age>6</age><sex>0</sex><value>0.0</value></baselineIncidence><baselineIncidence><age>6</age><sex>1</sex><value>0.0</value></baselineIncidence><baselineIncidence><age>7</age><sex>0</sex><value>0.0</value></baselineIncidence><baselineIncidence><age>7</age><sex>1</sex><value>0.0</value></baselineIncidence><baselineIncidence><age>8</age><sex>0</sex><value>0.0</value></baselineIncidence><baselineIncidence><age>8</age><sex>1</sex><value>0.0</value></baselineIncidence><baselineIncidence><age>9</age><sex>0</sex><value>0.0</value></baselineIncidence><baselineIncidence><age>9</age><sex>1</sex><value>0.0</value></baselineIncidence><baselineIncidence><age>10</age><sex>0</sex><value>0.0</value></baselineIncidence><baselineIncidence><age>10</age><sex>1</sex><value>0.0</value></baselineIncidence><baselineIncidence><age>11</age><sex>0</sex><value>0.0</value></baselineIncidence><baselineIncidence><age>11</age><sex>1</sex><value>0.0</value></baselineIncidence><baselineIncidence><age>12</age><sex>0</sex><value>0.0</value></baselineIncidence><baselineIncidence><age>12</age><sex>1</sex><value>0.0</value></baselineIncidence><baselineIncidence><age>13</age><sex>0</sex><value>0.0</value></baselineIncidence><baselineIncidence><age>13</age><sex>1</sex><value>0.0</value></baselineIncidence><baselineIncidence><age>14</age><sex>0</sex><value>0.0</value></baselineIncidence><baselineIncidence><age>14</age><sex>1</sex><value>0.0</value></baselineIncidence><baselineIncidence><age>15</age><sex>0</sex><value>0.0</value></baselineIncidence><baselineIncidence><age>15</age><sex>1</sex><value>0.0</value></baselineIncidence><baselineIncidence><age>16</age><sex>0</sex><value>0.0</value></baselineIncidence><baselineIncidence><age>16</age><sex>1</sex><value>0.0</value></baselineIncidence><baselineIncidence><age>17</age><sex>0</sex><value>0.0</value></baselineIncidence><baselineIncidence><age>17</age><sex>1</sex><value>0.0</value></baselineIncidence><baselineIncidence><age>18</age><sex>0</sex><value>0.0</value></baselineIncidence><baselineIncidence><age>18</age><sex>1</sex><value>0.0</value></baselineIncidence><baselineIncidence><age>19</age><sex>0</sex><value>0.0</value></baselineIncidence><baselineIncidence><age>19</age><sex>1</sex><value>0.0</value></baselineIncidence><baselineIncidence><age>20</age><sex>0</sex><value>0.0</value></baselineIncidence><baselineIncidence><age>20</age><sex>1</sex><value>0.0</value></baselineIncidence><baselineIncidence><age>21</age><sex>0</sex><value>0.0</value></baselineIncidence><baselineIncidence><age>21</age><sex>1</sex><value>0.0</value></baselineIncidence><baselineIncidence><age>22</age><sex>0</sex><value>0.0</value></baselineIncidence><baselineIncidence><age>22</age><sex>1</sex><value>0.0</value></baselineIncidence><baselineIncidence><age>23</age><sex>0</sex><value>0.0</value></baselineIncidence><baselineIncidence><age>23</age><sex>1</sex><value>0.0</value></baselineIncidence><baselineIncidence><age>24</age><sex>0</sex><value>0.0</value></baselineIncidence><baselineIncidence><age>24</age><sex>1</sex><value>0.0</value></baselineIncidence><baselineIncidence><age>25</age><sex>0</sex><value>0.0</value></baselineIncidence><baselineIncidence><age>25</age><sex>1</sex><value>0.0</value></baselineIncidence><baselineIncidence><age>26</age><sex>0</sex><value>0.0</value></baselineIncidence><baselineIncidence><age>26</age><sex>1</sex><value>0.0</value></baselineIncidence><baselineIncidence><age>27</age><sex>0</sex><value>0.0</value></baselineIncidence><baselineIncidence><age>27</age><sex>1</sex><value>0.0</value></baselineIncidence><baselineIncidence><age>28</age><sex>0</sex><value>0.0</value></baselineIncidence><baselineIncidence><age>28</age><sex>1</sex><value>0.0</value></baselineIncidence><baselineIncidence><age>29</age><sex>0</sex><value>0.0</value></baselineIncidence><baselineIncidence><age>29</age><sex>1</sex><value>0.0</value></baselineIncidence><baselineIncidence><age>30</age><sex>0</sex><value>0.0</value></baselineIncidence><baselineIncidence><age>30</age><sex>1</sex><value>0.0</value></baselineIncidence><baselineIncidence><age>31</age><sex>0</sex><value>0.0</value></baselineIncidence><baselineIncidence><age>31</age><sex>1</sex><value>0.0</value></baselineIncidence><baselineIncidence><age>32</age><sex>0</sex><value>0.0</value></baselineIncidence><baselineIncidence><age>32</age><sex>1</sex><value>0.0</value></baselineIncidence><baselineIncidence><age>33</age><sex>0</sex><value>0.0</value></baselineIncidence><baselineIncidence><age>33</age><sex>1</sex><value>0.0</value></baselineIncidence><baselineIncidence><age>34</age><sex>0</sex><value>0.0</value></baselineIncidence><baselineIncidence><age>34</age><sex>1</sex><value>0.0</value></baselineIncidence><baselineIncidence><age>35</age><sex>0</sex><value>1.5300147E-4</value></baselineIncidence><baselineIncidence><age>35</age><sex>1</sex><value>1.7660526E-4</value></baselineIncidence><baselineIncidence><age>36</age><sex>0</sex><value>1.5541578E-4</value></baselineIncidence><baselineIncidence><age>36</age><sex>1</sex><value>1.70819E-4</value></baselineIncidence><baselineIncidence><age>37</age><sex>0</sex><value>1.7428803E-4</value></baselineIncidence><baselineIncidence><age>37</age><sex>1</sex><value>1.8246582E-4</value></baselineIncidence><baselineIncidence><age>38</age><sex>0</sex><value>1.9469213E-4</value></baselineIncidence><baselineIncidence><age>38</age><sex>1</sex><value>1.9567492E-4</value></baselineIncidence><baselineIncidence><age>39</age><sex>0</sex><value>2.176995E-4</value></baselineIncidence><baselineIncidence><age>39</age><sex>1</sex><value>2.1139933E-4</value></baselineIncidence><baselineIncidence><age>40</age><sex>0</sex><value>2.4348492E-4</value></baselineIncidence><baselineIncidence><age>40</age><sex>1</sex><value>2.2815978E-4</value></baselineIncidence><baselineIncidence><age>41</age><sex>0</sex><value>2.7245877E-4</value></baselineIncidence><baselineIncidence><age>41</age><sex>1</sex><value>2.469246E-4</value></baselineIncidence><baselineIncidence><age>42</age><sex>0</sex><value>3.0519365E-4</value></baselineIncidence><baselineIncidence><age>42</age><sex>1</sex><value>2.6809156E-4</value></baselineIncidence><baselineIncidence><age>43</age><sex>0</sex><value>3.4353678E-4</value></baselineIncidence><baselineIncidence><age>43</age><sex>1</sex><value>2.9049223E-4</value></baselineIncidence><baselineIncidence><age>44</age><sex>0</sex><value>3.8457554E-4</value></baselineIncidence><baselineIncidence><age>44</age><sex>1</sex><value>3.1714447E-4</value></baselineIncidence><baselineIncidence><age>45</age><sex>0</sex><value>4.310269E-4</value></baselineIncidence><baselineIncidence><age>45</age><sex>1</sex><value>3.4523036E-4</value></baselineIncidence><baselineIncidence><age>46</age><sex>0</sex><value>4.8487974E-4</value></baselineIncidence><baselineIncidence><age>46</age><sex>1</sex><value>3.7886872E-4</value></baselineIncidence><baselineIncidence><age>47</age><sex>0</sex><value>5.425926E-4</value></baselineIncidence><baselineIncidence><age>47</age><sex>1</sex><value>4.1436823E-4</value></baselineIncidence><baselineIncidence><age>48</age><sex>0</sex><value>6.0955144E-4</value></baselineIncidence><baselineIncidence><age>48</age><sex>1</sex><value>4.5407505E-4</value></baselineIncidence><baselineIncidence><age>49</age><sex>0</sex><value>6.84329E-4</value></baselineIncidence><baselineIncidence><age>49</age><sex>1</sex><value>4.9839023E-4</value></baselineIncidence><baselineIncidence><age>50</age><sex>0</sex><value>7.6781865E-4</value></baselineIncidence><baselineIncidence><age>50</age><sex>1</sex><value>5.4776727E-4</value></baselineIncidence><baselineIncidence><age>51</age><sex>0</sex><value>8.608005E-4</value></baselineIncidence><baselineIncidence><age>51</age><sex>1</sex><value>6.0286676E-4</value></baselineIncidence><baselineIncidence><age>52</age><sex>0</sex><value>9.641781E-4</value></baselineIncidence><baselineIncidence><age>52</age><sex>1</sex><value>6.6406926E-4</value></baselineIncidence><baselineIncidence><age>53</age><sex>0</sex><value>0.0010758429</value></baselineIncidence><baselineIncidence><age>53</age><sex>1</sex><value>7.3910813E-4</value></baselineIncidence><baselineIncidence><age>54</age><sex>0</sex><value>0.001197248</value></baselineIncidence><baselineIncidence><age>54</age><sex>1</sex><value>8.230232E-4</value></baselineIncidence><baselineIncidence><age>55</age><sex>0</sex><value>0.0013306249</value></baselineIncidence><baselineIncidence><age>55</age><sex>1</sex><value>9.1228733E-4</value></baselineIncidence><baselineIncidence><age>56</age><sex>0</sex><value>0.0014855376</value></baselineIncidence><baselineIncidence><age>56</age><sex>1</sex><value>0.0010166102</value></baselineIncidence><baselineIncidence><age>57</age><sex>0</sex><value>0.0016489655</value></baselineIncidence><baselineIncidence><age>57</age><sex>1</sex><value>0.00112708</value></baselineIncidence><baselineIncidence><age>58</age><sex>0</sex><value>0.0018429817</value></baselineIncidence><baselineIncidence><age>58</age><sex>1</sex><value>0.0012492095</value></baselineIncidence><baselineIncidence><age>59</age><sex>0</sex><value>0.0020563588</value></baselineIncidence><baselineIncidence><age>59</age><sex>1</sex><value>0.0013772852</value></baselineIncidence><baselineIncidence><age>60</age><sex>0</sex><value>0.0023011975</value></baselineIncidence><baselineIncidence><age>60</age><sex>1</sex><value>0.001516315</value></baselineIncidence><baselineIncidence><age>61</age><sex>0</sex><value>0.002569582</value></baselineIncidence><baselineIncidence><age>61</age><sex>1</sex><value>0.0016668409</value></baselineIncidence><baselineIncidence><age>62</age><sex>0</sex><value>0.0028511332</value></baselineIncidence><baselineIncidence><age>62</age><sex>1</sex><value>0.0018238272</value></baselineIncidence><baselineIncidence><age>63</age><sex>0</sex><value>0.0031428197</value></baselineIncidence><baselineIncidence><age>63</age><sex>1</sex><value>0.002045925</value></baselineIncidence><baselineIncidence><age>64</age><sex>0</sex><value>0.00346586</value></baselineIncidence><baselineIncidence><age>64</age><sex>1</sex><value>0.0022620582</value></baselineIncidence><baselineIncidence><age>65</age><sex>0</sex><value>0.0038550186</value></baselineIncidence><baselineIncidence><age>65</age><sex>1</sex><value>0.0025064254</value></baselineIncidence><baselineIncidence><age>66</age><sex>0</sex><value>0.0042180996</value></baselineIncidence><baselineIncidence><age>66</age><sex>1</sex><value>0.0027323598</value></baselineIncidence><baselineIncidence><age>67</age><sex>0</sex><value>0.004591408</value></baselineIncidence><baselineIncidence><age>67</age><sex>1</sex><value>0.002978622</value></baselineIncidence><baselineIncidence><age>68</age><sex>0</sex><value>0.00500112</value></baselineIncidence><baselineIncidence><age>68</age><sex>1</sex><value>0.0032397355</value></baselineIncidence><baselineIncidence><age>69</age><sex>0</sex><value>0.005423942</value></baselineIncidence><baselineIncidence><age>69</age><sex>1</sex><value>0.0035426402</value></baselineIncidence><baselineIncidence><age>70</age><sex>0</sex><value>0.0059594023</value></baselineIncidence><baselineIncidence><age>70</age><sex>1</sex><value>0.003964085</value></baselineIncidence><baselineIncidence><age>71</age><sex>0</sex><value>0.006422414</value></baselineIncidence><baselineIncidence><age>71</age><sex>1</sex><value>0.004316358</value></baselineIncidence><baselineIncidence><age>72</age><sex>0</sex><value>0.0069110277</value></baselineIncidence><baselineIncidence><age>72</age><sex>1</sex><value>0.004688076</value></baselineIncidence><baselineIncidence><age>73</age><sex>0</sex><value>0.007419099</value></baselineIncidence><baselineIncidence><age>73</age><sex>1</sex><value>0.005077215</value></baselineIncidence><baselineIncidence><age>74</age><sex>0</sex><value>0.007923102</value></baselineIncidence><baselineIncidence><age>74</age><sex>1</sex><value>0.0054761986</value></baselineIncidence><baselineIncidence><age>75</age><sex>0</sex><value>0.0084447935</value></baselineIncidence><baselineIncidence><age>75</age><sex>1</sex><value>0.0058812257</value></baselineIncidence><baselineIncidence><age>76</age><sex>0</sex><value>0.008983966</value></baselineIncidence><baselineIncidence><age>76</age><sex>1</sex><value>0.006314508</value></baselineIncidence><baselineIncidence><age>77</age><sex>0</sex><value>0.0095166</value></baselineIncidence><baselineIncidence><age>77</age><sex>1</sex><value>0.0067546647</value></baselineIncidence><baselineIncidence><age>78</age><sex>0</sex><value>0.010045589</value></baselineIncidence><baselineIncidence><age>78</age><sex>1</sex><value>0.007249185</value></baselineIncidence><baselineIncidence><age>79</age><sex>0</sex><value>0.010532965</value></baselineIncidence><baselineIncidence><age>79</age><sex>1</sex><value>0.0077085188</value></baselineIncidence><baselineIncidence><age>80</age><sex>0</sex><value>0.011233278</value></baselineIncidence><baselineIncidence><age>80</age><sex>1</sex><value>0.008359415</value></baselineIncidence><baselineIncidence><age>81</age><sex>0</sex><value>0.0116803525</value></baselineIncidence><baselineIncidence><age>81</age><sex>1</sex><value>0.008812274</value></baselineIncidence><baselineIncidence><age>82</age><sex>0</sex><value>0.012057384</value></baselineIncidence><baselineIncidence><age>82</age><sex>1</sex><value>0.0092530325</value></baselineIncidence><baselineIncidence><age>83</age><sex>0</sex><value>0.012385487</value></baselineIncidence><baselineIncidence><age>83</age><sex>1</sex><value>0.009662202</value></baselineIncidence><baselineIncidence><age>84</age><sex>0</sex><value>0.012674036</value></baselineIncidence><baselineIncidence><age>84</age><sex>1</sex><value>0.010019378</value></baselineIncidence><baselineIncidence><age>85</age><sex>0</sex><value>0.012919135</value></baselineIncidence><baselineIncidence><age>85</age><sex>1</sex><value>0.010300035</value></baselineIncidence><baselineIncidence><age>86</age><sex>0</sex><value>0.013125746</value></baselineIncidence><baselineIncidence><age>86</age><sex>1</sex><value>0.010525686</value></baselineIncidence><baselineIncidence><age>87</age><sex>0</sex><value>0.013182907</value></baselineIncidence><baselineIncidence><age>87</age><sex>1</sex><value>0.010707927</value></baselineIncidence><baselineIncidence><age>88</age><sex>0</sex><value>0.013169425</value></baselineIncidence><baselineIncidence><age>88</age><sex>1</sex><value>0.010813986</value></baselineIncidence><baselineIncidence><age>89</age><sex>0</sex><value>0.013095531</value></baselineIncidence><baselineIncidence><age>89</age><sex>1</sex><value>0.010838908</value></baselineIncidence><baselineIncidence><age>90</age><sex>0</sex><value>0.012871895</value></baselineIncidence><baselineIncidence><age>90</age><sex>1</sex><value>0.010769693</value></baselineIncidence><baselineIncidence><age>91</age><sex>0</sex><value>0.012570809</value></baselineIncidence><baselineIncidence><age>91</age><sex>1</sex><value>0.01063163</value></baselineIncidence><baselineIncidence><age>92</age><sex>0</sex><value>0.0121568795</value></baselineIncidence><baselineIncidence><age>92</age><sex>1</sex><value>0.010405479</value></baselineIncidence><baselineIncidence><age>93</age><sex>0</sex><value>0.011671418</value></baselineIncidence><baselineIncidence><age>93</age><sex>1</sex><value>0.010116012</value></baselineIncidence><baselineIncidence><age>94</age><sex>0</sex><value>0.011100164</value></baselineIncidence><baselineIncidence><age>94</age><sex>1</sex><value>0.009740607</value></baselineIncidence><baselineIncidence><age>95</age><sex>0</sex><value>0.010509857</value></baselineIncidence><baselineIncidence><age>95</age><sex>1</sex><value>0.009260783</value></baselineIncidence></baselineIncidences>