<?xml version="1.0" encoding="UTF-8" standalone="no"?><baselineIncidences><baselineIncidence><age>0</age><sex>0</sex><value>0.0</value></baselineIncidence><baselineIncidence><age>0</age><sex>1</sex><value>0.0</value></baselineIncidence><baselineIncidence><age>1</age><sex>0</sex><value>0.0</value></baselineIncidence><baselineIncidence><age>1</age><sex>1</sex><value>0.0</value></baselineIncidence><baselineIncidence><age>2</age><sex>0</sex><value>0.0</value></baselineIncidence><baselineIncidence><age>2</age><sex>1</sex><value>0.0</value></baselineIncidence><baselineIncidence><age>3</age><sex>0</sex><value>0.0</value></baselineIncidence><baselineIncidence><age>3</age><sex>1</sex><value>0.0</value></baselineIncidence><baselineIncidence><age>4</age><sex>0</sex><value>0.0</value></baselineIncidence><baselineIncidence><age>4</age><sex>1</sex><value>0.0</value></baselineIncidence><baselineIncidence><age>5</age><sex>0</sex><value>0.0</value></baselineIncidence><baselineIncidence><age>5</age><sex>1</sex><value>0.0</value></baselineIncidence><baselineIncidence><age>6</age><sex>0</sex><value>0.0</value></baselineIncidence><baselineIncidence><age>6</age><sex>1</sex><value>0.0</value></baselineIncidence><baselineIncidence><age>7</age><sex>0</sex><value>0.0</value></baselineIncidence><baselineIncidence><age>7</age><sex>1</sex><value>0.0</value></baselineIncidence><baselineIncidence><age>8</age><sex>0</sex><value>0.0</value></baselineIncidence><baselineIncidence><age>8</age><sex>1</sex><value>0.0</value></baselineIncidence><baselineIncidence><age>9</age><sex>0</sex><value>0.0</value></baselineIncidence><baselineIncidence><age>9</age><sex>1</sex><value>0.0</value></baselineIncidence><baselineIncidence><age>10</age><sex>0</sex><value>0.0</value></baselineIncidence><baselineIncidence><age>10</age><sex>1</sex><value>0.0</value></baselineIncidence><baselineIncidence><age>11</age><sex>0</sex><value>0.0</value></baselineIncidence><baselineIncidence><age>11</age><sex>1</sex><value>0.0</value></baselineIncidence><baselineIncidence><age>12</age><sex>0</sex><value>0.0</value></baselineIncidence><baselineIncidence><age>12</age><sex>1</sex><value>0.0</value></baselineIncidence><baselineIncidence><age>13</age><sex>0</sex><value>0.0</value></baselineIncidence><baselineIncidence><age>13</age><sex>1</sex><value>0.0</value></baselineIncidence><baselineIncidence><age>14</age><sex>0</sex><value>0.0</value></baselineIncidence><baselineIncidence><age>14</age><sex>1</sex><value>0.0</value></baselineIncidence><baselineIncidence><age>15</age><sex>0</sex><value>1.1000001E-6</value></baselineIncidence><baselineIncidence><age>15</age><sex>1</sex><value>6.000001E-7</value></baselineIncidence><baselineIncidence><age>16</age><sex>0</sex><value>1.1000001E-6</value></baselineIncidence><baselineIncidence><age>16</age><sex>1</sex><value>8.0000007E-7</value></baselineIncidence><baselineIncidence><age>17</age><sex>0</sex><value>1.1E-6</value></baselineIncidence><baselineIncidence><age>17</age><sex>1</sex><value>8.999999E-7</value></baselineIncidence><baselineIncidence><age>18</age><sex>0</sex><value>1.2E-6</value></baselineIncidence><baselineIncidence><age>18</age><sex>1</sex><value>1.0E-6</value></baselineIncidence><baselineIncidence><age>19</age><sex>0</sex><value>1.4E-6</value></baselineIncidence><baselineIncidence><age>19</age><sex>1</sex><value>1.0E-6</value></baselineIncidence><baselineIncidence><age>20</age><sex>0</sex><value>1.6E-6</value></baselineIncidence><baselineIncidence><age>20</age><sex>1</sex><value>1.0000001E-6</value></baselineIncidence><baselineIncidence><age>21</age><sex>0</sex><value>1.9007393E-6</value></baselineIncidence><baselineIncidence><age>21</age><sex>1</sex><value>1.1326193E-6</value></baselineIncidence><baselineIncidence><age>22</age><sex>0</sex><value>2.141328E-6</value></baselineIncidence><baselineIncidence><age>22</age><sex>1</sex><value>1.2371135E-6</value></baselineIncidence><baselineIncidence><age>23</age><sex>0</sex><value>2.4638464E-6</value></baselineIncidence><baselineIncidence><age>23</age><sex>1</sex><value>1.4495756E-6</value></baselineIncidence><baselineIncidence><age>24</age><sex>0</sex><value>2.7867102E-6</value></baselineIncidence><baselineIncidence><age>24</age><sex>1</sex><value>1.8648985E-6</value></baselineIncidence><baselineIncidence><age>25</age><sex>0</sex><value>3.1032646E-6</value></baselineIncidence><baselineIncidence><age>25</age><sex>1</sex><value>2.288139E-6</value></baselineIncidence><baselineIncidence><age>26</age><sex>0</sex><value>3.5331914E-6</value></baselineIncidence><baselineIncidence><age>26</age><sex>1</sex><value>3.1217485E-6</value></baselineIncidence><baselineIncidence><age>27</age><sex>0</sex><value>4.1778267E-6</value></baselineIncidence><baselineIncidence><age>27</age><sex>1</sex><value>4.0735326E-6</value></baselineIncidence><baselineIncidence><age>28</age><sex>0</sex><value>5.0755957E-6</value></baselineIncidence><baselineIncidence><age>28</age><sex>1</sex><value>5.539298E-6</value></baselineIncidence><baselineIncidence><age>29</age><sex>0</sex><value>6.0836524E-6</value></baselineIncidence><baselineIncidence><age>29</age><sex>1</sex><value>7.448595E-6</value></baselineIncidence><baselineIncidence><age>30</age><sex>0</sex><value>7.6502765E-6</value></baselineIncidence><baselineIncidence><age>30</age><sex>1</sex><value>1.0077684E-5</value></baselineIncidence><baselineIncidence><age>31</age><sex>0</sex><value>9.675651E-6</value></baselineIncidence><baselineIncidence><age>31</age><sex>1</sex><value>1.359326E-5</value></baselineIncidence><baselineIncidence><age>32</age><sex>0</sex><value>1.2217949E-5</value></baselineIncidence><baselineIncidence><age>32</age><sex>1</sex><value>1.8241255E-5</value></baselineIncidence><baselineIncidence><age>33</age><sex>0</sex><value>1.5427006E-5</value></baselineIncidence><baselineIncidence><age>33</age><sex>1</sex><value>2.4257517E-5</value></baselineIncidence><baselineIncidence><age>34</age><sex>0</sex><value>1.965766E-5</value></baselineIncidence><baselineIncidence><age>34</age><sex>1</sex><value>3.171651E-5</value></baselineIncidence><baselineIncidence><age>35</age><sex>0</sex><value>2.4911833E-5</value></baselineIncidence><baselineIncidence><age>35</age><sex>1</sex><value>4.0981897E-5</value></baselineIncidence><baselineIncidence><age>36</age><sex>0</sex><value>3.171273E-5</value></baselineIncidence><baselineIncidence><age>36</age><sex>1</sex><value>5.2034808E-5</value></baselineIncidence><baselineIncidence><age>37</age><sex>0</sex><value>4.0199368E-5</value></baselineIncidence><baselineIncidence><age>37</age><sex>1</sex><value>6.5217464E-5</value></baselineIncidence><baselineIncidence><age>38</age><sex>0</sex><value>5.069643E-5</value></baselineIncidence><baselineIncidence><age>38</age><sex>1</sex><value>8.075139E-5</value></baselineIncidence><baselineIncidence><age>39</age><sex>0</sex><value>6.36772E-5</value></baselineIncidence><baselineIncidence><age>39</age><sex>1</sex><value>9.849626E-5</value></baselineIncidence><baselineIncidence><age>40</age><sex>0</sex><value>7.952633E-5</value></baselineIncidence><baselineIncidence><age>40</age><sex>1</sex><value>1.1983058E-4</value></baselineIncidence><baselineIncidence><age>41</age><sex>0</sex><value>9.863808E-5</value></baselineIncidence><baselineIncidence><age>41</age><sex>1</sex><value>1.433429E-4</value></baselineIncidence><baselineIncidence><age>42</age><sex>0</sex><value>1.2093578E-4</value></baselineIncidence><baselineIncidence><age>42</age><sex>1</sex><value>1.7010467E-4</value></baselineIncidence><baselineIncidence><age>43</age><sex>0</sex><value>1.473447E-4</value></baselineIncidence><baselineIncidence><age>43</age><sex>1</sex><value>2.0183754E-4</value></baselineIncidence><baselineIncidence><age>44</age><sex>0</sex><value>1.7931084E-4</value></baselineIncidence><baselineIncidence><age>44</age><sex>1</sex><value>2.3417543E-4</value></baselineIncidence><baselineIncidence><age>45</age><sex>0</sex><value>2.160109E-4</value></baselineIncidence><baselineIncidence><age>45</age><sex>1</sex><value>2.6970817E-4</value></baselineIncidence><baselineIncidence><age>46</age><sex>0</sex><value>2.5795362E-4</value></baselineIncidence><baselineIncidence><age>46</age><sex>1</sex><value>3.0329265E-4</value></baselineIncidence><baselineIncidence><age>47</age><sex>0</sex><value>3.073356E-4</value></baselineIncidence><baselineIncidence><age>47</age><sex>1</sex><value>3.370808E-4</value></baselineIncidence><baselineIncidence><age>48</age><sex>0</sex><value>3.628959E-4</value></baselineIncidence><baselineIncidence><age>48</age><sex>1</sex><value>3.7009173E-4</value></baselineIncidence><baselineIncidence><age>49</age><sex>0</sex><value>4.2690343E-4</value></baselineIncidence><baselineIncidence><age>49</age><sex>1</sex><value>4.0231473E-4</value></baselineIncidence><baselineIncidence><age>50</age><sex>0</sex><value>5.017624E-4</value></baselineIncidence><baselineIncidence><age>50</age><sex>1</sex><value>4.3483434E-4</value></baselineIncidence><baselineIncidence><age>51</age><sex>0</sex><value>5.898995E-4</value></baselineIncidence><baselineIncidence><age>51</age><sex>1</sex><value>4.7095577E-4</value></baselineIncidence><baselineIncidence><age>52</age><sex>0</sex><value>6.925867E-4</value></baselineIncidence><baselineIncidence><age>52</age><sex>1</sex><value>5.096236E-4</value></baselineIncidence><baselineIncidence><age>53</age><sex>0</sex><value>8.137298E-4</value></baselineIncidence><baselineIncidence><age>53</age><sex>1</sex><value>5.516398E-4</value></baselineIncidence><baselineIncidence><age>54</age><sex>0</sex><value>9.512044E-4</value></baselineIncidence><baselineIncidence><age>54</age><sex>1</sex><value>5.956915E-4</value></baselineIncidence><baselineIncidence><age>55</age><sex>0</sex><value>0.0011012771</value></baselineIncidence><baselineIncidence><age>55</age><sex>1</sex><value>6.4397516E-4</value></baselineIncidence><baselineIncidence><age>56</age><sex>0</sex><value>0.0012546683</value></baselineIncidence><baselineIncidence><age>56</age><sex>1</sex><value>6.8883033E-4</value></baselineIncidence><baselineIncidence><age>57</age><sex>0</sex><value>0.0014176015</value></baselineIncidence><baselineIncidence><age>57</age><sex>1</sex><value>7.349166E-4</value></baselineIncidence><baselineIncidence><age>58</age><sex>0</sex><value>0.0015734374</value></baselineIncidence><baselineIncidence><age>58</age><sex>1</sex><value>7.767118E-4</value></baselineIncidence><baselineIncidence><age>59</age><sex>0</sex><value>0.0017399064</value></baselineIncidence><baselineIncidence><age>59</age><sex>1</sex><value>8.213405E-4</value></baselineIncidence><baselineIncidence><age>60</age><sex>0</sex><value>0.0019219534</value></baselineIncidence><baselineIncidence><age>60</age><sex>1</sex><value>8.6866115E-4</value></baselineIncidence><baselineIncidence><age>61</age><sex>0</sex><value>0.0021338752</value></baselineIncidence><baselineIncidence><age>61</age><sex>1</sex><value>9.2216453E-4</value></baselineIncidence><baselineIncidence><age>62</age><sex>0</sex><value>0.0023975188</value></baselineIncidence><baselineIncidence><age>62</age><sex>1</sex><value>9.848316E-4</value></baselineIncidence><baselineIncidence><age>63</age><sex>0</sex><value>0.0027201632</value></baselineIncidence><baselineIncidence><age>63</age><sex>1</sex><value>0.0010378655</value></baselineIncidence><baselineIncidence><age>64</age><sex>0</sex><value>0.0030825443</value></baselineIncidence><baselineIncidence><age>64</age><sex>1</sex><value>0.0011046785</value></baselineIncidence><baselineIncidence><age>65</age><sex>0</sex><value>0.0034826603</value></baselineIncidence><baselineIncidence><age>65</age><sex>1</sex><value>0.0011825641</value></baselineIncidence><baselineIncidence><age>66</age><sex>0</sex><value>0.0039015557</value></baselineIncidence><baselineIncidence><age>66</age><sex>1</sex><value>0.0012561716</value></baselineIncidence><baselineIncidence><age>67</age><sex>0</sex><value>0.004345142</value></baselineIncidence><baselineIncidence><age>67</age><sex>1</sex><value>0.0013198323</value></baselineIncidence><baselineIncidence><age>68</age><sex>0</sex><value>0.0047637494</value></baselineIncidence><baselineIncidence><age>68</age><sex>1</sex><value>0.0013708561</value></baselineIncidence><baselineIncidence><age>69</age><sex>0</sex><value>0.005185973</value></baselineIncidence><baselineIncidence><age>69</age><sex>1</sex><value>0.0013987471</value></baselineIncidence><baselineIncidence><age>70</age><sex>0</sex><value>0.0055859433</value></baselineIncidence><baselineIncidence><age>70</age><sex>1</sex><value>0.0014055173</value></baselineIncidence><baselineIncidence><age>71</age><sex>0</sex><value>0.0059824935</value></baselineIncidence><baselineIncidence><age>71</age><sex>1</sex><value>0.001404491</value></baselineIncidence><baselineIncidence><age>72</age><sex>0</sex><value>0.0063419603</value></baselineIncidence><baselineIncidence><age>72</age><sex>1</sex><value>0.0013904899</value></baselineIncidence><baselineIncidence><age>73</age><sex>0</sex><value>0.0066634463</value></baselineIncidence><baselineIncidence><age>73</age><sex>1</sex><value>0.0013627388</value></baselineIncidence><baselineIncidence><age>74</age><sex>0</sex><value>0.006978022</value></baselineIncidence><baselineIncidence><age>74</age><sex>1</sex><value>0.0013258832</value></baselineIncidence><baselineIncidence><age>75</age><sex>0</sex><value>0.0072492785</value></baselineIncidence><baselineIncidence><age>75</age><sex>1</sex><value>0.0012799279</value></baselineIncidence><baselineIncidence><age>76</age><sex>0</sex><value>0.0074677337</value></baselineIncidence><baselineIncidence><age>76</age><sex>1</sex><value>0.001221105</value></baselineIncidence><baselineIncidence><age>77</age><sex>0</sex><value>0.0076593137</value></baselineIncidence><baselineIncidence><age>77</age><sex>1</sex><value>0.0011564128</value></baselineIncidence><baselineIncidence><age>78</age><sex>0</sex><value>0.007809315</value></baselineIncidence><baselineIncidence><age>78</age><sex>1</sex><value>0.001079676</value></baselineIncidence><baselineIncidence><age>79</age><sex>0</sex><value>0.007943414</value></baselineIncidence><baselineIncidence><age>79</age><sex>1</sex><value>0.0010040775</value></baselineIncidence><baselineIncidence><age>80</age><sex>0</sex><value>0.008020621</value></baselineIncidence><baselineIncidence><age>80</age><sex>1</sex><value>9.276898E-4</value></baselineIncidence><baselineIncidence><age>81</age><sex>0</sex><value>0.007969425</value></baselineIncidence><baselineIncidence><age>81</age><sex>1</sex><value>8.4523804E-4</value></baselineIncidence><baselineIncidence><age>82</age><sex>0</sex><value>0.00782858</value></baselineIncidence><baselineIncidence><age>82</age><sex>1</sex><value>7.608088E-4</value></baselineIncidence><baselineIncidence><age>83</age><sex>0</sex><value>0.0075564184</value></baselineIncidence><baselineIncidence><age>83</age><sex>1</sex><value>6.767936E-4</value></baselineIncidence><baselineIncidence><age>84</age><sex>0</sex><value>0.007190303</value></baselineIncidence><baselineIncidence><age>84</age><sex>1</sex><value>5.9797626E-4</value></baselineIncidence><baselineIncidence><age>85</age><sex>0</sex><value>0.0067901737</value></baselineIncidence><baselineIncidence><age>85</age><sex>1</sex><value>5.278958E-4</value></baselineIncidence><baselineIncidence><age>86</age><sex>0</sex><value>0.0063949153</value></baselineIncidence><baselineIncidence><age>86</age><sex>1</sex><value>4.6894987E-4</value></baselineIncidence><baselineIncidence><age>87</age><sex>0</sex><value>0.0061293133</value></baselineIncidence><baselineIncidence><age>87</age><sex>1</sex><value>4.2344953E-4</value></baselineIncidence><baselineIncidence><age>88</age><sex>0</sex><value>0.005972819</value></baselineIncidence><baselineIncidence><age>88</age><sex>1</sex><value>3.9576658E-4</value></baselineIncidence><baselineIncidence><age>89</age><sex>0</sex><value>0.0058912872</value></baselineIncidence><baselineIncidence><age>89</age><sex>1</sex><value>3.823072E-4</value></baselineIncidence><baselineIncidence><age>90</age><sex>0</sex><value>0.0058992933</value></baselineIncidence><baselineIncidence><age>90</age><sex>1</sex><value>3.7998485E-4</value></baselineIncidence><baselineIncidence><age>91</age><sex>0</sex><value>0.0059126555</value></baselineIncidence><baselineIncidence><age>91</age><sex>1</sex><value>3.8237416E-4</value></baselineIncidence><baselineIncidence><age>92</age><sex>0</sex><value>0.0059131114</value></baselineIncidence><baselineIncidence><age>92</age><sex>1</sex><value>3.858701E-4</value></baselineIncidence><baselineIncidence><age>93</age><sex>0</sex><value>0.005842597</value></baselineIncidence><baselineIncidence><age>93</age><sex>1</sex><value>3.8753296E-4</value></baselineIncidence><baselineIncidence><age>94</age><sex>0</sex><value>0.005716746</value></baselineIncidence><baselineIncidence><age>94</age><sex>1</sex><value>3.8615713E-4</value></baselineIncidence><baselineIncidence><age>95</age><sex>0</sex><value>0.0051531475</value></baselineIncidence><baselineIncidence><age>95</age><sex>1</sex><value>3.7757348E-4</value></baselineIncidence></baselineIncidences>