<?xml version="1.0"?><diseaseprevalences><prevalence><age>0</age><sex>0</sex><percent>0.0</percent></prevalence><prevalence><age>0</age><sex>1</sex><percent>0.0</percent></prevalence><prevalence><age>1</age><sex>0</sex><percent>0.0</percent></prevalence><prevalence><age>1</age><sex>1</sex><percent>0.0</percent></prevalence><prevalence><age>2</age><sex>0</sex><percent>0.0</percent></prevalence><prevalence><age>2</age><sex>1</sex><percent>0.0</percent></prevalence><prevalence><age>3</age><sex>0</sex><percent>0.0</percent></prevalence><prevalence><age>3</age><sex>1</sex><percent>0.0</percent></prevalence><prevalence><age>4</age><sex>0</sex><percent>0.0</percent></prevalence><prevalence><age>4</age><sex>1</sex><percent>0.0</percent></prevalence><prevalence><age>5</age><sex>0</sex><percent>0.0</percent></prevalence><prevalence><age>5</age><sex>1</sex><percent>0.0</percent></prevalence><prevalence><age>6</age><sex>0</sex><percent>0.0</percent></prevalence><prevalence><age>6</age><sex>1</sex><percent>0.0</percent></prevalence><prevalence><age>7</age><sex>0</sex><percent>0.0</percent></prevalence><prevalence><age>7</age><sex>1</sex><percent>0.0</percent></prevalence><prevalence><age>8</age><sex>0</sex><percent>0.0</percent></prevalence><prevalence><age>8</age><sex>1</sex><percent>0.0</percent></prevalence><prevalence><age>9</age><sex>0</sex><percent>0.0</percent></prevalence><prevalence><age>9</age><sex>1</sex><percent>0.0</percent></prevalence><prevalence><age>10</age><sex>0</sex><percent>0.0</percent></prevalence><prevalence><age>10</age><sex>1</sex><percent>0.0</percent></prevalence><prevalence><age>11</age><sex>0</sex><percent>0.0</percent></prevalence><prevalence><age>11</age><sex>1</sex><percent>0.0</percent></prevalence><prevalence><age>12</age><sex>0</sex><percent>0.0</percent></prevalence><prevalence><age>12</age><sex>1</sex><percent>0.0</percent></prevalence><prevalence><age>13</age><sex>0</sex><percent>0.0</percent></prevalence><prevalence><age>13</age><sex>1</sex><percent>0.0</percent></prevalence><prevalence><age>14</age><sex>0</sex><percent>0.0</percent></prevalence><prevalence><age>14</age><sex>1</sex><percent>0.0</percent></prevalence><prevalence><age>15</age><sex>0</sex><percent>0.0</percent></prevalence><prevalence><age>15</age><sex>1</sex><percent>0.0</percent></prevalence><prevalence><age>16</age><sex>0</sex><percent>0.0</percent></prevalence><prevalence><age>16</age><sex>1</sex><percent>0.0</percent></prevalence><prevalence><age>17</age><sex>0</sex><percent>0.0</percent></prevalence><prevalence><age>17</age><sex>1</sex><percent>0.0</percent></prevalence><prevalence><age>18</age><sex>0</sex><percent>0.0</percent></prevalence><prevalence><age>18</age><sex>1</sex><percent>0.0</percent></prevalence><prevalence><age>19</age><sex>0</sex><percent>0.0</percent></prevalence><prevalence><age>19</age><sex>1</sex><percent>0.0</percent></prevalence><prevalence><age>20</age><sex>0</sex><percent>0.0</percent></prevalence><prevalence><age>20</age><sex>1</sex><percent>0.0</percent></prevalence><prevalence><age>21</age><sex>0</sex><percent>0.0</percent></prevalence><prevalence><age>21</age><sex>1</sex><percent>0.0</percent></prevalence><prevalence><age>22</age><sex>0</sex><percent>0.0</percent></prevalence><prevalence><age>22</age><sex>1</sex><percent>0.0</percent></prevalence><prevalence><age>23</age><sex>0</sex><percent>0.0</percent></prevalence><prevalence><age>23</age><sex>1</sex><percent>0.0</percent></prevalence><prevalence><age>24</age><sex>0</sex><percent>0.0</percent></prevalence><prevalence><age>24</age><sex>1</sex><percent>0.0</percent></prevalence><prevalence><age>25</age><sex>0</sex><percent>0.0</percent></prevalence><prevalence><age>25</age><sex>1</sex><percent>0.0</percent></prevalence><prevalence><age>26</age><sex>0</sex><percent>0.0</percent></prevalence><prevalence><age>26</age><sex>1</sex><percent>0.0</percent></prevalence><prevalence><age>27</age><sex>0</sex><percent>0.0</percent></prevalence><prevalence><age>27</age><sex>1</sex><percent>0.0</percent></prevalence><prevalence><age>28</age><sex>0</sex><percent>0.0</percent></prevalence><prevalence><age>28</age><sex>1</sex><percent>0.0</percent></prevalence><prevalence><age>29</age><sex>0</sex><percent>0.0</percent></prevalence><prevalence><age>29</age><sex>1</sex><percent>0.0</percent></prevalence><prevalence><age>30</age><sex>0</sex><percent>0.0</percent></prevalence><prevalence><age>30</age><sex>1</sex><percent>0.0</percent></prevalence><prevalence><age>31</age><sex>0</sex><percent>0.0</percent></prevalence><prevalence><age>31</age><sex>1</sex><percent>0.0</percent></prevalence><prevalence><age>32</age><sex>0</sex><percent>0.0</percent></prevalence><prevalence><age>32</age><sex>1</sex><percent>0.0</percent></prevalence><prevalence><age>33</age><sex>0</sex><percent>0.0</percent></prevalence><prevalence><age>33</age><sex>1</sex><percent>0.0</percent></prevalence><prevalence><age>34</age><sex>0</sex><percent>0.0</percent></prevalence><prevalence><age>34</age><sex>1</sex><percent>0.0</percent></prevalence><prevalence><age>35</age><sex>0</sex><percent>0.0</percent></prevalence><prevalence><age>35</age><sex>1</sex><percent>0.0</percent></prevalence><prevalence><age>36</age><sex>0</sex><percent>0.0</percent></prevalence><prevalence><age>36</age><sex>1</sex><percent>0.0</percent></prevalence><prevalence><age>37</age><sex>0</sex><percent>0.0</percent></prevalence><prevalence><age>37</age><sex>1</sex><percent>0.0</percent></prevalence><prevalence><age>38</age><sex>0</sex><percent>0.0</percent></prevalence><prevalence><age>38</age><sex>1</sex><percent>0.0</percent></prevalence><prevalence><age>39</age><sex>0</sex><percent>0.0</percent></prevalence><prevalence><age>39</age><sex>1</sex><percent>0.0</percent></prevalence><prevalence><age>40</age><sex>0</sex><percent>0.0204</percent></prevalence><prevalence><age>40</age><sex>1</sex><percent>0.0254</percent></prevalence><prevalence><age>41</age><sex>0</sex><percent>0.0606</percent></prevalence><prevalence><age>41</age><sex>1</sex><percent>0.0758</percent></prevalence><prevalence><age>42</age><sex>0</sex><percent>0.1008</percent></prevalence><prevalence><age>42</age><sex>1</sex><percent>0.1264</percent></prevalence><prevalence><age>43</age><sex>0</sex><percent>0.145</percent></prevalence><prevalence><age>43</age><sex>1</sex><percent>0.1803</percent></prevalence><prevalence><age>44</age><sex>0</sex><percent>0.1954</percent></prevalence><prevalence><age>44</age><sex>1</sex><percent>0.239</percent></prevalence><prevalence><age>45</age><sex>0</sex><percent>0.2519</percent></prevalence><prevalence><age>45</age><sex>1</sex><percent>0.3026</percent></prevalence><prevalence><age>46</age><sex>0</sex><percent>0.3159</percent></prevalence><prevalence><age>46</age><sex>1</sex><percent>0.3722</percent></prevalence><prevalence><age>47</age><sex>0</sex><percent>0.389</percent></prevalence><prevalence><age>47</age><sex>1</sex><percent>0.4491</percent></prevalence><prevalence><age>48</age><sex>0</sex><percent>0.4725</percent></prevalence><prevalence><age>48</age><sex>1</sex><percent>0.5341</percent></prevalence><prevalence><age>49</age><sex>0</sex><percent>0.5665</percent></prevalence><prevalence><age>49</age><sex>1</sex><percent>0.6273</percent></prevalence><prevalence><age>50</age><sex>0</sex><percent>0.6712</percent></prevalence><prevalence><age>50</age><sex>1</sex><percent>0.7285</percent></prevalence><prevalence><age>51</age><sex>0</sex><percent>0.7865</percent></prevalence><prevalence><age>51</age><sex>1</sex><percent>0.8378</percent></prevalence><prevalence><age>52</age><sex>0</sex><percent>0.9121</percent></prevalence><prevalence><age>52</age><sex>1</sex><percent>0.9551</percent></prevalence><prevalence><age>53</age><sex>0</sex><percent>1.0478</percent></prevalence><prevalence><age>53</age><sex>1</sex><percent>1.08</percent></prevalence><prevalence><age>54</age><sex>0</sex><percent>1.1928</percent></prevalence><prevalence><age>54</age><sex>1</sex><percent>1.2117</percent></prevalence><prevalence><age>55</age><sex>0</sex><percent>1.3457</percent></prevalence><prevalence><age>55</age><sex>1</sex><percent>1.3492</percent></prevalence><prevalence><age>56</age><sex>0</sex><percent>1.505</percent></prevalence><prevalence><age>56</age><sex>1</sex><percent>1.4914</percent></prevalence><prevalence><age>57</age><sex>0</sex><percent>1.6692</percent></prevalence><prevalence><age>57</age><sex>1</sex><percent>1.6371</percent></prevalence><prevalence><age>58</age><sex>0</sex><percent>1.837</percent></prevalence><prevalence><age>58</age><sex>1</sex><percent>1.7851</percent></prevalence><prevalence><age>59</age><sex>0</sex><percent>2.0065</percent></prevalence><prevalence><age>59</age><sex>1</sex><percent>1.9336</percent></prevalence><prevalence><age>60</age><sex>0</sex><percent>2.1757</percent></prevalence><prevalence><age>60</age><sex>1</sex><percent>2.0806</percent></prevalence><prevalence><age>61</age><sex>0</sex><percent>2.3426</percent></prevalence><prevalence><age>61</age><sex>1</sex><percent>2.2244</percent></prevalence><prevalence><age>62</age><sex>0</sex><percent>2.5052</percent></prevalence><prevalence><age>62</age><sex>1</sex><percent>2.3629</percent></prevalence><prevalence><age>63</age><sex>0</sex><percent>2.6618</percent></prevalence><prevalence><age>63</age><sex>1</sex><percent>2.4943</percent></prevalence><prevalence><age>64</age><sex>0</sex><percent>2.8107</percent></prevalence><prevalence><age>64</age><sex>1</sex><percent>2.6169</percent></prevalence><prevalence><age>65</age><sex>0</sex><percent>2.9498</percent></prevalence><prevalence><age>65</age><sex>1</sex><percent>2.7278</percent></prevalence><prevalence><age>66</age><sex>0</sex><percent>3.0768</percent></prevalence><prevalence><age>66</age><sex>1</sex><percent>2.8238</percent></prevalence><prevalence><age>67</age><sex>0</sex><percent>3.1903</percent></prevalence><prevalence><age>67</age><sex>1</sex><percent>2.9024</percent></prevalence><prevalence><age>68</age><sex>0</sex><percent>3.2888</percent></prevalence><prevalence><age>68</age><sex>1</sex><percent>2.9617</percent></prevalence><prevalence><age>69</age><sex>0</sex><percent>3.3714</percent></prevalence><prevalence><age>69</age><sex>1</sex><percent>3.0</percent></prevalence><prevalence><age>70</age><sex>0</sex><percent>3.4376</percent></prevalence><prevalence><age>70</age><sex>1</sex><percent>3.0163</percent></prevalence><prevalence><age>71</age><sex>0</sex><percent>3.486</percent></prevalence><prevalence><age>71</age><sex>1</sex><percent>3.0057</percent></prevalence><prevalence><age>72</age><sex>0</sex><percent>3.516</percent></prevalence><prevalence><age>72</age><sex>1</sex><percent>2.9618</percent></prevalence><prevalence><age>73</age><sex>0</sex><percent>3.5279</percent></prevalence><prevalence><age>73</age><sex>1</sex><percent>2.8807</percent></prevalence><prevalence><age>74</age><sex>0</sex><percent>3.5225</percent></prevalence><prevalence><age>74</age><sex>1</sex><percent>2.7599</percent></prevalence><prevalence><age>75</age><sex>0</sex><percent>3.5012</percent></prevalence><prevalence><age>75</age><sex>1</sex><percent>2.5984</percent></prevalence><prevalence><age>76</age><sex>0</sex><percent>3.4651</percent></prevalence><prevalence><age>76</age><sex>1</sex><percent>2.3964</percent></prevalence><prevalence><age>77</age><sex>0</sex><percent>3.414</percent></prevalence><prevalence><age>77</age><sex>1</sex><percent>2.1609</percent></prevalence><prevalence><age>78</age><sex>0</sex><percent>3.3472</percent></prevalence><prevalence><age>78</age><sex>1</sex><percent>1.9085</percent></prevalence><prevalence><age>79</age><sex>0</sex><percent>3.2656</percent></prevalence><prevalence><age>79</age><sex>1</sex><percent>1.6579</percent></prevalence><prevalence><age>80</age><sex>0</sex><percent>3.1704</percent></prevalence><prevalence><age>80</age><sex>1</sex><percent>1.4249</percent></prevalence><prevalence><age>81</age><sex>0</sex><percent>3.0631</percent></prevalence><prevalence><age>81</age><sex>1</sex><percent>1.2224</percent></prevalence><prevalence><age>82</age><sex>0</sex><percent>2.9455</percent></prevalence><prevalence><age>82</age><sex>1</sex><percent>1.06</percent></prevalence><prevalence><age>83</age><sex>0</sex><percent>2.8171</percent></prevalence><prevalence><age>83</age><sex>1</sex><percent>0.9414</percent></prevalence><prevalence><age>84</age><sex>0</sex><percent>2.678</percent></prevalence><prevalence><age>84</age><sex>1</sex><percent>0.8597</percent></prevalence><prevalence><age>85</age><sex>0</sex><percent>2.5302</percent></prevalence><prevalence><age>85</age><sex>1</sex><percent>0.803</percent></prevalence><prevalence><age>86</age><sex>0</sex><percent>2.376</percent></prevalence><prevalence><age>86</age><sex>1</sex><percent>0.7614</percent></prevalence><prevalence><age>87</age><sex>0</sex><percent>2.2174</percent></prevalence><prevalence><age>87</age><sex>1</sex><percent>0.7266</percent></prevalence><prevalence><age>88</age><sex>0</sex><percent>2.0564</percent></prevalence><prevalence><age>88</age><sex>1</sex><percent>0.6923</percent></prevalence><prevalence><age>89</age><sex>0</sex><percent>1.8934</percent></prevalence><prevalence><age>89</age><sex>1</sex><percent>0.6535</percent></prevalence><prevalence><age>90</age><sex>0</sex><percent>1.7305</percent></prevalence><prevalence><age>90</age><sex>1</sex><percent>0.6092</percent></prevalence><prevalence><age>91</age><sex>0</sex><percent>1.5712</percent></prevalence><prevalence><age>91</age><sex>1</sex><percent>0.5618</percent></prevalence><prevalence><age>92</age><sex>0</sex><percent>1.4184</percent></prevalence><prevalence><age>92</age><sex>1</sex><percent>0.5136</percent></prevalence><prevalence><age>93</age><sex>0</sex><percent>1.2742</percent></prevalence><prevalence><age>93</age><sex>1</sex><percent>0.4664</percent></prevalence><prevalence><age>94</age><sex>0</sex><percent>1.14</percent></prevalence><prevalence><age>94</age><sex>1</sex><percent>0.4214</percent></prevalence><prevalence><age>95</age><sex>0</sex><percent>1.015</percent></prevalence><prevalence><age>95</age><sex>1</sex><percent>0.3791</percent></prevalence></diseaseprevalences>