<?xml version="1.0"?><diseaseprevalences><prevalence><age>0</age><sex>0</sex><percent>0.0</percent></prevalence><prevalence><age>0</age><sex>1</sex><percent>0.0</percent></prevalence><prevalence><age>1</age><sex>0</sex><percent>0.0</percent></prevalence><prevalence><age>1</age><sex>1</sex><percent>0.0</percent></prevalence><prevalence><age>2</age><sex>0</sex><percent>0.0</percent></prevalence><prevalence><age>2</age><sex>1</sex><percent>0.0</percent></prevalence><prevalence><age>3</age><sex>0</sex><percent>0.0</percent></prevalence><prevalence><age>3</age><sex>1</sex><percent>0.0</percent></prevalence><prevalence><age>4</age><sex>0</sex><percent>0.0</percent></prevalence><prevalence><age>4</age><sex>1</sex><percent>0.0</percent></prevalence><prevalence><age>5</age><sex>0</sex><percent>0.0</percent></prevalence><prevalence><age>5</age><sex>1</sex><percent>0.0</percent></prevalence><prevalence><age>6</age><sex>0</sex><percent>0.0</percent></prevalence><prevalence><age>6</age><sex>1</sex><percent>0.0</percent></prevalence><prevalence><age>7</age><sex>0</sex><percent>0.0</percent></prevalence><prevalence><age>7</age><sex>1</sex><percent>0.0</percent></prevalence><prevalence><age>8</age><sex>0</sex><percent>0.0</percent></prevalence><prevalence><age>8</age><sex>1</sex><percent>0.0</percent></prevalence><prevalence><age>9</age><sex>0</sex><percent>0.0</percent></prevalence><prevalence><age>9</age><sex>1</sex><percent>0.0</percent></prevalence><prevalence><age>10</age><sex>0</sex><percent>0.0</percent></prevalence><prevalence><age>10</age><sex>1</sex><percent>0.0</percent></prevalence><prevalence><age>11</age><sex>0</sex><percent>0.0</percent></prevalence><prevalence><age>11</age><sex>1</sex><percent>0.0</percent></prevalence><prevalence><age>12</age><sex>0</sex><percent>0.0</percent></prevalence><prevalence><age>12</age><sex>1</sex><percent>0.0</percent></prevalence><prevalence><age>13</age><sex>0</sex><percent>0.0</percent></prevalence><prevalence><age>13</age><sex>1</sex><percent>0.0</percent></prevalence><prevalence><age>14</age><sex>0</sex><percent>0.0</percent></prevalence><prevalence><age>14</age><sex>1</sex><percent>0.0</percent></prevalence><prevalence><age>15</age><sex>0</sex><percent>0.00143</percent></prevalence><prevalence><age>15</age><sex>1</sex><percent>0.00325</percent></prevalence><prevalence><age>16</age><sex>0</sex><percent>0.00184</percent></prevalence><prevalence><age>16</age><sex>1</sex><percent>0.00398</percent></prevalence><prevalence><age>17</age><sex>0</sex><percent>0.00225</percent></prevalence><prevalence><age>17</age><sex>1</sex><percent>0.00477</percent></prevalence><prevalence><age>18</age><sex>0</sex><percent>0.00264</percent></prevalence><prevalence><age>18</age><sex>1</sex><percent>0.0056</percent></prevalence><prevalence><age>19</age><sex>0</sex><percent>0.00295</percent></prevalence><prevalence><age>19</age><sex>1</sex><percent>0.00643</percent></prevalence><prevalence><age>20</age><sex>0</sex><percent>0.00317</percent></prevalence><prevalence><age>20</age><sex>1</sex><percent>0.00724</percent></prevalence><prevalence><age>21</age><sex>0</sex><percent>0.00331</percent></prevalence><prevalence><age>21</age><sex>1</sex><percent>0.00802</percent></prevalence><prevalence><age>22</age><sex>0</sex><percent>0.00343</percent></prevalence><prevalence><age>22</age><sex>1</sex><percent>0.00875</percent></prevalence><prevalence><age>23</age><sex>0</sex><percent>0.00359</percent></prevalence><prevalence><age>23</age><sex>1</sex><percent>0.0094</percent></prevalence><prevalence><age>24</age><sex>0</sex><percent>0.00388</percent></prevalence><prevalence><age>24</age><sex>1</sex><percent>0.00999</percent></prevalence><prevalence><age>25</age><sex>0</sex><percent>0.00435</percent></prevalence><prevalence><age>25</age><sex>1</sex><percent>0.01053</percent></prevalence><prevalence><age>26</age><sex>0</sex><percent>0.00505</percent></prevalence><prevalence><age>26</age><sex>1</sex><percent>0.01106</percent></prevalence><prevalence><age>27</age><sex>0</sex><percent>0.00602</percent></prevalence><prevalence><age>27</age><sex>1</sex><percent>0.01167</percent></prevalence><prevalence><age>28</age><sex>0</sex><percent>0.00726</percent></prevalence><prevalence><age>28</age><sex>1</sex><percent>0.01243</percent></prevalence><prevalence><age>29</age><sex>0</sex><percent>0.00874</percent></prevalence><prevalence><age>29</age><sex>1</sex><percent>0.01344</percent></prevalence><prevalence><age>30</age><sex>0</sex><percent>0.01045</percent></prevalence><prevalence><age>30</age><sex>1</sex><percent>0.01475</percent></prevalence><prevalence><age>31</age><sex>0</sex><percent>0.01238</percent></prevalence><prevalence><age>31</age><sex>1</sex><percent>0.0164</percent></prevalence><prevalence><age>32</age><sex>0</sex><percent>0.01453</percent></prevalence><prevalence><age>32</age><sex>1</sex><percent>0.0184</percent></prevalence><prevalence><age>33</age><sex>0</sex><percent>0.01698</percent></prevalence><prevalence><age>33</age><sex>1</sex><percent>0.02072</percent></prevalence><prevalence><age>34</age><sex>0</sex><percent>0.01981</percent></prevalence><prevalence><age>34</age><sex>1</sex><percent>0.02332</percent></prevalence><prevalence><age>35</age><sex>0</sex><percent>0.02312</percent></prevalence><prevalence><age>35</age><sex>1</sex><percent>0.02621</percent></prevalence><prevalence><age>36</age><sex>0</sex><percent>0.02701</percent></prevalence><prevalence><age>36</age><sex>1</sex><percent>0.02941</percent></prevalence><prevalence><age>37</age><sex>0</sex><percent>0.03154</percent></prevalence><prevalence><age>37</age><sex>1</sex><percent>0.03301</percent></prevalence><prevalence><age>38</age><sex>0</sex><percent>0.03676</percent></prevalence><prevalence><age>38</age><sex>1</sex><percent>0.03714</percent></prevalence><prevalence><age>39</age><sex>0</sex><percent>0.04273</percent></prevalence><prevalence><age>39</age><sex>1</sex><percent>0.04197</percent></prevalence><prevalence><age>40</age><sex>0</sex><percent>0.04956</percent></prevalence><prevalence><age>40</age><sex>1</sex><percent>0.04767</percent></prevalence><prevalence><age>41</age><sex>0</sex><percent>0.05743</percent></prevalence><prevalence><age>41</age><sex>1</sex><percent>0.05444</percent></prevalence><prevalence><age>42</age><sex>0</sex><percent>0.0666</percent></prevalence><prevalence><age>42</age><sex>1</sex><percent>0.06244</percent></prevalence><prevalence><age>43</age><sex>0</sex><percent>0.07742</percent></prevalence><prevalence><age>43</age><sex>1</sex><percent>0.07182</percent></prevalence><prevalence><age>44</age><sex>0</sex><percent>0.09021</percent></prevalence><prevalence><age>44</age><sex>1</sex><percent>0.08273</percent></prevalence><prevalence><age>45</age><sex>0</sex><percent>0.10527</percent></prevalence><prevalence><age>45</age><sex>1</sex><percent>0.09526</percent></prevalence><prevalence><age>46</age><sex>0</sex><percent>0.12285</percent></prevalence><prevalence><age>46</age><sex>1</sex><percent>0.10947</percent></prevalence><prevalence><age>47</age><sex>0</sex><percent>0.14309</percent></prevalence><prevalence><age>47</age><sex>1</sex><percent>0.12533</percent></prevalence><prevalence><age>48</age><sex>0</sex><percent>0.1661</percent></prevalence><prevalence><age>48</age><sex>1</sex><percent>0.14276</percent></prevalence><prevalence><age>49</age><sex>0</sex><percent>0.192</percent></prevalence><prevalence><age>49</age><sex>1</sex><percent>0.16166</percent></prevalence><prevalence><age>50</age><sex>0</sex><percent>0.22106</percent></prevalence><prevalence><age>50</age><sex>1</sex><percent>0.18202</percent></prevalence><prevalence><age>51</age><sex>0</sex><percent>0.2537</percent></prevalence><prevalence><age>51</age><sex>1</sex><percent>0.20393</percent></prevalence><prevalence><age>52</age><sex>0</sex><percent>0.29053</percent></prevalence><prevalence><age>52</age><sex>1</sex><percent>0.2277</percent></prevalence><prevalence><age>53</age><sex>0</sex><percent>0.33234</percent></prevalence><prevalence><age>53</age><sex>1</sex><percent>0.25383</percent></prevalence><prevalence><age>54</age><sex>0</sex><percent>0.37988</percent></prevalence><prevalence><age>54</age><sex>1</sex><percent>0.28286</percent></prevalence><prevalence><age>55</age><sex>0</sex><percent>0.43367</percent></prevalence><prevalence><age>55</age><sex>1</sex><percent>0.31521</percent></prevalence><prevalence><age>56</age><sex>0</sex><percent>0.49394</percent></prevalence><prevalence><age>56</age><sex>1</sex><percent>0.35106</percent></prevalence><prevalence><age>57</age><sex>0</sex><percent>0.5606</percent></prevalence><prevalence><age>57</age><sex>1</sex><percent>0.39035</percent></prevalence><prevalence><age>58</age><sex>0</sex><percent>0.63325</percent></prevalence><prevalence><age>58</age><sex>1</sex><percent>0.43272</percent></prevalence><prevalence><age>59</age><sex>0</sex><percent>0.71147</percent></prevalence><prevalence><age>59</age><sex>1</sex><percent>0.47775</percent></prevalence><prevalence><age>60</age><sex>0</sex><percent>0.79518</percent></prevalence><prevalence><age>60</age><sex>1</sex><percent>0.52518</percent></prevalence><prevalence><age>61</age><sex>0</sex><percent>0.8847</percent></prevalence><prevalence><age>61</age><sex>1</sex><percent>0.57503</percent></prevalence><prevalence><age>62</age><sex>0</sex><percent>0.9808</percent></prevalence><prevalence><age>62</age><sex>1</sex><percent>0.62762</percent></prevalence><prevalence><age>63</age><sex>0</sex><percent>1.08469</percent></prevalence><prevalence><age>63</age><sex>1</sex><percent>0.68358</percent></prevalence><prevalence><age>64</age><sex>0</sex><percent>1.19761</percent></prevalence><prevalence><age>64</age><sex>1</sex><percent>0.74368</percent></prevalence><prevalence><age>65</age><sex>0</sex><percent>1.32039</percent></prevalence><prevalence><age>65</age><sex>1</sex><percent>0.80857</percent></prevalence><prevalence><age>66</age><sex>0</sex><percent>1.45329</percent></prevalence><prevalence><age>66</age><sex>1</sex><percent>0.87871</percent></prevalence><prevalence><age>67</age><sex>0</sex><percent>1.59596</percent></prevalence><prevalence><age>67</age><sex>1</sex><percent>0.95424</percent></prevalence><prevalence><age>68</age><sex>0</sex><percent>1.74733</percent></prevalence><prevalence><age>68</age><sex>1</sex><percent>1.03495</percent></prevalence><prevalence><age>69</age><sex>0</sex><percent>1.90597</percent></prevalence><prevalence><age>69</age><sex>1</sex><percent>1.12041</percent></prevalence><prevalence><age>70</age><sex>0</sex><percent>2.07044</percent></prevalence><prevalence><age>70</age><sex>1</sex><percent>1.21016</percent></prevalence><prevalence><age>71</age><sex>0</sex><percent>2.23954</percent></prevalence><prevalence><age>71</age><sex>1</sex><percent>1.30388</percent></prevalence><prevalence><age>72</age><sex>0</sex><percent>2.41248</percent></prevalence><prevalence><age>72</age><sex>1</sex><percent>1.40152</percent></prevalence><prevalence><age>73</age><sex>0</sex><percent>2.58894</percent></prevalence><prevalence><age>73</age><sex>1</sex><percent>1.50338</percent></prevalence><prevalence><age>74</age><sex>0</sex><percent>2.76876</percent></prevalence><prevalence><age>74</age><sex>1</sex><percent>1.60993</percent></prevalence><prevalence><age>75</age><sex>0</sex><percent>2.95151</percent></prevalence><prevalence><age>75</age><sex>1</sex><percent>1.72153</percent></prevalence><prevalence><age>76</age><sex>0</sex><percent>3.13622</percent></prevalence><prevalence><age>76</age><sex>1</sex><percent>1.83824</percent></prevalence><prevalence><age>77</age><sex>0</sex><percent>3.32121</percent></prevalence><prevalence><age>77</age><sex>1</sex><percent>1.95973</percent></prevalence><prevalence><age>78</age><sex>0</sex><percent>3.50407</percent></prevalence><prevalence><age>78</age><sex>1</sex><percent>2.08513</percent></prevalence><prevalence><age>79</age><sex>0</sex><percent>3.68184</percent></prevalence><prevalence><age>79</age><sex>1</sex><percent>2.21291</percent></prevalence><prevalence><age>80</age><sex>0</sex><percent>3.85143</percent></prevalence><prevalence><age>80</age><sex>1</sex><percent>2.34088</percent></prevalence><prevalence><age>81</age><sex>0</sex><percent>4.00972</percent></prevalence><prevalence><age>81</age><sex>1</sex><percent>2.46624</percent></prevalence><prevalence><age>82</age><sex>0</sex><percent>4.15375</percent></prevalence><prevalence><age>82</age><sex>1</sex><percent>2.58567</percent></prevalence><prevalence><age>83</age><sex>0</sex><percent>4.28088</percent></prevalence><prevalence><age>83</age><sex>1</sex><percent>2.69556</percent></prevalence><prevalence><age>84</age><sex>0</sex><percent>4.38942</percent></prevalence><prevalence><age>84</age><sex>1</sex><percent>2.79295</percent></prevalence><prevalence><age>85</age><sex>0</sex><percent>4.47925</percent></prevalence><prevalence><age>85</age><sex>1</sex><percent>2.87634</percent></prevalence><prevalence><age>86</age><sex>0</sex><percent>4.55185</percent></prevalence><prevalence><age>86</age><sex>1</sex><percent>2.94596</percent></prevalence><prevalence><age>87</age><sex>0</sex><percent>4.61017</percent></prevalence><prevalence><age>87</age><sex>1</sex><percent>3.00371</percent></prevalence><prevalence><age>88</age><sex>0</sex><percent>4.65837</percent></prevalence><prevalence><age>88</age><sex>1</sex><percent>3.05284</percent></prevalence><prevalence><age>89</age><sex>0</sex><percent>4.7007</percent></prevalence><prevalence><age>89</age><sex>1</sex><percent>3.09694</percent></prevalence><prevalence><age>90</age><sex>0</sex><percent>4.7405</percent></prevalence><prevalence><age>90</age><sex>1</sex><percent>3.13895</percent></prevalence><prevalence><age>91</age><sex>0</sex><percent>4.78008</percent></prevalence><prevalence><age>91</age><sex>1</sex><percent>3.18093</percent></prevalence><prevalence><age>92</age><sex>0</sex><percent>4.82074</percent></prevalence><prevalence><age>92</age><sex>1</sex><percent>3.22409</percent></prevalence><prevalence><age>93</age><sex>0</sex><percent>4.86293</percent></prevalence><prevalence><age>93</age><sex>1</sex><percent>3.26888</percent></prevalence><prevalence><age>94</age><sex>0</sex><percent>4.90657</percent></prevalence><prevalence><age>94</age><sex>1</sex><percent>3.31528</percent></prevalence><prevalence><age>95</age><sex>0</sex><percent>5.06388</percent></prevalence><prevalence><age>95</age><sex>1</sex><percent>3.48358</percent></prevalence></diseaseprevalences>