<?xml version="1.0"?><relrisksfromriskfactor_compound><relativerisk><age>0</age><sex>0</sex><cat>1</cat><begin>1.0</begin><alfa>0.0</alfa><end>1.0</end></relativerisk><relativerisk><age>0</age><sex>0</sex><cat>2</cat><begin>1.0</begin><alfa>0.31947</alfa><end>1.0</end></relativerisk><relativerisk><age>0</age><sex>0</sex><cat>3</cat><begin>1.0</begin><alfa>0.0</alfa><end>1.0</end></relativerisk><relativerisk><age>0</age><sex>1</sex><cat>1</cat><begin>1.0</begin><alfa>0.0</alfa><end>1.0</end></relativerisk><relativerisk><age>0</age><sex>1</sex><cat>2</cat><begin>1.0</begin><alfa>0.31947</alfa><end>1.0</end></relativerisk><relativerisk><age>0</age><sex>1</sex><cat>3</cat><begin>1.0</begin><alfa>0.0</alfa><end>1.0</end></relativerisk><relativerisk><age>1</age><sex>0</sex><cat>1</cat><begin>1.0</begin><alfa>0.0</alfa><end>1.0</end></relativerisk><relativerisk><age>1</age><sex>0</sex><cat>2</cat><begin>1.0</begin><alfa>0.31947</alfa><end>1.0</end></relativerisk><relativerisk><age>1</age><sex>0</sex><cat>3</cat><begin>1.0</begin><alfa>0.0</alfa><end>1.0</end></relativerisk><relativerisk><age>1</age><sex>1</sex><cat>1</cat><begin>1.0</begin><alfa>0.0</alfa><end>1.0</end></relativerisk><relativerisk><age>1</age><sex>1</sex><cat>2</cat><begin>1.0</begin><alfa>0.31947</alfa><end>1.0</end></relativerisk><relativerisk><age>1</age><sex>1</sex><cat>3</cat><begin>1.0</begin><alfa>0.0</alfa><end>1.0</end></relativerisk><relativerisk><age>2</age><sex>0</sex><cat>1</cat><begin>1.0</begin><alfa>0.0</alfa><end>1.0</end></relativerisk><relativerisk><age>2</age><sex>0</sex><cat>2</cat><begin>1.0</begin><alfa>0.31947</alfa><end>1.0</end></relativerisk><relativerisk><age>2</age><sex>0</sex><cat>3</cat><begin>1.0</begin><alfa>0.0</alfa><end>1.0</end></relativerisk><relativerisk><age>2</age><sex>1</sex><cat>1</cat><begin>1.0</begin><alfa>0.0</alfa><end>1.0</end></relativerisk><relativerisk><age>2</age><sex>1</sex><cat>2</cat><begin>1.0</begin><alfa>0.31947</alfa><end>1.0</end></relativerisk><relativerisk><age>2</age><sex>1</sex><cat>3</cat><begin>1.0</begin><alfa>0.0</alfa><end>1.0</end></relativerisk><relativerisk><age>3</age><sex>0</sex><cat>1</cat><begin>1.0</begin><alfa>0.0</alfa><end>1.0</end></relativerisk><relativerisk><age>3</age><sex>0</sex><cat>2</cat><begin>1.0</begin><alfa>0.31947</alfa><end>1.0</end></relativerisk><relativerisk><age>3</age><sex>0</sex><cat>3</cat><begin>1.0</begin><alfa>0.0</alfa><end>1.0</end></relativerisk><relativerisk><age>3</age><sex>1</sex><cat>1</cat><begin>1.0</begin><alfa>0.0</alfa><end>1.0</end></relativerisk><relativerisk><age>3</age><sex>1</sex><cat>2</cat><begin>1.0</begin><alfa>0.31947</alfa><end>1.0</end></relativerisk><relativerisk><age>3</age><sex>1</sex><cat>3</cat><begin>1.0</begin><alfa>0.0</alfa><end>1.0</end></relativerisk><relativerisk><age>4</age><sex>0</sex><cat>1</cat><begin>1.0</begin><alfa>0.0</alfa><end>1.0</end></relativerisk><relativerisk><age>4</age><sex>0</sex><cat>2</cat><begin>1.0</begin><alfa>0.31947</alfa><end>1.0</end></relativerisk><relativerisk><age>4</age><sex>0</sex><cat>3</cat><begin>1.0</begin><alfa>0.0</alfa><end>1.0</end></relativerisk><relativerisk><age>4</age><sex>1</sex><cat>1</cat><begin>1.0</begin><alfa>0.0</alfa><end>1.0</end></relativerisk><relativerisk><age>4</age><sex>1</sex><cat>2</cat><begin>1.0</begin><alfa>0.31947</alfa><end>1.0</end></relativerisk><relativerisk><age>4</age><sex>1</sex><cat>3</cat><begin>1.0</begin><alfa>0.0</alfa><end>1.0</end></relativerisk><relativerisk><age>5</age><sex>0</sex><cat>1</cat><begin>1.0</begin><alfa>0.0</alfa><end>1.0</end></relativerisk><relativerisk><age>5</age><sex>0</sex><cat>2</cat><begin>1.0</begin><alfa>0.31947</alfa><end>1.0</end></relativerisk><relativerisk><age>5</age><sex>0</sex><cat>3</cat><begin>1.0</begin><alfa>0.0</alfa><end>1.0</end></relativerisk><relativerisk><age>5</age><sex>1</sex><cat>1</cat><begin>1.0</begin><alfa>0.0</alfa><end>1.0</end></relativerisk><relativerisk><age>5</age><sex>1</sex><cat>2</cat><begin>1.0</begin><alfa>0.31947</alfa><end>1.0</end></relativerisk><relativerisk><age>5</age><sex>1</sex><cat>3</cat><begin>1.0</begin><alfa>0.0</alfa><end>1.0</end></relativerisk><relativerisk><age>6</age><sex>0</sex><cat>1</cat><begin>1.0</begin><alfa>0.0</alfa><end>1.0</end></relativerisk><relativerisk><age>6</age><sex>0</sex><cat>2</cat><begin>1.0</begin><alfa>0.31947</alfa><end>1.0</end></relativerisk><relativerisk><age>6</age><sex>0</sex><cat>3</cat><begin>1.0</begin><alfa>0.0</alfa><end>1.0</end></relativerisk><relativerisk><age>6</age><sex>1</sex><cat>1</cat><begin>1.0</begin><alfa>0.0</alfa><end>1.0</end></relativerisk><relativerisk><age>6</age><sex>1</sex><cat>2</cat><begin>1.0</begin><alfa>0.31947</alfa><end>1.0</end></relativerisk><relativerisk><age>6</age><sex>1</sex><cat>3</cat><begin>1.0</begin><alfa>0.0</alfa><end>1.0</end></relativerisk><relativerisk><age>7</age><sex>0</sex><cat>1</cat><begin>1.0</begin><alfa>0.0</alfa><end>1.0</end></relativerisk><relativerisk><age>7</age><sex>0</sex><cat>2</cat><begin>1.0</begin><alfa>0.31947</alfa><end>1.0</end></relativerisk><relativerisk><age>7</age><sex>0</sex><cat>3</cat><begin>1.0</begin><alfa>0.0</alfa><end>1.0</end></relativerisk><relativerisk><age>7</age><sex>1</sex><cat>1</cat><begin>1.0</begin><alfa>0.0</alfa><end>1.0</end></relativerisk><relativerisk><age>7</age><sex>1</sex><cat>2</cat><begin>1.0</begin><alfa>0.31947</alfa><end>1.0</end></relativerisk><relativerisk><age>7</age><sex>1</sex><cat>3</cat><begin>1.0</begin><alfa>0.0</alfa><end>1.0</end></relativerisk><relativerisk><age>8</age><sex>0</sex><cat>1</cat><begin>1.0</begin><alfa>0.0</alfa><end>1.0</end></relativerisk><relativerisk><age>8</age><sex>0</sex><cat>2</cat><begin>1.0</begin><alfa>0.31947</alfa><end>1.0</end></relativerisk><relativerisk><age>8</age><sex>0</sex><cat>3</cat><begin>1.0</begin><alfa>0.0</alfa><end>1.0</end></relativerisk><relativerisk><age>8</age><sex>1</sex><cat>1</cat><begin>1.0</begin><alfa>0.0</alfa><end>1.0</end></relativerisk><relativerisk><age>8</age><sex>1</sex><cat>2</cat><begin>1.0</begin><alfa>0.31947</alfa><end>1.0</end></relativerisk><relativerisk><age>8</age><sex>1</sex><cat>3</cat><begin>1.0</begin><alfa>0.0</alfa><end>1.0</end></relativerisk><relativerisk><age>9</age><sex>0</sex><cat>1</cat><begin>1.0</begin><alfa>0.0</alfa><end>1.0</end></relativerisk><relativerisk><age>9</age><sex>0</sex><cat>2</cat><begin>1.0</begin><alfa>0.31947</alfa><end>1.0</end></relativerisk><relativerisk><age>9</age><sex>0</sex><cat>3</cat><begin>1.0</begin><alfa>0.0</alfa><end>1.0</end></relativerisk><relativerisk><age>9</age><sex>1</sex><cat>1</cat><begin>1.0</begin><alfa>0.0</alfa><end>1.0</end></relativerisk><relativerisk><age>9</age><sex>1</sex><cat>2</cat><begin>1.0</begin><alfa>0.31947</alfa><end>1.0</end></relativerisk><relativerisk><age>9</age><sex>1</sex><cat>3</cat><begin>1.0</begin><alfa>0.0</alfa><end>1.0</end></relativerisk><relativerisk><age>10</age><sex>0</sex><cat>1</cat><begin>1.0</begin><alfa>0.0</alfa><end>1.0</end></relativerisk><relativerisk><age>10</age><sex>0</sex><cat>2</cat><begin>1.0</begin><alfa>0.31947</alfa><end>1.0</end></relativerisk><relativerisk><age>10</age><sex>0</sex><cat>3</cat><begin>1.0</begin><alfa>0.0</alfa><end>1.0</end></relativerisk><relativerisk><age>10</age><sex>1</sex><cat>1</cat><begin>1.0</begin><alfa>0.0</alfa><end>1.0</end></relativerisk><relativerisk><age>10</age><sex>1</sex><cat>2</cat><begin>1.0</begin><alfa>0.31947</alfa><end>1.0</end></relativerisk><relativerisk><age>10</age><sex>1</sex><cat>3</cat><begin>1.0</begin><alfa>0.0</alfa><end>1.0</end></relativerisk><relativerisk><age>11</age><sex>0</sex><cat>1</cat><begin>1.0</begin><alfa>0.0</alfa><end>1.0</end></relativerisk><relativerisk><age>11</age><sex>0</sex><cat>2</cat><begin>1.0</begin><alfa>0.31947</alfa><end>1.0</end></relativerisk><relativerisk><age>11</age><sex>0</sex><cat>3</cat><begin>1.0</begin><alfa>0.0</alfa><end>1.0</end></relativerisk><relativerisk><age>11</age><sex>1</sex><cat>1</cat><begin>1.0</begin><alfa>0.0</alfa><end>1.0</end></relativerisk><relativerisk><age>11</age><sex>1</sex><cat>2</cat><begin>1.0</begin><alfa>0.31947</alfa><end>1.0</end></relativerisk><relativerisk><age>11</age><sex>1</sex><cat>3</cat><begin>1.0</begin><alfa>0.0</alfa><end>1.0</end></relativerisk><relativerisk><age>12</age><sex>0</sex><cat>1</cat><begin>1.0</begin><alfa>0.0</alfa><end>1.0</end></relativerisk><relativerisk><age>12</age><sex>0</sex><cat>2</cat><begin>1.0</begin><alfa>0.31947</alfa><end>1.0</end></relativerisk><relativerisk><age>12</age><sex>0</sex><cat>3</cat><begin>1.0</begin><alfa>0.0</alfa><end>1.0</end></relativerisk><relativerisk><age>12</age><sex>1</sex><cat>1</cat><begin>1.0</begin><alfa>0.0</alfa><end>1.0</end></relativerisk><relativerisk><age>12</age><sex>1</sex><cat>2</cat><begin>1.0</begin><alfa>0.31947</alfa><end>1.0</end></relativerisk><relativerisk><age>12</age><sex>1</sex><cat>3</cat><begin>1.0</begin><alfa>0.0</alfa><end>1.0</end></relativerisk><relativerisk><age>13</age><sex>0</sex><cat>1</cat><begin>1.0</begin><alfa>0.0</alfa><end>1.0</end></relativerisk><relativerisk><age>13</age><sex>0</sex><cat>2</cat><begin>1.0</begin><alfa>0.31947</alfa><end>1.0</end></relativerisk><relativerisk><age>13</age><sex>0</sex><cat>3</cat><begin>1.0</begin><alfa>0.0</alfa><end>1.0</end></relativerisk><relativerisk><age>13</age><sex>1</sex><cat>1</cat><begin>1.0</begin><alfa>0.0</alfa><end>1.0</end></relativerisk><relativerisk><age>13</age><sex>1</sex><cat>2</cat><begin>1.0</begin><alfa>0.31947</alfa><end>1.0</end></relativerisk><relativerisk><age>13</age><sex>1</sex><cat>3</cat><begin>1.0</begin><alfa>0.0</alfa><end>1.0</end></relativerisk><relativerisk><age>14</age><sex>0</sex><cat>1</cat><begin>1.0</begin><alfa>0.0</alfa><end>1.0</end></relativerisk><relativerisk><age>14</age><sex>0</sex><cat>2</cat><begin>1.0</begin><alfa>0.31947</alfa><end>1.0</end></relativerisk><relativerisk><age>14</age><sex>0</sex><cat>3</cat><begin>1.0</begin><alfa>0.0</alfa><end>1.0</end></relativerisk><relativerisk><age>14</age><sex>1</sex><cat>1</cat><begin>1.0</begin><alfa>0.0</alfa><end>1.0</end></relativerisk><relativerisk><age>14</age><sex>1</sex><cat>2</cat><begin>1.0</begin><alfa>0.31947</alfa><end>1.0</end></relativerisk><relativerisk><age>14</age><sex>1</sex><cat>3</cat><begin>1.0</begin><alfa>0.0</alfa><end>1.0</end></relativerisk><relativerisk><age>15</age><sex>0</sex><cat>1</cat><begin>1.0</begin><alfa>0.0</alfa><end>1.0</end></relativerisk><relativerisk><age>15</age><sex>0</sex><cat>2</cat><begin>1.0</begin><alfa>0.31947</alfa><end>1.0</end></relativerisk><relativerisk><age>15</age><sex>0</sex><cat>3</cat><begin>1.0</begin><alfa>0.0</alfa><end>1.0</end></relativerisk><relativerisk><age>15</age><sex>1</sex><cat>1</cat><begin>1.0</begin><alfa>0.0</alfa><end>1.0</end></relativerisk><relativerisk><age>15</age><sex>1</sex><cat>2</cat><begin>1.0</begin><alfa>0.31947</alfa><end>1.0</end></relativerisk><relativerisk><age>15</age><sex>1</sex><cat>3</cat><begin>1.0</begin><alfa>0.0</alfa><end>1.0</end></relativerisk><relativerisk><age>16</age><sex>0</sex><cat>1</cat><begin>1.0</begin><alfa>0.0</alfa><end>1.0</end></relativerisk><relativerisk><age>16</age><sex>0</sex><cat>2</cat><begin>1.0</begin><alfa>0.31947</alfa><end>1.0</end></relativerisk><relativerisk><age>16</age><sex>0</sex><cat>3</cat><begin>1.0</begin><alfa>0.0</alfa><end>1.0</end></relativerisk><relativerisk><age>16</age><sex>1</sex><cat>1</cat><begin>1.0</begin><alfa>0.0</alfa><end>1.0</end></relativerisk><relativerisk><age>16</age><sex>1</sex><cat>2</cat><begin>1.0</begin><alfa>0.31947</alfa><end>1.0</end></relativerisk><relativerisk><age>16</age><sex>1</sex><cat>3</cat><begin>1.0</begin><alfa>0.0</alfa><end>1.0</end></relativerisk><relativerisk><age>17</age><sex>0</sex><cat>1</cat><begin>1.0</begin><alfa>0.0</alfa><end>1.0</end></relativerisk><relativerisk><age>17</age><sex>0</sex><cat>2</cat><begin>1.0</begin><alfa>0.31947</alfa><end>1.0</end></relativerisk><relativerisk><age>17</age><sex>0</sex><cat>3</cat><begin>1.0</begin><alfa>0.0</alfa><end>1.0</end></relativerisk><relativerisk><age>17</age><sex>1</sex><cat>1</cat><begin>1.0</begin><alfa>0.0</alfa><end>1.0</end></relativerisk><relativerisk><age>17</age><sex>1</sex><cat>2</cat><begin>1.0</begin><alfa>0.31947</alfa><end>1.0</end></relativerisk><relativerisk><age>17</age><sex>1</sex><cat>3</cat><begin>1.0</begin><alfa>0.0</alfa><end>1.0</end></relativerisk><relativerisk><age>18</age><sex>0</sex><cat>1</cat><begin>1.0</begin><alfa>0.0</alfa><end>1.0</end></relativerisk><relativerisk><age>18</age><sex>0</sex><cat>2</cat><begin>1.0</begin><alfa>0.31947</alfa><end>1.0</end></relativerisk><relativerisk><age>18</age><sex>0</sex><cat>3</cat><begin>1.0</begin><alfa>0.0</alfa><end>1.0</end></relativerisk><relativerisk><age>18</age><sex>1</sex><cat>1</cat><begin>1.0</begin><alfa>0.0</alfa><end>1.0</end></relativerisk><relativerisk><age>18</age><sex>1</sex><cat>2</cat><begin>1.0</begin><alfa>0.31947</alfa><end>1.0</end></relativerisk><relativerisk><age>18</age><sex>1</sex><cat>3</cat><begin>1.0</begin><alfa>0.0</alfa><end>1.0</end></relativerisk><relativerisk><age>19</age><sex>0</sex><cat>1</cat><begin>1.0</begin><alfa>0.0</alfa><end>1.0</end></relativerisk><relativerisk><age>19</age><sex>0</sex><cat>2</cat><begin>1.0</begin><alfa>0.31947</alfa><end>1.0</end></relativerisk><relativerisk><age>19</age><sex>0</sex><cat>3</cat><begin>1.0</begin><alfa>0.0</alfa><end>1.0</end></relativerisk><relativerisk><age>19</age><sex>1</sex><cat>1</cat><begin>1.0</begin><alfa>0.0</alfa><end>1.0</end></relativerisk><relativerisk><age>19</age><sex>1</sex><cat>2</cat><begin>1.0</begin><alfa>0.31947</alfa><end>1.0</end></relativerisk><relativerisk><age>19</age><sex>1</sex><cat>3</cat><begin>1.0</begin><alfa>0.0</alfa><end>1.0</end></relativerisk><relativerisk><age>20</age><sex>0</sex><cat>1</cat><begin>1.0</begin><alfa>0.0</alfa><end>1.0</end></relativerisk><relativerisk><age>20</age><sex>0</sex><cat>2</cat><begin>1.0</begin><alfa>0.31947</alfa><end>1.0</end></relativerisk><relativerisk><age>20</age><sex>0</sex><cat>3</cat><begin>1.0</begin><alfa>0.0</alfa><end>1.0</end></relativerisk><relativerisk><age>20</age><sex>1</sex><cat>1</cat><begin>1.0</begin><alfa>0.0</alfa><end>1.0</end></relativerisk><relativerisk><age>20</age><sex>1</sex><cat>2</cat><begin>1.0</begin><alfa>0.31947</alfa><end>1.0</end></relativerisk><relativerisk><age>20</age><sex>1</sex><cat>3</cat><begin>1.0</begin><alfa>0.0</alfa><end>1.0</end></relativerisk><relativerisk><age>21</age><sex>0</sex><cat>1</cat><begin>1.0</begin><alfa>0.0</alfa><end>1.0</end></relativerisk><relativerisk><age>21</age><sex>0</sex><cat>2</cat><begin>1.0</begin><alfa>0.31947</alfa><end>1.0</end></relativerisk><relativerisk><age>21</age><sex>0</sex><cat>3</cat><begin>1.0</begin><alfa>0.0</alfa><end>1.0</end></relativerisk><relativerisk><age>21</age><sex>1</sex><cat>1</cat><begin>1.0</begin><alfa>0.0</alfa><end>1.0</end></relativerisk><relativerisk><age>21</age><sex>1</sex><cat>2</cat><begin>1.0</begin><alfa>0.31947</alfa><end>1.0</end></relativerisk><relativerisk><age>21</age><sex>1</sex><cat>3</cat><begin>1.0</begin><alfa>0.0</alfa><end>1.0</end></relativerisk><relativerisk><age>22</age><sex>0</sex><cat>1</cat><begin>1.0</begin><alfa>0.0</alfa><end>1.0</end></relativerisk><relativerisk><age>22</age><sex>0</sex><cat>2</cat><begin>1.0</begin><alfa>0.31947</alfa><end>1.0</end></relativerisk><relativerisk><age>22</age><sex>0</sex><cat>3</cat><begin>1.0</begin><alfa>0.0</alfa><end>1.0</end></relativerisk><relativerisk><age>22</age><sex>1</sex><cat>1</cat><begin>1.0</begin><alfa>0.0</alfa><end>1.0</end></relativerisk><relativerisk><age>22</age><sex>1</sex><cat>2</cat><begin>1.0</begin><alfa>0.31947</alfa><end>1.0</end></relativerisk><relativerisk><age>22</age><sex>1</sex><cat>3</cat><begin>1.0</begin><alfa>0.0</alfa><end>1.0</end></relativerisk><relativerisk><age>23</age><sex>0</sex><cat>1</cat><begin>1.0</begin><alfa>0.0</alfa><end>1.0</end></relativerisk><relativerisk><age>23</age><sex>0</sex><cat>2</cat><begin>1.0</begin><alfa>0.31947</alfa><end>1.0</end></relativerisk><relativerisk><age>23</age><sex>0</sex><cat>3</cat><begin>1.0</begin><alfa>0.0</alfa><end>1.0</end></relativerisk><relativerisk><age>23</age><sex>1</sex><cat>1</cat><begin>1.0</begin><alfa>0.0</alfa><end>1.0</end></relativerisk><relativerisk><age>23</age><sex>1</sex><cat>2</cat><begin>1.0</begin><alfa>0.31947</alfa><end>1.0</end></relativerisk><relativerisk><age>23</age><sex>1</sex><cat>3</cat><begin>1.0</begin><alfa>0.0</alfa><end>1.0</end></relativerisk><relativerisk><age>24</age><sex>0</sex><cat>1</cat><begin>1.0</begin><alfa>0.0</alfa><end>1.0</end></relativerisk><relativerisk><age>24</age><sex>0</sex><cat>2</cat><begin>1.0</begin><alfa>0.31947</alfa><end>1.0</end></relativerisk><relativerisk><age>24</age><sex>0</sex><cat>3</cat><begin>1.0</begin><alfa>0.0</alfa><end>1.0</end></relativerisk><relativerisk><age>24</age><sex>1</sex><cat>1</cat><begin>1.0</begin><alfa>0.0</alfa><end>1.0</end></relativerisk><relativerisk><age>24</age><sex>1</sex><cat>2</cat><begin>1.0</begin><alfa>0.31947</alfa><end>1.0</end></relativerisk><relativerisk><age>24</age><sex>1</sex><cat>3</cat><begin>1.0</begin><alfa>0.0</alfa><end>1.0</end></relativerisk><relativerisk><age>25</age><sex>0</sex><cat>1</cat><begin>1.0</begin><alfa>0.0</alfa><end>1.0</end></relativerisk><relativerisk><age>25</age><sex>0</sex><cat>2</cat><begin>1.0</begin><alfa>0.31947</alfa><end>1.0</end></relativerisk><relativerisk><age>25</age><sex>0</sex><cat>3</cat><begin>1.0</begin><alfa>0.0</alfa><end>1.0</end></relativerisk><relativerisk><age>25</age><sex>1</sex><cat>1</cat><begin>1.0</begin><alfa>0.0</alfa><end>1.0</end></relativerisk><relativerisk><age>25</age><sex>1</sex><cat>2</cat><begin>1.0</begin><alfa>0.31947</alfa><end>1.0</end></relativerisk><relativerisk><age>25</age><sex>1</sex><cat>3</cat><begin>1.0</begin><alfa>0.0</alfa><end>1.0</end></relativerisk><relativerisk><age>26</age><sex>0</sex><cat>1</cat><begin>1.0</begin><alfa>0.0</alfa><end>1.0</end></relativerisk><relativerisk><age>26</age><sex>0</sex><cat>2</cat><begin>1.0</begin><alfa>0.31947</alfa><end>1.0</end></relativerisk><relativerisk><age>26</age><sex>0</sex><cat>3</cat><begin>1.0</begin><alfa>0.0</alfa><end>1.0</end></relativerisk><relativerisk><age>26</age><sex>1</sex><cat>1</cat><begin>1.0</begin><alfa>0.0</alfa><end>1.0</end></relativerisk><relativerisk><age>26</age><sex>1</sex><cat>2</cat><begin>1.0</begin><alfa>0.31947</alfa><end>1.0</end></relativerisk><relativerisk><age>26</age><sex>1</sex><cat>3</cat><begin>1.0</begin><alfa>0.0</alfa><end>1.0</end></relativerisk><relativerisk><age>27</age><sex>0</sex><cat>1</cat><begin>1.0</begin><alfa>0.0</alfa><end>1.0</end></relativerisk><relativerisk><age>27</age><sex>0</sex><cat>2</cat><begin>1.0</begin><alfa>0.31947</alfa><end>1.0</end></relativerisk><relativerisk><age>27</age><sex>0</sex><cat>3</cat><begin>1.0</begin><alfa>0.0</alfa><end>1.0</end></relativerisk><relativerisk><age>27</age><sex>1</sex><cat>1</cat><begin>1.0</begin><alfa>0.0</alfa><end>1.0</end></relativerisk><relativerisk><age>27</age><sex>1</sex><cat>2</cat><begin>1.0</begin><alfa>0.31947</alfa><end>1.0</end></relativerisk><relativerisk><age>27</age><sex>1</sex><cat>3</cat><begin>1.0</begin><alfa>0.0</alfa><end>1.0</end></relativerisk><relativerisk><age>28</age><sex>0</sex><cat>1</cat><begin>1.0</begin><alfa>0.0</alfa><end>1.0</end></relativerisk><relativerisk><age>28</age><sex>0</sex><cat>2</cat><begin>1.0</begin><alfa>0.31947</alfa><end>1.0</end></relativerisk><relativerisk><age>28</age><sex>0</sex><cat>3</cat><begin>1.0</begin><alfa>0.0</alfa><end>1.0</end></relativerisk><relativerisk><age>28</age><sex>1</sex><cat>1</cat><begin>1.0</begin><alfa>0.0</alfa><end>1.0</end></relativerisk><relativerisk><age>28</age><sex>1</sex><cat>2</cat><begin>1.0</begin><alfa>0.31947</alfa><end>1.0</end></relativerisk><relativerisk><age>28</age><sex>1</sex><cat>3</cat><begin>1.0</begin><alfa>0.0</alfa><end>1.0</end></relativerisk><relativerisk><age>29</age><sex>0</sex><cat>1</cat><begin>1.0</begin><alfa>0.0</alfa><end>1.0</end></relativerisk><relativerisk><age>29</age><sex>0</sex><cat>2</cat><begin>1.0</begin><alfa>0.31947</alfa><end>1.0</end></relativerisk><relativerisk><age>29</age><sex>0</sex><cat>3</cat><begin>1.0</begin><alfa>0.0</alfa><end>1.0</end></relativerisk><relativerisk><age>29</age><sex>1</sex><cat>1</cat><begin>1.0</begin><alfa>0.0</alfa><end>1.0</end></relativerisk><relativerisk><age>29</age><sex>1</sex><cat>2</cat><begin>1.0</begin><alfa>0.31947</alfa><end>1.0</end></relativerisk><relativerisk><age>29</age><sex>1</sex><cat>3</cat><begin>1.0</begin><alfa>0.0</alfa><end>1.0</end></relativerisk><relativerisk><age>30</age><sex>0</sex><cat>1</cat><begin>1.0</begin><alfa>0.0</alfa><end>1.0</end></relativerisk><relativerisk><age>30</age><sex>0</sex><cat>2</cat><begin>1.0</begin><alfa>0.31947</alfa><end>1.0</end></relativerisk><relativerisk><age>30</age><sex>0</sex><cat>3</cat><begin>1.0</begin><alfa>0.0</alfa><end>1.0</end></relativerisk><relativerisk><age>30</age><sex>1</sex><cat>1</cat><begin>1.0</begin><alfa>0.0</alfa><end>1.0</end></relativerisk><relativerisk><age>30</age><sex>1</sex><cat>2</cat><begin>1.0</begin><alfa>0.31947</alfa><end>1.0</end></relativerisk><relativerisk><age>30</age><sex>1</sex><cat>3</cat><begin>1.0</begin><alfa>0.0</alfa><end>1.0</end></relativerisk><relativerisk><age>31</age><sex>0</sex><cat>1</cat><begin>1.0</begin><alfa>0.0</alfa><end>1.0</end></relativerisk><relativerisk><age>31</age><sex>0</sex><cat>2</cat><begin>1.0</begin><alfa>0.31947</alfa><end>1.0</end></relativerisk><relativerisk><age>31</age><sex>0</sex><cat>3</cat><begin>1.0</begin><alfa>0.0</alfa><end>1.0</end></relativerisk><relativerisk><age>31</age><sex>1</sex><cat>1</cat><begin>1.0</begin><alfa>0.0</alfa><end>1.0</end></relativerisk><relativerisk><age>31</age><sex>1</sex><cat>2</cat><begin>1.0</begin><alfa>0.31947</alfa><end>1.0</end></relativerisk><relativerisk><age>31</age><sex>1</sex><cat>3</cat><begin>1.0</begin><alfa>0.0</alfa><end>1.0</end></relativerisk><relativerisk><age>32</age><sex>0</sex><cat>1</cat><begin>1.0</begin><alfa>0.0</alfa><end>1.0</end></relativerisk><relativerisk><age>32</age><sex>0</sex><cat>2</cat><begin>1.0</begin><alfa>0.31947</alfa><end>1.0</end></relativerisk><relativerisk><age>32</age><sex>0</sex><cat>3</cat><begin>1.0</begin><alfa>0.0</alfa><end>1.0</end></relativerisk><relativerisk><age>32</age><sex>1</sex><cat>1</cat><begin>1.0</begin><alfa>0.0</alfa><end>1.0</end></relativerisk><relativerisk><age>32</age><sex>1</sex><cat>2</cat><begin>1.0</begin><alfa>0.31947</alfa><end>1.0</end></relativerisk><relativerisk><age>32</age><sex>1</sex><cat>3</cat><begin>1.0</begin><alfa>0.0</alfa><end>1.0</end></relativerisk><relativerisk><age>33</age><sex>0</sex><cat>1</cat><begin>1.0</begin><alfa>0.0</alfa><end>1.0</end></relativerisk><relativerisk><age>33</age><sex>0</sex><cat>2</cat><begin>1.0</begin><alfa>0.31947</alfa><end>1.0</end></relativerisk><relativerisk><age>33</age><sex>0</sex><cat>3</cat><begin>1.0</begin><alfa>0.0</alfa><end>1.0</end></relativerisk><relativerisk><age>33</age><sex>1</sex><cat>1</cat><begin>1.0</begin><alfa>0.0</alfa><end>1.0</end></relativerisk><relativerisk><age>33</age><sex>1</sex><cat>2</cat><begin>1.0</begin><alfa>0.31947</alfa><end>1.0</end></relativerisk><relativerisk><age>33</age><sex>1</sex><cat>3</cat><begin>1.0</begin><alfa>0.0</alfa><end>1.0</end></relativerisk><relativerisk><age>34</age><sex>0</sex><cat>1</cat><begin>1.0</begin><alfa>0.0</alfa><end>1.0</end></relativerisk><relativerisk><age>34</age><sex>0</sex><cat>2</cat><begin>1.0</begin><alfa>0.31947</alfa><end>1.0</end></relativerisk><relativerisk><age>34</age><sex>0</sex><cat>3</cat><begin>1.0</begin><alfa>0.0</alfa><end>1.0</end></relativerisk><relativerisk><age>34</age><sex>1</sex><cat>1</cat><begin>1.0</begin><alfa>0.0</alfa><end>1.0</end></relativerisk><relativerisk><age>34</age><sex>1</sex><cat>2</cat><begin>1.0</begin><alfa>0.31947</alfa><end>1.0</end></relativerisk><relativerisk><age>34</age><sex>1</sex><cat>3</cat><begin>1.0</begin><alfa>0.0</alfa><end>1.0</end></relativerisk><relativerisk><age>35</age><sex>0</sex><cat>1</cat><begin>1.0</begin><alfa>0.0</alfa><end>1.0</end></relativerisk><relativerisk><age>35</age><sex>0</sex><cat>2</cat><begin>1.0</begin><alfa>0.31947</alfa><end>1.0</end></relativerisk><relativerisk><age>35</age><sex>0</sex><cat>3</cat><begin>1.0</begin><alfa>0.0</alfa><end>1.0</end></relativerisk><relativerisk><age>35</age><sex>1</sex><cat>1</cat><begin>1.0</begin><alfa>0.0</alfa><end>1.0</end></relativerisk><relativerisk><age>35</age><sex>1</sex><cat>2</cat><begin>2.0</begin><alfa>0.31947</alfa><end>1.0</end></relativerisk><relativerisk><age>35</age><sex>1</sex><cat>3</cat><begin>2.0</begin><alfa>0.0</alfa><end>2.0</end></relativerisk><relativerisk><age>36</age><sex>0</sex><cat>1</cat><begin>1.0</begin><alfa>0.0</alfa><end>1.0</end></relativerisk><relativerisk><age>36</age><sex>0</sex><cat>2</cat><begin>1.0</begin><alfa>0.31947</alfa><end>1.0</end></relativerisk><relativerisk><age>36</age><sex>0</sex><cat>3</cat><begin>1.0</begin><alfa>0.0</alfa><end>1.0</end></relativerisk><relativerisk><age>36</age><sex>1</sex><cat>1</cat><begin>1.0</begin><alfa>0.0</alfa><end>1.0</end></relativerisk><relativerisk><age>36</age><sex>1</sex><cat>2</cat><begin>2.0</begin><alfa>0.31947</alfa><end>1.0</end></relativerisk><relativerisk><age>36</age><sex>1</sex><cat>3</cat><begin>2.0</begin><alfa>0.0</alfa><end>2.0</end></relativerisk><relativerisk><age>37</age><sex>0</sex><cat>1</cat><begin>1.0</begin><alfa>0.0</alfa><end>1.0</end></relativerisk><relativerisk><age>37</age><sex>0</sex><cat>2</cat><begin>1.0</begin><alfa>0.31947</alfa><end>1.0</end></relativerisk><relativerisk><age>37</age><sex>0</sex><cat>3</cat><begin>1.0</begin><alfa>0.0</alfa><end>1.0</end></relativerisk><relativerisk><age>37</age><sex>1</sex><cat>1</cat><begin>1.0</begin><alfa>0.0</alfa><end>1.0</end></relativerisk><relativerisk><age>37</age><sex>1</sex><cat>2</cat><begin>2.0</begin><alfa>0.31947</alfa><end>1.0</end></relativerisk><relativerisk><age>37</age><sex>1</sex><cat>3</cat><begin>2.0</begin><alfa>0.0</alfa><end>2.0</end></relativerisk><relativerisk><age>38</age><sex>0</sex><cat>1</cat><begin>1.0</begin><alfa>0.0</alfa><end>1.0</end></relativerisk><relativerisk><age>38</age><sex>0</sex><cat>2</cat><begin>1.0</begin><alfa>0.31947</alfa><end>1.0</end></relativerisk><relativerisk><age>38</age><sex>0</sex><cat>3</cat><begin>1.0</begin><alfa>0.0</alfa><end>1.0</end></relativerisk><relativerisk><age>38</age><sex>1</sex><cat>1</cat><begin>1.0</begin><alfa>0.0</alfa><end>1.0</end></relativerisk><relativerisk><age>38</age><sex>1</sex><cat>2</cat><begin>2.0</begin><alfa>0.31947</alfa><end>1.0</end></relativerisk><relativerisk><age>38</age><sex>1</sex><cat>3</cat><begin>2.0</begin><alfa>0.0</alfa><end>2.0</end></relativerisk><relativerisk><age>39</age><sex>0</sex><cat>1</cat><begin>1.0</begin><alfa>0.0</alfa><end>1.0</end></relativerisk><relativerisk><age>39</age><sex>0</sex><cat>2</cat><begin>1.0</begin><alfa>0.31947</alfa><end>1.0</end></relativerisk><relativerisk><age>39</age><sex>0</sex><cat>3</cat><begin>1.0</begin><alfa>0.0</alfa><end>1.0</end></relativerisk><relativerisk><age>39</age><sex>1</sex><cat>1</cat><begin>1.0</begin><alfa>0.0</alfa><end>1.0</end></relativerisk><relativerisk><age>39</age><sex>1</sex><cat>2</cat><begin>2.0</begin><alfa>0.31947</alfa><end>1.0</end></relativerisk><relativerisk><age>39</age><sex>1</sex><cat>3</cat><begin>2.0</begin><alfa>0.0</alfa><end>2.0</end></relativerisk><relativerisk><age>40</age><sex>0</sex><cat>1</cat><begin>1.0</begin><alfa>0.0</alfa><end>1.0</end></relativerisk><relativerisk><age>40</age><sex>0</sex><cat>2</cat><begin>1.05</begin><alfa>0.31947</alfa><end>1.0</end></relativerisk><relativerisk><age>40</age><sex>0</sex><cat>3</cat><begin>1.05</begin><alfa>0.0</alfa><end>1.05</end></relativerisk><relativerisk><age>40</age><sex>1</sex><cat>1</cat><begin>1.0</begin><alfa>0.0</alfa><end>1.0</end></relativerisk><relativerisk><age>40</age><sex>1</sex><cat>2</cat><begin>5.67</begin><alfa>0.31947</alfa><end>1.0</end></relativerisk><relativerisk><age>40</age><sex>1</sex><cat>3</cat><begin>5.67</begin><alfa>0.0</alfa><end>5.67</end></relativerisk><relativerisk><age>41</age><sex>0</sex><cat>1</cat><begin>1.0</begin><alfa>0.0</alfa><end>1.0</end></relativerisk><relativerisk><age>41</age><sex>0</sex><cat>2</cat><begin>1.05</begin><alfa>0.31947</alfa><end>1.0</end></relativerisk><relativerisk><age>41</age><sex>0</sex><cat>3</cat><begin>1.05</begin><alfa>0.0</alfa><end>1.05</end></relativerisk><relativerisk><age>41</age><sex>1</sex><cat>1</cat><begin>1.0</begin><alfa>0.0</alfa><end>1.0</end></relativerisk><relativerisk><age>41</age><sex>1</sex><cat>2</cat><begin>5.67</begin><alfa>0.31947</alfa><end>1.0</end></relativerisk><relativerisk><age>41</age><sex>1</sex><cat>3</cat><begin>5.67</begin><alfa>0.0</alfa><end>5.67</end></relativerisk><relativerisk><age>42</age><sex>0</sex><cat>1</cat><begin>1.0</begin><alfa>0.0</alfa><end>1.0</end></relativerisk><relativerisk><age>42</age><sex>0</sex><cat>2</cat><begin>1.05</begin><alfa>0.31947</alfa><end>1.0</end></relativerisk><relativerisk><age>42</age><sex>0</sex><cat>3</cat><begin>1.05</begin><alfa>0.0</alfa><end>1.05</end></relativerisk><relativerisk><age>42</age><sex>1</sex><cat>1</cat><begin>1.0</begin><alfa>0.0</alfa><end>1.0</end></relativerisk><relativerisk><age>42</age><sex>1</sex><cat>2</cat><begin>5.67</begin><alfa>0.31947</alfa><end>1.0</end></relativerisk><relativerisk><age>42</age><sex>1</sex><cat>3</cat><begin>5.67</begin><alfa>0.0</alfa><end>5.67</end></relativerisk><relativerisk><age>43</age><sex>0</sex><cat>1</cat><begin>1.0</begin><alfa>0.0</alfa><end>1.0</end></relativerisk><relativerisk><age>43</age><sex>0</sex><cat>2</cat><begin>1.05</begin><alfa>0.31947</alfa><end>1.0</end></relativerisk><relativerisk><age>43</age><sex>0</sex><cat>3</cat><begin>1.05</begin><alfa>0.0</alfa><end>1.05</end></relativerisk><relativerisk><age>43</age><sex>1</sex><cat>1</cat><begin>1.0</begin><alfa>0.0</alfa><end>1.0</end></relativerisk><relativerisk><age>43</age><sex>1</sex><cat>2</cat><begin>5.67</begin><alfa>0.31947</alfa><end>1.0</end></relativerisk><relativerisk><age>43</age><sex>1</sex><cat>3</cat><begin>5.67</begin><alfa>0.0</alfa><end>5.67</end></relativerisk><relativerisk><age>44</age><sex>0</sex><cat>1</cat><begin>1.0</begin><alfa>0.0</alfa><end>1.0</end></relativerisk><relativerisk><age>44</age><sex>0</sex><cat>2</cat><begin>1.05</begin><alfa>0.31947</alfa><end>1.0</end></relativerisk><relativerisk><age>44</age><sex>0</sex><cat>3</cat><begin>1.05</begin><alfa>0.0</alfa><end>1.05</end></relativerisk><relativerisk><age>44</age><sex>1</sex><cat>1</cat><begin>1.0</begin><alfa>0.0</alfa><end>1.0</end></relativerisk><relativerisk><age>44</age><sex>1</sex><cat>2</cat><begin>5.67</begin><alfa>0.31947</alfa><end>1.0</end></relativerisk><relativerisk><age>44</age><sex>1</sex><cat>3</cat><begin>5.67</begin><alfa>0.0</alfa><end>5.67</end></relativerisk><relativerisk><age>45</age><sex>0</sex><cat>1</cat><begin>1.0</begin><alfa>0.0</alfa><end>1.0</end></relativerisk><relativerisk><age>45</age><sex>0</sex><cat>2</cat><begin>3.75</begin><alfa>0.31947</alfa><end>1.0</end></relativerisk><relativerisk><age>45</age><sex>0</sex><cat>3</cat><begin>3.75</begin><alfa>0.0</alfa><end>3.75</end></relativerisk><relativerisk><age>45</age><sex>1</sex><cat>1</cat><begin>1.0</begin><alfa>0.0</alfa><end>1.0</end></relativerisk><relativerisk><age>45</age><sex>1</sex><cat>2</cat><begin>8.22</begin><alfa>0.31947</alfa><end>1.0</end></relativerisk><relativerisk><age>45</age><sex>1</sex><cat>3</cat><begin>8.22</begin><alfa>0.0</alfa><end>8.22</end></relativerisk><relativerisk><age>46</age><sex>0</sex><cat>1</cat><begin>1.0</begin><alfa>0.0</alfa><end>1.0</end></relativerisk><relativerisk><age>46</age><sex>0</sex><cat>2</cat><begin>3.75</begin><alfa>0.31947</alfa><end>1.0</end></relativerisk><relativerisk><age>46</age><sex>0</sex><cat>3</cat><begin>3.75</begin><alfa>0.0</alfa><end>3.75</end></relativerisk><relativerisk><age>46</age><sex>1</sex><cat>1</cat><begin>1.0</begin><alfa>0.0</alfa><end>1.0</end></relativerisk><relativerisk><age>46</age><sex>1</sex><cat>2</cat><begin>8.22</begin><alfa>0.31947</alfa><end>1.0</end></relativerisk><relativerisk><age>46</age><sex>1</sex><cat>3</cat><begin>8.22</begin><alfa>0.0</alfa><end>8.22</end></relativerisk><relativerisk><age>47</age><sex>0</sex><cat>1</cat><begin>1.0</begin><alfa>0.0</alfa><end>1.0</end></relativerisk><relativerisk><age>47</age><sex>0</sex><cat>2</cat><begin>3.75</begin><alfa>0.31947</alfa><end>1.0</end></relativerisk><relativerisk><age>47</age><sex>0</sex><cat>3</cat><begin>3.75</begin><alfa>0.0</alfa><end>3.75</end></relativerisk><relativerisk><age>47</age><sex>1</sex><cat>1</cat><begin>1.0</begin><alfa>0.0</alfa><end>1.0</end></relativerisk><relativerisk><age>47</age><sex>1</sex><cat>2</cat><begin>8.22</begin><alfa>0.31947</alfa><end>1.0</end></relativerisk><relativerisk><age>47</age><sex>1</sex><cat>3</cat><begin>8.22</begin><alfa>0.0</alfa><end>8.22</end></relativerisk><relativerisk><age>48</age><sex>0</sex><cat>1</cat><begin>1.0</begin><alfa>0.0</alfa><end>1.0</end></relativerisk><relativerisk><age>48</age><sex>0</sex><cat>2</cat><begin>3.75</begin><alfa>0.31947</alfa><end>1.0</end></relativerisk><relativerisk><age>48</age><sex>0</sex><cat>3</cat><begin>3.75</begin><alfa>0.0</alfa><end>3.75</end></relativerisk><relativerisk><age>48</age><sex>1</sex><cat>1</cat><begin>1.0</begin><alfa>0.0</alfa><end>1.0</end></relativerisk><relativerisk><age>48</age><sex>1</sex><cat>2</cat><begin>8.22</begin><alfa>0.31947</alfa><end>1.0</end></relativerisk><relativerisk><age>48</age><sex>1</sex><cat>3</cat><begin>8.22</begin><alfa>0.0</alfa><end>8.22</end></relativerisk><relativerisk><age>49</age><sex>0</sex><cat>1</cat><begin>1.0</begin><alfa>0.0</alfa><end>1.0</end></relativerisk><relativerisk><age>49</age><sex>0</sex><cat>2</cat><begin>3.75</begin><alfa>0.31947</alfa><end>1.0</end></relativerisk><relativerisk><age>49</age><sex>0</sex><cat>3</cat><begin>3.75</begin><alfa>0.0</alfa><end>3.75</end></relativerisk><relativerisk><age>49</age><sex>1</sex><cat>1</cat><begin>1.0</begin><alfa>0.0</alfa><end>1.0</end></relativerisk><relativerisk><age>49</age><sex>1</sex><cat>2</cat><begin>8.22</begin><alfa>0.31947</alfa><end>1.0</end></relativerisk><relativerisk><age>49</age><sex>1</sex><cat>3</cat><begin>8.22</begin><alfa>0.0</alfa><end>8.22</end></relativerisk><relativerisk><age>50</age><sex>0</sex><cat>1</cat><begin>1.0</begin><alfa>0.0</alfa><end>1.0</end></relativerisk><relativerisk><age>50</age><sex>0</sex><cat>2</cat><begin>6.08</begin><alfa>0.31947</alfa><end>1.0</end></relativerisk><relativerisk><age>50</age><sex>0</sex><cat>3</cat><begin>6.08</begin><alfa>0.0</alfa><end>6.08</end></relativerisk><relativerisk><age>50</age><sex>1</sex><cat>1</cat><begin>1.0</begin><alfa>0.0</alfa><end>1.0</end></relativerisk><relativerisk><age>50</age><sex>1</sex><cat>2</cat><begin>4.58</begin><alfa>0.31947</alfa><end>1.0</end></relativerisk><relativerisk><age>50</age><sex>1</sex><cat>3</cat><begin>4.58</begin><alfa>0.0</alfa><end>4.58</end></relativerisk><relativerisk><age>51</age><sex>0</sex><cat>1</cat><begin>1.0</begin><alfa>0.0</alfa><end>1.0</end></relativerisk><relativerisk><age>51</age><sex>0</sex><cat>2</cat><begin>6.08</begin><alfa>0.3142483</alfa><end>1.0</end></relativerisk><relativerisk><age>51</age><sex>0</sex><cat>3</cat><begin>6.08</begin><alfa>0.0</alfa><end>6.08</end></relativerisk><relativerisk><age>51</age><sex>1</sex><cat>1</cat><begin>1.0</begin><alfa>0.0</alfa><end>1.0</end></relativerisk><relativerisk><age>51</age><sex>1</sex><cat>2</cat><begin>4.58</begin><alfa>0.3142483</alfa><end>1.0</end></relativerisk><relativerisk><age>51</age><sex>1</sex><cat>3</cat><begin>4.58</begin><alfa>0.0</alfa><end>4.58</end></relativerisk><relativerisk><age>52</age><sex>0</sex><cat>1</cat><begin>1.0</begin><alfa>0.0</alfa><end>1.0</end></relativerisk><relativerisk><age>52</age><sex>0</sex><cat>2</cat><begin>6.08</begin><alfa>0.3091119</alfa><end>1.0</end></relativerisk><relativerisk><age>52</age><sex>0</sex><cat>3</cat><begin>6.08</begin><alfa>0.0</alfa><end>6.08</end></relativerisk><relativerisk><age>52</age><sex>1</sex><cat>1</cat><begin>1.0</begin><alfa>0.0</alfa><end>1.0</end></relativerisk><relativerisk><age>52</age><sex>1</sex><cat>2</cat><begin>4.58</begin><alfa>0.3091119</alfa><end>1.0</end></relativerisk><relativerisk><age>52</age><sex>1</sex><cat>3</cat><begin>4.58</begin><alfa>0.0</alfa><end>4.58</end></relativerisk><relativerisk><age>53</age><sex>0</sex><cat>1</cat><begin>1.0</begin><alfa>0.0</alfa><end>1.0</end></relativerisk><relativerisk><age>53</age><sex>0</sex><cat>2</cat><begin>6.08</begin><alfa>0.3040595</alfa><end>1.0</end></relativerisk><relativerisk><age>53</age><sex>0</sex><cat>3</cat><begin>6.08</begin><alfa>0.0</alfa><end>6.08</end></relativerisk><relativerisk><age>53</age><sex>1</sex><cat>1</cat><begin>1.0</begin><alfa>0.0</alfa><end>1.0</end></relativerisk><relativerisk><age>53</age><sex>1</sex><cat>2</cat><begin>4.58</begin><alfa>0.3040595</alfa><end>1.0</end></relativerisk><relativerisk><age>53</age><sex>1</sex><cat>3</cat><begin>4.58</begin><alfa>0.0</alfa><end>4.58</end></relativerisk><relativerisk><age>54</age><sex>0</sex><cat>1</cat><begin>1.0</begin><alfa>0.0</alfa><end>1.0</end></relativerisk><relativerisk><age>54</age><sex>0</sex><cat>2</cat><begin>6.08</begin><alfa>0.2990897</alfa><end>1.0</end></relativerisk><relativerisk><age>54</age><sex>0</sex><cat>3</cat><begin>6.08</begin><alfa>0.0</alfa><end>6.08</end></relativerisk><relativerisk><age>54</age><sex>1</sex><cat>1</cat><begin>1.0</begin><alfa>0.0</alfa><end>1.0</end></relativerisk><relativerisk><age>54</age><sex>1</sex><cat>2</cat><begin>4.58</begin><alfa>0.2990897</alfa><end>1.0</end></relativerisk><relativerisk><age>54</age><sex>1</sex><cat>3</cat><begin>4.58</begin><alfa>0.0</alfa><end>4.58</end></relativerisk><relativerisk><age>55</age><sex>0</sex><cat>1</cat><begin>1.0</begin><alfa>0.0</alfa><end>1.0</end></relativerisk><relativerisk><age>55</age><sex>0</sex><cat>2</cat><begin>3.96</begin><alfa>0.294201</alfa><end>1.0</end></relativerisk><relativerisk><age>55</age><sex>0</sex><cat>3</cat><begin>3.96</begin><alfa>0.0</alfa><end>3.96</end></relativerisk><relativerisk><age>55</age><sex>1</sex><cat>1</cat><begin>1.0</begin><alfa>0.0</alfa><end>1.0</end></relativerisk><relativerisk><age>55</age><sex>1</sex><cat>2</cat><begin>5.77</begin><alfa>0.294201</alfa><end>1.0</end></relativerisk><relativerisk><age>55</age><sex>1</sex><cat>3</cat><begin>5.77</begin><alfa>0.0</alfa><end>5.77</end></relativerisk><relativerisk><age>56</age><sex>0</sex><cat>1</cat><begin>1.0</begin><alfa>0.0</alfa><end>1.0</end></relativerisk><relativerisk><age>56</age><sex>0</sex><cat>2</cat><begin>3.96</begin><alfa>0.2893923</alfa><end>1.0</end></relativerisk><relativerisk><age>56</age><sex>0</sex><cat>3</cat><begin>3.96</begin><alfa>0.0</alfa><end>3.96</end></relativerisk><relativerisk><age>56</age><sex>1</sex><cat>1</cat><begin>1.0</begin><alfa>0.0</alfa><end>1.0</end></relativerisk><relativerisk><age>56</age><sex>1</sex><cat>2</cat><begin>5.77</begin><alfa>0.2893923</alfa><end>1.0</end></relativerisk><relativerisk><age>56</age><sex>1</sex><cat>3</cat><begin>5.77</begin><alfa>0.0</alfa><end>5.77</end></relativerisk><relativerisk><age>57</age><sex>0</sex><cat>1</cat><begin>1.0</begin><alfa>0.0</alfa><end>1.0</end></relativerisk><relativerisk><age>57</age><sex>0</sex><cat>2</cat><begin>3.96</begin><alfa>0.2846622</alfa><end>1.0</end></relativerisk><relativerisk><age>57</age><sex>0</sex><cat>3</cat><begin>3.96</begin><alfa>0.0</alfa><end>3.96</end></relativerisk><relativerisk><age>57</age><sex>1</sex><cat>1</cat><begin>1.0</begin><alfa>0.0</alfa><end>1.0</end></relativerisk><relativerisk><age>57</age><sex>1</sex><cat>2</cat><begin>5.77</begin><alfa>0.2846622</alfa><end>1.0</end></relativerisk><relativerisk><age>57</age><sex>1</sex><cat>3</cat><begin>5.77</begin><alfa>0.0</alfa><end>5.77</end></relativerisk><relativerisk><age>58</age><sex>0</sex><cat>1</cat><begin>1.0</begin><alfa>0.0</alfa><end>1.0</end></relativerisk><relativerisk><age>58</age><sex>0</sex><cat>2</cat><begin>3.96</begin><alfa>0.2800095</alfa><end>1.0</end></relativerisk><relativerisk><age>58</age><sex>0</sex><cat>3</cat><begin>3.96</begin><alfa>0.0</alfa><end>3.96</end></relativerisk><relativerisk><age>58</age><sex>1</sex><cat>1</cat><begin>1.0</begin><alfa>0.0</alfa><end>1.0</end></relativerisk><relativerisk><age>58</age><sex>1</sex><cat>2</cat><begin>5.77</begin><alfa>0.2800095</alfa><end>1.0</end></relativerisk><relativerisk><age>58</age><sex>1</sex><cat>3</cat><begin>5.77</begin><alfa>0.0</alfa><end>5.77</end></relativerisk><relativerisk><age>59</age><sex>0</sex><cat>1</cat><begin>1.0</begin><alfa>0.0</alfa><end>1.0</end></relativerisk><relativerisk><age>59</age><sex>0</sex><cat>2</cat><begin>3.96</begin><alfa>0.2754327</alfa><end>1.0</end></relativerisk><relativerisk><age>59</age><sex>0</sex><cat>3</cat><begin>3.96</begin><alfa>0.0</alfa><end>3.96</end></relativerisk><relativerisk><age>59</age><sex>1</sex><cat>1</cat><begin>1.0</begin><alfa>0.0</alfa><end>1.0</end></relativerisk><relativerisk><age>59</age><sex>1</sex><cat>2</cat><begin>5.77</begin><alfa>0.2754327</alfa><end>1.0</end></relativerisk><relativerisk><age>59</age><sex>1</sex><cat>3</cat><begin>5.77</begin><alfa>0.0</alfa><end>5.77</end></relativerisk><relativerisk><age>60</age><sex>0</sex><cat>1</cat><begin>1.0</begin><alfa>0.0</alfa><end>1.0</end></relativerisk><relativerisk><age>60</age><sex>0</sex><cat>2</cat><begin>2.55</begin><alfa>0.2709308</alfa><end>1.0</end></relativerisk><relativerisk><age>60</age><sex>0</sex><cat>3</cat><begin>2.55</begin><alfa>0.0</alfa><end>2.55</end></relativerisk><relativerisk><age>60</age><sex>1</sex><cat>1</cat><begin>1.0</begin><alfa>0.0</alfa><end>1.0</end></relativerisk><relativerisk><age>60</age><sex>1</sex><cat>2</cat><begin>2.76</begin><alfa>0.2709308</alfa><end>1.0</end></relativerisk><relativerisk><age>60</age><sex>1</sex><cat>3</cat><begin>2.76</begin><alfa>0.0</alfa><end>2.76</end></relativerisk><relativerisk><age>61</age><sex>0</sex><cat>1</cat><begin>1.0</begin><alfa>0.0</alfa><end>1.0</end></relativerisk><relativerisk><age>61</age><sex>0</sex><cat>2</cat><begin>2.55</begin><alfa>0.2665024</alfa><end>1.0</end></relativerisk><relativerisk><age>61</age><sex>0</sex><cat>3</cat><begin>2.55</begin><alfa>0.0</alfa><end>2.55</end></relativerisk><relativerisk><age>61</age><sex>1</sex><cat>1</cat><begin>1.0</begin><alfa>0.0</alfa><end>1.0</end></relativerisk><relativerisk><age>61</age><sex>1</sex><cat>2</cat><begin>2.76</begin><alfa>0.2665024</alfa><end>1.0</end></relativerisk><relativerisk><age>61</age><sex>1</sex><cat>3</cat><begin>2.76</begin><alfa>0.0</alfa><end>2.76</end></relativerisk><relativerisk><age>62</age><sex>0</sex><cat>1</cat><begin>1.0</begin><alfa>0.0</alfa><end>1.0</end></relativerisk><relativerisk><age>62</age><sex>0</sex><cat>2</cat><begin>2.55</begin><alfa>0.2621465</alfa><end>1.0</end></relativerisk><relativerisk><age>62</age><sex>0</sex><cat>3</cat><begin>2.55</begin><alfa>0.0</alfa><end>2.55</end></relativerisk><relativerisk><age>62</age><sex>1</sex><cat>1</cat><begin>1.0</begin><alfa>0.0</alfa><end>1.0</end></relativerisk><relativerisk><age>62</age><sex>1</sex><cat>2</cat><begin>2.76</begin><alfa>0.2621465</alfa><end>1.0</end></relativerisk><relativerisk><age>62</age><sex>1</sex><cat>3</cat><begin>2.76</begin><alfa>0.0</alfa><end>2.76</end></relativerisk><relativerisk><age>63</age><sex>0</sex><cat>1</cat><begin>1.0</begin><alfa>0.0</alfa><end>1.0</end></relativerisk><relativerisk><age>63</age><sex>0</sex><cat>2</cat><begin>2.55</begin><alfa>0.2578617</alfa><end>1.0</end></relativerisk><relativerisk><age>63</age><sex>0</sex><cat>3</cat><begin>2.55</begin><alfa>0.0</alfa><end>2.55</end></relativerisk><relativerisk><age>63</age><sex>1</sex><cat>1</cat><begin>1.0</begin><alfa>0.0</alfa><end>1.0</end></relativerisk><relativerisk><age>63</age><sex>1</sex><cat>2</cat><begin>2.76</begin><alfa>0.2578617</alfa><end>1.0</end></relativerisk><relativerisk><age>63</age><sex>1</sex><cat>3</cat><begin>2.76</begin><alfa>0.0</alfa><end>2.76</end></relativerisk><relativerisk><age>64</age><sex>0</sex><cat>1</cat><begin>1.0</begin><alfa>0.0</alfa><end>1.0</end></relativerisk><relativerisk><age>64</age><sex>0</sex><cat>2</cat><begin>2.55</begin><alfa>0.253647</alfa><end>1.0</end></relativerisk><relativerisk><age>64</age><sex>0</sex><cat>3</cat><begin>2.55</begin><alfa>0.0</alfa><end>2.55</end></relativerisk><relativerisk><age>64</age><sex>1</sex><cat>1</cat><begin>1.0</begin><alfa>0.0</alfa><end>1.0</end></relativerisk><relativerisk><age>64</age><sex>1</sex><cat>2</cat><begin>2.76</begin><alfa>0.253647</alfa><end>1.0</end></relativerisk><relativerisk><age>64</age><sex>1</sex><cat>3</cat><begin>2.76</begin><alfa>0.0</alfa><end>2.76</end></relativerisk><relativerisk><age>65</age><sex>0</sex><cat>1</cat><begin>1.0</begin><alfa>0.0</alfa><end>1.0</end></relativerisk><relativerisk><age>65</age><sex>0</sex><cat>2</cat><begin>2.69</begin><alfa>0.2495011</alfa><end>1.0</end></relativerisk><relativerisk><age>65</age><sex>0</sex><cat>3</cat><begin>2.69</begin><alfa>0.0</alfa><end>2.69</end></relativerisk><relativerisk><age>65</age><sex>1</sex><cat>1</cat><begin>1.0</begin><alfa>0.0</alfa><end>1.0</end></relativerisk><relativerisk><age>65</age><sex>1</sex><cat>2</cat><begin>2.58</begin><alfa>0.2495011</alfa><end>1.0</end></relativerisk><relativerisk><age>65</age><sex>1</sex><cat>3</cat><begin>2.58</begin><alfa>0.0</alfa><end>2.58</end></relativerisk><relativerisk><age>66</age><sex>0</sex><cat>1</cat><begin>1.0</begin><alfa>0.0</alfa><end>1.0</end></relativerisk><relativerisk><age>66</age><sex>0</sex><cat>2</cat><begin>2.69</begin><alfa>0.245423</alfa><end>1.0</end></relativerisk><relativerisk><age>66</age><sex>0</sex><cat>3</cat><begin>2.69</begin><alfa>0.0</alfa><end>2.69</end></relativerisk><relativerisk><age>66</age><sex>1</sex><cat>1</cat><begin>1.0</begin><alfa>0.0</alfa><end>1.0</end></relativerisk><relativerisk><age>66</age><sex>1</sex><cat>2</cat><begin>2.58</begin><alfa>0.245423</alfa><end>1.0</end></relativerisk><relativerisk><age>66</age><sex>1</sex><cat>3</cat><begin>2.58</begin><alfa>0.0</alfa><end>2.58</end></relativerisk><relativerisk><age>67</age><sex>0</sex><cat>1</cat><begin>1.0</begin><alfa>0.0</alfa><end>1.0</end></relativerisk><relativerisk><age>67</age><sex>0</sex><cat>2</cat><begin>2.69</begin><alfa>0.2414116</alfa><end>1.0</end></relativerisk><relativerisk><age>67</age><sex>0</sex><cat>3</cat><begin>2.69</begin><alfa>0.0</alfa><end>2.69</end></relativerisk><relativerisk><age>67</age><sex>1</sex><cat>1</cat><begin>1.0</begin><alfa>0.0</alfa><end>1.0</end></relativerisk><relativerisk><age>67</age><sex>1</sex><cat>2</cat><begin>2.58</begin><alfa>0.2414116</alfa><end>1.0</end></relativerisk><relativerisk><age>67</age><sex>1</sex><cat>3</cat><begin>2.58</begin><alfa>0.0</alfa><end>2.58</end></relativerisk><relativerisk><age>68</age><sex>0</sex><cat>1</cat><begin>1.0</begin><alfa>0.0</alfa><end>1.0</end></relativerisk><relativerisk><age>68</age><sex>0</sex><cat>2</cat><begin>2.69</begin><alfa>0.2374657</alfa><end>1.0</end></relativerisk><relativerisk><age>68</age><sex>0</sex><cat>3</cat><begin>2.69</begin><alfa>0.0</alfa><end>2.69</end></relativerisk><relativerisk><age>68</age><sex>1</sex><cat>1</cat><begin>1.0</begin><alfa>0.0</alfa><end>1.0</end></relativerisk><relativerisk><age>68</age><sex>1</sex><cat>2</cat><begin>2.58</begin><alfa>0.2374657</alfa><end>1.0</end></relativerisk><relativerisk><age>68</age><sex>1</sex><cat>3</cat><begin>2.58</begin><alfa>0.0</alfa><end>2.58</end></relativerisk><relativerisk><age>69</age><sex>0</sex><cat>1</cat><begin>1.0</begin><alfa>0.0</alfa><end>1.0</end></relativerisk><relativerisk><age>69</age><sex>0</sex><cat>2</cat><begin>2.69</begin><alfa>0.2335844</alfa><end>1.0</end></relativerisk><relativerisk><age>69</age><sex>0</sex><cat>3</cat><begin>2.69</begin><alfa>0.0</alfa><end>2.69</end></relativerisk><relativerisk><age>69</age><sex>1</sex><cat>1</cat><begin>1.0</begin><alfa>0.0</alfa><end>1.0</end></relativerisk><relativerisk><age>69</age><sex>1</sex><cat>2</cat><begin>2.58</begin><alfa>0.2335844</alfa><end>1.0</end></relativerisk><relativerisk><age>69</age><sex>1</sex><cat>3</cat><begin>2.58</begin><alfa>0.0</alfa><end>2.58</end></relativerisk><relativerisk><age>70</age><sex>0</sex><cat>1</cat><begin>1.0</begin><alfa>0.0</alfa><end>1.0</end></relativerisk><relativerisk><age>70</age><sex>0</sex><cat>2</cat><begin>2.69</begin><alfa>0.2297665</alfa><end>1.0</end></relativerisk><relativerisk><age>70</age><sex>0</sex><cat>3</cat><begin>2.69</begin><alfa>0.0</alfa><end>2.69</end></relativerisk><relativerisk><age>70</age><sex>1</sex><cat>1</cat><begin>1.0</begin><alfa>0.0</alfa><end>1.0</end></relativerisk><relativerisk><age>70</age><sex>1</sex><cat>2</cat><begin>2.58</begin><alfa>0.2297665</alfa><end>1.0</end></relativerisk><relativerisk><age>70</age><sex>1</sex><cat>3</cat><begin>2.58</begin><alfa>0.0</alfa><end>2.58</end></relativerisk><relativerisk><age>71</age><sex>0</sex><cat>1</cat><begin>1.0</begin><alfa>0.0</alfa><end>1.0</end></relativerisk><relativerisk><age>71</age><sex>0</sex><cat>2</cat><begin>2.69</begin><alfa>0.2260109</alfa><end>1.0</end></relativerisk><relativerisk><age>71</age><sex>0</sex><cat>3</cat><begin>2.69</begin><alfa>0.0</alfa><end>2.69</end></relativerisk><relativerisk><age>71</age><sex>1</sex><cat>1</cat><begin>1.0</begin><alfa>0.0</alfa><end>1.0</end></relativerisk><relativerisk><age>71</age><sex>1</sex><cat>2</cat><begin>2.58</begin><alfa>0.2260109</alfa><end>1.0</end></relativerisk><relativerisk><age>71</age><sex>1</sex><cat>3</cat><begin>2.58</begin><alfa>0.0</alfa><end>2.58</end></relativerisk><relativerisk><age>72</age><sex>0</sex><cat>1</cat><begin>1.0</begin><alfa>0.0</alfa><end>1.0</end></relativerisk><relativerisk><age>72</age><sex>0</sex><cat>2</cat><begin>2.69</begin><alfa>0.2223168</alfa><end>1.0</end></relativerisk><relativerisk><age>72</age><sex>0</sex><cat>3</cat><begin>2.69</begin><alfa>0.0</alfa><end>2.69</end></relativerisk><relativerisk><age>72</age><sex>1</sex><cat>1</cat><begin>1.0</begin><alfa>0.0</alfa><end>1.0</end></relativerisk><relativerisk><age>72</age><sex>1</sex><cat>2</cat><begin>2.58</begin><alfa>0.2223168</alfa><end>1.0</end></relativerisk><relativerisk><age>72</age><sex>1</sex><cat>3</cat><begin>2.58</begin><alfa>0.0</alfa><end>2.58</end></relativerisk><relativerisk><age>73</age><sex>0</sex><cat>1</cat><begin>1.0</begin><alfa>0.0</alfa><end>1.0</end></relativerisk><relativerisk><age>73</age><sex>0</sex><cat>2</cat><begin>2.69</begin><alfa>0.218683</alfa><end>1.0</end></relativerisk><relativerisk><age>73</age><sex>0</sex><cat>3</cat><begin>2.69</begin><alfa>0.0</alfa><end>2.69</end></relativerisk><relativerisk><age>73</age><sex>1</sex><cat>1</cat><begin>1.0</begin><alfa>0.0</alfa><end>1.0</end></relativerisk><relativerisk><age>73</age><sex>1</sex><cat>2</cat><begin>2.58</begin><alfa>0.218683</alfa><end>1.0</end></relativerisk><relativerisk><age>73</age><sex>1</sex><cat>3</cat><begin>2.58</begin><alfa>0.0</alfa><end>2.58</end></relativerisk><relativerisk><age>74</age><sex>0</sex><cat>1</cat><begin>1.0</begin><alfa>0.0</alfa><end>1.0</end></relativerisk><relativerisk><age>74</age><sex>0</sex><cat>2</cat><begin>2.69</begin><alfa>0.2151087</alfa><end>1.0</end></relativerisk><relativerisk><age>74</age><sex>0</sex><cat>3</cat><begin>2.69</begin><alfa>0.0</alfa><end>2.69</end></relativerisk><relativerisk><age>74</age><sex>1</sex><cat>1</cat><begin>1.0</begin><alfa>0.0</alfa><end>1.0</end></relativerisk><relativerisk><age>74</age><sex>1</sex><cat>2</cat><begin>2.58</begin><alfa>0.2151087</alfa><end>1.0</end></relativerisk><relativerisk><age>74</age><sex>1</sex><cat>3</cat><begin>2.58</begin><alfa>0.0</alfa><end>2.58</end></relativerisk><relativerisk><age>75</age><sex>0</sex><cat>1</cat><begin>1.0</begin><alfa>0.0</alfa><end>1.0</end></relativerisk><relativerisk><age>75</age><sex>0</sex><cat>2</cat><begin>2.69</begin><alfa>0.2115927</alfa><end>1.0</end></relativerisk><relativerisk><age>75</age><sex>0</sex><cat>3</cat><begin>2.69</begin><alfa>0.0</alfa><end>2.69</end></relativerisk><relativerisk><age>75</age><sex>1</sex><cat>1</cat><begin>1.0</begin><alfa>0.0</alfa><end>1.0</end></relativerisk><relativerisk><age>75</age><sex>1</sex><cat>2</cat><begin>2.58</begin><alfa>0.2115927</alfa><end>1.0</end></relativerisk><relativerisk><age>75</age><sex>1</sex><cat>3</cat><begin>2.58</begin><alfa>0.0</alfa><end>2.58</end></relativerisk><relativerisk><age>76</age><sex>0</sex><cat>1</cat><begin>1.0</begin><alfa>0.0</alfa><end>1.0</end></relativerisk><relativerisk><age>76</age><sex>0</sex><cat>2</cat><begin>2.69</begin><alfa>0.2081343</alfa><end>1.0</end></relativerisk><relativerisk><age>76</age><sex>0</sex><cat>3</cat><begin>2.69</begin><alfa>0.0</alfa><end>2.69</end></relativerisk><relativerisk><age>76</age><sex>1</sex><cat>1</cat><begin>1.0</begin><alfa>0.0</alfa><end>1.0</end></relativerisk><relativerisk><age>76</age><sex>1</sex><cat>2</cat><begin>2.58</begin><alfa>0.2081343</alfa><end>1.0</end></relativerisk><relativerisk><age>76</age><sex>1</sex><cat>3</cat><begin>2.58</begin><alfa>0.0</alfa><end>2.58</end></relativerisk><relativerisk><age>77</age><sex>0</sex><cat>1</cat><begin>1.0</begin><alfa>0.0</alfa><end>1.0</end></relativerisk><relativerisk><age>77</age><sex>0</sex><cat>2</cat><begin>2.69</begin><alfa>0.2047323</alfa><end>1.0</end></relativerisk><relativerisk><age>77</age><sex>0</sex><cat>3</cat><begin>2.69</begin><alfa>0.0</alfa><end>2.69</end></relativerisk><relativerisk><age>77</age><sex>1</sex><cat>1</cat><begin>1.0</begin><alfa>0.0</alfa><end>1.0</end></relativerisk><relativerisk><age>77</age><sex>1</sex><cat>2</cat><begin>2.58</begin><alfa>0.2047323</alfa><end>1.0</end></relativerisk><relativerisk><age>77</age><sex>1</sex><cat>3</cat><begin>2.58</begin><alfa>0.0</alfa><end>2.58</end></relativerisk><relativerisk><age>78</age><sex>0</sex><cat>1</cat><begin>1.0</begin><alfa>0.0</alfa><end>1.0</end></relativerisk><relativerisk><age>78</age><sex>0</sex><cat>2</cat><begin>2.69</begin><alfa>0.201386</alfa><end>1.0</end></relativerisk><relativerisk><age>78</age><sex>0</sex><cat>3</cat><begin>2.69</begin><alfa>0.0</alfa><end>2.69</end></relativerisk><relativerisk><age>78</age><sex>1</sex><cat>1</cat><begin>1.0</begin><alfa>0.0</alfa><end>1.0</end></relativerisk><relativerisk><age>78</age><sex>1</sex><cat>2</cat><begin>2.58</begin><alfa>0.201386</alfa><end>1.0</end></relativerisk><relativerisk><age>78</age><sex>1</sex><cat>3</cat><begin>2.58</begin><alfa>0.0</alfa><end>2.58</end></relativerisk><relativerisk><age>79</age><sex>0</sex><cat>1</cat><begin>1.0</begin><alfa>0.0</alfa><end>1.0</end></relativerisk><relativerisk><age>79</age><sex>0</sex><cat>2</cat><begin>2.69</begin><alfa>0.1980943</alfa><end>1.0</end></relativerisk><relativerisk><age>79</age><sex>0</sex><cat>3</cat><begin>2.69</begin><alfa>0.0</alfa><end>2.69</end></relativerisk><relativerisk><age>79</age><sex>1</sex><cat>1</cat><begin>1.0</begin><alfa>0.0</alfa><end>1.0</end></relativerisk><relativerisk><age>79</age><sex>1</sex><cat>2</cat><begin>2.58</begin><alfa>0.1980943</alfa><end>1.0</end></relativerisk><relativerisk><age>79</age><sex>1</sex><cat>3</cat><begin>2.58</begin><alfa>0.0</alfa><end>2.58</end></relativerisk><relativerisk><age>80</age><sex>0</sex><cat>1</cat><begin>1.0</begin><alfa>0.0</alfa><end>1.0</end></relativerisk><relativerisk><age>80</age><sex>0</sex><cat>2</cat><begin>2.69</begin><alfa>0.1948565</alfa><end>1.0</end></relativerisk><relativerisk><age>80</age><sex>0</sex><cat>3</cat><begin>2.69</begin><alfa>0.0</alfa><end>2.69</end></relativerisk><relativerisk><age>80</age><sex>1</sex><cat>1</cat><begin>1.0</begin><alfa>0.0</alfa><end>1.0</end></relativerisk><relativerisk><age>80</age><sex>1</sex><cat>2</cat><begin>2.58</begin><alfa>0.1948565</alfa><end>1.0</end></relativerisk><relativerisk><age>80</age><sex>1</sex><cat>3</cat><begin>2.58</begin><alfa>0.0</alfa><end>2.58</end></relativerisk><relativerisk><age>81</age><sex>0</sex><cat>1</cat><begin>1.0</begin><alfa>0.0</alfa><end>1.0</end></relativerisk><relativerisk><age>81</age><sex>0</sex><cat>2</cat><begin>2.69</begin><alfa>0.1916716</alfa><end>1.0</end></relativerisk><relativerisk><age>81</age><sex>0</sex><cat>3</cat><begin>2.69</begin><alfa>0.0</alfa><end>2.69</end></relativerisk><relativerisk><age>81</age><sex>1</sex><cat>1</cat><begin>1.0</begin><alfa>0.0</alfa><end>1.0</end></relativerisk><relativerisk><age>81</age><sex>1</sex><cat>2</cat><begin>2.58</begin><alfa>0.1916716</alfa><end>1.0</end></relativerisk><relativerisk><age>81</age><sex>1</sex><cat>3</cat><begin>2.58</begin><alfa>0.0</alfa><end>2.58</end></relativerisk><relativerisk><age>82</age><sex>0</sex><cat>1</cat><begin>1.0</begin><alfa>0.0</alfa><end>1.0</end></relativerisk><relativerisk><age>82</age><sex>0</sex><cat>2</cat><begin>2.69</begin><alfa>0.1885387</alfa><end>1.0</end></relativerisk><relativerisk><age>82</age><sex>0</sex><cat>3</cat><begin>2.69</begin><alfa>0.0</alfa><end>2.69</end></relativerisk><relativerisk><age>82</age><sex>1</sex><cat>1</cat><begin>1.0</begin><alfa>0.0</alfa><end>1.0</end></relativerisk><relativerisk><age>82</age><sex>1</sex><cat>2</cat><begin>2.58</begin><alfa>0.1885387</alfa><end>1.0</end></relativerisk><relativerisk><age>82</age><sex>1</sex><cat>3</cat><begin>2.58</begin><alfa>0.0</alfa><end>2.58</end></relativerisk><relativerisk><age>83</age><sex>0</sex><cat>1</cat><begin>1.0</begin><alfa>0.0</alfa><end>1.0</end></relativerisk><relativerisk><age>83</age><sex>0</sex><cat>2</cat><begin>2.69</begin><alfa>0.1854571</alfa><end>1.0</end></relativerisk><relativerisk><age>83</age><sex>0</sex><cat>3</cat><begin>2.69</begin><alfa>0.0</alfa><end>2.69</end></relativerisk><relativerisk><age>83</age><sex>1</sex><cat>1</cat><begin>1.0</begin><alfa>0.0</alfa><end>1.0</end></relativerisk><relativerisk><age>83</age><sex>1</sex><cat>2</cat><begin>2.58</begin><alfa>0.1854571</alfa><end>1.0</end></relativerisk><relativerisk><age>83</age><sex>1</sex><cat>3</cat><begin>2.58</begin><alfa>0.0</alfa><end>2.58</end></relativerisk><relativerisk><age>84</age><sex>0</sex><cat>1</cat><begin>1.0</begin><alfa>0.0</alfa><end>1.0</end></relativerisk><relativerisk><age>84</age><sex>0</sex><cat>2</cat><begin>2.69</begin><alfa>0.1824258</alfa><end>1.0</end></relativerisk><relativerisk><age>84</age><sex>0</sex><cat>3</cat><begin>2.69</begin><alfa>0.0</alfa><end>2.69</end></relativerisk><relativerisk><age>84</age><sex>1</sex><cat>1</cat><begin>1.0</begin><alfa>0.0</alfa><end>1.0</end></relativerisk><relativerisk><age>84</age><sex>1</sex><cat>2</cat><begin>2.58</begin><alfa>0.1824258</alfa><end>1.0</end></relativerisk><relativerisk><age>84</age><sex>1</sex><cat>3</cat><begin>2.58</begin><alfa>0.0</alfa><end>2.58</end></relativerisk><relativerisk><age>85</age><sex>0</sex><cat>1</cat><begin>1.0</begin><alfa>0.0</alfa><end>1.0</end></relativerisk><relativerisk><age>85</age><sex>0</sex><cat>2</cat><begin>2.69</begin><alfa>0.179444</alfa><end>1.0</end></relativerisk><relativerisk><age>85</age><sex>0</sex><cat>3</cat><begin>2.69</begin><alfa>0.0</alfa><end>2.69</end></relativerisk><relativerisk><age>85</age><sex>1</sex><cat>1</cat><begin>1.0</begin><alfa>0.0</alfa><end>1.0</end></relativerisk><relativerisk><age>85</age><sex>1</sex><cat>2</cat><begin>2.58</begin><alfa>0.179444</alfa><end>1.0</end></relativerisk><relativerisk><age>85</age><sex>1</sex><cat>3</cat><begin>2.58</begin><alfa>0.0</alfa><end>2.58</end></relativerisk><relativerisk><age>86</age><sex>0</sex><cat>1</cat><begin>1.0</begin><alfa>0.0</alfa><end>1.0</end></relativerisk><relativerisk><age>86</age><sex>0</sex><cat>2</cat><begin>2.69</begin><alfa>0.176511</alfa><end>1.0</end></relativerisk><relativerisk><age>86</age><sex>0</sex><cat>3</cat><begin>2.69</begin><alfa>0.0</alfa><end>2.69</end></relativerisk><relativerisk><age>86</age><sex>1</sex><cat>1</cat><begin>1.0</begin><alfa>0.0</alfa><end>1.0</end></relativerisk><relativerisk><age>86</age><sex>1</sex><cat>2</cat><begin>2.58</begin><alfa>0.176511</alfa><end>1.0</end></relativerisk><relativerisk><age>86</age><sex>1</sex><cat>3</cat><begin>2.58</begin><alfa>0.0</alfa><end>2.58</end></relativerisk><relativerisk><age>87</age><sex>0</sex><cat>1</cat><begin>1.0</begin><alfa>0.0</alfa><end>1.0</end></relativerisk><relativerisk><age>87</age><sex>0</sex><cat>2</cat><begin>2.69</begin><alfa>0.173626</alfa><end>1.0</end></relativerisk><relativerisk><age>87</age><sex>0</sex><cat>3</cat><begin>2.69</begin><alfa>0.0</alfa><end>2.69</end></relativerisk><relativerisk><age>87</age><sex>1</sex><cat>1</cat><begin>1.0</begin><alfa>0.0</alfa><end>1.0</end></relativerisk><relativerisk><age>87</age><sex>1</sex><cat>2</cat><begin>2.58</begin><alfa>0.173626</alfa><end>1.0</end></relativerisk><relativerisk><age>87</age><sex>1</sex><cat>3</cat><begin>2.58</begin><alfa>0.0</alfa><end>2.58</end></relativerisk><relativerisk><age>88</age><sex>0</sex><cat>1</cat><begin>1.0</begin><alfa>0.0</alfa><end>1.0</end></relativerisk><relativerisk><age>88</age><sex>0</sex><cat>2</cat><begin>2.69</begin><alfa>0.1707881</alfa><end>1.0</end></relativerisk><relativerisk><age>88</age><sex>0</sex><cat>3</cat><begin>2.69</begin><alfa>0.0</alfa><end>2.69</end></relativerisk><relativerisk><age>88</age><sex>1</sex><cat>1</cat><begin>1.0</begin><alfa>0.0</alfa><end>1.0</end></relativerisk><relativerisk><age>88</age><sex>1</sex><cat>2</cat><begin>2.58</begin><alfa>0.1707881</alfa><end>1.0</end></relativerisk><relativerisk><age>88</age><sex>1</sex><cat>3</cat><begin>2.58</begin><alfa>0.0</alfa><end>2.58</end></relativerisk><relativerisk><age>89</age><sex>0</sex><cat>1</cat><begin>1.0</begin><alfa>0.0</alfa><end>1.0</end></relativerisk><relativerisk><age>89</age><sex>0</sex><cat>2</cat><begin>2.69</begin><alfa>0.1679965</alfa><end>1.0</end></relativerisk><relativerisk><age>89</age><sex>0</sex><cat>3</cat><begin>2.69</begin><alfa>0.0</alfa><end>2.69</end></relativerisk><relativerisk><age>89</age><sex>1</sex><cat>1</cat><begin>1.0</begin><alfa>0.0</alfa><end>1.0</end></relativerisk><relativerisk><age>89</age><sex>1</sex><cat>2</cat><begin>2.58</begin><alfa>0.1679965</alfa><end>1.0</end></relativerisk><relativerisk><age>89</age><sex>1</sex><cat>3</cat><begin>2.58</begin><alfa>0.0</alfa><end>2.58</end></relativerisk><relativerisk><age>90</age><sex>0</sex><cat>1</cat><begin>1.0</begin><alfa>0.0</alfa><end>1.0</end></relativerisk><relativerisk><age>90</age><sex>0</sex><cat>2</cat><begin>2.69</begin><alfa>0.1652506</alfa><end>1.0</end></relativerisk><relativerisk><age>90</age><sex>0</sex><cat>3</cat><begin>2.69</begin><alfa>0.0</alfa><end>2.69</end></relativerisk><relativerisk><age>90</age><sex>1</sex><cat>1</cat><begin>1.0</begin><alfa>0.0</alfa><end>1.0</end></relativerisk><relativerisk><age>90</age><sex>1</sex><cat>2</cat><begin>2.58</begin><alfa>0.1652506</alfa><end>1.0</end></relativerisk><relativerisk><age>90</age><sex>1</sex><cat>3</cat><begin>2.58</begin><alfa>0.0</alfa><end>2.58</end></relativerisk><relativerisk><age>91</age><sex>0</sex><cat>1</cat><begin>1.0</begin><alfa>0.0</alfa><end>1.0</end></relativerisk><relativerisk><age>91</age><sex>0</sex><cat>2</cat><begin>2.69</begin><alfa>0.1625496</alfa><end>1.0</end></relativerisk><relativerisk><age>91</age><sex>0</sex><cat>3</cat><begin>2.69</begin><alfa>0.0</alfa><end>2.69</end></relativerisk><relativerisk><age>91</age><sex>1</sex><cat>1</cat><begin>1.0</begin><alfa>0.0</alfa><end>1.0</end></relativerisk><relativerisk><age>91</age><sex>1</sex><cat>2</cat><begin>2.58</begin><alfa>0.1625496</alfa><end>1.0</end></relativerisk><relativerisk><age>91</age><sex>1</sex><cat>3</cat><begin>2.58</begin><alfa>0.0</alfa><end>2.58</end></relativerisk><relativerisk><age>92</age><sex>0</sex><cat>1</cat><begin>1.0</begin><alfa>0.0</alfa><end>1.0</end></relativerisk><relativerisk><age>92</age><sex>0</sex><cat>2</cat><begin>2.69</begin><alfa>0.1598928</alfa><end>1.0</end></relativerisk><relativerisk><age>92</age><sex>0</sex><cat>3</cat><begin>2.69</begin><alfa>0.0</alfa><end>2.69</end></relativerisk><relativerisk><age>92</age><sex>1</sex><cat>1</cat><begin>1.0</begin><alfa>0.0</alfa><end>1.0</end></relativerisk><relativerisk><age>92</age><sex>1</sex><cat>2</cat><begin>2.58</begin><alfa>0.1598928</alfa><end>1.0</end></relativerisk><relativerisk><age>92</age><sex>1</sex><cat>3</cat><begin>2.58</begin><alfa>0.0</alfa><end>2.58</end></relativerisk><relativerisk><age>93</age><sex>0</sex><cat>1</cat><begin>1.0</begin><alfa>0.0</alfa><end>1.0</end></relativerisk><relativerisk><age>93</age><sex>0</sex><cat>2</cat><begin>2.69</begin><alfa>0.1572793</alfa><end>1.0</end></relativerisk><relativerisk><age>93</age><sex>0</sex><cat>3</cat><begin>2.69</begin><alfa>0.0</alfa><end>2.69</end></relativerisk><relativerisk><age>93</age><sex>1</sex><cat>1</cat><begin>1.0</begin><alfa>0.0</alfa><end>1.0</end></relativerisk><relativerisk><age>93</age><sex>1</sex><cat>2</cat><begin>2.58</begin><alfa>0.1572793</alfa><end>1.0</end></relativerisk><relativerisk><age>93</age><sex>1</sex><cat>3</cat><begin>2.58</begin><alfa>0.0</alfa><end>2.58</end></relativerisk><relativerisk><age>94</age><sex>0</sex><cat>1</cat><begin>1.0</begin><alfa>0.0</alfa><end>1.0</end></relativerisk><relativerisk><age>94</age><sex>0</sex><cat>2</cat><begin>2.69</begin><alfa>0.1547086</alfa><end>1.0</end></relativerisk><relativerisk><age>94</age><sex>0</sex><cat>3</cat><begin>2.69</begin><alfa>0.0</alfa><end>2.69</end></relativerisk><relativerisk><age>94</age><sex>1</sex><cat>1</cat><begin>1.0</begin><alfa>0.0</alfa><end>1.0</end></relativerisk><relativerisk><age>94</age><sex>1</sex><cat>2</cat><begin>2.58</begin><alfa>0.1547086</alfa><end>1.0</end></relativerisk><relativerisk><age>94</age><sex>1</sex><cat>3</cat><begin>2.58</begin><alfa>0.0</alfa><end>2.58</end></relativerisk><relativerisk><age>95</age><sex>0</sex><cat>1</cat><begin>1.0</begin><alfa>0.0</alfa><end>1.0</end></relativerisk><relativerisk><age>95</age><sex>0</sex><cat>2</cat><begin>2.69</begin><alfa>0.1521799</alfa><end>1.0</end></relativerisk><relativerisk><age>95</age><sex>0</sex><cat>3</cat><begin>2.69</begin><alfa>0.0</alfa><end>2.69</end></relativerisk><relativerisk><age>95</age><sex>1</sex><cat>1</cat><begin>1.0</begin><alfa>0.0</alfa><end>1.0</end></relativerisk><relativerisk><age>95</age><sex>1</sex><cat>2</cat><begin>2.58</begin><alfa>0.1521799</alfa><end>1.0</end></relativerisk><relativerisk><age>95</age><sex>1</sex><cat>3</cat><begin>2.58</begin><alfa>0.0</alfa><end>2.58</end></relativerisk></relrisksfromriskfactor_compound>