<?xml version="1.0"?><riskfactorprevalences_continuous><distributiontype>Normal</distributiontype><prevalences><prevalence><age>0</age><sex>0</sex><mean>16.26</mean><standarddeviation>1.43</standarddeviation><skewness>0.0</skewness></prevalence><prevalence><age>0</age><sex>1</sex><mean>15.91</mean><standarddeviation>1.24</standarddeviation><skewness>0.0</skewness></prevalence><prevalence><age>1</age><sex>0</sex><mean>16.26</mean><standarddeviation>1.43</standarddeviation><skewness>0.0</skewness></prevalence><prevalence><age>1</age><sex>1</sex><mean>15.91</mean><standarddeviation>1.24</standarddeviation><skewness>0.0</skewness></prevalence><prevalence><age>2</age><sex>0</sex><mean>16.26</mean><standarddeviation>1.43</standarddeviation><skewness>0.0</skewness></prevalence><prevalence><age>2</age><sex>1</sex><mean>15.91</mean><standarddeviation>1.24</standarddeviation><skewness>0.0</skewness></prevalence><prevalence><age>3</age><sex>0</sex><mean>15.98</mean><standarddeviation>1.26</standarddeviation><skewness>0.0</skewness></prevalence><prevalence><age>3</age><sex>1</sex><mean>15.77</mean><standarddeviation>1.42</standarddeviation><skewness>0.0</skewness></prevalence><prevalence><age>4</age><sex>0</sex><mean>15.67</mean><standarddeviation>1.45</standarddeviation><skewness>0.0</skewness></prevalence><prevalence><age>4</age><sex>1</sex><mean>15.73</mean><standarddeviation>1.63</standarddeviation><skewness>0.0</skewness></prevalence><prevalence><age>5</age><sex>0</sex><mean>15.68</mean><standarddeviation>1.62</standarddeviation><skewness>0.0</skewness></prevalence><prevalence><age>5</age><sex>1</sex><mean>15.6</mean><standarddeviation>1.67</standarddeviation><skewness>0.0</skewness></prevalence><prevalence><age>6</age><sex>0</sex><mean>16.02</mean><standarddeviation>2.08</standarddeviation><skewness>0.0</skewness></prevalence><prevalence><age>6</age><sex>1</sex><mean>15.97</mean><standarddeviation>1.88</standarddeviation><skewness>0.0</skewness></prevalence><prevalence><age>7</age><sex>0</sex><mean>16.6</mean><standarddeviation>2.6</standarddeviation><skewness>0.0</skewness></prevalence><prevalence><age>7</age><sex>1</sex><mean>16.34</mean><standarddeviation>2.32</standarddeviation><skewness>0.0</skewness></prevalence><prevalence><age>8</age><sex>0</sex><mean>17.01</mean><standarddeviation>2.8</standarddeviation><skewness>0.0</skewness></prevalence><prevalence><age>8</age><sex>1</sex><mean>16.94</mean><standarddeviation>2.55</standarddeviation><skewness>0.0</skewness></prevalence><prevalence><age>9</age><sex>0</sex><mean>17.61</mean><standarddeviation>2.87</standarddeviation><skewness>0.0</skewness></prevalence><prevalence><age>9</age><sex>1</sex><mean>17.69</mean><standarddeviation>3.05</standarddeviation><skewness>0.0</skewness></prevalence><prevalence><age>10</age><sex>0</sex><mean>18.32</mean><standarddeviation>3.2</standarddeviation><skewness>0.0</skewness></prevalence><prevalence><age>10</age><sex>1</sex><mean>18.24</mean><standarddeviation>3.32</standarddeviation><skewness>0.0</skewness></prevalence><prevalence><age>11</age><sex>0</sex><mean>18.93</mean><standarddeviation>3.32</standarddeviation><skewness>0.0</skewness></prevalence><prevalence><age>11</age><sex>1</sex><mean>19.08</mean><standarddeviation>3.7</standarddeviation><skewness>0.0</skewness></prevalence><prevalence><age>12</age><sex>0</sex><mean>19.66</mean><standarddeviation>3.63</standarddeviation><skewness>0.0</skewness></prevalence><prevalence><age>12</age><sex>1</sex><mean>20.14</mean><standarddeviation>3.84</standarddeviation><skewness>0.0</skewness></prevalence><prevalence><age>13</age><sex>0</sex><mean>20.1</mean><standarddeviation>3.68</standarddeviation><skewness>0.0</skewness></prevalence><prevalence><age>13</age><sex>1</sex><mean>20.82</mean><standarddeviation>3.95</standarddeviation><skewness>0.0</skewness></prevalence><prevalence><age>14</age><sex>0</sex><mean>20.99</mean><standarddeviation>4.03</standarddeviation><skewness>0.0</skewness></prevalence><prevalence><age>14</age><sex>1</sex><mean>21.3</mean><standarddeviation>3.81</standarddeviation><skewness>0.0</skewness></prevalence><prevalence><age>15</age><sex>0</sex><mean>21.6</mean><standarddeviation>3.81</standarddeviation><skewness>0.0</skewness></prevalence><prevalence><age>15</age><sex>1</sex><mean>21.76</mean><standarddeviation>4.08</standarddeviation><skewness>0.0</skewness></prevalence><prevalence><age>16</age><sex>0</sex><mean>22.34</mean><standarddeviation>3.87</standarddeviation><skewness>0.0</skewness></prevalence><prevalence><age>16</age><sex>1</sex><mean>22.25</mean><standarddeviation>3.71</standarddeviation><skewness>0.0</skewness></prevalence><prevalence><age>17</age><sex>0</sex><mean>22.44</mean><standarddeviation>3.79</standarddeviation><skewness>0.0</skewness></prevalence><prevalence><age>17</age><sex>1</sex><mean>22.7</mean><standarddeviation>4.16</standarddeviation><skewness>0.0</skewness></prevalence><prevalence><age>18</age><sex>0</sex><mean>23.1</mean><standarddeviation>0.0</standarddeviation><skewness>0.0</skewness></prevalence><prevalence><age>18</age><sex>1</sex><mean>22.2</mean><standarddeviation>0.0</standarddeviation><skewness>0.0</skewness></prevalence><prevalence><age>19</age><sex>0</sex><mean>23.7</mean><standarddeviation>0.0</standarddeviation><skewness>0.0</skewness></prevalence><prevalence><age>19</age><sex>1</sex><mean>21.6</mean><standarddeviation>0.0</standarddeviation><skewness>0.0</skewness></prevalence><prevalence><age>20</age><sex>0</sex><mean>24.1</mean><standarddeviation>0.0</standarddeviation><skewness>0.0</skewness></prevalence><prevalence><age>20</age><sex>1</sex><mean>21.5</mean><standarddeviation>0.0</standarddeviation><skewness>0.0</skewness></prevalence><prevalence><age>21</age><sex>0</sex><mean>24.1</mean><standarddeviation>0.0</standarddeviation><skewness>0.0</skewness></prevalence><prevalence><age>21</age><sex>1</sex><mean>21.6</mean><standarddeviation>0.0</standarddeviation><skewness>0.0</skewness></prevalence><prevalence><age>22</age><sex>0</sex><mean>24.2</mean><standarddeviation>0.0</standarddeviation><skewness>0.0</skewness></prevalence><prevalence><age>22</age><sex>1</sex><mean>21.7</mean><standarddeviation>0.0</standarddeviation><skewness>0.0</skewness></prevalence><prevalence><age>23</age><sex>0</sex><mean>24.2</mean><standarddeviation>0.0</standarddeviation><skewness>0.0</skewness></prevalence><prevalence><age>23</age><sex>1</sex><mean>21.8</mean><standarddeviation>0.0</standarddeviation><skewness>0.0</skewness></prevalence><prevalence><age>24</age><sex>0</sex><mean>24.2</mean><standarddeviation>0.0</standarddeviation><skewness>0.0</skewness></prevalence><prevalence><age>24</age><sex>1</sex><mean>21.9</mean><standarddeviation>0.0</standarddeviation><skewness>0.0</skewness></prevalence><prevalence><age>25</age><sex>0</sex><mean>24.3</mean><standarddeviation>0.0</standarddeviation><skewness>0.0</skewness></prevalence><prevalence><age>25</age><sex>1</sex><mean>22.0</mean><standarddeviation>0.0</standarddeviation><skewness>0.0</skewness></prevalence><prevalence><age>26</age><sex>0</sex><mean>24.3</mean><standarddeviation>0.0</standarddeviation><skewness>0.0</skewness></prevalence><prevalence><age>26</age><sex>1</sex><mean>22.0</mean><standarddeviation>0.0</standarddeviation><skewness>0.0</skewness></prevalence><prevalence><age>27</age><sex>0</sex><mean>24.3</mean><standarddeviation>0.0</standarddeviation><skewness>0.0</skewness></prevalence><prevalence><age>27</age><sex>1</sex><mean>22.0</mean><standarddeviation>0.0</standarddeviation><skewness>0.0</skewness></prevalence><prevalence><age>28</age><sex>0</sex><mean>24.4</mean><standarddeviation>0.0</standarddeviation><skewness>0.0</skewness></prevalence><prevalence><age>28</age><sex>1</sex><mean>22.3</mean><standarddeviation>0.0</standarddeviation><skewness>0.0</skewness></prevalence><prevalence><age>29</age><sex>0</sex><mean>24.4</mean><standarddeviation>0.0</standarddeviation><skewness>0.0</skewness></prevalence><prevalence><age>29</age><sex>1</sex><mean>22.3</mean><standarddeviation>0.0</standarddeviation><skewness>0.0</skewness></prevalence><prevalence><age>30</age><sex>0</sex><mean>24.4</mean><standarddeviation>0.0</standarddeviation><skewness>0.0</skewness></prevalence><prevalence><age>30</age><sex>1</sex><mean>22.3</mean><standarddeviation>0.0</standarddeviation><skewness>0.0</skewness></prevalence><prevalence><age>31</age><sex>0</sex><mean>24.4</mean><standarddeviation>0.0</standarddeviation><skewness>0.0</skewness></prevalence><prevalence><age>31</age><sex>1</sex><mean>22.5</mean><standarddeviation>0.0</standarddeviation><skewness>0.0</skewness></prevalence><prevalence><age>32</age><sex>0</sex><mean>24.4</mean><standarddeviation>0.0</standarddeviation><skewness>0.0</skewness></prevalence><prevalence><age>32</age><sex>1</sex><mean>22.5</mean><standarddeviation>0.0</standarddeviation><skewness>0.0</skewness></prevalence><prevalence><age>33</age><sex>0</sex><mean>24.5</mean><standarddeviation>0.0</standarddeviation><skewness>0.0</skewness></prevalence><prevalence><age>33</age><sex>1</sex><mean>22.5</mean><standarddeviation>0.0</standarddeviation><skewness>0.0</skewness></prevalence><prevalence><age>34</age><sex>0</sex><mean>24.5</mean><standarddeviation>0.0</standarddeviation><skewness>0.0</skewness></prevalence><prevalence><age>34</age><sex>1</sex><mean>22.5</mean><standarddeviation>0.0</standarddeviation><skewness>0.0</skewness></prevalence><prevalence><age>35</age><sex>0</sex><mean>24.6</mean><standarddeviation>0.0</standarddeviation><skewness>0.0</skewness></prevalence><prevalence><age>35</age><sex>1</sex><mean>23.0</mean><standarddeviation>0.0</standarddeviation><skewness>0.0</skewness></prevalence><prevalence><age>36</age><sex>0</sex><mean>24.7</mean><standarddeviation>0.0</standarddeviation><skewness>0.0</skewness></prevalence><prevalence><age>36</age><sex>1</sex><mean>23.5</mean><standarddeviation>0.0</standarddeviation><skewness>0.0</skewness></prevalence><prevalence><age>37</age><sex>0</sex><mean>24.8</mean><standarddeviation>0.0</standarddeviation><skewness>0.0</skewness></prevalence><prevalence><age>37</age><sex>1</sex><mean>24.0</mean><standarddeviation>0.0</standarddeviation><skewness>0.0</skewness></prevalence><prevalence><age>38</age><sex>0</sex><mean>25.0</mean><standarddeviation>0.0</standarddeviation><skewness>0.0</skewness></prevalence><prevalence><age>38</age><sex>1</sex><mean>24.5</mean><standarddeviation>0.0</standarddeviation><skewness>0.0</skewness></prevalence><prevalence><age>39</age><sex>0</sex><mean>25.1</mean><standarddeviation>0.0</standarddeviation><skewness>0.0</skewness></prevalence><prevalence><age>39</age><sex>1</sex><mean>25.0</mean><standarddeviation>0.0</standarddeviation><skewness>0.0</skewness></prevalence><prevalence><age>40</age><sex>0</sex><mean>25.2</mean><standarddeviation>0.0</standarddeviation><skewness>0.0</skewness></prevalence><prevalence><age>40</age><sex>1</sex><mean>26.0</mean><standarddeviation>0.0</standarddeviation><skewness>0.0</skewness></prevalence><prevalence><age>41</age><sex>0</sex><mean>25.3</mean><standarddeviation>0.0</standarddeviation><skewness>0.0</skewness></prevalence><prevalence><age>41</age><sex>1</sex><mean>26.0</mean><standarddeviation>0.0</standarddeviation><skewness>0.0</skewness></prevalence><prevalence><age>42</age><sex>0</sex><mean>25.6</mean><standarddeviation>0.0</standarddeviation><skewness>0.0</skewness></prevalence><prevalence><age>42</age><sex>1</sex><mean>26.0</mean><standarddeviation>0.0</standarddeviation><skewness>0.0</skewness></prevalence><prevalence><age>43</age><sex>0</sex><mean>25.7</mean><standarddeviation>0.0</standarddeviation><skewness>0.0</skewness></prevalence><prevalence><age>43</age><sex>1</sex><mean>26.0</mean><standarddeviation>0.0</standarddeviation><skewness>0.0</skewness></prevalence><prevalence><age>44</age><sex>0</sex><mean>25.7</mean><standarddeviation>0.0</standarddeviation><skewness>0.0</skewness></prevalence><prevalence><age>44</age><sex>1</sex><mean>26.0</mean><standarddeviation>0.0</standarddeviation><skewness>0.0</skewness></prevalence><prevalence><age>45</age><sex>0</sex><mean>26.3</mean><standarddeviation>0.0</standarddeviation><skewness>0.0</skewness></prevalence><prevalence><age>45</age><sex>1</sex><mean>26.1</mean><standarddeviation>0.0</standarddeviation><skewness>0.0</skewness></prevalence><prevalence><age>46</age><sex>0</sex><mean>26.9</mean><standarddeviation>0.0</standarddeviation><skewness>0.0</skewness></prevalence><prevalence><age>46</age><sex>1</sex><mean>26.1</mean><standarddeviation>0.0</standarddeviation><skewness>0.0</skewness></prevalence><prevalence><age>47</age><sex>0</sex><mean>27.5</mean><standarddeviation>0.0</standarddeviation><skewness>0.0</skewness></prevalence><prevalence><age>47</age><sex>1</sex><mean>26.1</mean><standarddeviation>0.0</standarddeviation><skewness>0.0</skewness></prevalence><prevalence><age>48</age><sex>0</sex><mean>27.0</mean><standarddeviation>0.0</standarddeviation><skewness>0.0</skewness></prevalence><prevalence><age>48</age><sex>1</sex><mean>26.1</mean><standarddeviation>0.0</standarddeviation><skewness>0.0</skewness></prevalence><prevalence><age>49</age><sex>0</sex><mean>26.7</mean><standarddeviation>0.0</standarddeviation><skewness>0.0</skewness></prevalence><prevalence><age>49</age><sex>1</sex><mean>26.1</mean><standarddeviation>0.0</standarddeviation><skewness>0.0</skewness></prevalence><prevalence><age>50</age><sex>0</sex><mean>26.4</mean><standarddeviation>0.0</standarddeviation><skewness>0.0</skewness></prevalence><prevalence><age>50</age><sex>1</sex><mean>26.1</mean><standarddeviation>0.0</standarddeviation><skewness>0.0</skewness></prevalence><prevalence><age>51</age><sex>0</sex><mean>26.3</mean><standarddeviation>0.0</standarddeviation><skewness>0.0</skewness></prevalence><prevalence><age>51</age><sex>1</sex><mean>26.1</mean><standarddeviation>0.0</standarddeviation><skewness>0.0</skewness></prevalence><prevalence><age>52</age><sex>0</sex><mean>26.2</mean><standarddeviation>0.0</standarddeviation><skewness>0.0</skewness></prevalence><prevalence><age>52</age><sex>1</sex><mean>26.1</mean><standarddeviation>0.0</standarddeviation><skewness>0.0</skewness></prevalence><prevalence><age>53</age><sex>0</sex><mean>26.1</mean><standarddeviation>0.0</standarddeviation><skewness>0.0</skewness></prevalence><prevalence><age>53</age><sex>1</sex><mean>26.1</mean><standarddeviation>0.0</standarddeviation><skewness>0.0</skewness></prevalence><prevalence><age>54</age><sex>0</sex><mean>26.5</mean><standarddeviation>0.0</standarddeviation><skewness>0.0</skewness></prevalence><prevalence><age>54</age><sex>1</sex><mean>26.1</mean><standarddeviation>0.0</standarddeviation><skewness>0.0</skewness></prevalence><prevalence><age>55</age><sex>0</sex><mean>26.8</mean><standarddeviation>0.0</standarddeviation><skewness>0.0</skewness></prevalence><prevalence><age>55</age><sex>1</sex><mean>26.2</mean><standarddeviation>0.0</standarddeviation><skewness>0.0</skewness></prevalence><prevalence><age>56</age><sex>0</sex><mean>27.0</mean><standarddeviation>0.0</standarddeviation><skewness>0.0</skewness></prevalence><prevalence><age>56</age><sex>1</sex><mean>26.2</mean><standarddeviation>0.0</standarddeviation><skewness>0.0</skewness></prevalence><prevalence><age>57</age><sex>0</sex><mean>27.2</mean><standarddeviation>0.0</standarddeviation><skewness>0.0</skewness></prevalence><prevalence><age>57</age><sex>1</sex><mean>26.2</mean><standarddeviation>0.0</standarddeviation><skewness>0.0</skewness></prevalence><prevalence><age>58</age><sex>0</sex><mean>27.0</mean><standarddeviation>0.0</standarddeviation><skewness>0.0</skewness></prevalence><prevalence><age>58</age><sex>1</sex><mean>26.3</mean><standarddeviation>0.0</standarddeviation><skewness>0.0</skewness></prevalence><prevalence><age>59</age><sex>0</sex><mean>26.8</mean><standarddeviation>0.0</standarddeviation><skewness>0.0</skewness></prevalence><prevalence><age>59</age><sex>1</sex><mean>26.3</mean><standarddeviation>0.0</standarddeviation><skewness>0.0</skewness></prevalence><prevalence><age>60</age><sex>0</sex><mean>26.8</mean><standarddeviation>0.0</standarddeviation><skewness>0.0</skewness></prevalence><prevalence><age>60</age><sex>1</sex><mean>26.5</mean><standarddeviation>0.0</standarddeviation><skewness>0.0</skewness></prevalence><prevalence><age>61</age><sex>0</sex><mean>26.7</mean><standarddeviation>0.0</standarddeviation><skewness>0.0</skewness></prevalence><prevalence><age>61</age><sex>1</sex><mean>26.8</mean><standarddeviation>0.0</standarddeviation><skewness>0.0</skewness></prevalence><prevalence><age>62</age><sex>0</sex><mean>26.7</mean><standarddeviation>0.0</standarddeviation><skewness>0.0</skewness></prevalence><prevalence><age>62</age><sex>1</sex><mean>27.0</mean><standarddeviation>0.0</standarddeviation><skewness>0.0</skewness></prevalence><prevalence><age>63</age><sex>0</sex><mean>26.6</mean><standarddeviation>0.0</standarddeviation><skewness>0.0</skewness></prevalence><prevalence><age>63</age><sex>1</sex><mean>27.2</mean><standarddeviation>0.0</standarddeviation><skewness>0.0</skewness></prevalence><prevalence><age>64</age><sex>0</sex><mean>26.6</mean><standarddeviation>0.0</standarddeviation><skewness>0.0</skewness></prevalence><prevalence><age>64</age><sex>1</sex><mean>27.3</mean><standarddeviation>0.0</standarddeviation><skewness>0.0</skewness></prevalence><prevalence><age>65</age><sex>0</sex><mean>26.6</mean><standarddeviation>0.0</standarddeviation><skewness>0.0</skewness></prevalence><prevalence><age>65</age><sex>1</sex><mean>27.4</mean><standarddeviation>0.0</standarddeviation><skewness>0.0</skewness></prevalence><prevalence><age>66</age><sex>0</sex><mean>26.6</mean><standarddeviation>0.0</standarddeviation><skewness>0.0</skewness></prevalence><prevalence><age>66</age><sex>1</sex><mean>27.4</mean><standarddeviation>0.0</standarddeviation><skewness>0.0</skewness></prevalence><prevalence><age>67</age><sex>0</sex><mean>26.6</mean><standarddeviation>0.0</standarddeviation><skewness>0.0</skewness></prevalence><prevalence><age>67</age><sex>1</sex><mean>27.5</mean><standarddeviation>0.0</standarddeviation><skewness>0.0</skewness></prevalence><prevalence><age>68</age><sex>0</sex><mean>26.5</mean><standarddeviation>0.0</standarddeviation><skewness>0.0</skewness></prevalence><prevalence><age>68</age><sex>1</sex><mean>27.5</mean><standarddeviation>0.0</standarddeviation><skewness>0.0</skewness></prevalence><prevalence><age>69</age><sex>0</sex><mean>26.5</mean><standarddeviation>0.0</standarddeviation><skewness>0.0</skewness></prevalence><prevalence><age>69</age><sex>1</sex><mean>27.6</mean><standarddeviation>0.0</standarddeviation><skewness>0.0</skewness></prevalence><prevalence><age>70</age><sex>0</sex><mean>26.5</mean><standarddeviation>0.0</standarddeviation><skewness>0.0</skewness></prevalence><prevalence><age>70</age><sex>1</sex><mean>27.6</mean><standarddeviation>0.0</standarddeviation><skewness>0.0</skewness></prevalence><prevalence><age>71</age><sex>0</sex><mean>26.4</mean><standarddeviation>0.0</standarddeviation><skewness>0.0</skewness></prevalence><prevalence><age>71</age><sex>1</sex><mean>27.5</mean><standarddeviation>0.0</standarddeviation><skewness>0.0</skewness></prevalence><prevalence><age>72</age><sex>0</sex><mean>26.4</mean><standarddeviation>0.0</standarddeviation><skewness>0.0</skewness></prevalence><prevalence><age>72</age><sex>1</sex><mean>27.5</mean><standarddeviation>0.0</standarddeviation><skewness>0.0</skewness></prevalence><prevalence><age>73</age><sex>0</sex><mean>26.3</mean><standarddeviation>0.0</standarddeviation><skewness>0.0</skewness></prevalence><prevalence><age>73</age><sex>1</sex><mean>27.3</mean><standarddeviation>0.0</standarddeviation><skewness>0.0</skewness></prevalence><prevalence><age>74</age><sex>0</sex><mean>26.3</mean><standarddeviation>0.0</standarddeviation><skewness>0.0</skewness></prevalence><prevalence><age>74</age><sex>1</sex><mean>27.3</mean><standarddeviation>0.0</standarddeviation><skewness>0.0</skewness></prevalence><prevalence><age>75</age><sex>0</sex><mean>26.2</mean><standarddeviation>0.0</standarddeviation><skewness>0.0</skewness></prevalence><prevalence><age>75</age><sex>1</sex><mean>27.1</mean><standarddeviation>0.0</standarddeviation><skewness>0.0</skewness></prevalence><prevalence><age>76</age><sex>0</sex><mean>26.2</mean><standarddeviation>0.0</standarddeviation><skewness>0.0</skewness></prevalence><prevalence><age>76</age><sex>1</sex><mean>27.0</mean><standarddeviation>0.0</standarddeviation><skewness>0.0</skewness></prevalence><prevalence><age>77</age><sex>0</sex><mean>26.1</mean><standarddeviation>0.0</standarddeviation><skewness>0.0</skewness></prevalence><prevalence><age>77</age><sex>1</sex><mean>26.8</mean><standarddeviation>0.0</standarddeviation><skewness>0.0</skewness></prevalence><prevalence><age>78</age><sex>0</sex><mean>26.0</mean><standarddeviation>0.0</standarddeviation><skewness>0.0</skewness></prevalence><prevalence><age>78</age><sex>1</sex><mean>26.7</mean><standarddeviation>0.0</standarddeviation><skewness>0.0</skewness></prevalence><prevalence><age>79</age><sex>0</sex><mean>25.9</mean><standarddeviation>0.0</standarddeviation><skewness>0.0</skewness></prevalence><prevalence><age>79</age><sex>1</sex><mean>26.7</mean><standarddeviation>0.0</standarddeviation><skewness>0.0</skewness></prevalence><prevalence><age>80</age><sex>0</sex><mean>25.9</mean><standarddeviation>0.0</standarddeviation><skewness>0.0</skewness></prevalence><prevalence><age>80</age><sex>1</sex><mean>26.6</mean><standarddeviation>0.0</standarddeviation><skewness>0.0</skewness></prevalence><prevalence><age>81</age><sex>0</sex><mean>25.8</mean><standarddeviation>0.0</standarddeviation><skewness>0.0</skewness></prevalence><prevalence><age>81</age><sex>1</sex><mean>26.6</mean><standarddeviation>0.0</standarddeviation><skewness>0.0</skewness></prevalence><prevalence><age>82</age><sex>0</sex><mean>25.7</mean><standarddeviation>0.0</standarddeviation><skewness>0.0</skewness></prevalence><prevalence><age>82</age><sex>1</sex><mean>26.5</mean><standarddeviation>0.0</standarddeviation><skewness>0.0</skewness></prevalence><prevalence><age>83</age><sex>0</sex><mean>25.6</mean><standarddeviation>0.0</standarddeviation><skewness>0.0</skewness></prevalence><prevalence><age>83</age><sex>1</sex><mean>26.5</mean><standarddeviation>0.0</standarddeviation><skewness>0.0</skewness></prevalence><prevalence><age>84</age><sex>0</sex><mean>25.4</mean><standarddeviation>0.0</standarddeviation><skewness>0.0</skewness></prevalence><prevalence><age>84</age><sex>1</sex><mean>26.3</mean><standarddeviation>0.0</standarddeviation><skewness>0.0</skewness></prevalence><prevalence><age>85</age><sex>0</sex><mean>25.3</mean><standarddeviation>0.0</standarddeviation><skewness>0.0</skewness></prevalence><prevalence><age>85</age><sex>1</sex><mean>26.2</mean><standarddeviation>0.0</standarddeviation><skewness>0.0</skewness></prevalence><prevalence><age>86</age><sex>0</sex><mean>25.3</mean><standarddeviation>0.0</standarddeviation><skewness>0.0</skewness></prevalence><prevalence><age>86</age><sex>1</sex><mean>26.1</mean><standarddeviation>0.0</standarddeviation><skewness>0.0</skewness></prevalence><prevalence><age>87</age><sex>0</sex><mean>25.2</mean><standarddeviation>0.0</standarddeviation><skewness>0.0</skewness></prevalence><prevalence><age>87</age><sex>1</sex><mean>26.1</mean><standarddeviation>0.0</standarddeviation><skewness>0.0</skewness></prevalence><prevalence><age>88</age><sex>0</sex><mean>25.2</mean><standarddeviation>0.0</standarddeviation><skewness>0.0</skewness></prevalence><prevalence><age>88</age><sex>1</sex><mean>26.0</mean><standarddeviation>0.0</standarddeviation><skewness>0.0</skewness></prevalence><prevalence><age>89</age><sex>0</sex><mean>25.1</mean><standarddeviation>0.0</standarddeviation><skewness>0.0</skewness></prevalence><prevalence><age>89</age><sex>1</sex><mean>25.8</mean><standarddeviation>0.0</standarddeviation><skewness>0.0</skewness></prevalence><prevalence><age>90</age><sex>0</sex><mean>25.1</mean><standarddeviation>0.0</standarddeviation><skewness>0.0</skewness></prevalence><prevalence><age>90</age><sex>1</sex><mean>25.5</mean><standarddeviation>0.0</standarddeviation><skewness>0.0</skewness></prevalence><prevalence><age>91</age><sex>0</sex><mean>25.0</mean><standarddeviation>0.0</standarddeviation><skewness>0.0</skewness></prevalence><prevalence><age>91</age><sex>1</sex><mean>25.3</mean><standarddeviation>0.0</standarddeviation><skewness>0.0</skewness></prevalence><prevalence><age>92</age><sex>0</sex><mean>24.8</mean><standarddeviation>0.0</standarddeviation><skewness>0.0</skewness></prevalence><prevalence><age>92</age><sex>1</sex><mean>25.0</mean><standarddeviation>0.0</standarddeviation><skewness>0.0</skewness></prevalence><prevalence><age>93</age><sex>0</sex><mean>24.4</mean><standarddeviation>0.0</standarddeviation><skewness>0.0</skewness></prevalence><prevalence><age>93</age><sex>1</sex><mean>24.7</mean><standarddeviation>0.0</standarddeviation><skewness>0.0</skewness></prevalence><prevalence><age>94</age><sex>0</sex><mean>24.0</mean><standarddeviation>0.0</standarddeviation><skewness>0.0</skewness></prevalence><prevalence><age>94</age><sex>1</sex><mean>24.3</mean><standarddeviation>0.0</standarddeviation><skewness>0.0</skewness></prevalence><prevalence><age>95</age><sex>0</sex><mean>23.8</mean><standarddeviation>0.0</standarddeviation><skewness>0.0</skewness></prevalence><prevalence><age>95</age><sex>1</sex><mean>24.0</mean><standarddeviation>0.0</standarddeviation><skewness>0.0</skewness></prevalence></prevalences></riskfactorprevalences_continuous>