<?xml version="1.0"?><relrisksfromriskfactor_compound><relativerisk><age>0</age><sex>0</sex><cat>1</cat><begin>1.0</begin><alfa>0.0</alfa><end>1.0</end></relativerisk><relativerisk><age>0</age><sex>0</sex><cat>2</cat><begin>1.0</begin><alfa>0.20333</alfa><end>1.0</end></relativerisk><relativerisk><age>0</age><sex>0</sex><cat>3</cat><begin>1.0</begin><alfa>0.0</alfa><end>1.0</end></relativerisk><relativerisk><age>0</age><sex>1</sex><cat>1</cat><begin>1.0</begin><alfa>0.0</alfa><end>1.0</end></relativerisk><relativerisk><age>0</age><sex>1</sex><cat>2</cat><begin>1.0</begin><alfa>0.20333</alfa><end>1.0</end></relativerisk><relativerisk><age>0</age><sex>1</sex><cat>3</cat><begin>1.0</begin><alfa>0.0</alfa><end>1.0</end></relativerisk><relativerisk><age>1</age><sex>0</sex><cat>1</cat><begin>1.0</begin><alfa>0.0</alfa><end>1.0</end></relativerisk><relativerisk><age>1</age><sex>0</sex><cat>2</cat><begin>1.0</begin><alfa>0.20333</alfa><end>1.0</end></relativerisk><relativerisk><age>1</age><sex>0</sex><cat>3</cat><begin>1.0</begin><alfa>0.0</alfa><end>1.0</end></relativerisk><relativerisk><age>1</age><sex>1</sex><cat>1</cat><begin>1.0</begin><alfa>0.0</alfa><end>1.0</end></relativerisk><relativerisk><age>1</age><sex>1</sex><cat>2</cat><begin>1.0</begin><alfa>0.20333</alfa><end>1.0</end></relativerisk><relativerisk><age>1</age><sex>1</sex><cat>3</cat><begin>1.0</begin><alfa>0.0</alfa><end>1.0</end></relativerisk><relativerisk><age>2</age><sex>0</sex><cat>1</cat><begin>1.0</begin><alfa>0.0</alfa><end>1.0</end></relativerisk><relativerisk><age>2</age><sex>0</sex><cat>2</cat><begin>1.0</begin><alfa>0.20333</alfa><end>1.0</end></relativerisk><relativerisk><age>2</age><sex>0</sex><cat>3</cat><begin>1.0</begin><alfa>0.0</alfa><end>1.0</end></relativerisk><relativerisk><age>2</age><sex>1</sex><cat>1</cat><begin>1.0</begin><alfa>0.0</alfa><end>1.0</end></relativerisk><relativerisk><age>2</age><sex>1</sex><cat>2</cat><begin>1.0</begin><alfa>0.20333</alfa><end>1.0</end></relativerisk><relativerisk><age>2</age><sex>1</sex><cat>3</cat><begin>1.0</begin><alfa>0.0</alfa><end>1.0</end></relativerisk><relativerisk><age>3</age><sex>0</sex><cat>1</cat><begin>1.0</begin><alfa>0.0</alfa><end>1.0</end></relativerisk><relativerisk><age>3</age><sex>0</sex><cat>2</cat><begin>1.0</begin><alfa>0.20333</alfa><end>1.0</end></relativerisk><relativerisk><age>3</age><sex>0</sex><cat>3</cat><begin>1.0</begin><alfa>0.0</alfa><end>1.0</end></relativerisk><relativerisk><age>3</age><sex>1</sex><cat>1</cat><begin>1.0</begin><alfa>0.0</alfa><end>1.0</end></relativerisk><relativerisk><age>3</age><sex>1</sex><cat>2</cat><begin>1.0</begin><alfa>0.20333</alfa><end>1.0</end></relativerisk><relativerisk><age>3</age><sex>1</sex><cat>3</cat><begin>1.0</begin><alfa>0.0</alfa><end>1.0</end></relativerisk><relativerisk><age>4</age><sex>0</sex><cat>1</cat><begin>1.0</begin><alfa>0.0</alfa><end>1.0</end></relativerisk><relativerisk><age>4</age><sex>0</sex><cat>2</cat><begin>1.0</begin><alfa>0.20333</alfa><end>1.0</end></relativerisk><relativerisk><age>4</age><sex>0</sex><cat>3</cat><begin>1.0</begin><alfa>0.0</alfa><end>1.0</end></relativerisk><relativerisk><age>4</age><sex>1</sex><cat>1</cat><begin>1.0</begin><alfa>0.0</alfa><end>1.0</end></relativerisk><relativerisk><age>4</age><sex>1</sex><cat>2</cat><begin>1.0</begin><alfa>0.20333</alfa><end>1.0</end></relativerisk><relativerisk><age>4</age><sex>1</sex><cat>3</cat><begin>1.0</begin><alfa>0.0</alfa><end>1.0</end></relativerisk><relativerisk><age>5</age><sex>0</sex><cat>1</cat><begin>1.0</begin><alfa>0.0</alfa><end>1.0</end></relativerisk><relativerisk><age>5</age><sex>0</sex><cat>2</cat><begin>1.0</begin><alfa>0.20333</alfa><end>1.0</end></relativerisk><relativerisk><age>5</age><sex>0</sex><cat>3</cat><begin>1.0</begin><alfa>0.0</alfa><end>1.0</end></relativerisk><relativerisk><age>5</age><sex>1</sex><cat>1</cat><begin>1.0</begin><alfa>0.0</alfa><end>1.0</end></relativerisk><relativerisk><age>5</age><sex>1</sex><cat>2</cat><begin>1.0</begin><alfa>0.20333</alfa><end>1.0</end></relativerisk><relativerisk><age>5</age><sex>1</sex><cat>3</cat><begin>1.0</begin><alfa>0.0</alfa><end>1.0</end></relativerisk><relativerisk><age>6</age><sex>0</sex><cat>1</cat><begin>1.0</begin><alfa>0.0</alfa><end>1.0</end></relativerisk><relativerisk><age>6</age><sex>0</sex><cat>2</cat><begin>1.0</begin><alfa>0.20333</alfa><end>1.0</end></relativerisk><relativerisk><age>6</age><sex>0</sex><cat>3</cat><begin>1.0</begin><alfa>0.0</alfa><end>1.0</end></relativerisk><relativerisk><age>6</age><sex>1</sex><cat>1</cat><begin>1.0</begin><alfa>0.0</alfa><end>1.0</end></relativerisk><relativerisk><age>6</age><sex>1</sex><cat>2</cat><begin>1.0</begin><alfa>0.20333</alfa><end>1.0</end></relativerisk><relativerisk><age>6</age><sex>1</sex><cat>3</cat><begin>1.0</begin><alfa>0.0</alfa><end>1.0</end></relativerisk><relativerisk><age>7</age><sex>0</sex><cat>1</cat><begin>1.0</begin><alfa>0.0</alfa><end>1.0</end></relativerisk><relativerisk><age>7</age><sex>0</sex><cat>2</cat><begin>1.0</begin><alfa>0.20333</alfa><end>1.0</end></relativerisk><relativerisk><age>7</age><sex>0</sex><cat>3</cat><begin>1.0</begin><alfa>0.0</alfa><end>1.0</end></relativerisk><relativerisk><age>7</age><sex>1</sex><cat>1</cat><begin>1.0</begin><alfa>0.0</alfa><end>1.0</end></relativerisk><relativerisk><age>7</age><sex>1</sex><cat>2</cat><begin>1.0</begin><alfa>0.20333</alfa><end>1.0</end></relativerisk><relativerisk><age>7</age><sex>1</sex><cat>3</cat><begin>1.0</begin><alfa>0.0</alfa><end>1.0</end></relativerisk><relativerisk><age>8</age><sex>0</sex><cat>1</cat><begin>1.0</begin><alfa>0.0</alfa><end>1.0</end></relativerisk><relativerisk><age>8</age><sex>0</sex><cat>2</cat><begin>1.0</begin><alfa>0.20333</alfa><end>1.0</end></relativerisk><relativerisk><age>8</age><sex>0</sex><cat>3</cat><begin>1.0</begin><alfa>0.0</alfa><end>1.0</end></relativerisk><relativerisk><age>8</age><sex>1</sex><cat>1</cat><begin>1.0</begin><alfa>0.0</alfa><end>1.0</end></relativerisk><relativerisk><age>8</age><sex>1</sex><cat>2</cat><begin>1.0</begin><alfa>0.20333</alfa><end>1.0</end></relativerisk><relativerisk><age>8</age><sex>1</sex><cat>3</cat><begin>1.0</begin><alfa>0.0</alfa><end>1.0</end></relativerisk><relativerisk><age>9</age><sex>0</sex><cat>1</cat><begin>1.0</begin><alfa>0.0</alfa><end>1.0</end></relativerisk><relativerisk><age>9</age><sex>0</sex><cat>2</cat><begin>1.0</begin><alfa>0.20333</alfa><end>1.0</end></relativerisk><relativerisk><age>9</age><sex>0</sex><cat>3</cat><begin>1.0</begin><alfa>0.0</alfa><end>1.0</end></relativerisk><relativerisk><age>9</age><sex>1</sex><cat>1</cat><begin>1.0</begin><alfa>0.0</alfa><end>1.0</end></relativerisk><relativerisk><age>9</age><sex>1</sex><cat>2</cat><begin>1.0</begin><alfa>0.20333</alfa><end>1.0</end></relativerisk><relativerisk><age>9</age><sex>1</sex><cat>3</cat><begin>1.0</begin><alfa>0.0</alfa><end>1.0</end></relativerisk><relativerisk><age>10</age><sex>0</sex><cat>1</cat><begin>1.0</begin><alfa>0.0</alfa><end>1.0</end></relativerisk><relativerisk><age>10</age><sex>0</sex><cat>2</cat><begin>1.0</begin><alfa>0.20333</alfa><end>1.0</end></relativerisk><relativerisk><age>10</age><sex>0</sex><cat>3</cat><begin>1.0</begin><alfa>0.0</alfa><end>1.0</end></relativerisk><relativerisk><age>10</age><sex>1</sex><cat>1</cat><begin>1.0</begin><alfa>0.0</alfa><end>1.0</end></relativerisk><relativerisk><age>10</age><sex>1</sex><cat>2</cat><begin>1.0</begin><alfa>0.20333</alfa><end>1.0</end></relativerisk><relativerisk><age>10</age><sex>1</sex><cat>3</cat><begin>1.0</begin><alfa>0.0</alfa><end>1.0</end></relativerisk><relativerisk><age>11</age><sex>0</sex><cat>1</cat><begin>1.0</begin><alfa>0.0</alfa><end>1.0</end></relativerisk><relativerisk><age>11</age><sex>0</sex><cat>2</cat><begin>1.0</begin><alfa>0.20333</alfa><end>1.0</end></relativerisk><relativerisk><age>11</age><sex>0</sex><cat>3</cat><begin>1.0</begin><alfa>0.0</alfa><end>1.0</end></relativerisk><relativerisk><age>11</age><sex>1</sex><cat>1</cat><begin>1.0</begin><alfa>0.0</alfa><end>1.0</end></relativerisk><relativerisk><age>11</age><sex>1</sex><cat>2</cat><begin>1.0</begin><alfa>0.20333</alfa><end>1.0</end></relativerisk><relativerisk><age>11</age><sex>1</sex><cat>3</cat><begin>1.0</begin><alfa>0.0</alfa><end>1.0</end></relativerisk><relativerisk><age>12</age><sex>0</sex><cat>1</cat><begin>1.0</begin><alfa>0.0</alfa><end>1.0</end></relativerisk><relativerisk><age>12</age><sex>0</sex><cat>2</cat><begin>1.0</begin><alfa>0.20333</alfa><end>1.0</end></relativerisk><relativerisk><age>12</age><sex>0</sex><cat>3</cat><begin>1.0</begin><alfa>0.0</alfa><end>1.0</end></relativerisk><relativerisk><age>12</age><sex>1</sex><cat>1</cat><begin>1.0</begin><alfa>0.0</alfa><end>1.0</end></relativerisk><relativerisk><age>12</age><sex>1</sex><cat>2</cat><begin>1.0</begin><alfa>0.20333</alfa><end>1.0</end></relativerisk><relativerisk><age>12</age><sex>1</sex><cat>3</cat><begin>1.0</begin><alfa>0.0</alfa><end>1.0</end></relativerisk><relativerisk><age>13</age><sex>0</sex><cat>1</cat><begin>1.0</begin><alfa>0.0</alfa><end>1.0</end></relativerisk><relativerisk><age>13</age><sex>0</sex><cat>2</cat><begin>1.0</begin><alfa>0.20333</alfa><end>1.0</end></relativerisk><relativerisk><age>13</age><sex>0</sex><cat>3</cat><begin>1.0</begin><alfa>0.0</alfa><end>1.0</end></relativerisk><relativerisk><age>13</age><sex>1</sex><cat>1</cat><begin>1.0</begin><alfa>0.0</alfa><end>1.0</end></relativerisk><relativerisk><age>13</age><sex>1</sex><cat>2</cat><begin>1.0</begin><alfa>0.20333</alfa><end>1.0</end></relativerisk><relativerisk><age>13</age><sex>1</sex><cat>3</cat><begin>1.0</begin><alfa>0.0</alfa><end>1.0</end></relativerisk><relativerisk><age>14</age><sex>0</sex><cat>1</cat><begin>1.0</begin><alfa>0.0</alfa><end>1.0</end></relativerisk><relativerisk><age>14</age><sex>0</sex><cat>2</cat><begin>1.0</begin><alfa>0.20333</alfa><end>1.0</end></relativerisk><relativerisk><age>14</age><sex>0</sex><cat>3</cat><begin>1.0</begin><alfa>0.0</alfa><end>1.0</end></relativerisk><relativerisk><age>14</age><sex>1</sex><cat>1</cat><begin>1.0</begin><alfa>0.0</alfa><end>1.0</end></relativerisk><relativerisk><age>14</age><sex>1</sex><cat>2</cat><begin>1.0</begin><alfa>0.20333</alfa><end>1.0</end></relativerisk><relativerisk><age>14</age><sex>1</sex><cat>3</cat><begin>1.0</begin><alfa>0.0</alfa><end>1.0</end></relativerisk><relativerisk><age>15</age><sex>0</sex><cat>1</cat><begin>1.0</begin><alfa>0.0</alfa><end>1.0</end></relativerisk><relativerisk><age>15</age><sex>0</sex><cat>2</cat><begin>1.0</begin><alfa>0.20333</alfa><end>1.0</end></relativerisk><relativerisk><age>15</age><sex>0</sex><cat>3</cat><begin>1.0</begin><alfa>0.0</alfa><end>1.0</end></relativerisk><relativerisk><age>15</age><sex>1</sex><cat>1</cat><begin>1.0</begin><alfa>0.0</alfa><end>1.0</end></relativerisk><relativerisk><age>15</age><sex>1</sex><cat>2</cat><begin>1.0</begin><alfa>0.20333</alfa><end>1.0</end></relativerisk><relativerisk><age>15</age><sex>1</sex><cat>3</cat><begin>1.0</begin><alfa>0.0</alfa><end>1.0</end></relativerisk><relativerisk><age>16</age><sex>0</sex><cat>1</cat><begin>1.0</begin><alfa>0.0</alfa><end>1.0</end></relativerisk><relativerisk><age>16</age><sex>0</sex><cat>2</cat><begin>1.0</begin><alfa>0.20333</alfa><end>1.0</end></relativerisk><relativerisk><age>16</age><sex>0</sex><cat>3</cat><begin>1.0</begin><alfa>0.0</alfa><end>1.0</end></relativerisk><relativerisk><age>16</age><sex>1</sex><cat>1</cat><begin>1.0</begin><alfa>0.0</alfa><end>1.0</end></relativerisk><relativerisk><age>16</age><sex>1</sex><cat>2</cat><begin>1.0</begin><alfa>0.20333</alfa><end>1.0</end></relativerisk><relativerisk><age>16</age><sex>1</sex><cat>3</cat><begin>1.0</begin><alfa>0.0</alfa><end>1.0</end></relativerisk><relativerisk><age>17</age><sex>0</sex><cat>1</cat><begin>1.0</begin><alfa>0.0</alfa><end>1.0</end></relativerisk><relativerisk><age>17</age><sex>0</sex><cat>2</cat><begin>1.0</begin><alfa>0.20333</alfa><end>1.0</end></relativerisk><relativerisk><age>17</age><sex>0</sex><cat>3</cat><begin>1.0</begin><alfa>0.0</alfa><end>1.0</end></relativerisk><relativerisk><age>17</age><sex>1</sex><cat>1</cat><begin>1.0</begin><alfa>0.0</alfa><end>1.0</end></relativerisk><relativerisk><age>17</age><sex>1</sex><cat>2</cat><begin>1.0</begin><alfa>0.20333</alfa><end>1.0</end></relativerisk><relativerisk><age>17</age><sex>1</sex><cat>3</cat><begin>1.0</begin><alfa>0.0</alfa><end>1.0</end></relativerisk><relativerisk><age>18</age><sex>0</sex><cat>1</cat><begin>1.0</begin><alfa>0.0</alfa><end>1.0</end></relativerisk><relativerisk><age>18</age><sex>0</sex><cat>2</cat><begin>1.0</begin><alfa>0.20333</alfa><end>1.0</end></relativerisk><relativerisk><age>18</age><sex>0</sex><cat>3</cat><begin>1.0</begin><alfa>0.0</alfa><end>1.0</end></relativerisk><relativerisk><age>18</age><sex>1</sex><cat>1</cat><begin>1.0</begin><alfa>0.0</alfa><end>1.0</end></relativerisk><relativerisk><age>18</age><sex>1</sex><cat>2</cat><begin>1.0</begin><alfa>0.20333</alfa><end>1.0</end></relativerisk><relativerisk><age>18</age><sex>1</sex><cat>3</cat><begin>1.0</begin><alfa>0.0</alfa><end>1.0</end></relativerisk><relativerisk><age>19</age><sex>0</sex><cat>1</cat><begin>1.0</begin><alfa>0.0</alfa><end>1.0</end></relativerisk><relativerisk><age>19</age><sex>0</sex><cat>2</cat><begin>1.0</begin><alfa>0.20333</alfa><end>1.0</end></relativerisk><relativerisk><age>19</age><sex>0</sex><cat>3</cat><begin>1.0</begin><alfa>0.0</alfa><end>1.0</end></relativerisk><relativerisk><age>19</age><sex>1</sex><cat>1</cat><begin>1.0</begin><alfa>0.0</alfa><end>1.0</end></relativerisk><relativerisk><age>19</age><sex>1</sex><cat>2</cat><begin>1.0</begin><alfa>0.20333</alfa><end>1.0</end></relativerisk><relativerisk><age>19</age><sex>1</sex><cat>3</cat><begin>1.0</begin><alfa>0.0</alfa><end>1.0</end></relativerisk><relativerisk><age>20</age><sex>0</sex><cat>1</cat><begin>1.0</begin><alfa>0.0</alfa><end>1.0</end></relativerisk><relativerisk><age>20</age><sex>0</sex><cat>2</cat><begin>1.0</begin><alfa>0.20333</alfa><end>1.0</end></relativerisk><relativerisk><age>20</age><sex>0</sex><cat>3</cat><begin>1.0</begin><alfa>0.0</alfa><end>1.0</end></relativerisk><relativerisk><age>20</age><sex>1</sex><cat>1</cat><begin>1.0</begin><alfa>0.0</alfa><end>1.0</end></relativerisk><relativerisk><age>20</age><sex>1</sex><cat>2</cat><begin>1.0</begin><alfa>0.20333</alfa><end>1.0</end></relativerisk><relativerisk><age>20</age><sex>1</sex><cat>3</cat><begin>1.0</begin><alfa>0.0</alfa><end>1.0</end></relativerisk><relativerisk><age>21</age><sex>0</sex><cat>1</cat><begin>1.0</begin><alfa>0.0</alfa><end>1.0</end></relativerisk><relativerisk><age>21</age><sex>0</sex><cat>2</cat><begin>1.0</begin><alfa>0.20333</alfa><end>1.0</end></relativerisk><relativerisk><age>21</age><sex>0</sex><cat>3</cat><begin>1.0</begin><alfa>0.0</alfa><end>1.0</end></relativerisk><relativerisk><age>21</age><sex>1</sex><cat>1</cat><begin>1.0</begin><alfa>0.0</alfa><end>1.0</end></relativerisk><relativerisk><age>21</age><sex>1</sex><cat>2</cat><begin>1.0</begin><alfa>0.20333</alfa><end>1.0</end></relativerisk><relativerisk><age>21</age><sex>1</sex><cat>3</cat><begin>1.0</begin><alfa>0.0</alfa><end>1.0</end></relativerisk><relativerisk><age>22</age><sex>0</sex><cat>1</cat><begin>1.0</begin><alfa>0.0</alfa><end>1.0</end></relativerisk><relativerisk><age>22</age><sex>0</sex><cat>2</cat><begin>1.0</begin><alfa>0.20333</alfa><end>1.0</end></relativerisk><relativerisk><age>22</age><sex>0</sex><cat>3</cat><begin>1.0</begin><alfa>0.0</alfa><end>1.0</end></relativerisk><relativerisk><age>22</age><sex>1</sex><cat>1</cat><begin>1.0</begin><alfa>0.0</alfa><end>1.0</end></relativerisk><relativerisk><age>22</age><sex>1</sex><cat>2</cat><begin>1.0</begin><alfa>0.20333</alfa><end>1.0</end></relativerisk><relativerisk><age>22</age><sex>1</sex><cat>3</cat><begin>1.0</begin><alfa>0.0</alfa><end>1.0</end></relativerisk><relativerisk><age>23</age><sex>0</sex><cat>1</cat><begin>1.0</begin><alfa>0.0</alfa><end>1.0</end></relativerisk><relativerisk><age>23</age><sex>0</sex><cat>2</cat><begin>1.0</begin><alfa>0.20333</alfa><end>1.0</end></relativerisk><relativerisk><age>23</age><sex>0</sex><cat>3</cat><begin>1.0</begin><alfa>0.0</alfa><end>1.0</end></relativerisk><relativerisk><age>23</age><sex>1</sex><cat>1</cat><begin>1.0</begin><alfa>0.0</alfa><end>1.0</end></relativerisk><relativerisk><age>23</age><sex>1</sex><cat>2</cat><begin>1.0</begin><alfa>0.20333</alfa><end>1.0</end></relativerisk><relativerisk><age>23</age><sex>1</sex><cat>3</cat><begin>1.0</begin><alfa>0.0</alfa><end>1.0</end></relativerisk><relativerisk><age>24</age><sex>0</sex><cat>1</cat><begin>1.0</begin><alfa>0.0</alfa><end>1.0</end></relativerisk><relativerisk><age>24</age><sex>0</sex><cat>2</cat><begin>1.0</begin><alfa>0.20333</alfa><end>1.0</end></relativerisk><relativerisk><age>24</age><sex>0</sex><cat>3</cat><begin>1.0</begin><alfa>0.0</alfa><end>1.0</end></relativerisk><relativerisk><age>24</age><sex>1</sex><cat>1</cat><begin>1.0</begin><alfa>0.0</alfa><end>1.0</end></relativerisk><relativerisk><age>24</age><sex>1</sex><cat>2</cat><begin>1.0</begin><alfa>0.20333</alfa><end>1.0</end></relativerisk><relativerisk><age>24</age><sex>1</sex><cat>3</cat><begin>1.0</begin><alfa>0.0</alfa><end>1.0</end></relativerisk><relativerisk><age>25</age><sex>0</sex><cat>1</cat><begin>1.0</begin><alfa>0.0</alfa><end>1.0</end></relativerisk><relativerisk><age>25</age><sex>0</sex><cat>2</cat><begin>1.0</begin><alfa>0.20333</alfa><end>1.0</end></relativerisk><relativerisk><age>25</age><sex>0</sex><cat>3</cat><begin>1.0</begin><alfa>0.0</alfa><end>1.0</end></relativerisk><relativerisk><age>25</age><sex>1</sex><cat>1</cat><begin>1.0</begin><alfa>0.0</alfa><end>1.0</end></relativerisk><relativerisk><age>25</age><sex>1</sex><cat>2</cat><begin>1.0</begin><alfa>0.20333</alfa><end>1.0</end></relativerisk><relativerisk><age>25</age><sex>1</sex><cat>3</cat><begin>1.0</begin><alfa>0.0</alfa><end>1.0</end></relativerisk><relativerisk><age>26</age><sex>0</sex><cat>1</cat><begin>1.0</begin><alfa>0.0</alfa><end>1.0</end></relativerisk><relativerisk><age>26</age><sex>0</sex><cat>2</cat><begin>1.0</begin><alfa>0.20333</alfa><end>1.0</end></relativerisk><relativerisk><age>26</age><sex>0</sex><cat>3</cat><begin>1.0</begin><alfa>0.0</alfa><end>1.0</end></relativerisk><relativerisk><age>26</age><sex>1</sex><cat>1</cat><begin>1.0</begin><alfa>0.0</alfa><end>1.0</end></relativerisk><relativerisk><age>26</age><sex>1</sex><cat>2</cat><begin>1.0</begin><alfa>0.20333</alfa><end>1.0</end></relativerisk><relativerisk><age>26</age><sex>1</sex><cat>3</cat><begin>1.0</begin><alfa>0.0</alfa><end>1.0</end></relativerisk><relativerisk><age>27</age><sex>0</sex><cat>1</cat><begin>1.0</begin><alfa>0.0</alfa><end>1.0</end></relativerisk><relativerisk><age>27</age><sex>0</sex><cat>2</cat><begin>1.0</begin><alfa>0.20333</alfa><end>1.0</end></relativerisk><relativerisk><age>27</age><sex>0</sex><cat>3</cat><begin>1.0</begin><alfa>0.0</alfa><end>1.0</end></relativerisk><relativerisk><age>27</age><sex>1</sex><cat>1</cat><begin>1.0</begin><alfa>0.0</alfa><end>1.0</end></relativerisk><relativerisk><age>27</age><sex>1</sex><cat>2</cat><begin>1.0</begin><alfa>0.20333</alfa><end>1.0</end></relativerisk><relativerisk><age>27</age><sex>1</sex><cat>3</cat><begin>1.0</begin><alfa>0.0</alfa><end>1.0</end></relativerisk><relativerisk><age>28</age><sex>0</sex><cat>1</cat><begin>1.0</begin><alfa>0.0</alfa><end>1.0</end></relativerisk><relativerisk><age>28</age><sex>0</sex><cat>2</cat><begin>1.0</begin><alfa>0.20333</alfa><end>1.0</end></relativerisk><relativerisk><age>28</age><sex>0</sex><cat>3</cat><begin>1.0</begin><alfa>0.0</alfa><end>1.0</end></relativerisk><relativerisk><age>28</age><sex>1</sex><cat>1</cat><begin>1.0</begin><alfa>0.0</alfa><end>1.0</end></relativerisk><relativerisk><age>28</age><sex>1</sex><cat>2</cat><begin>1.0</begin><alfa>0.20333</alfa><end>1.0</end></relativerisk><relativerisk><age>28</age><sex>1</sex><cat>3</cat><begin>1.0</begin><alfa>0.0</alfa><end>1.0</end></relativerisk><relativerisk><age>29</age><sex>0</sex><cat>1</cat><begin>1.0</begin><alfa>0.0</alfa><end>1.0</end></relativerisk><relativerisk><age>29</age><sex>0</sex><cat>2</cat><begin>1.0</begin><alfa>0.20333</alfa><end>1.0</end></relativerisk><relativerisk><age>29</age><sex>0</sex><cat>3</cat><begin>1.0</begin><alfa>0.0</alfa><end>1.0</end></relativerisk><relativerisk><age>29</age><sex>1</sex><cat>1</cat><begin>1.0</begin><alfa>0.0</alfa><end>1.0</end></relativerisk><relativerisk><age>29</age><sex>1</sex><cat>2</cat><begin>1.0</begin><alfa>0.20333</alfa><end>1.0</end></relativerisk><relativerisk><age>29</age><sex>1</sex><cat>3</cat><begin>1.0</begin><alfa>0.0</alfa><end>1.0</end></relativerisk><relativerisk><age>30</age><sex>0</sex><cat>1</cat><begin>1.0</begin><alfa>0.0</alfa><end>1.0</end></relativerisk><relativerisk><age>30</age><sex>0</sex><cat>2</cat><begin>1.0</begin><alfa>0.20333</alfa><end>1.0</end></relativerisk><relativerisk><age>30</age><sex>0</sex><cat>3</cat><begin>1.0</begin><alfa>0.0</alfa><end>1.0</end></relativerisk><relativerisk><age>30</age><sex>1</sex><cat>1</cat><begin>1.0</begin><alfa>0.0</alfa><end>1.0</end></relativerisk><relativerisk><age>30</age><sex>1</sex><cat>2</cat><begin>1.0</begin><alfa>0.20333</alfa><end>1.0</end></relativerisk><relativerisk><age>30</age><sex>1</sex><cat>3</cat><begin>1.0</begin><alfa>0.0</alfa><end>1.0</end></relativerisk><relativerisk><age>31</age><sex>0</sex><cat>1</cat><begin>1.0</begin><alfa>0.0</alfa><end>1.0</end></relativerisk><relativerisk><age>31</age><sex>0</sex><cat>2</cat><begin>1.0</begin><alfa>0.20333</alfa><end>1.0</end></relativerisk><relativerisk><age>31</age><sex>0</sex><cat>3</cat><begin>1.0</begin><alfa>0.0</alfa><end>1.0</end></relativerisk><relativerisk><age>31</age><sex>1</sex><cat>1</cat><begin>1.0</begin><alfa>0.0</alfa><end>1.0</end></relativerisk><relativerisk><age>31</age><sex>1</sex><cat>2</cat><begin>1.0</begin><alfa>0.20333</alfa><end>1.0</end></relativerisk><relativerisk><age>31</age><sex>1</sex><cat>3</cat><begin>1.0</begin><alfa>0.0</alfa><end>1.0</end></relativerisk><relativerisk><age>32</age><sex>0</sex><cat>1</cat><begin>1.0</begin><alfa>0.0</alfa><end>1.0</end></relativerisk><relativerisk><age>32</age><sex>0</sex><cat>2</cat><begin>1.0</begin><alfa>0.20333</alfa><end>1.0</end></relativerisk><relativerisk><age>32</age><sex>0</sex><cat>3</cat><begin>1.0</begin><alfa>0.0</alfa><end>1.0</end></relativerisk><relativerisk><age>32</age><sex>1</sex><cat>1</cat><begin>1.0</begin><alfa>0.0</alfa><end>1.0</end></relativerisk><relativerisk><age>32</age><sex>1</sex><cat>2</cat><begin>1.0</begin><alfa>0.20333</alfa><end>1.0</end></relativerisk><relativerisk><age>32</age><sex>1</sex><cat>3</cat><begin>1.0</begin><alfa>0.0</alfa><end>1.0</end></relativerisk><relativerisk><age>33</age><sex>0</sex><cat>1</cat><begin>1.0</begin><alfa>0.0</alfa><end>1.0</end></relativerisk><relativerisk><age>33</age><sex>0</sex><cat>2</cat><begin>1.0</begin><alfa>0.20333</alfa><end>1.0</end></relativerisk><relativerisk><age>33</age><sex>0</sex><cat>3</cat><begin>1.0</begin><alfa>0.0</alfa><end>1.0</end></relativerisk><relativerisk><age>33</age><sex>1</sex><cat>1</cat><begin>1.0</begin><alfa>0.0</alfa><end>1.0</end></relativerisk><relativerisk><age>33</age><sex>1</sex><cat>2</cat><begin>1.0</begin><alfa>0.20333</alfa><end>1.0</end></relativerisk><relativerisk><age>33</age><sex>1</sex><cat>3</cat><begin>1.0</begin><alfa>0.0</alfa><end>1.0</end></relativerisk><relativerisk><age>34</age><sex>0</sex><cat>1</cat><begin>1.0</begin><alfa>0.0</alfa><end>1.0</end></relativerisk><relativerisk><age>34</age><sex>0</sex><cat>2</cat><begin>1.0</begin><alfa>0.20333</alfa><end>1.0</end></relativerisk><relativerisk><age>34</age><sex>0</sex><cat>3</cat><begin>1.0</begin><alfa>0.0</alfa><end>1.0</end></relativerisk><relativerisk><age>34</age><sex>1</sex><cat>1</cat><begin>1.0</begin><alfa>0.0</alfa><end>1.0</end></relativerisk><relativerisk><age>34</age><sex>1</sex><cat>2</cat><begin>1.0</begin><alfa>0.20333</alfa><end>1.0</end></relativerisk><relativerisk><age>34</age><sex>1</sex><cat>3</cat><begin>1.0</begin><alfa>0.0</alfa><end>1.0</end></relativerisk><relativerisk><age>35</age><sex>0</sex><cat>1</cat><begin>1.0</begin><alfa>0.0</alfa><end>1.0</end></relativerisk><relativerisk><age>35</age><sex>0</sex><cat>2</cat><begin>1.0</begin><alfa>0.20333</alfa><end>1.0</end></relativerisk><relativerisk><age>35</age><sex>0</sex><cat>3</cat><begin>1.0</begin><alfa>0.0</alfa><end>1.0</end></relativerisk><relativerisk><age>35</age><sex>1</sex><cat>1</cat><begin>1.0</begin><alfa>0.0</alfa><end>1.0</end></relativerisk><relativerisk><age>35</age><sex>1</sex><cat>2</cat><begin>1.0</begin><alfa>0.20333</alfa><end>1.0</end></relativerisk><relativerisk><age>35</age><sex>1</sex><cat>3</cat><begin>1.0</begin><alfa>0.0</alfa><end>1.0</end></relativerisk><relativerisk><age>36</age><sex>0</sex><cat>1</cat><begin>1.0</begin><alfa>0.0</alfa><end>1.0</end></relativerisk><relativerisk><age>36</age><sex>0</sex><cat>2</cat><begin>1.0</begin><alfa>0.20333</alfa><end>1.0</end></relativerisk><relativerisk><age>36</age><sex>0</sex><cat>3</cat><begin>1.0</begin><alfa>0.0</alfa><end>1.0</end></relativerisk><relativerisk><age>36</age><sex>1</sex><cat>1</cat><begin>1.0</begin><alfa>0.0</alfa><end>1.0</end></relativerisk><relativerisk><age>36</age><sex>1</sex><cat>2</cat><begin>1.0</begin><alfa>0.20333</alfa><end>1.0</end></relativerisk><relativerisk><age>36</age><sex>1</sex><cat>3</cat><begin>1.0</begin><alfa>0.0</alfa><end>1.0</end></relativerisk><relativerisk><age>37</age><sex>0</sex><cat>1</cat><begin>1.0</begin><alfa>0.0</alfa><end>1.0</end></relativerisk><relativerisk><age>37</age><sex>0</sex><cat>2</cat><begin>1.0</begin><alfa>0.20333</alfa><end>1.0</end></relativerisk><relativerisk><age>37</age><sex>0</sex><cat>3</cat><begin>1.0</begin><alfa>0.0</alfa><end>1.0</end></relativerisk><relativerisk><age>37</age><sex>1</sex><cat>1</cat><begin>1.0</begin><alfa>0.0</alfa><end>1.0</end></relativerisk><relativerisk><age>37</age><sex>1</sex><cat>2</cat><begin>1.0</begin><alfa>0.20333</alfa><end>1.0</end></relativerisk><relativerisk><age>37</age><sex>1</sex><cat>3</cat><begin>1.0</begin><alfa>0.0</alfa><end>1.0</end></relativerisk><relativerisk><age>38</age><sex>0</sex><cat>1</cat><begin>1.0</begin><alfa>0.0</alfa><end>1.0</end></relativerisk><relativerisk><age>38</age><sex>0</sex><cat>2</cat><begin>1.0</begin><alfa>0.20333</alfa><end>1.0</end></relativerisk><relativerisk><age>38</age><sex>0</sex><cat>3</cat><begin>1.0</begin><alfa>0.0</alfa><end>1.0</end></relativerisk><relativerisk><age>38</age><sex>1</sex><cat>1</cat><begin>1.0</begin><alfa>0.0</alfa><end>1.0</end></relativerisk><relativerisk><age>38</age><sex>1</sex><cat>2</cat><begin>1.0</begin><alfa>0.20333</alfa><end>1.0</end></relativerisk><relativerisk><age>38</age><sex>1</sex><cat>3</cat><begin>1.0</begin><alfa>0.0</alfa><end>1.0</end></relativerisk><relativerisk><age>39</age><sex>0</sex><cat>1</cat><begin>1.0</begin><alfa>0.0</alfa><end>1.0</end></relativerisk><relativerisk><age>39</age><sex>0</sex><cat>2</cat><begin>1.0</begin><alfa>0.20333</alfa><end>1.0</end></relativerisk><relativerisk><age>39</age><sex>0</sex><cat>3</cat><begin>1.0</begin><alfa>0.0</alfa><end>1.0</end></relativerisk><relativerisk><age>39</age><sex>1</sex><cat>1</cat><begin>1.0</begin><alfa>0.0</alfa><end>1.0</end></relativerisk><relativerisk><age>39</age><sex>1</sex><cat>2</cat><begin>1.0</begin><alfa>0.20333</alfa><end>1.0</end></relativerisk><relativerisk><age>39</age><sex>1</sex><cat>3</cat><begin>1.0</begin><alfa>0.0</alfa><end>1.0</end></relativerisk><relativerisk><age>40</age><sex>0</sex><cat>1</cat><begin>1.0</begin><alfa>0.0</alfa><end>1.0</end></relativerisk><relativerisk><age>40</age><sex>0</sex><cat>2</cat><begin>1.0</begin><alfa>0.20333</alfa><end>1.0</end></relativerisk><relativerisk><age>40</age><sex>0</sex><cat>3</cat><begin>1.0</begin><alfa>0.0</alfa><end>1.0</end></relativerisk><relativerisk><age>40</age><sex>1</sex><cat>1</cat><begin>1.0</begin><alfa>0.0</alfa><end>1.0</end></relativerisk><relativerisk><age>40</age><sex>1</sex><cat>2</cat><begin>1.0</begin><alfa>0.20333</alfa><end>1.0</end></relativerisk><relativerisk><age>40</age><sex>1</sex><cat>3</cat><begin>1.0</begin><alfa>0.0</alfa><end>1.0</end></relativerisk><relativerisk><age>41</age><sex>0</sex><cat>1</cat><begin>1.0</begin><alfa>0.0</alfa><end>1.0</end></relativerisk><relativerisk><age>41</age><sex>0</sex><cat>2</cat><begin>1.0</begin><alfa>0.20333</alfa><end>1.0</end></relativerisk><relativerisk><age>41</age><sex>0</sex><cat>3</cat><begin>1.0</begin><alfa>0.0</alfa><end>1.0</end></relativerisk><relativerisk><age>41</age><sex>1</sex><cat>1</cat><begin>1.0</begin><alfa>0.0</alfa><end>1.0</end></relativerisk><relativerisk><age>41</age><sex>1</sex><cat>2</cat><begin>1.0</begin><alfa>0.20333</alfa><end>1.0</end></relativerisk><relativerisk><age>41</age><sex>1</sex><cat>3</cat><begin>1.0</begin><alfa>0.0</alfa><end>1.0</end></relativerisk><relativerisk><age>42</age><sex>0</sex><cat>1</cat><begin>1.0</begin><alfa>0.0</alfa><end>1.0</end></relativerisk><relativerisk><age>42</age><sex>0</sex><cat>2</cat><begin>1.0</begin><alfa>0.20333</alfa><end>1.0</end></relativerisk><relativerisk><age>42</age><sex>0</sex><cat>3</cat><begin>1.0</begin><alfa>0.0</alfa><end>1.0</end></relativerisk><relativerisk><age>42</age><sex>1</sex><cat>1</cat><begin>1.0</begin><alfa>0.0</alfa><end>1.0</end></relativerisk><relativerisk><age>42</age><sex>1</sex><cat>2</cat><begin>1.0</begin><alfa>0.20333</alfa><end>1.0</end></relativerisk><relativerisk><age>42</age><sex>1</sex><cat>3</cat><begin>1.0</begin><alfa>0.0</alfa><end>1.0</end></relativerisk><relativerisk><age>43</age><sex>0</sex><cat>1</cat><begin>1.0</begin><alfa>0.0</alfa><end>1.0</end></relativerisk><relativerisk><age>43</age><sex>0</sex><cat>2</cat><begin>1.0</begin><alfa>0.20333</alfa><end>1.0</end></relativerisk><relativerisk><age>43</age><sex>0</sex><cat>3</cat><begin>1.0</begin><alfa>0.0</alfa><end>1.0</end></relativerisk><relativerisk><age>43</age><sex>1</sex><cat>1</cat><begin>1.0</begin><alfa>0.0</alfa><end>1.0</end></relativerisk><relativerisk><age>43</age><sex>1</sex><cat>2</cat><begin>1.0</begin><alfa>0.20333</alfa><end>1.0</end></relativerisk><relativerisk><age>43</age><sex>1</sex><cat>3</cat><begin>1.0</begin><alfa>0.0</alfa><end>1.0</end></relativerisk><relativerisk><age>44</age><sex>0</sex><cat>1</cat><begin>1.0</begin><alfa>0.0</alfa><end>1.0</end></relativerisk><relativerisk><age>44</age><sex>0</sex><cat>2</cat><begin>1.0</begin><alfa>0.20333</alfa><end>1.0</end></relativerisk><relativerisk><age>44</age><sex>0</sex><cat>3</cat><begin>1.0</begin><alfa>0.0</alfa><end>1.0</end></relativerisk><relativerisk><age>44</age><sex>1</sex><cat>1</cat><begin>1.0</begin><alfa>0.0</alfa><end>1.0</end></relativerisk><relativerisk><age>44</age><sex>1</sex><cat>2</cat><begin>1.0</begin><alfa>0.20333</alfa><end>1.0</end></relativerisk><relativerisk><age>44</age><sex>1</sex><cat>3</cat><begin>1.0</begin><alfa>0.0</alfa><end>1.0</end></relativerisk><relativerisk><age>45</age><sex>0</sex><cat>1</cat><begin>1.0</begin><alfa>0.0</alfa><end>1.0</end></relativerisk><relativerisk><age>45</age><sex>0</sex><cat>2</cat><begin>1.0</begin><alfa>0.20333</alfa><end>1.0</end></relativerisk><relativerisk><age>45</age><sex>0</sex><cat>3</cat><begin>1.0</begin><alfa>0.0</alfa><end>1.0</end></relativerisk><relativerisk><age>45</age><sex>1</sex><cat>1</cat><begin>1.0</begin><alfa>0.0</alfa><end>1.0</end></relativerisk><relativerisk><age>45</age><sex>1</sex><cat>2</cat><begin>1.0</begin><alfa>0.20333</alfa><end>1.0</end></relativerisk><relativerisk><age>45</age><sex>1</sex><cat>3</cat><begin>1.0</begin><alfa>0.0</alfa><end>1.0</end></relativerisk><relativerisk><age>46</age><sex>0</sex><cat>1</cat><begin>1.0</begin><alfa>0.0</alfa><end>1.0</end></relativerisk><relativerisk><age>46</age><sex>0</sex><cat>2</cat><begin>1.0</begin><alfa>0.20333</alfa><end>1.0</end></relativerisk><relativerisk><age>46</age><sex>0</sex><cat>3</cat><begin>1.0</begin><alfa>0.0</alfa><end>1.0</end></relativerisk><relativerisk><age>46</age><sex>1</sex><cat>1</cat><begin>1.0</begin><alfa>0.0</alfa><end>1.0</end></relativerisk><relativerisk><age>46</age><sex>1</sex><cat>2</cat><begin>1.0</begin><alfa>0.20333</alfa><end>1.0</end></relativerisk><relativerisk><age>46</age><sex>1</sex><cat>3</cat><begin>1.0</begin><alfa>0.0</alfa><end>1.0</end></relativerisk><relativerisk><age>47</age><sex>0</sex><cat>1</cat><begin>1.0</begin><alfa>0.0</alfa><end>1.0</end></relativerisk><relativerisk><age>47</age><sex>0</sex><cat>2</cat><begin>1.0</begin><alfa>0.20333</alfa><end>1.0</end></relativerisk><relativerisk><age>47</age><sex>0</sex><cat>3</cat><begin>1.0</begin><alfa>0.0</alfa><end>1.0</end></relativerisk><relativerisk><age>47</age><sex>1</sex><cat>1</cat><begin>1.0</begin><alfa>0.0</alfa><end>1.0</end></relativerisk><relativerisk><age>47</age><sex>1</sex><cat>2</cat><begin>1.0</begin><alfa>0.20333</alfa><end>1.0</end></relativerisk><relativerisk><age>47</age><sex>1</sex><cat>3</cat><begin>1.0</begin><alfa>0.0</alfa><end>1.0</end></relativerisk><relativerisk><age>48</age><sex>0</sex><cat>1</cat><begin>1.0</begin><alfa>0.0</alfa><end>1.0</end></relativerisk><relativerisk><age>48</age><sex>0</sex><cat>2</cat><begin>1.0</begin><alfa>0.20333</alfa><end>1.0</end></relativerisk><relativerisk><age>48</age><sex>0</sex><cat>3</cat><begin>1.0</begin><alfa>0.0</alfa><end>1.0</end></relativerisk><relativerisk><age>48</age><sex>1</sex><cat>1</cat><begin>1.0</begin><alfa>0.0</alfa><end>1.0</end></relativerisk><relativerisk><age>48</age><sex>1</sex><cat>2</cat><begin>1.0</begin><alfa>0.20333</alfa><end>1.0</end></relativerisk><relativerisk><age>48</age><sex>1</sex><cat>3</cat><begin>1.0</begin><alfa>0.0</alfa><end>1.0</end></relativerisk><relativerisk><age>49</age><sex>0</sex><cat>1</cat><begin>1.0</begin><alfa>0.0</alfa><end>1.0</end></relativerisk><relativerisk><age>49</age><sex>0</sex><cat>2</cat><begin>1.0</begin><alfa>0.20333</alfa><end>1.0</end></relativerisk><relativerisk><age>49</age><sex>0</sex><cat>3</cat><begin>1.0</begin><alfa>0.0</alfa><end>1.0</end></relativerisk><relativerisk><age>49</age><sex>1</sex><cat>1</cat><begin>1.0</begin><alfa>0.0</alfa><end>1.0</end></relativerisk><relativerisk><age>49</age><sex>1</sex><cat>2</cat><begin>1.0</begin><alfa>0.20333</alfa><end>1.0</end></relativerisk><relativerisk><age>49</age><sex>1</sex><cat>3</cat><begin>1.0</begin><alfa>0.0</alfa><end>1.0</end></relativerisk><relativerisk><age>50</age><sex>0</sex><cat>1</cat><begin>1.0</begin><alfa>0.0</alfa><end>1.0</end></relativerisk><relativerisk><age>50</age><sex>0</sex><cat>2</cat><begin>8.13</begin><alfa>0.20333</alfa><end>1.0</end></relativerisk><relativerisk><age>50</age><sex>0</sex><cat>3</cat><begin>8.13</begin><alfa>0.0</alfa><end>8.13</end></relativerisk><relativerisk><age>50</age><sex>1</sex><cat>1</cat><begin>1.0</begin><alfa>0.0</alfa><end>1.0</end></relativerisk><relativerisk><age>50</age><sex>1</sex><cat>2</cat><begin>12.92</begin><alfa>0.20333</alfa><end>1.0</end></relativerisk><relativerisk><age>50</age><sex>1</sex><cat>3</cat><begin>12.92</begin><alfa>0.0</alfa><end>12.92</end></relativerisk><relativerisk><age>51</age><sex>0</sex><cat>1</cat><begin>1.0</begin><alfa>0.0</alfa><end>1.0</end></relativerisk><relativerisk><age>51</age><sex>0</sex><cat>2</cat><begin>8.13</begin><alfa>0.1971491</alfa><end>1.0</end></relativerisk><relativerisk><age>51</age><sex>0</sex><cat>3</cat><begin>8.13</begin><alfa>0.0</alfa><end>8.13</end></relativerisk><relativerisk><age>51</age><sex>1</sex><cat>1</cat><begin>1.0</begin><alfa>0.0</alfa><end>1.0</end></relativerisk><relativerisk><age>51</age><sex>1</sex><cat>2</cat><begin>12.92</begin><alfa>0.1971491</alfa><end>1.0</end></relativerisk><relativerisk><age>51</age><sex>1</sex><cat>3</cat><begin>12.92</begin><alfa>0.0</alfa><end>12.92</end></relativerisk><relativerisk><age>52</age><sex>0</sex><cat>1</cat><begin>1.0</begin><alfa>0.0</alfa><end>1.0</end></relativerisk><relativerisk><age>52</age><sex>0</sex><cat>2</cat><begin>8.13</begin><alfa>0.1911561</alfa><end>1.0</end></relativerisk><relativerisk><age>52</age><sex>0</sex><cat>3</cat><begin>8.13</begin><alfa>0.0</alfa><end>8.13</end></relativerisk><relativerisk><age>52</age><sex>1</sex><cat>1</cat><begin>1.0</begin><alfa>0.0</alfa><end>1.0</end></relativerisk><relativerisk><age>52</age><sex>1</sex><cat>2</cat><begin>12.92</begin><alfa>0.1911561</alfa><end>1.0</end></relativerisk><relativerisk><age>52</age><sex>1</sex><cat>3</cat><begin>12.92</begin><alfa>0.0</alfa><end>12.92</end></relativerisk><relativerisk><age>53</age><sex>0</sex><cat>1</cat><begin>1.0</begin><alfa>0.0</alfa><end>1.0</end></relativerisk><relativerisk><age>53</age><sex>0</sex><cat>2</cat><begin>8.13</begin><alfa>0.1853452</alfa><end>1.0</end></relativerisk><relativerisk><age>53</age><sex>0</sex><cat>3</cat><begin>8.13</begin><alfa>0.0</alfa><end>8.13</end></relativerisk><relativerisk><age>53</age><sex>1</sex><cat>1</cat><begin>1.0</begin><alfa>0.0</alfa><end>1.0</end></relativerisk><relativerisk><age>53</age><sex>1</sex><cat>2</cat><begin>12.92</begin><alfa>0.1853452</alfa><end>1.0</end></relativerisk><relativerisk><age>53</age><sex>1</sex><cat>3</cat><begin>12.92</begin><alfa>0.0</alfa><end>12.92</end></relativerisk><relativerisk><age>54</age><sex>0</sex><cat>1</cat><begin>1.0</begin><alfa>0.0</alfa><end>1.0</end></relativerisk><relativerisk><age>54</age><sex>0</sex><cat>2</cat><begin>8.13</begin><alfa>0.179711</alfa><end>1.0</end></relativerisk><relativerisk><age>54</age><sex>0</sex><cat>3</cat><begin>8.13</begin><alfa>0.0</alfa><end>8.13</end></relativerisk><relativerisk><age>54</age><sex>1</sex><cat>1</cat><begin>1.0</begin><alfa>0.0</alfa><end>1.0</end></relativerisk><relativerisk><age>54</age><sex>1</sex><cat>2</cat><begin>12.92</begin><alfa>0.179711</alfa><end>1.0</end></relativerisk><relativerisk><age>54</age><sex>1</sex><cat>3</cat><begin>12.92</begin><alfa>0.0</alfa><end>12.92</end></relativerisk><relativerisk><age>55</age><sex>0</sex><cat>1</cat><begin>1.0</begin><alfa>0.0</alfa><end>1.0</end></relativerisk><relativerisk><age>55</age><sex>0</sex><cat>2</cat><begin>9.8</begin><alfa>0.1742481</alfa><end>1.0</end></relativerisk><relativerisk><age>55</age><sex>0</sex><cat>3</cat><begin>9.8</begin><alfa>0.0</alfa><end>9.8</end></relativerisk><relativerisk><age>55</age><sex>1</sex><cat>1</cat><begin>1.0</begin><alfa>0.0</alfa><end>1.0</end></relativerisk><relativerisk><age>55</age><sex>1</sex><cat>2</cat><begin>9.47</begin><alfa>0.1742481</alfa><end>1.0</end></relativerisk><relativerisk><age>55</age><sex>1</sex><cat>3</cat><begin>9.47</begin><alfa>0.0</alfa><end>9.47</end></relativerisk><relativerisk><age>56</age><sex>0</sex><cat>1</cat><begin>1.0</begin><alfa>0.0</alfa><end>1.0</end></relativerisk><relativerisk><age>56</age><sex>0</sex><cat>2</cat><begin>9.8</begin><alfa>0.1689513</alfa><end>1.0</end></relativerisk><relativerisk><age>56</age><sex>0</sex><cat>3</cat><begin>9.8</begin><alfa>0.0</alfa><end>9.8</end></relativerisk><relativerisk><age>56</age><sex>1</sex><cat>1</cat><begin>1.0</begin><alfa>0.0</alfa><end>1.0</end></relativerisk><relativerisk><age>56</age><sex>1</sex><cat>2</cat><begin>9.47</begin><alfa>0.1689513</alfa><end>1.0</end></relativerisk><relativerisk><age>56</age><sex>1</sex><cat>3</cat><begin>9.47</begin><alfa>0.0</alfa><end>9.47</end></relativerisk><relativerisk><age>57</age><sex>0</sex><cat>1</cat><begin>1.0</begin><alfa>0.0</alfa><end>1.0</end></relativerisk><relativerisk><age>57</age><sex>0</sex><cat>2</cat><begin>9.8</begin><alfa>0.1638154</alfa><end>1.0</end></relativerisk><relativerisk><age>57</age><sex>0</sex><cat>3</cat><begin>9.8</begin><alfa>0.0</alfa><end>9.8</end></relativerisk><relativerisk><age>57</age><sex>1</sex><cat>1</cat><begin>1.0</begin><alfa>0.0</alfa><end>1.0</end></relativerisk><relativerisk><age>57</age><sex>1</sex><cat>2</cat><begin>9.47</begin><alfa>0.1638154</alfa><end>1.0</end></relativerisk><relativerisk><age>57</age><sex>1</sex><cat>3</cat><begin>9.47</begin><alfa>0.0</alfa><end>9.47</end></relativerisk><relativerisk><age>58</age><sex>0</sex><cat>1</cat><begin>1.0</begin><alfa>0.0</alfa><end>1.0</end></relativerisk><relativerisk><age>58</age><sex>0</sex><cat>2</cat><begin>9.8</begin><alfa>0.1588357</alfa><end>1.0</end></relativerisk><relativerisk><age>58</age><sex>0</sex><cat>3</cat><begin>9.8</begin><alfa>0.0</alfa><end>9.8</end></relativerisk><relativerisk><age>58</age><sex>1</sex><cat>1</cat><begin>1.0</begin><alfa>0.0</alfa><end>1.0</end></relativerisk><relativerisk><age>58</age><sex>1</sex><cat>2</cat><begin>9.47</begin><alfa>0.1588357</alfa><end>1.0</end></relativerisk><relativerisk><age>58</age><sex>1</sex><cat>3</cat><begin>9.47</begin><alfa>0.0</alfa><end>9.47</end></relativerisk><relativerisk><age>59</age><sex>0</sex><cat>1</cat><begin>1.0</begin><alfa>0.0</alfa><end>1.0</end></relativerisk><relativerisk><age>59</age><sex>0</sex><cat>2</cat><begin>9.8</begin><alfa>0.1540073</alfa><end>1.0</end></relativerisk><relativerisk><age>59</age><sex>0</sex><cat>3</cat><begin>9.8</begin><alfa>0.0</alfa><end>9.8</end></relativerisk><relativerisk><age>59</age><sex>1</sex><cat>1</cat><begin>1.0</begin><alfa>0.0</alfa><end>1.0</end></relativerisk><relativerisk><age>59</age><sex>1</sex><cat>2</cat><begin>9.47</begin><alfa>0.1540073</alfa><end>1.0</end></relativerisk><relativerisk><age>59</age><sex>1</sex><cat>3</cat><begin>9.47</begin><alfa>0.0</alfa><end>9.47</end></relativerisk><relativerisk><age>60</age><sex>0</sex><cat>1</cat><begin>1.0</begin><alfa>0.0</alfa><end>1.0</end></relativerisk><relativerisk><age>60</age><sex>0</sex><cat>2</cat><begin>13.21</begin><alfa>0.1493258</alfa><end>1.0</end></relativerisk><relativerisk><age>60</age><sex>0</sex><cat>3</cat><begin>13.21</begin><alfa>0.0</alfa><end>13.21</end></relativerisk><relativerisk><age>60</age><sex>1</sex><cat>1</cat><begin>1.0</begin><alfa>0.0</alfa><end>1.0</end></relativerisk><relativerisk><age>60</age><sex>1</sex><cat>2</cat><begin>11.19</begin><alfa>0.1493258</alfa><end>1.0</end></relativerisk><relativerisk><age>60</age><sex>1</sex><cat>3</cat><begin>11.19</begin><alfa>0.0</alfa><end>11.19</end></relativerisk><relativerisk><age>61</age><sex>0</sex><cat>1</cat><begin>1.0</begin><alfa>0.0</alfa><end>1.0</end></relativerisk><relativerisk><age>61</age><sex>0</sex><cat>2</cat><begin>13.21</begin><alfa>0.1447865</alfa><end>1.0</end></relativerisk><relativerisk><age>61</age><sex>0</sex><cat>3</cat><begin>13.21</begin><alfa>0.0</alfa><end>13.21</end></relativerisk><relativerisk><age>61</age><sex>1</sex><cat>1</cat><begin>1.0</begin><alfa>0.0</alfa><end>1.0</end></relativerisk><relativerisk><age>61</age><sex>1</sex><cat>2</cat><begin>11.19</begin><alfa>0.1447865</alfa><end>1.0</end></relativerisk><relativerisk><age>61</age><sex>1</sex><cat>3</cat><begin>11.19</begin><alfa>0.0</alfa><end>11.19</end></relativerisk><relativerisk><age>62</age><sex>0</sex><cat>1</cat><begin>1.0</begin><alfa>0.0</alfa><end>1.0</end></relativerisk><relativerisk><age>62</age><sex>0</sex><cat>2</cat><begin>13.21</begin><alfa>0.1403852</alfa><end>1.0</end></relativerisk><relativerisk><age>62</age><sex>0</sex><cat>3</cat><begin>13.21</begin><alfa>0.0</alfa><end>13.21</end></relativerisk><relativerisk><age>62</age><sex>1</sex><cat>1</cat><begin>1.0</begin><alfa>0.0</alfa><end>1.0</end></relativerisk><relativerisk><age>62</age><sex>1</sex><cat>2</cat><begin>11.19</begin><alfa>0.1403852</alfa><end>1.0</end></relativerisk><relativerisk><age>62</age><sex>1</sex><cat>3</cat><begin>11.19</begin><alfa>0.0</alfa><end>11.19</end></relativerisk><relativerisk><age>63</age><sex>0</sex><cat>1</cat><begin>1.0</begin><alfa>0.0</alfa><end>1.0</end></relativerisk><relativerisk><age>63</age><sex>0</sex><cat>2</cat><begin>13.21</begin><alfa>0.1361177</alfa><end>1.0</end></relativerisk><relativerisk><age>63</age><sex>0</sex><cat>3</cat><begin>13.21</begin><alfa>0.0</alfa><end>13.21</end></relativerisk><relativerisk><age>63</age><sex>1</sex><cat>1</cat><begin>1.0</begin><alfa>0.0</alfa><end>1.0</end></relativerisk><relativerisk><age>63</age><sex>1</sex><cat>2</cat><begin>11.19</begin><alfa>0.1361177</alfa><end>1.0</end></relativerisk><relativerisk><age>63</age><sex>1</sex><cat>3</cat><begin>11.19</begin><alfa>0.0</alfa><end>11.19</end></relativerisk><relativerisk><age>64</age><sex>0</sex><cat>1</cat><begin>1.0</begin><alfa>0.0</alfa><end>1.0</end></relativerisk><relativerisk><age>64</age><sex>0</sex><cat>2</cat><begin>13.21</begin><alfa>0.13198</alfa><end>1.0</end></relativerisk><relativerisk><age>64</age><sex>0</sex><cat>3</cat><begin>13.21</begin><alfa>0.0</alfa><end>13.21</end></relativerisk><relativerisk><age>64</age><sex>1</sex><cat>1</cat><begin>1.0</begin><alfa>0.0</alfa><end>1.0</end></relativerisk><relativerisk><age>64</age><sex>1</sex><cat>2</cat><begin>11.19</begin><alfa>0.13198</alfa><end>1.0</end></relativerisk><relativerisk><age>64</age><sex>1</sex><cat>3</cat><begin>11.19</begin><alfa>0.0</alfa><end>11.19</end></relativerisk><relativerisk><age>65</age><sex>0</sex><cat>1</cat><begin>1.0</begin><alfa>0.0</alfa><end>1.0</end></relativerisk><relativerisk><age>65</age><sex>0</sex><cat>2</cat><begin>18.93</begin><alfa>0.127968</alfa><end>1.0</end></relativerisk><relativerisk><age>65</age><sex>0</sex><cat>3</cat><begin>18.93</begin><alfa>0.0</alfa><end>18.93</end></relativerisk><relativerisk><age>65</age><sex>1</sex><cat>1</cat><begin>1.0</begin><alfa>0.0</alfa><end>1.0</end></relativerisk><relativerisk><age>65</age><sex>1</sex><cat>2</cat><begin>14.72</begin><alfa>0.127968</alfa><end>1.0</end></relativerisk><relativerisk><age>65</age><sex>1</sex><cat>3</cat><begin>14.72</begin><alfa>0.0</alfa><end>14.72</end></relativerisk><relativerisk><age>66</age><sex>0</sex><cat>1</cat><begin>1.0</begin><alfa>0.0</alfa><end>1.0</end></relativerisk><relativerisk><age>66</age><sex>0</sex><cat>2</cat><begin>18.93</begin><alfa>0.124078</alfa><end>1.0</end></relativerisk><relativerisk><age>66</age><sex>0</sex><cat>3</cat><begin>18.93</begin><alfa>0.0</alfa><end>18.93</end></relativerisk><relativerisk><age>66</age><sex>1</sex><cat>1</cat><begin>1.0</begin><alfa>0.0</alfa><end>1.0</end></relativerisk><relativerisk><age>66</age><sex>1</sex><cat>2</cat><begin>14.72</begin><alfa>0.124078</alfa><end>1.0</end></relativerisk><relativerisk><age>66</age><sex>1</sex><cat>3</cat><begin>14.72</begin><alfa>0.0</alfa><end>14.72</end></relativerisk><relativerisk><age>67</age><sex>0</sex><cat>1</cat><begin>1.0</begin><alfa>0.0</alfa><end>1.0</end></relativerisk><relativerisk><age>67</age><sex>0</sex><cat>2</cat><begin>18.93</begin><alfa>0.1203062</alfa><end>1.0</end></relativerisk><relativerisk><age>67</age><sex>0</sex><cat>3</cat><begin>18.93</begin><alfa>0.0</alfa><end>18.93</end></relativerisk><relativerisk><age>67</age><sex>1</sex><cat>1</cat><begin>1.0</begin><alfa>0.0</alfa><end>1.0</end></relativerisk><relativerisk><age>67</age><sex>1</sex><cat>2</cat><begin>14.72</begin><alfa>0.1203062</alfa><end>1.0</end></relativerisk><relativerisk><age>67</age><sex>1</sex><cat>3</cat><begin>14.72</begin><alfa>0.0</alfa><end>14.72</end></relativerisk><relativerisk><age>68</age><sex>0</sex><cat>1</cat><begin>1.0</begin><alfa>0.0</alfa><end>1.0</end></relativerisk><relativerisk><age>68</age><sex>0</sex><cat>2</cat><begin>18.93</begin><alfa>0.1166491</alfa><end>1.0</end></relativerisk><relativerisk><age>68</age><sex>0</sex><cat>3</cat><begin>18.93</begin><alfa>0.0</alfa><end>18.93</end></relativerisk><relativerisk><age>68</age><sex>1</sex><cat>1</cat><begin>1.0</begin><alfa>0.0</alfa><end>1.0</end></relativerisk><relativerisk><age>68</age><sex>1</sex><cat>2</cat><begin>14.72</begin><alfa>0.1166491</alfa><end>1.0</end></relativerisk><relativerisk><age>68</age><sex>1</sex><cat>3</cat><begin>14.72</begin><alfa>0.0</alfa><end>14.72</end></relativerisk><relativerisk><age>69</age><sex>0</sex><cat>1</cat><begin>1.0</begin><alfa>0.0</alfa><end>1.0</end></relativerisk><relativerisk><age>69</age><sex>0</sex><cat>2</cat><begin>18.93</begin><alfa>0.1131032</alfa><end>1.0</end></relativerisk><relativerisk><age>69</age><sex>0</sex><cat>3</cat><begin>18.93</begin><alfa>0.0</alfa><end>18.93</end></relativerisk><relativerisk><age>69</age><sex>1</sex><cat>1</cat><begin>1.0</begin><alfa>0.0</alfa><end>1.0</end></relativerisk><relativerisk><age>69</age><sex>1</sex><cat>2</cat><begin>14.72</begin><alfa>0.1131032</alfa><end>1.0</end></relativerisk><relativerisk><age>69</age><sex>1</sex><cat>3</cat><begin>14.72</begin><alfa>0.0</alfa><end>14.72</end></relativerisk><relativerisk><age>70</age><sex>0</sex><cat>1</cat><begin>1.0</begin><alfa>0.0</alfa><end>1.0</end></relativerisk><relativerisk><age>70</age><sex>0</sex><cat>2</cat><begin>18.93</begin><alfa>0.109665</alfa><end>1.0</end></relativerisk><relativerisk><age>70</age><sex>0</sex><cat>3</cat><begin>18.93</begin><alfa>0.0</alfa><end>18.93</end></relativerisk><relativerisk><age>70</age><sex>1</sex><cat>1</cat><begin>1.0</begin><alfa>0.0</alfa><end>1.0</end></relativerisk><relativerisk><age>70</age><sex>1</sex><cat>2</cat><begin>14.72</begin><alfa>0.109665</alfa><end>1.0</end></relativerisk><relativerisk><age>70</age><sex>1</sex><cat>3</cat><begin>14.72</begin><alfa>0.0</alfa><end>14.72</end></relativerisk><relativerisk><age>71</age><sex>0</sex><cat>1</cat><begin>1.0</begin><alfa>0.0</alfa><end>1.0</end></relativerisk><relativerisk><age>71</age><sex>0</sex><cat>2</cat><begin>18.93</begin><alfa>0.1063314</alfa><end>1.0</end></relativerisk><relativerisk><age>71</age><sex>0</sex><cat>3</cat><begin>18.93</begin><alfa>0.0</alfa><end>18.93</end></relativerisk><relativerisk><age>71</age><sex>1</sex><cat>1</cat><begin>1.0</begin><alfa>0.0</alfa><end>1.0</end></relativerisk><relativerisk><age>71</age><sex>1</sex><cat>2</cat><begin>14.72</begin><alfa>0.1063314</alfa><end>1.0</end></relativerisk><relativerisk><age>71</age><sex>1</sex><cat>3</cat><begin>14.72</begin><alfa>0.0</alfa><end>14.72</end></relativerisk><relativerisk><age>72</age><sex>0</sex><cat>1</cat><begin>1.0</begin><alfa>0.0</alfa><end>1.0</end></relativerisk><relativerisk><age>72</age><sex>0</sex><cat>2</cat><begin>18.93</begin><alfa>0.1030991</alfa><end>1.0</end></relativerisk><relativerisk><age>72</age><sex>0</sex><cat>3</cat><begin>18.93</begin><alfa>0.0</alfa><end>18.93</end></relativerisk><relativerisk><age>72</age><sex>1</sex><cat>1</cat><begin>1.0</begin><alfa>0.0</alfa><end>1.0</end></relativerisk><relativerisk><age>72</age><sex>1</sex><cat>2</cat><begin>14.72</begin><alfa>0.1030991</alfa><end>1.0</end></relativerisk><relativerisk><age>72</age><sex>1</sex><cat>3</cat><begin>14.72</begin><alfa>0.0</alfa><end>14.72</end></relativerisk><relativerisk><age>73</age><sex>0</sex><cat>1</cat><begin>1.0</begin><alfa>0.0</alfa><end>1.0</end></relativerisk><relativerisk><age>73</age><sex>0</sex><cat>2</cat><begin>18.93</begin><alfa>0.099965</alfa><end>1.0</end></relativerisk><relativerisk><age>73</age><sex>0</sex><cat>3</cat><begin>18.93</begin><alfa>0.0</alfa><end>18.93</end></relativerisk><relativerisk><age>73</age><sex>1</sex><cat>1</cat><begin>1.0</begin><alfa>0.0</alfa><end>1.0</end></relativerisk><relativerisk><age>73</age><sex>1</sex><cat>2</cat><begin>14.72</begin><alfa>0.099965</alfa><end>1.0</end></relativerisk><relativerisk><age>73</age><sex>1</sex><cat>3</cat><begin>14.72</begin><alfa>0.0</alfa><end>14.72</end></relativerisk><relativerisk><age>74</age><sex>0</sex><cat>1</cat><begin>1.0</begin><alfa>0.0</alfa><end>1.0</end></relativerisk><relativerisk><age>74</age><sex>0</sex><cat>2</cat><begin>18.93</begin><alfa>0.0969262</alfa><end>1.0</end></relativerisk><relativerisk><age>74</age><sex>0</sex><cat>3</cat><begin>18.93</begin><alfa>0.0</alfa><end>18.93</end></relativerisk><relativerisk><age>74</age><sex>1</sex><cat>1</cat><begin>1.0</begin><alfa>0.0</alfa><end>1.0</end></relativerisk><relativerisk><age>74</age><sex>1</sex><cat>2</cat><begin>14.72</begin><alfa>0.0969262</alfa><end>1.0</end></relativerisk><relativerisk><age>74</age><sex>1</sex><cat>3</cat><begin>14.72</begin><alfa>0.0</alfa><end>14.72</end></relativerisk><relativerisk><age>75</age><sex>0</sex><cat>1</cat><begin>1.0</begin><alfa>0.0</alfa><end>1.0</end></relativerisk><relativerisk><age>75</age><sex>0</sex><cat>2</cat><begin>18.93</begin><alfa>0.0939798</alfa><end>1.0</end></relativerisk><relativerisk><age>75</age><sex>0</sex><cat>3</cat><begin>18.93</begin><alfa>0.0</alfa><end>18.93</end></relativerisk><relativerisk><age>75</age><sex>1</sex><cat>1</cat><begin>1.0</begin><alfa>0.0</alfa><end>1.0</end></relativerisk><relativerisk><age>75</age><sex>1</sex><cat>2</cat><begin>14.72</begin><alfa>0.0939798</alfa><end>1.0</end></relativerisk><relativerisk><age>75</age><sex>1</sex><cat>3</cat><begin>14.72</begin><alfa>0.0</alfa><end>14.72</end></relativerisk><relativerisk><age>76</age><sex>0</sex><cat>1</cat><begin>1.0</begin><alfa>0.0</alfa><end>1.0</end></relativerisk><relativerisk><age>76</age><sex>0</sex><cat>2</cat><begin>18.93</begin><alfa>0.091123</alfa><end>1.0</end></relativerisk><relativerisk><age>76</age><sex>0</sex><cat>3</cat><begin>18.93</begin><alfa>0.0</alfa><end>18.93</end></relativerisk><relativerisk><age>76</age><sex>1</sex><cat>1</cat><begin>1.0</begin><alfa>0.0</alfa><end>1.0</end></relativerisk><relativerisk><age>76</age><sex>1</sex><cat>2</cat><begin>14.72</begin><alfa>0.091123</alfa><end>1.0</end></relativerisk><relativerisk><age>76</age><sex>1</sex><cat>3</cat><begin>14.72</begin><alfa>0.0</alfa><end>14.72</end></relativerisk><relativerisk><age>77</age><sex>0</sex><cat>1</cat><begin>1.0</begin><alfa>0.0</alfa><end>1.0</end></relativerisk><relativerisk><age>77</age><sex>0</sex><cat>2</cat><begin>18.93</begin><alfa>0.088353</alfa><end>1.0</end></relativerisk><relativerisk><age>77</age><sex>0</sex><cat>3</cat><begin>18.93</begin><alfa>0.0</alfa><end>18.93</end></relativerisk><relativerisk><age>77</age><sex>1</sex><cat>1</cat><begin>1.0</begin><alfa>0.0</alfa><end>1.0</end></relativerisk><relativerisk><age>77</age><sex>1</sex><cat>2</cat><begin>14.72</begin><alfa>0.088353</alfa><end>1.0</end></relativerisk><relativerisk><age>77</age><sex>1</sex><cat>3</cat><begin>14.72</begin><alfa>0.0</alfa><end>14.72</end></relativerisk><relativerisk><age>78</age><sex>0</sex><cat>1</cat><begin>1.0</begin><alfa>0.0</alfa><end>1.0</end></relativerisk><relativerisk><age>78</age><sex>0</sex><cat>2</cat><begin>18.93</begin><alfa>0.0856672</alfa><end>1.0</end></relativerisk><relativerisk><age>78</age><sex>0</sex><cat>3</cat><begin>18.93</begin><alfa>0.0</alfa><end>18.93</end></relativerisk><relativerisk><age>78</age><sex>1</sex><cat>1</cat><begin>1.0</begin><alfa>0.0</alfa><end>1.0</end></relativerisk><relativerisk><age>78</age><sex>1</sex><cat>2</cat><begin>14.72</begin><alfa>0.0856672</alfa><end>1.0</end></relativerisk><relativerisk><age>78</age><sex>1</sex><cat>3</cat><begin>14.72</begin><alfa>0.0</alfa><end>14.72</end></relativerisk><relativerisk><age>79</age><sex>0</sex><cat>1</cat><begin>1.0</begin><alfa>0.0</alfa><end>1.0</end></relativerisk><relativerisk><age>79</age><sex>0</sex><cat>2</cat><begin>18.93</begin><alfa>0.0830631</alfa><end>1.0</end></relativerisk><relativerisk><age>79</age><sex>0</sex><cat>3</cat><begin>18.93</begin><alfa>0.0</alfa><end>18.93</end></relativerisk><relativerisk><age>79</age><sex>1</sex><cat>1</cat><begin>1.0</begin><alfa>0.0</alfa><end>1.0</end></relativerisk><relativerisk><age>79</age><sex>1</sex><cat>2</cat><begin>14.72</begin><alfa>0.0830631</alfa><end>1.0</end></relativerisk><relativerisk><age>79</age><sex>1</sex><cat>3</cat><begin>14.72</begin><alfa>0.0</alfa><end>14.72</end></relativerisk><relativerisk><age>80</age><sex>0</sex><cat>1</cat><begin>1.0</begin><alfa>0.0</alfa><end>1.0</end></relativerisk><relativerisk><age>80</age><sex>0</sex><cat>2</cat><begin>18.93</begin><alfa>0.0805381</alfa><end>1.0</end></relativerisk><relativerisk><age>80</age><sex>0</sex><cat>3</cat><begin>18.93</begin><alfa>0.0</alfa><end>18.93</end></relativerisk><relativerisk><age>80</age><sex>1</sex><cat>1</cat><begin>1.0</begin><alfa>0.0</alfa><end>1.0</end></relativerisk><relativerisk><age>80</age><sex>1</sex><cat>2</cat><begin>14.72</begin><alfa>0.0805381</alfa><end>1.0</end></relativerisk><relativerisk><age>80</age><sex>1</sex><cat>3</cat><begin>14.72</begin><alfa>0.0</alfa><end>14.72</end></relativerisk><relativerisk><age>81</age><sex>0</sex><cat>1</cat><begin>1.0</begin><alfa>0.0</alfa><end>1.0</end></relativerisk><relativerisk><age>81</age><sex>0</sex><cat>2</cat><begin>18.93</begin><alfa>0.0780899</alfa><end>1.0</end></relativerisk><relativerisk><age>81</age><sex>0</sex><cat>3</cat><begin>18.93</begin><alfa>0.0</alfa><end>18.93</end></relativerisk><relativerisk><age>81</age><sex>1</sex><cat>1</cat><begin>1.0</begin><alfa>0.0</alfa><end>1.0</end></relativerisk><relativerisk><age>81</age><sex>1</sex><cat>2</cat><begin>14.72</begin><alfa>0.0780899</alfa><end>1.0</end></relativerisk><relativerisk><age>81</age><sex>1</sex><cat>3</cat><begin>14.72</begin><alfa>0.0</alfa><end>14.72</end></relativerisk><relativerisk><age>82</age><sex>0</sex><cat>1</cat><begin>1.0</begin><alfa>0.0</alfa><end>1.0</end></relativerisk><relativerisk><age>82</age><sex>0</sex><cat>2</cat><begin>18.93</begin><alfa>0.0757161</alfa><end>1.0</end></relativerisk><relativerisk><age>82</age><sex>0</sex><cat>3</cat><begin>18.93</begin><alfa>0.0</alfa><end>18.93</end></relativerisk><relativerisk><age>82</age><sex>1</sex><cat>1</cat><begin>1.0</begin><alfa>0.0</alfa><end>1.0</end></relativerisk><relativerisk><age>82</age><sex>1</sex><cat>2</cat><begin>14.72</begin><alfa>0.0757161</alfa><end>1.0</end></relativerisk><relativerisk><age>82</age><sex>1</sex><cat>3</cat><begin>14.72</begin><alfa>0.0</alfa><end>14.72</end></relativerisk><relativerisk><age>83</age><sex>0</sex><cat>1</cat><begin>1.0</begin><alfa>0.0</alfa><end>1.0</end></relativerisk><relativerisk><age>83</age><sex>0</sex><cat>2</cat><begin>18.93</begin><alfa>0.0734144</alfa><end>1.0</end></relativerisk><relativerisk><age>83</age><sex>0</sex><cat>3</cat><begin>18.93</begin><alfa>0.0</alfa><end>18.93</end></relativerisk><relativerisk><age>83</age><sex>1</sex><cat>1</cat><begin>1.0</begin><alfa>0.0</alfa><end>1.0</end></relativerisk><relativerisk><age>83</age><sex>1</sex><cat>2</cat><begin>14.72</begin><alfa>0.0734144</alfa><end>1.0</end></relativerisk><relativerisk><age>83</age><sex>1</sex><cat>3</cat><begin>14.72</begin><alfa>0.0</alfa><end>14.72</end></relativerisk><relativerisk><age>84</age><sex>0</sex><cat>1</cat><begin>1.0</begin><alfa>0.0</alfa><end>1.0</end></relativerisk><relativerisk><age>84</age><sex>0</sex><cat>2</cat><begin>18.93</begin><alfa>0.0711827</alfa><end>1.0</end></relativerisk><relativerisk><age>84</age><sex>0</sex><cat>3</cat><begin>18.93</begin><alfa>0.0</alfa><end>18.93</end></relativerisk><relativerisk><age>84</age><sex>1</sex><cat>1</cat><begin>1.0</begin><alfa>0.0</alfa><end>1.0</end></relativerisk><relativerisk><age>84</age><sex>1</sex><cat>2</cat><begin>14.72</begin><alfa>0.0711827</alfa><end>1.0</end></relativerisk><relativerisk><age>84</age><sex>1</sex><cat>3</cat><begin>14.72</begin><alfa>0.0</alfa><end>14.72</end></relativerisk><relativerisk><age>85</age><sex>0</sex><cat>1</cat><begin>1.0</begin><alfa>0.0</alfa><end>1.0</end></relativerisk><relativerisk><age>85</age><sex>0</sex><cat>2</cat><begin>18.93</begin><alfa>0.0690189</alfa><end>1.0</end></relativerisk><relativerisk><age>85</age><sex>0</sex><cat>3</cat><begin>18.93</begin><alfa>0.0</alfa><end>18.93</end></relativerisk><relativerisk><age>85</age><sex>1</sex><cat>1</cat><begin>1.0</begin><alfa>0.0</alfa><end>1.0</end></relativerisk><relativerisk><age>85</age><sex>1</sex><cat>2</cat><begin>14.72</begin><alfa>0.0690189</alfa><end>1.0</end></relativerisk><relativerisk><age>85</age><sex>1</sex><cat>3</cat><begin>14.72</begin><alfa>0.0</alfa><end>14.72</end></relativerisk><relativerisk><age>86</age><sex>0</sex><cat>1</cat><begin>1.0</begin><alfa>0.0</alfa><end>1.0</end></relativerisk><relativerisk><age>86</age><sex>0</sex><cat>2</cat><begin>18.93</begin><alfa>0.0669208</alfa><end>1.0</end></relativerisk><relativerisk><age>86</age><sex>0</sex><cat>3</cat><begin>18.93</begin><alfa>0.0</alfa><end>18.93</end></relativerisk><relativerisk><age>86</age><sex>1</sex><cat>1</cat><begin>1.0</begin><alfa>0.0</alfa><end>1.0</end></relativerisk><relativerisk><age>86</age><sex>1</sex><cat>2</cat><begin>14.72</begin><alfa>0.0669208</alfa><end>1.0</end></relativerisk><relativerisk><age>86</age><sex>1</sex><cat>3</cat><begin>14.72</begin><alfa>0.0</alfa><end>14.72</end></relativerisk><relativerisk><age>87</age><sex>0</sex><cat>1</cat><begin>1.0</begin><alfa>0.0</alfa><end>1.0</end></relativerisk><relativerisk><age>87</age><sex>0</sex><cat>2</cat><begin>18.93</begin><alfa>0.0648865</alfa><end>1.0</end></relativerisk><relativerisk><age>87</age><sex>0</sex><cat>3</cat><begin>18.93</begin><alfa>0.0</alfa><end>18.93</end></relativerisk><relativerisk><age>87</age><sex>1</sex><cat>1</cat><begin>1.0</begin><alfa>0.0</alfa><end>1.0</end></relativerisk><relativerisk><age>87</age><sex>1</sex><cat>2</cat><begin>14.72</begin><alfa>0.0648865</alfa><end>1.0</end></relativerisk><relativerisk><age>87</age><sex>1</sex><cat>3</cat><begin>14.72</begin><alfa>0.0</alfa><end>14.72</end></relativerisk><relativerisk><age>88</age><sex>0</sex><cat>1</cat><begin>1.0</begin><alfa>0.0</alfa><end>1.0</end></relativerisk><relativerisk><age>88</age><sex>0</sex><cat>2</cat><begin>18.93</begin><alfa>0.0629141</alfa><end>1.0</end></relativerisk><relativerisk><age>88</age><sex>0</sex><cat>3</cat><begin>18.93</begin><alfa>0.0</alfa><end>18.93</end></relativerisk><relativerisk><age>88</age><sex>1</sex><cat>1</cat><begin>1.0</begin><alfa>0.0</alfa><end>1.0</end></relativerisk><relativerisk><age>88</age><sex>1</sex><cat>2</cat><begin>14.72</begin><alfa>0.0629141</alfa><end>1.0</end></relativerisk><relativerisk><age>88</age><sex>1</sex><cat>3</cat><begin>14.72</begin><alfa>0.0</alfa><end>14.72</end></relativerisk><relativerisk><age>89</age><sex>0</sex><cat>1</cat><begin>1.0</begin><alfa>0.0</alfa><end>1.0</end></relativerisk><relativerisk><age>89</age><sex>0</sex><cat>2</cat><begin>18.93</begin><alfa>0.0610016</alfa><end>1.0</end></relativerisk><relativerisk><age>89</age><sex>0</sex><cat>3</cat><begin>18.93</begin><alfa>0.0</alfa><end>18.93</end></relativerisk><relativerisk><age>89</age><sex>1</sex><cat>1</cat><begin>1.0</begin><alfa>0.0</alfa><end>1.0</end></relativerisk><relativerisk><age>89</age><sex>1</sex><cat>2</cat><begin>14.72</begin><alfa>0.0610016</alfa><end>1.0</end></relativerisk><relativerisk><age>89</age><sex>1</sex><cat>3</cat><begin>14.72</begin><alfa>0.0</alfa><end>14.72</end></relativerisk><relativerisk><age>90</age><sex>0</sex><cat>1</cat><begin>1.0</begin><alfa>0.0</alfa><end>1.0</end></relativerisk><relativerisk><age>90</age><sex>0</sex><cat>2</cat><begin>18.93</begin><alfa>0.0591473</alfa><end>1.0</end></relativerisk><relativerisk><age>90</age><sex>0</sex><cat>3</cat><begin>18.93</begin><alfa>0.0</alfa><end>18.93</end></relativerisk><relativerisk><age>90</age><sex>1</sex><cat>1</cat><begin>1.0</begin><alfa>0.0</alfa><end>1.0</end></relativerisk><relativerisk><age>90</age><sex>1</sex><cat>2</cat><begin>14.72</begin><alfa>0.0591473</alfa><end>1.0</end></relativerisk><relativerisk><age>90</age><sex>1</sex><cat>3</cat><begin>14.72</begin><alfa>0.0</alfa><end>14.72</end></relativerisk><relativerisk><age>91</age><sex>0</sex><cat>1</cat><begin>1.0</begin><alfa>0.0</alfa><end>1.0</end></relativerisk><relativerisk><age>91</age><sex>0</sex><cat>2</cat><begin>18.93</begin><alfa>0.0573493</alfa><end>1.0</end></relativerisk><relativerisk><age>91</age><sex>0</sex><cat>3</cat><begin>18.93</begin><alfa>0.0</alfa><end>18.93</end></relativerisk><relativerisk><age>91</age><sex>1</sex><cat>1</cat><begin>1.0</begin><alfa>0.0</alfa><end>1.0</end></relativerisk><relativerisk><age>91</age><sex>1</sex><cat>2</cat><begin>14.72</begin><alfa>0.0573493</alfa><end>1.0</end></relativerisk><relativerisk><age>91</age><sex>1</sex><cat>3</cat><begin>14.72</begin><alfa>0.0</alfa><end>14.72</end></relativerisk><relativerisk><age>92</age><sex>0</sex><cat>1</cat><begin>1.0</begin><alfa>0.0</alfa><end>1.0</end></relativerisk><relativerisk><age>92</age><sex>0</sex><cat>2</cat><begin>18.93</begin><alfa>0.055606</alfa><end>1.0</end></relativerisk><relativerisk><age>92</age><sex>0</sex><cat>3</cat><begin>18.93</begin><alfa>0.0</alfa><end>18.93</end></relativerisk><relativerisk><age>92</age><sex>1</sex><cat>1</cat><begin>1.0</begin><alfa>0.0</alfa><end>1.0</end></relativerisk><relativerisk><age>92</age><sex>1</sex><cat>2</cat><begin>14.72</begin><alfa>0.055606</alfa><end>1.0</end></relativerisk><relativerisk><age>92</age><sex>1</sex><cat>3</cat><begin>14.72</begin><alfa>0.0</alfa><end>14.72</end></relativerisk><relativerisk><age>93</age><sex>0</sex><cat>1</cat><begin>1.0</begin><alfa>0.0</alfa><end>1.0</end></relativerisk><relativerisk><age>93</age><sex>0</sex><cat>2</cat><begin>18.93</begin><alfa>0.0539156</alfa><end>1.0</end></relativerisk><relativerisk><age>93</age><sex>0</sex><cat>3</cat><begin>18.93</begin><alfa>0.0</alfa><end>18.93</end></relativerisk><relativerisk><age>93</age><sex>1</sex><cat>1</cat><begin>1.0</begin><alfa>0.0</alfa><end>1.0</end></relativerisk><relativerisk><age>93</age><sex>1</sex><cat>2</cat><begin>14.72</begin><alfa>0.0539156</alfa><end>1.0</end></relativerisk><relativerisk><age>93</age><sex>1</sex><cat>3</cat><begin>14.72</begin><alfa>0.0</alfa><end>14.72</end></relativerisk><relativerisk><age>94</age><sex>0</sex><cat>1</cat><begin>1.0</begin><alfa>0.0</alfa><end>1.0</end></relativerisk><relativerisk><age>94</age><sex>0</sex><cat>2</cat><begin>18.93</begin><alfa>0.0522767</alfa><end>1.0</end></relativerisk><relativerisk><age>94</age><sex>0</sex><cat>3</cat><begin>18.93</begin><alfa>0.0</alfa><end>18.93</end></relativerisk><relativerisk><age>94</age><sex>1</sex><cat>1</cat><begin>1.0</begin><alfa>0.0</alfa><end>1.0</end></relativerisk><relativerisk><age>94</age><sex>1</sex><cat>2</cat><begin>14.72</begin><alfa>0.0522767</alfa><end>1.0</end></relativerisk><relativerisk><age>94</age><sex>1</sex><cat>3</cat><begin>14.72</begin><alfa>0.0</alfa><end>14.72</end></relativerisk><relativerisk><age>95</age><sex>0</sex><cat>1</cat><begin>1.0</begin><alfa>0.0</alfa><end>1.0</end></relativerisk><relativerisk><age>95</age><sex>0</sex><cat>2</cat><begin>18.93</begin><alfa>0.0506875</alfa><end>1.0</end></relativerisk><relativerisk><age>95</age><sex>0</sex><cat>3</cat><begin>18.93</begin><alfa>0.0</alfa><end>18.93</end></relativerisk><relativerisk><age>95</age><sex>1</sex><cat>1</cat><begin>1.0</begin><alfa>0.0</alfa><end>1.0</end></relativerisk><relativerisk><age>95</age><sex>1</sex><cat>2</cat><begin>14.72</begin><alfa>0.0506875</alfa><end>1.0</end></relativerisk><relativerisk><age>95</age><sex>1</sex><cat>3</cat><begin>14.72</begin><alfa>0.0</alfa><end>14.72</end></relativerisk></relrisksfromriskfactor_compound>