<?xml version="1.0"?><overalldisability><weight><age>0</age><sex>0</sex><percent>1.954302</percent></weight><weight><age>0</age><sex>1</sex><percent>1.73954</percent></weight><weight><age>1</age><sex>0</sex><percent>2.027396</percent></weight><weight><age>1</age><sex>1</sex><percent>1.826487</percent></weight><weight><age>2</age><sex>0</sex><percent>2.103165</percent></weight><weight><age>2</age><sex>1</sex><percent>1.917696</percent></weight><weight><age>3</age><sex>0</sex><percent>2.181703</percent></weight><weight><age>3</age><sex>1</sex><percent>2.013365</percent></weight><weight><age>4</age><sex>0</sex><percent>2.263105</percent></weight><weight><age>4</age><sex>1</sex><percent>2.113704</percent></weight><weight><age>5</age><sex>0</sex><percent>2.34742</percent></weight><weight><age>5</age><sex>1</sex><percent>2.21887</percent></weight><weight><age>6</age><sex>0</sex><percent>2.434571</percent></weight><weight><age>6</age><sex>1</sex><percent>2.32888</percent></weight><weight><age>7</age><sex>0</sex><percent>2.524445</percent></weight><weight><age>7</age><sex>1</sex><percent>2.4437</percent></weight><weight><age>8</age><sex>0</sex><percent>2.616901</percent></weight><weight><age>8</age><sex>1</sex><percent>2.563259</percent></weight><weight><age>9</age><sex>0</sex><percent>2.711769</percent></weight><weight><age>9</age><sex>1</sex><percent>2.687443</percent></weight><weight><age>10</age><sex>0</sex><percent>2.80885</percent></weight><weight><age>10</age><sex>1</sex><percent>2.816091</percent></weight><weight><age>11</age><sex>0</sex><percent>2.907914</percent></weight><weight><age>11</age><sex>1</sex><percent>2.948992</percent></weight><weight><age>12</age><sex>0</sex><percent>3.008695</percent></weight><weight><age>12</age><sex>1</sex><percent>3.085882</percent></weight><weight><age>13</age><sex>0</sex><percent>3.110896</percent></weight><weight><age>13</age><sex>1</sex><percent>3.226435</percent></weight><weight><age>14</age><sex>0</sex><percent>3.214181</percent></weight><weight><age>14</age><sex>1</sex><percent>3.370265</percent></weight><weight><age>15</age><sex>0</sex><percent>3.31818</percent></weight><weight><age>15</age><sex>1</sex><percent>3.516922</percent></weight><weight><age>16</age><sex>0</sex><percent>3.422486</percent></weight><weight><age>16</age><sex>1</sex><percent>3.665888</percent></weight><weight><age>17</age><sex>0</sex><percent>3.526657</percent></weight><weight><age>17</age><sex>1</sex><percent>3.816576</percent></weight><weight><age>18</age><sex>0</sex><percent>3.630213</percent></weight><weight><age>18</age><sex>1</sex><percent>3.968331</percent></weight><weight><age>19</age><sex>0</sex><percent>3.73264</percent></weight><weight><age>19</age><sex>1</sex><percent>4.120427</percent></weight><weight><age>20</age><sex>0</sex><percent>3.833394</percent></weight><weight><age>20</age><sex>1</sex><percent>4.272071</percent></weight><weight><age>21</age><sex>0</sex><percent>3.931898</percent></weight><weight><age>21</age><sex>1</sex><percent>4.422406</percent></weight><weight><age>22</age><sex>0</sex><percent>4.027548</percent></weight><weight><age>22</age><sex>1</sex><percent>4.57051</percent></weight><weight><age>23</age><sex>0</sex><percent>4.119716</percent></weight><weight><age>23</age><sex>1</sex><percent>4.715408</percent></weight><weight><age>24</age><sex>0</sex><percent>4.207756</percent></weight><weight><age>24</age><sex>1</sex><percent>4.85607</percent></weight><weight><age>25</age><sex>0</sex><percent>4.291006</percent></weight><weight><age>25</age><sex>1</sex><percent>4.991428</percent></weight><weight><age>26</age><sex>0</sex><percent>4.368793</percent></weight><weight><age>26</age><sex>1</sex><percent>5.120376</percent></weight><weight><age>27</age><sex>0</sex><percent>4.440761</percent></weight><weight><age>27</age><sex>1</sex><percent>5.242148</percent></weight><weight><age>28</age><sex>0</sex><percent>4.507523</percent></weight><weight><age>28</age><sex>1</sex><percent>5.35709</percent></weight><weight><age>29</age><sex>0</sex><percent>4.569945</percent></weight><weight><age>29</age><sex>1</sex><percent>5.465859</percent></weight><weight><age>30</age><sex>0</sex><percent>4.628965</percent></weight><weight><age>30</age><sex>1</sex><percent>5.569227</percent></weight><weight><age>31</age><sex>0</sex><percent>4.685584</percent></weight><weight><age>31</age><sex>1</sex><percent>5.668068</percent></weight><weight><age>32</age><sex>0</sex><percent>4.740863</percent></weight><weight><age>32</age><sex>1</sex><percent>5.76335</percent></weight><weight><age>33</age><sex>0</sex><percent>4.795916</percent></weight><weight><age>33</age><sex>1</sex><percent>5.856128</percent></weight><weight><age>34</age><sex>0</sex><percent>4.851907</percent></weight><weight><age>34</age><sex>1</sex><percent>5.947535</percent></weight><weight><age>35</age><sex>0</sex><percent>4.910054</percent></weight><weight><age>35</age><sex>1</sex><percent>6.038783</percent></weight><weight><age>36</age><sex>0</sex><percent>4.97163</percent></weight><weight><age>36</age><sex>1</sex><percent>6.131158</percent></weight><weight><age>37</age><sex>0</sex><percent>5.03797</percent></weight><weight><age>37</age><sex>1</sex><percent>6.226018</percent></weight><weight><age>38</age><sex>0</sex><percent>5.110481</percent></weight><weight><age>38</age><sex>1</sex><percent>6.324803</percent></weight><weight><age>39</age><sex>0</sex><percent>5.190654</percent></weight><weight><age>39</age><sex>1</sex><percent>6.429035</percent></weight><weight><age>40</age><sex>0</sex><percent>5.280084</percent></weight><weight><age>40</age><sex>1</sex><percent>6.540332</percent></weight><weight><age>41</age><sex>0</sex><percent>5.380489</percent></weight><weight><age>41</age><sex>1</sex><percent>6.660416</percent></weight><weight><age>42</age><sex>0</sex><percent>5.493734</percent></weight><weight><age>42</age><sex>1</sex><percent>6.791136</percent></weight><weight><age>43</age><sex>0</sex><percent>5.621868</percent></weight><weight><age>43</age><sex>1</sex><percent>6.934481</percent></weight><weight><age>44</age><sex>0</sex><percent>5.767155</percent></weight><weight><age>44</age><sex>1</sex><percent>7.092612</percent></weight><weight><age>45</age><sex>0</sex><percent>5.932124</percent></weight><weight><age>45</age><sex>1</sex><percent>7.26789</percent></weight><weight><age>46</age><sex>0</sex><percent>6.11962</percent></weight><weight><age>46</age><sex>1</sex><percent>7.462912</percent></weight><weight><age>47</age><sex>0</sex><percent>6.332868</percent></weight><weight><age>47</age><sex>1</sex><percent>7.680554</percent></weight><weight><age>48</age><sex>0</sex><percent>6.575475</percent></weight><weight><age>48</age><sex>1</sex><percent>7.923955</percent></weight><weight><age>49</age><sex>0</sex><percent>6.849868</percent></weight><weight><age>49</age><sex>1</sex><percent>8.195016</percent></weight><weight><age>50</age><sex>0</sex><percent>7.157039</percent></weight><weight><age>50</age><sex>1</sex><percent>8.494194</percent></weight><weight><age>51</age><sex>0</sex><percent>7.497956</percent></weight><weight><age>51</age><sex>1</sex><percent>8.821885</percent></weight><weight><age>52</age><sex>0</sex><percent>7.873593</percent></weight><weight><age>52</age><sex>1</sex><percent>9.178459</percent></weight><weight><age>53</age><sex>0</sex><percent>8.28487</percent></weight><weight><age>53</age><sex>1</sex><percent>9.564223</percent></weight><weight><age>54</age><sex>0</sex><percent>8.732595</percent></weight><weight><age>54</age><sex>1</sex><percent>9.979386</percent></weight><weight><age>55</age><sex>0</sex><percent>9.217406</percent></weight><weight><age>55</age><sex>1</sex><percent>10.424021</percent></weight><weight><age>56</age><sex>0</sex><percent>9.739698</percent></weight><weight><age>56</age><sex>1</sex><percent>10.898028</percent></weight><weight><age>57</age><sex>0</sex><percent>10.299555</percent></weight><weight><age>57</age><sex>1</sex><percent>11.40109</percent></weight><weight><age>58</age><sex>0</sex><percent>10.896674</percent></weight><weight><age>58</age><sex>1</sex><percent>11.932637</percent></weight><weight><age>59</age><sex>0</sex><percent>11.530294</percent></weight><weight><age>59</age><sex>1</sex><percent>12.491805</percent></weight><weight><age>60</age><sex>0</sex><percent>12.19912</percent></weight><weight><age>60</age><sex>1</sex><percent>13.077399</percent></weight><weight><age>61</age><sex>0</sex><percent>12.901253</percent></weight><weight><age>61</age><sex>1</sex><percent>13.687855</percent></weight><weight><age>62</age><sex>0</sex><percent>13.634134</percent></weight><weight><age>62</age><sex>1</sex><percent>14.321214</percent></weight><weight><age>63</age><sex>0</sex><percent>14.394485</percent></weight><weight><age>63</age><sex>1</sex><percent>14.975091</percent></weight><weight><age>64</age><sex>0</sex><percent>15.178278</percent></weight><weight><age>64</age><sex>1</sex><percent>15.64666</percent></weight><weight><age>65</age><sex>0</sex><percent>15.980707</percent></weight><weight><age>65</age><sex>1</sex><percent>16.332636</percent></weight><weight><age>66</age><sex>0</sex><percent>16.79619</percent></weight><weight><age>66</age><sex>1</sex><percent>17.02928</percent></weight><weight><age>67</age><sex>0</sex><percent>17.618383</percent></weight><weight><age>67</age><sex>1</sex><percent>17.732391</percent></weight><weight><age>68</age><sex>0</sex><percent>18.440216</percent></weight><weight><age>68</age><sex>1</sex><percent>18.437342</percent></weight><weight><age>69</age><sex>0</sex><percent>19.253954</percent></weight><weight><age>69</age><sex>1</sex><percent>19.139078</percent></weight><weight><age>70</age><sex>0</sex><percent>20.052107</percent></weight><weight><age>70</age><sex>1</sex><percent>19.832756</percent></weight><weight><age>71</age><sex>0</sex><percent>20.831406</percent></weight><weight><age>71</age><sex>1</sex><percent>20.516466</percent></weight><weight><age>72</age><sex>0</sex><percent>21.590363</percent></weight><weight><age>72</age><sex>1</sex><percent>21.189484</percent></weight><weight><age>73</age><sex>0</sex><percent>22.327843</percent></weight><weight><age>73</age><sex>1</sex><percent>21.851267</percent></weight><weight><age>74</age><sex>0</sex><percent>23.043055</percent></weight><weight><age>74</age><sex>1</sex><percent>22.501444</percent></weight><weight><age>75</age><sex>0</sex><percent>23.735535</percent></weight><weight><age>75</age><sex>1</sex><percent>23.139822</percent></weight><weight><age>76</age><sex>0</sex><percent>24.405136</percent></weight><weight><age>76</age><sex>1</sex><percent>23.76637</percent></weight><weight><age>77</age><sex>0</sex><percent>25.052011</percent></weight><weight><age>77</age><sex>1</sex><percent>24.38122</percent></weight><weight><age>78</age><sex>0</sex><percent>25.676582</percent></weight><weight><age>78</age><sex>1</sex><percent>24.984653</percent></weight><weight><age>79</age><sex>0</sex><percent>26.279537</percent></weight><weight><age>79</age><sex>1</sex><percent>25.577097</percent></weight><weight><age>80</age><sex>0</sex><percent>26.861797</percent></weight><weight><age>80</age><sex>1</sex><percent>26.159113</percent></weight><weight><age>81</age><sex>0</sex><percent>27.424505</percent></weight><weight><age>81</age><sex>1</sex><percent>26.731394</percent></weight><weight><age>82</age><sex>0</sex><percent>27.969</percent></weight><weight><age>82</age><sex>1</sex><percent>27.294752</percent></weight><weight><age>83</age><sex>0</sex><percent>28.496807</percent></weight><weight><age>83</age><sex>1</sex><percent>27.850117</percent></weight><weight><age>84</age><sex>0</sex><percent>29.009617</percent></weight><weight><age>84</age><sex>1</sex><percent>28.398516</percent></weight><weight><age>85</age><sex>0</sex><percent>29.509268</percent></weight><weight><age>85</age><sex>1</sex><percent>28.941086</percent></weight><weight><age>86</age><sex>0</sex><percent>29.997742</percent></weight><weight><age>86</age><sex>1</sex><percent>29.479048</percent></weight><weight><age>87</age><sex>0</sex><percent>30.477139</percent></weight><weight><age>87</age><sex>1</sex><percent>30.013714</percent></weight><weight><age>88</age><sex>0</sex><percent>30.949677</percent></weight><weight><age>88</age><sex>1</sex><percent>30.546476</percent></weight><weight><age>89</age><sex>0</sex><percent>31.41768</percent></weight><weight><age>89</age><sex>1</sex><percent>31.078806</percent></weight><weight><age>90</age><sex>0</sex><percent>31.88357</percent></weight><weight><age>90</age><sex>1</sex><percent>31.612238</percent></weight><weight><age>91</age><sex>0</sex><percent>32.34985</percent></weight><weight><age>91</age><sex>1</sex><percent>32.14838</percent></weight><weight><age>92</age><sex>0</sex><percent>32.818886</percent></weight><weight><age>92</age><sex>1</sex><percent>32.688747</percent></weight><weight><age>93</age><sex>0</sex><percent>33.291367</percent></weight><weight><age>93</age><sex>1</sex><percent>33.23375</percent></weight><weight><age>94</age><sex>0</sex><percent>33.767235</percent></weight><weight><age>94</age><sex>1</sex><percent>33.783276</percent></weight><weight><age>95</age><sex>0</sex><percent>34.246414</percent></weight><weight><age>95</age><sex>1</sex><percent>34.337215</percent></weight></overalldisability>