<?xml version="1.0"?><newborns><sexratio>1.0</sexratio><startingYear>2009</startingYear><amounts><amount><year>2009</year><number>74912</number></amount><amount><year>2010</year><number>74919</number></amount><amount><year>2011</year><number>75043</number></amount><amount><year>2012</year><number>75209</number></amount><amount><year>2013</year><number>75403</number></amount><amount><year>2014</year><number>75588</number></amount><amount><year>2015</year><number>75720</number></amount><amount><year>2016</year><number>75818</number></amount><amount><year>2017</year><number>75849</number></amount><amount><year>2018</year><number>75798</number></amount><amount><year>2019</year><number>75646</number></amount><amount><year>2020</year><number>75397</number></amount><amount><year>2021</year><number>75037</number></amount><amount><year>2022</year><number>74557</number></amount><amount><year>2023</year><number>73974</number></amount><amount><year>2024</year><number>73272</number></amount><amount><year>2025</year><number>72572</number></amount><amount><year>2026</year><number>71807</number></amount><amount><year>2027</year><number>70998</number></amount><amount><year>2028</year><number>70182</number></amount><amount><year>2029</year><number>69381</number></amount><amount><year>2030</year><number>68626</number></amount><amount><year>2031</year><number>67930</number></amount><amount><year>2032</year><number>67291</number></amount><amount><year>2033</year><number>66725</number></amount><amount><year>2034</year><number>66231</number></amount><amount><year>2035</year><number>65789</number></amount><amount><year>2036</year><number>65422</number></amount><amount><year>2037</year><number>65108</number></amount><amount><year>2038</year><number>64841</number></amount></amounts></newborns>