<?xml version="1.0"?>
<populationsize>
<size>
<age>0</age>
<sex>0</sex>
<number>40532</number>
</size>

<size>
<age>0</age>
<sex>1</sex>
<number>38345</number>
</size>

<size>
<age>1</age>
<sex>0</sex>
<number>40450</number>
</size>

<size>
<age>1</age>
<sex>1</sex>
<number>38306</number>
</size>

<size>
<age>2</age>
<sex>0</sex>
<number>41403</number>
</size>

<size>
<age>2</age>
<sex>1</sex>
<number>39504</number>
</size>

<size>
<age>3</age>
<sex>0</sex>
<number>40600</number>
</size>

<size>
<age>3</age>
<sex>1</sex>
<number>37758</number>
</size>

<size>
<age>4</age>
<sex>0</sex>
<number>41615</number>
</size>

<size>
<age>4</age>
<sex>1</sex>
<number>39513</number>
</size>

<size>
<age>5</age>
<sex>0</sex>
<number>41543</number>
</size>

<size>
<age>5</age>
<sex>1</sex>
<number>39581</number>
</size>

<size>
<age>6</age>
<sex>0</sex>
<number>43333</number>
</size>

<size>
<age>6</age>
<sex>1</sex>
<number>41155</number>
</size>

<size>
<age>7</age>
<sex>0</sex>
<number>44618</number>
</size>

<size>
<age>7</age>
<sex>1</sex>
<number>42768</number>
</size>

<size>
<age>8</age>
<sex>0</sex>
<number>46983</number>
</size>

<size>
<age>8</age>
<sex>1</sex>
<number>44730</number>
</size>

<size>
<age>9</age>
<sex>0</sex>
<number>46794</number>
</size>

<size>
<age>9</age>
<sex>1</sex>
<number>44649</number>
</size>

<size>
<age>10</age>
<sex>0</sex>
<number>48512</number>
</size>

<size>
<age>10</age>
<sex>1</sex>
<number>46144</number>
</size>

<size>
<age>11</age>
<sex>0</sex>
<number>49818</number>
</size>

<size>
<age>11</age>
<sex>1</sex>
<number>47629</number>
</size>

<size>
<age>12</age>
<sex>0</sex>
<number>50780</number>
</size>

<size>
<age>12</age>
<sex>1</sex>
<number>47808</number>
</size>

<size>
<age>13</age>
<sex>0</sex>
<number>51197</number>
</size>

<size>
<age>13</age>
<sex>1</sex>
<number>48574</number>
</size>

<size>
<age>14</age>
<sex>0</sex>
<number>50194</number>
</size>

<size>
<age>14</age>
<sex>1</sex>
<number>47714</number>
</size>

<size>
<age>15</age>
<sex>0</sex>
<number>49794</number>
</size>

<size>
<age>15</age>
<sex>1</sex>
<number>47661</number>
</size>

<size>
<age>16</age>
<sex>0</sex>
<number>50334</number>
</size>

<size>
<age>16</age>
<sex>1</sex>
<number>47029</number>
</size>

<size>
<age>17</age>
<sex>0</sex>
<number>49409</number>
</size>

<size>
<age>17</age>
<sex>1</sex>
<number>47067</number>
</size>

<size>
<age>18</age>
<sex>0</sex>
<number>49838</number>
</size>

<size>
<age>18</age>
<sex>1</sex>
<number>47520</number>
</size>

<size>
<age>19</age>
<sex>0</sex>
<number>50528</number>
</size>

<size>
<age>19</age>
<sex>1</sex>
<number>47938</number>
</size>

<size>
<age>20</age>
<sex>0</sex>
<number>51307</number>
</size>

<size>
<age>20</age>
<sex>1</sex>
<number>50081</number>
</size>

<size>
<age>21</age>
<sex>0</sex>
<number>51890</number>
</size>

<size>
<age>21</age>
<sex>1</sex>
<number>50716</number>
</size>

<size>
<age>22</age>
<sex>0</sex>
<number>53785</number>
</size>

<size>
<age>22</age>
<sex>1</sex>
<number>53307</number>
</size>

<size>
<age>23</age>
<sex>0</sex>
<number>54211</number>
</size>

<size>
<age>23</age>
<sex>1</sex>
<number>53429</number>
</size>

<size>
<age>24</age>
<sex>0</sex>
<number>53582</number>
</size>

<size>
<age>24</age>
<sex>1</sex>
<number>52018</number>
</size>

<size>
<age>25</age>
<sex>0</sex>
<number>51126</number>
</size>

<size>
<age>25</age>
<sex>1</sex>
<number>49640</number>
</size>

<size>
<age>26</age>
<sex>0</sex>
<number>50453</number>
</size>

<size>
<age>26</age>
<sex>1</sex>
<number>49255</number>
</size>

<size>
<age>27</age>
<sex>0</sex>
<number>50268</number>
</size>

<size>
<age>27</age>
<sex>1</sex>
<number>49850</number>
</size>

<size>
<age>28</age>
<sex>0</sex>
<number>51392</number>
</size>

<size>
<age>28</age>
<sex>1</sex>
<number>50698</number>
</size>

<size>
<age>29</age>
<sex>0</sex>
<number>53437</number>
</size>

<size>
<age>29</age>
<sex>1</sex>
<number>53241</number>
</size>

<size>
<age>30</age>
<sex>0</sex>
<number>54741</number>
</size>

<size>
<age>30</age>
<sex>1</sex>
<number>55644</number>
</size>

<size>
<age>31</age>
<sex>0</sex>
<number>55286</number>
</size>

<size>
<age>31</age>
<sex>1</sex>
<number>56186</number>
</size>

<size>
<age>32</age>
<sex>0</sex>
<number>59193</number>
</size>

<size>
<age>32</age>
<sex>1</sex>
<number>59785</number>
</size>

<size>
<age>33</age>
<sex>0</sex>
<number>61701</number>
</size>

<size>
<age>33</age>
<sex>1</sex>
<number>62140</number>
</size>

<size>
<age>34</age>
<sex>0</sex>
<number>64064</number>
</size>

<size>
<age>34</age>
<sex>1</sex>
<number>63693</number>
</size>

<size>
<age>35</age>
<sex>0</sex>
<number>68366</number>
</size>

<size>
<age>35</age>
<sex>1</sex>
<number>68013</number>
</size>

<size>
<age>36</age>
<sex>0</sex>
<number>71215</number>
</size>

<size>
<age>36</age>
<sex>1</sex>
<number>69337</number>
</size>

<size>
<age>37</age>
<sex>0</sex>
<number>71507</number>
</size>

<size>
<age>37</age>
<sex>1</sex>
<number>69199</number>
</size>

<size>
<age>38</age>
<sex>0</sex>
<number>71873</number>
</size>

<size>
<age>38</age>
<sex>1</sex>
<number>69891</number>
</size>

<size>
<age>39</age>
<sex>0</sex>
<number>72663</number>
</size>

<size>
<age>39</age>
<sex>1</sex>
<number>70220</number>
</size>

<size>
<age>40</age>
<sex>0</sex>
<number>73045</number>
</size>

<size>
<age>40</age>
<sex>1</sex>
<number>71340</number>
</size>

<size>
<age>41</age>
<sex>0</sex>
<number>72479</number>
</size>

<size>
<age>41</age>
<sex>1</sex>
<number>70922</number>
</size>

<size>
<age>42</age>
<sex>0</sex>
<number>71482</number>
</size>

<size>
<age>42</age>
<sex>1</sex>
<number>69013</number>
</size>

<size>
<age>43</age>
<sex>0</sex>
<number>69747</number>
</size>

<size>
<age>43</age>
<sex>1</sex>
<number>67495</number>
</size>

<size>
<age>44</age>
<sex>0</sex>
<number>66869</number>
</size>

<size>
<age>44</age>
<sex>1</sex>
<number>65183</number>
</size>

<size>
<age>45</age>
<sex>0</sex>
<number>64441</number>
</size>

<size>
<age>45</age>
<sex>1</sex>
<number>63185</number>
</size>

<size>
<age>46</age>
<sex>0</sex>
<number>61258</number>
</size>

<size>
<age>46</age>
<sex>1</sex>
<number>60800</number>
</size>

<size>
<age>47</age>
<sex>0</sex>
<number>60260</number>
</size>

<size>
<age>47</age>
<sex>1</sex>
<number>59545</number>
</size>

<size>
<age>48</age>
<sex>0</sex>
<number>58534</number>
</size>

<size>
<age>48</age>
<sex>1</sex>
<number>59477</number>
</size>

<size>
<age>49</age>
<sex>0</sex>
<number>54684</number>
</size>

<size>
<age>49</age>
<sex>1</sex>
<number>55256</number>
</size>

<size>
<age>50</age>
<sex>0</sex>
<number>51832</number>
</size>

<size>
<age>50</age>
<sex>1</sex>
<number>52895</number>
</size>

<size>
<age>51</age>
<sex>0</sex>
<number>50316</number>
</size>

<size>
<age>51</age>
<sex>1</sex>
<number>51380</number>
</size>

<size>
<age>52</age>
<sex>0</sex>
<number>49992</number>
</size>

<size>
<age>52</age>
<sex>1</sex>
<number>50782</number>
</size>

<size>
<age>53</age>
<sex>0</sex>
<number>47644</number>
</size>

<size>
<age>53</age>
<sex>1</sex>
<number>48756</number>
</size>

<size>
<age>54</age>
<sex>0</sex>
<number>49145</number>
</size>

<size>
<age>54</age>
<sex>1</sex>
<number>50054</number>
</size>

<size>
<age>55</age>
<sex>0</sex>
<number>49531</number>
</size>

<size>
<age>55</age>
<sex>1</sex>
<number>50770</number>
</size>

<size>
<age>56</age>
<sex>0</sex>
<number>50848</number>
</size>

<size>
<age>56</age>
<sex>1</sex>
<number>52711</number>
</size>

<size>
<age>57</age>
<sex>0</sex>
<number>51793</number>
</size>

<size>
<age>57</age>
<sex>1</sex>
<number>53197</number>
</size>

<size>
<age>58</age>
<sex>0</sex>
<number>43033</number>
</size>

<size>
<age>58</age>
<sex>1</sex>
<number>44527</number>
</size>

<size>
<age>59</age>
<sex>0</sex>
<number>34886</number>
</size>

<size>
<age>59</age>
<sex>1</sex>
<number>37205</number>
</size>

<size>
<age>60</age>
<sex>0</sex>
<number>44634</number>
</size>

<size>
<age>60</age>
<sex>1</sex>
<number>48099</number>
</size>

<size>
<age>61</age>
<sex>0</sex>
<number>44010</number>
</size>

<size>
<age>61</age>
<sex>1</sex>
<number>47520</number>
</size>

<size>
<age>62</age>
<sex>0</sex>
<number>43768</number>
</size>

<size>
<age>62</age>
<sex>1</sex>
<number>46942</number>
</size>

<size>
<age>63</age>
<sex>0</sex>
<number>49918</number>
</size>

<size>
<age>63</age>
<sex>1</sex>
<number>54332</number>
</size>

<size>
<age>64</age>
<sex>0</sex>
<number>53106</number>
</size>

<size>
<age>64</age>
<sex>1</sex>
<number>58076</number>
</size>

<size>
<age>65</age>
<sex>0</sex>
<number>50693</number>
</size>

<size>
<age>65</age>
<sex>1</sex>
<number>55951</number>
</size>

<size>
<age>66</age>
<sex>0</sex>
<number>34655</number>
</size>

<size>
<age>66</age>
<sex>1</sex>
<number>38577</number>
</size>

<size>
<age>67</age>
<sex>0</sex>
<number>30922</number>
</size>

<size>
<age>67</age>
<sex>1</sex>
<number>34747</number>
</size>

<size>
<age>68</age>
<sex>0</sex>
<number>29537</number>
</size>

<size>
<age>68</age>
<sex>1</sex>
<number>34326</number>
</size>

<size>
<age>69</age>
<sex>0</sex>
<number>28231</number>
</size>

<size>
<age>69</age>
<sex>1</sex>
<number>33814</number>
</size>

<size>
<age>70</age>
<sex>0</sex>
<number>27674</number>
</size>

<size>
<age>70</age>
<sex>1</sex>
<number>33991</number>
</size>

<size>
<age>71</age>
<sex>0</sex>
<number>27752</number>
</size>

<size>
<age>71</age>
<sex>1</sex>
<number>34528</number>
</size>

<size>
<age>72</age>
<sex>0</sex>
<number>27918</number>
</size>

<size>
<age>72</age>
<sex>1</sex>
<number>35326</number>
</size>

<size>
<age>73</age>
<sex>0</sex>
<number>27091</number>
</size>

<size>
<age>73</age>
<sex>1</sex>
<number>35112</number>
</size>

<size>
<age>74</age>
<sex>0</sex>
<number>27185</number>
</size>

<size>
<age>74</age>
<sex>1</sex>
<number>36030</number>
</size>

<size>
<age>75</age>
<sex>0</sex>
<number>25190</number>
</size>

<size>
<age>75</age>
<sex>1</sex>
<number>34691</number>
</size>

<size>
<age>76</age>
<sex>0</sex>
<number>24078</number>
</size>

<size>
<age>76</age>
<sex>1</sex>
<number>34114</number>
</size>

<size>
<age>77</age>
<sex>0</sex>
<number>21898</number>
</size>

<size>
<age>77</age>
<sex>1</sex>
<number>33172</number>
</size>

<size>
<age>78</age>
<sex>0</sex>
<number>19767</number>
</size>

<size>
<age>78</age>
<sex>1</sex>
<number>34413</number>
</size>

<size>
<age>79</age>
<sex>0</sex>
<number>17905</number>
</size>

<size>
<age>79</age>
<sex>1</sex>
<number>35008</number>
</size>

<size>
<age>80</age>
<sex>0</sex>
<number>15863</number>
</size>

<size>
<age>80</age>
<sex>1</sex>
<number>34088</number>
</size>

<size>
<age>81</age>
<sex>0</sex>
<number>14485</number>
</size>

<size>
<age>81</age>
<sex>1</sex>
<number>33344</number>
</size>

<size>
<age>82</age>
<sex>0</sex>
<number>13467</number>
</size>

<size>
<age>82</age>
<sex>1</sex>
<number>31275</number>
</size>

<size>
<age>83</age>
<sex>0</sex>
<number>11886</number>
</size>

<size>
<age>83</age>
<sex>1</sex>
<number>28914</number>
</size>

<size>
<age>84</age>
<sex>0</sex>
<number>10021</number>
</size>

<size>
<age>84</age>
<sex>1</sex>
<number>25204</number>
</size>

<size>
<age>85</age>
<sex>0</sex>
<number>7024</number>
</size>

<size>
<age>85</age>
<sex>1</sex>
<number>17994</number>
</size>

<size>
<age>86</age>
<sex>0</sex>
<number>4233</number>
</size>

<size>
<age>86</age>
<sex>1</sex>
<number>10733</number>
</size>

<size>
<age>87</age>
<sex>0</sex>
<number>3327</number>
</size>

<size>
<age>87</age>
<sex>1</sex>
<number>9253</number>
</size>

<size>
<age>88</age>
<sex>0</sex>
<number>2905</number>
</size>

<size>
<age>88</age>
<sex>1</sex>
<number>8606</number>
</size>

<size>
<age>89</age>
<sex>0</sex>
<number>2999</number>
</size>

<size>
<age>89</age>
<sex>1</sex>
<number>8956</number>
</size>

<size>
<age>90</age>
<sex>0</sex>
<number>3167</number>
</size>

<size>
<age>90</age>
<sex>1</sex>
<number>9913</number>
</size>

<size>
<age>91</age>
<sex>0</sex>
<number>2477</number>
</size>

<size>
<age>91</age>
<sex>1</sex>
<number>7987</number>
</size>

<size>
<age>92</age>
<sex>0</sex>
<number>2016</number>
</size>

<size>
<age>92</age>
<sex>1</sex>
<number>6690</number>
</size>

<size>
<age>93</age>
<sex>0</sex>
<number>1330</number>
</size>

<size>
<age>93</age>
<sex>1</sex>
<number>4625</number>
</size>

<size>
<age>94</age>
<sex>0</sex>
<number>948</number>
</size>

<size>
<age>94</age>
<sex>1</sex>
<number>3625</number>
</size>

<size>
<age>95</age>
<sex>0</sex>
<number>662</number>
</size>

<size>
<age>95</age>
<sex>1</sex>
<number>2600</number>
</size>

</populationsize>
