<?xml version="1.0"?><diseaseincidences><incidence><age>0</age><sex>0</sex><value>0.0</value></incidence><incidence><age>0</age><sex>1</sex><value>0.0</value></incidence><incidence><age>1</age><sex>0</sex><value>0.0</value></incidence><incidence><age>1</age><sex>1</sex><value>0.0</value></incidence><incidence><age>2</age><sex>0</sex><value>0.0</value></incidence><incidence><age>2</age><sex>1</sex><value>0.0</value></incidence><incidence><age>3</age><sex>0</sex><value>0.0</value></incidence><incidence><age>3</age><sex>1</sex><value>0.0</value></incidence><incidence><age>4</age><sex>0</sex><value>0.0</value></incidence><incidence><age>4</age><sex>1</sex><value>0.0</value></incidence><incidence><age>5</age><sex>0</sex><value>0.0</value></incidence><incidence><age>5</age><sex>1</sex><value>0.0</value></incidence><incidence><age>6</age><sex>0</sex><value>0.0</value></incidence><incidence><age>6</age><sex>1</sex><value>0.0</value></incidence><incidence><age>7</age><sex>0</sex><value>0.0</value></incidence><incidence><age>7</age><sex>1</sex><value>0.0</value></incidence><incidence><age>8</age><sex>0</sex><value>0.0</value></incidence><incidence><age>8</age><sex>1</sex><value>0.0</value></incidence><incidence><age>9</age><sex>0</sex><value>0.0</value></incidence><incidence><age>9</age><sex>1</sex><value>0.0</value></incidence><incidence><age>10</age><sex>0</sex><value>0.0</value></incidence><incidence><age>10</age><sex>1</sex><value>0.0</value></incidence><incidence><age>11</age><sex>0</sex><value>0.0</value></incidence><incidence><age>11</age><sex>1</sex><value>0.0</value></incidence><incidence><age>12</age><sex>0</sex><value>0.0</value></incidence><incidence><age>12</age><sex>1</sex><value>0.0</value></incidence><incidence><age>13</age><sex>0</sex><value>0.0</value></incidence><incidence><age>13</age><sex>1</sex><value>0.0</value></incidence><incidence><age>14</age><sex>0</sex><value>0.0</value></incidence><incidence><age>14</age><sex>1</sex><value>0.0</value></incidence><incidence><age>15</age><sex>0</sex><value>0.0</value></incidence><incidence><age>15</age><sex>1</sex><value>6.0E-7</value></incidence><incidence><age>16</age><sex>0</sex><value>0.0</value></incidence><incidence><age>16</age><sex>1</sex><value>7.0E-7</value></incidence><incidence><age>17</age><sex>0</sex><value>0.0</value></incidence><incidence><age>17</age><sex>1</sex><value>8.0E-7</value></incidence><incidence><age>18</age><sex>0</sex><value>0.0</value></incidence><incidence><age>18</age><sex>1</sex><value>7.0E-7</value></incidence><incidence><age>19</age><sex>0</sex><value>0.0</value></incidence><incidence><age>19</age><sex>1</sex><value>6.0E-7</value></incidence><incidence><age>20</age><sex>0</sex><value>0.0</value></incidence><incidence><age>20</age><sex>1</sex><value>4.0E-7</value></incidence><incidence><age>21</age><sex>0</sex><value>0.0</value></incidence><incidence><age>21</age><sex>1</sex><value>3.0E-7</value></incidence><incidence><age>22</age><sex>0</sex><value>0.0</value></incidence><incidence><age>22</age><sex>1</sex><value>1.0E-7</value></incidence><incidence><age>23</age><sex>0</sex><value>0.0</value></incidence><incidence><age>23</age><sex>1</sex><value>0.0</value></incidence><incidence><age>24</age><sex>0</sex><value>0.0</value></incidence><incidence><age>24</age><sex>1</sex><value>0.0</value></incidence><incidence><age>25</age><sex>0</sex><value>0.0</value></incidence><incidence><age>25</age><sex>1</sex><value>0.0</value></incidence><incidence><age>26</age><sex>0</sex><value>1.0E-7</value></incidence><incidence><age>26</age><sex>1</sex><value>0.0</value></incidence><incidence><age>27</age><sex>0</sex><value>4.0E-7</value></incidence><incidence><age>27</age><sex>1</sex><value>1.0E-7</value></incidence><incidence><age>28</age><sex>0</sex><value>9.0E-7</value></incidence><incidence><age>28</age><sex>1</sex><value>3.0E-7</value></incidence><incidence><age>29</age><sex>0</sex><value>1.6E-6</value></incidence><incidence><age>29</age><sex>1</sex><value>5.0E-7</value></incidence><incidence><age>30</age><sex>0</sex><value>2.3E-6</value></incidence><incidence><age>30</age><sex>1</sex><value>7.0E-7</value></incidence><incidence><age>31</age><sex>0</sex><value>3.1E-6</value></incidence><incidence><age>31</age><sex>1</sex><value>1.0E-6</value></incidence><incidence><age>32</age><sex>0</sex><value>3.8E-6</value></incidence><incidence><age>32</age><sex>1</sex><value>1.1E-6</value></incidence><incidence><age>33</age><sex>0</sex><value>4.5E-6</value></incidence><incidence><age>33</age><sex>1</sex><value>1.3E-6</value></incidence><incidence><age>34</age><sex>0</sex><value>5.3E-6</value></incidence><incidence><age>34</age><sex>1</sex><value>1.4E-6</value></incidence><incidence><age>35</age><sex>0</sex><value>6.6E-6</value></incidence><incidence><age>35</age><sex>1</sex><value>1.6E-6</value></incidence><incidence><age>36</age><sex>0</sex><value>8.6E-6</value></incidence><incidence><age>36</age><sex>1</sex><value>2.1E-6</value></incidence><incidence><age>37</age><sex>0</sex><value>1.16E-5</value></incidence><incidence><age>37</age><sex>1</sex><value>2.7E-6</value></incidence><incidence><age>38</age><sex>0</sex><value>1.57E-5</value></incidence><incidence><age>38</age><sex>1</sex><value>3.7E-6</value></incidence><incidence><age>39</age><sex>0</sex><value>2.09E-5</value></incidence><incidence><age>39</age><sex>1</sex><value>4.9E-6</value></incidence><incidence><age>40</age><sex>0</sex><value>2.69E-5</value></incidence><incidence><age>40</age><sex>1</sex><value>6.1E-6</value></incidence><incidence><age>41</age><sex>0</sex><value>3.36E-5</value></incidence><incidence><age>41</age><sex>1</sex><value>7.2E-6</value></incidence><incidence><age>42</age><sex>0</sex><value>4.08E-5</value></incidence><incidence><age>42</age><sex>1</sex><value>8.1E-6</value></incidence><incidence><age>43</age><sex>0</sex><value>4.84E-5</value></incidence><incidence><age>43</age><sex>1</sex><value>8.7E-6</value></incidence><incidence><age>44</age><sex>0</sex><value>5.64E-5</value></incidence><incidence><age>44</age><sex>1</sex><value>9.1E-6</value></incidence><incidence><age>45</age><sex>0</sex><value>6.5E-5</value></incidence><incidence><age>45</age><sex>1</sex><value>9.7E-6</value></incidence><incidence><age>46</age><sex>0</sex><value>7.45E-5</value></incidence><incidence><age>46</age><sex>1</sex><value>1.08E-5</value></incidence><incidence><age>47</age><sex>0</sex><value>8.49E-5</value></incidence><incidence><age>47</age><sex>1</sex><value>1.25E-5</value></incidence><incidence><age>48</age><sex>0</sex><value>9.64E-5</value></incidence><incidence><age>48</age><sex>1</sex><value>1.51E-5</value></incidence><incidence><age>49</age><sex>0</sex><value>1.09E-4</value></incidence><incidence><age>49</age><sex>1</sex><value>1.84E-5</value></incidence><incidence><age>50</age><sex>0</sex><value>1.22E-4</value></incidence><incidence><age>50</age><sex>1</sex><value>2.22E-5</value></incidence><incidence><age>51</age><sex>0</sex><value>1.35E-4</value></incidence><incidence><age>51</age><sex>1</sex><value>2.63E-5</value></incidence><incidence><age>52</age><sex>0</sex><value>1.49E-4</value></incidence><incidence><age>52</age><sex>1</sex><value>3.06E-5</value></incidence><incidence><age>53</age><sex>0</sex><value>1.62E-4</value></incidence><incidence><age>53</age><sex>1</sex><value>3.48E-5</value></incidence><incidence><age>54</age><sex>0</sex><value>1.75E-4</value></incidence><incidence><age>54</age><sex>1</sex><value>3.86E-5</value></incidence><incidence><age>55</age><sex>0</sex><value>1.87E-4</value></incidence><incidence><age>55</age><sex>1</sex><value>4.2E-5</value></incidence><incidence><age>56</age><sex>0</sex><value>1.98E-4</value></incidence><incidence><age>56</age><sex>1</sex><value>4.47E-5</value></incidence><incidence><age>57</age><sex>0</sex><value>2.07E-4</value></incidence><incidence><age>57</age><sex>1</sex><value>4.64E-5</value></incidence><incidence><age>58</age><sex>0</sex><value>2.14E-4</value></incidence><incidence><age>58</age><sex>1</sex><value>4.72E-5</value></incidence><incidence><age>59</age><sex>0</sex><value>2.2E-4</value></incidence><incidence><age>59</age><sex>1</sex><value>4.73E-5</value></incidence><incidence><age>60</age><sex>0</sex><value>2.27E-4</value></incidence><incidence><age>60</age><sex>1</sex><value>4.71E-5</value></incidence><incidence><age>61</age><sex>0</sex><value>2.35E-4</value></incidence><incidence><age>61</age><sex>1</sex><value>4.72E-5</value></incidence><incidence><age>62</age><sex>0</sex><value>2.46E-4</value></incidence><incidence><age>62</age><sex>1</sex><value>4.8E-5</value></incidence><incidence><age>63</age><sex>0</sex><value>2.6E-4</value></incidence><incidence><age>63</age><sex>1</sex><value>4.98E-5</value></incidence><incidence><age>64</age><sex>0</sex><value>2.77E-4</value></incidence><incidence><age>64</age><sex>1</sex><value>5.25E-5</value></incidence><incidence><age>65</age><sex>0</sex><value>2.96E-4</value></incidence><incidence><age>65</age><sex>1</sex><value>5.61E-5</value></incidence><incidence><age>66</age><sex>0</sex><value>3.14E-4</value></incidence><incidence><age>66</age><sex>1</sex><value>6.05E-5</value></incidence><incidence><age>67</age><sex>0</sex><value>3.32E-4</value></incidence><incidence><age>67</age><sex>1</sex><value>6.54E-5</value></incidence><incidence><age>68</age><sex>0</sex><value>3.48E-4</value></incidence><incidence><age>68</age><sex>1</sex><value>7.08E-5</value></incidence><incidence><age>69</age><sex>0</sex><value>3.62E-4</value></incidence><incidence><age>69</age><sex>1</sex><value>7.65E-5</value></incidence><incidence><age>70</age><sex>0</sex><value>3.73E-4</value></incidence><incidence><age>70</age><sex>1</sex><value>8.22E-5</value></incidence><incidence><age>71</age><sex>0</sex><value>3.84E-4</value></incidence><incidence><age>71</age><sex>1</sex><value>8.78E-5</value></incidence><incidence><age>72</age><sex>0</sex><value>3.92E-4</value></incidence><incidence><age>72</age><sex>1</sex><value>9.32E-5</value></incidence><incidence><age>73</age><sex>0</sex><value>4.0E-4</value></incidence><incidence><age>73</age><sex>1</sex><value>9.81E-5</value></incidence><incidence><age>74</age><sex>0</sex><value>4.07E-4</value></incidence><incidence><age>74</age><sex>1</sex><value>1.03E-4</value></incidence><incidence><age>75</age><sex>0</sex><value>4.12E-4</value></incidence><incidence><age>75</age><sex>1</sex><value>1.08E-4</value></incidence><incidence><age>76</age><sex>0</sex><value>4.18E-4</value></incidence><incidence><age>76</age><sex>1</sex><value>1.14E-4</value></incidence><incidence><age>77</age><sex>0</sex><value>4.23E-4</value></incidence><incidence><age>77</age><sex>1</sex><value>1.2E-4</value></incidence><incidence><age>78</age><sex>0</sex><value>4.28E-4</value></incidence><incidence><age>78</age><sex>1</sex><value>1.28E-4</value></incidence><incidence><age>79</age><sex>0</sex><value>4.33E-4</value></incidence><incidence><age>79</age><sex>1</sex><value>1.37E-4</value></incidence><incidence><age>80</age><sex>0</sex><value>4.38E-4</value></incidence><incidence><age>80</age><sex>1</sex><value>1.45E-4</value></incidence><incidence><age>81</age><sex>0</sex><value>4.44E-4</value></incidence><incidence><age>81</age><sex>1</sex><value>1.54E-4</value></incidence><incidence><age>82</age><sex>0</sex><value>4.5E-4</value></incidence><incidence><age>82</age><sex>1</sex><value>1.61E-4</value></incidence><incidence><age>83</age><sex>0</sex><value>4.56E-4</value></incidence><incidence><age>83</age><sex>1</sex><value>1.67E-4</value></incidence><incidence><age>84</age><sex>0</sex><value>4.62E-4</value></incidence><incidence><age>84</age><sex>1</sex><value>1.72E-4</value></incidence><incidence><age>85</age><sex>0</sex><value>4.68E-4</value></incidence><incidence><age>85</age><sex>1</sex><value>1.76E-4</value></incidence><incidence><age>86</age><sex>0</sex><value>4.73E-4</value></incidence><incidence><age>86</age><sex>1</sex><value>1.79E-4</value></incidence><incidence><age>87</age><sex>0</sex><value>4.79E-4</value></incidence><incidence><age>87</age><sex>1</sex><value>1.82E-4</value></incidence><incidence><age>88</age><sex>0</sex><value>4.83E-4</value></incidence><incidence><age>88</age><sex>1</sex><value>1.84E-4</value></incidence><incidence><age>89</age><sex>0</sex><value>4.86E-4</value></incidence><incidence><age>89</age><sex>1</sex><value>1.85E-4</value></incidence><incidence><age>90</age><sex>0</sex><value>4.88E-4</value></incidence><incidence><age>90</age><sex>1</sex><value>1.86E-4</value></incidence><incidence><age>91</age><sex>0</sex><value>4.88E-4</value></incidence><incidence><age>91</age><sex>1</sex><value>1.86E-4</value></incidence><incidence><age>92</age><sex>0</sex><value>4.87E-4</value></incidence><incidence><age>92</age><sex>1</sex><value>1.86E-4</value></incidence><incidence><age>93</age><sex>0</sex><value>4.83E-4</value></incidence><incidence><age>93</age><sex>1</sex><value>1.84E-4</value></incidence><incidence><age>94</age><sex>0</sex><value>4.78E-4</value></incidence><incidence><age>94</age><sex>1</sex><value>1.82E-4</value></incidence><incidence><age>95</age><sex>0</sex><value>4.61E-4</value></incidence><incidence><age>95</age><sex>1</sex><value>1.75E-4</value></incidence></diseaseincidences>