<?xml version="1.0"?><diseaseincidences><incidence><age>0</age><sex>0</sex><value>0.0</value></incidence><incidence><age>0</age><sex>1</sex><value>0.0</value></incidence><incidence><age>1</age><sex>0</sex><value>0.0</value></incidence><incidence><age>1</age><sex>1</sex><value>0.0</value></incidence><incidence><age>2</age><sex>0</sex><value>0.0</value></incidence><incidence><age>2</age><sex>1</sex><value>0.0</value></incidence><incidence><age>3</age><sex>0</sex><value>0.0</value></incidence><incidence><age>3</age><sex>1</sex><value>0.0</value></incidence><incidence><age>4</age><sex>0</sex><value>0.0</value></incidence><incidence><age>4</age><sex>1</sex><value>0.0</value></incidence><incidence><age>5</age><sex>0</sex><value>0.0</value></incidence><incidence><age>5</age><sex>1</sex><value>0.0</value></incidence><incidence><age>6</age><sex>0</sex><value>0.0</value></incidence><incidence><age>6</age><sex>1</sex><value>0.0</value></incidence><incidence><age>7</age><sex>0</sex><value>0.0</value></incidence><incidence><age>7</age><sex>1</sex><value>0.0</value></incidence><incidence><age>8</age><sex>0</sex><value>0.0</value></incidence><incidence><age>8</age><sex>1</sex><value>0.0</value></incidence><incidence><age>9</age><sex>0</sex><value>0.0</value></incidence><incidence><age>9</age><sex>1</sex><value>0.0</value></incidence><incidence><age>10</age><sex>0</sex><value>0.0</value></incidence><incidence><age>10</age><sex>1</sex><value>0.0</value></incidence><incidence><age>11</age><sex>0</sex><value>0.0</value></incidence><incidence><age>11</age><sex>1</sex><value>0.0</value></incidence><incidence><age>12</age><sex>0</sex><value>0.0</value></incidence><incidence><age>12</age><sex>1</sex><value>0.0</value></incidence><incidence><age>13</age><sex>0</sex><value>0.0</value></incidence><incidence><age>13</age><sex>1</sex><value>0.0</value></incidence><incidence><age>14</age><sex>0</sex><value>0.0</value></incidence><incidence><age>14</age><sex>1</sex><value>0.0</value></incidence><incidence><age>15</age><sex>0</sex><value>4.3E-6</value></incidence><incidence><age>15</age><sex>1</sex><value>3.7E-6</value></incidence><incidence><age>16</age><sex>0</sex><value>4.7E-6</value></incidence><incidence><age>16</age><sex>1</sex><value>3.7E-6</value></incidence><incidence><age>17</age><sex>0</sex><value>4.9E-6</value></incidence><incidence><age>17</age><sex>1</sex><value>3.6E-6</value></incidence><incidence><age>18</age><sex>0</sex><value>4.6E-6</value></incidence><incidence><age>18</age><sex>1</sex><value>3.4E-6</value></incidence><incidence><age>19</age><sex>0</sex><value>4.1E-6</value></incidence><incidence><age>19</age><sex>1</sex><value>3.2E-6</value></incidence><incidence><age>20</age><sex>0</sex><value>3.6E-6</value></incidence><incidence><age>20</age><sex>1</sex><value>2.9E-6</value></incidence><incidence><age>21</age><sex>0</sex><value>3.1E-6</value></incidence><incidence><age>21</age><sex>1</sex><value>2.7E-6</value></incidence><incidence><age>22</age><sex>0</sex><value>3.0E-6</value></incidence><incidence><age>22</age><sex>1</sex><value>2.6E-6</value></incidence><incidence><age>23</age><sex>0</sex><value>3.4E-6</value></incidence><incidence><age>23</age><sex>1</sex><value>2.7E-6</value></incidence><incidence><age>24</age><sex>0</sex><value>4.1E-6</value></incidence><incidence><age>24</age><sex>1</sex><value>3.1E-6</value></incidence><incidence><age>25</age><sex>0</sex><value>5.0E-6</value></incidence><incidence><age>25</age><sex>1</sex><value>3.6E-6</value></incidence><incidence><age>26</age><sex>0</sex><value>5.9E-6</value></incidence><incidence><age>26</age><sex>1</sex><value>4.5E-6</value></incidence><incidence><age>27</age><sex>0</sex><value>6.8E-6</value></incidence><incidence><age>27</age><sex>1</sex><value>5.6E-6</value></incidence><incidence><age>28</age><sex>0</sex><value>7.5E-6</value></incidence><incidence><age>28</age><sex>1</sex><value>7.0E-6</value></incidence><incidence><age>29</age><sex>0</sex><value>8.3E-6</value></incidence><incidence><age>29</age><sex>1</sex><value>8.5E-6</value></incidence><incidence><age>30</age><sex>0</sex><value>9.5E-6</value></incidence><incidence><age>30</age><sex>1</sex><value>9.9E-6</value></incidence><incidence><age>31</age><sex>0</sex><value>1.14E-5</value></incidence><incidence><age>31</age><sex>1</sex><value>1.11E-5</value></incidence><incidence><age>32</age><sex>0</sex><value>1.43E-5</value></incidence><incidence><age>32</age><sex>1</sex><value>1.18E-5</value></incidence><incidence><age>33</age><sex>0</sex><value>1.84E-5</value></incidence><incidence><age>33</age><sex>1</sex><value>1.2E-5</value></incidence><incidence><age>34</age><sex>0</sex><value>2.38E-5</value></incidence><incidence><age>34</age><sex>1</sex><value>1.19E-5</value></incidence><incidence><age>35</age><sex>0</sex><value>3.04E-5</value></incidence><incidence><age>35</age><sex>1</sex><value>1.18E-5</value></incidence><incidence><age>36</age><sex>0</sex><value>3.81E-5</value></incidence><incidence><age>36</age><sex>1</sex><value>1.21E-5</value></incidence><incidence><age>37</age><sex>0</sex><value>4.69E-5</value></incidence><incidence><age>37</age><sex>1</sex><value>1.32E-5</value></incidence><incidence><age>38</age><sex>0</sex><value>5.67E-5</value></incidence><incidence><age>38</age><sex>1</sex><value>1.51E-5</value></incidence><incidence><age>39</age><sex>0</sex><value>6.79E-5</value></incidence><incidence><age>39</age><sex>1</sex><value>1.76E-5</value></incidence><incidence><age>40</age><sex>0</sex><value>8.1E-5</value></incidence><incidence><age>40</age><sex>1</sex><value>2.04E-5</value></incidence><incidence><age>41</age><sex>0</sex><value>9.64E-5</value></incidence><incidence><age>41</age><sex>1</sex><value>2.29E-5</value></incidence><incidence><age>42</age><sex>0</sex><value>1.14E-4</value></incidence><incidence><age>42</age><sex>1</sex><value>2.48E-5</value></incidence><incidence><age>43</age><sex>0</sex><value>1.35E-4</value></incidence><incidence><age>43</age><sex>1</sex><value>2.58E-5</value></incidence><incidence><age>44</age><sex>0</sex><value>1.59E-4</value></incidence><incidence><age>44</age><sex>1</sex><value>2.62E-5</value></incidence><incidence><age>45</age><sex>0</sex><value>1.84E-4</value></incidence><incidence><age>45</age><sex>1</sex><value>2.62E-5</value></incidence><incidence><age>46</age><sex>0</sex><value>2.11E-4</value></incidence><incidence><age>46</age><sex>1</sex><value>2.63E-5</value></incidence><incidence><age>47</age><sex>0</sex><value>2.38E-4</value></incidence><incidence><age>47</age><sex>1</sex><value>2.69E-5</value></incidence><incidence><age>48</age><sex>0</sex><value>2.65E-4</value></incidence><incidence><age>48</age><sex>1</sex><value>2.83E-5</value></incidence><incidence><age>49</age><sex>0</sex><value>2.92E-4</value></incidence><incidence><age>49</age><sex>1</sex><value>3.03E-5</value></incidence><incidence><age>50</age><sex>0</sex><value>3.19E-4</value></incidence><incidence><age>50</age><sex>1</sex><value>3.29E-5</value></incidence><incidence><age>51</age><sex>0</sex><value>3.46E-4</value></incidence><incidence><age>51</age><sex>1</sex><value>3.6E-5</value></incidence><incidence><age>52</age><sex>0</sex><value>3.73E-4</value></incidence><incidence><age>52</age><sex>1</sex><value>3.93E-5</value></incidence><incidence><age>53</age><sex>0</sex><value>3.99E-4</value></incidence><incidence><age>53</age><sex>1</sex><value>4.29E-5</value></incidence><incidence><age>54</age><sex>0</sex><value>4.24E-4</value></incidence><incidence><age>54</age><sex>1</sex><value>4.63E-5</value></incidence><incidence><age>55</age><sex>0</sex><value>4.46E-4</value></incidence><incidence><age>55</age><sex>1</sex><value>4.95E-5</value></incidence><incidence><age>56</age><sex>0</sex><value>4.64E-4</value></incidence><incidence><age>56</age><sex>1</sex><value>5.2E-5</value></incidence><incidence><age>57</age><sex>0</sex><value>4.77E-4</value></incidence><incidence><age>57</age><sex>1</sex><value>5.38E-5</value></incidence><incidence><age>58</age><sex>0</sex><value>4.83E-4</value></incidence><incidence><age>58</age><sex>1</sex><value>5.47E-5</value></incidence><incidence><age>59</age><sex>0</sex><value>4.85E-4</value></incidence><incidence><age>59</age><sex>1</sex><value>5.51E-5</value></incidence><incidence><age>60</age><sex>0</sex><value>4.82E-4</value></incidence><incidence><age>60</age><sex>1</sex><value>5.57E-5</value></incidence><incidence><age>61</age><sex>0</sex><value>4.77E-4</value></incidence><incidence><age>61</age><sex>1</sex><value>5.72E-5</value></incidence><incidence><age>62</age><sex>0</sex><value>4.71E-4</value></incidence><incidence><age>62</age><sex>1</sex><value>6.0E-5</value></incidence><incidence><age>63</age><sex>0</sex><value>4.64E-4</value></incidence><incidence><age>63</age><sex>1</sex><value>6.47E-5</value></incidence><incidence><age>64</age><sex>0</sex><value>4.57E-4</value></incidence><incidence><age>64</age><sex>1</sex><value>7.11E-5</value></incidence><incidence><age>65</age><sex>0</sex><value>4.51E-4</value></incidence><incidence><age>65</age><sex>1</sex><value>7.87E-5</value></incidence><incidence><age>66</age><sex>0</sex><value>4.45E-4</value></incidence><incidence><age>66</age><sex>1</sex><value>8.71E-5</value></incidence><incidence><age>67</age><sex>0</sex><value>4.39E-4</value></incidence><incidence><age>67</age><sex>1</sex><value>9.6E-5</value></incidence><incidence><age>68</age><sex>0</sex><value>4.33E-4</value></incidence><incidence><age>68</age><sex>1</sex><value>1.05E-4</value></incidence><incidence><age>69</age><sex>0</sex><value>4.29E-4</value></incidence><incidence><age>69</age><sex>1</sex><value>1.13E-4</value></incidence><incidence><age>70</age><sex>0</sex><value>4.25E-4</value></incidence><incidence><age>70</age><sex>1</sex><value>1.21E-4</value></incidence><incidence><age>71</age><sex>0</sex><value>4.23E-4</value></incidence><incidence><age>71</age><sex>1</sex><value>1.28E-4</value></incidence><incidence><age>72</age><sex>0</sex><value>4.23E-4</value></incidence><incidence><age>72</age><sex>1</sex><value>1.33E-4</value></incidence><incidence><age>73</age><sex>0</sex><value>4.26E-4</value></incidence><incidence><age>73</age><sex>1</sex><value>1.36E-4</value></incidence><incidence><age>74</age><sex>0</sex><value>4.29E-4</value></incidence><incidence><age>74</age><sex>1</sex><value>1.39E-4</value></incidence><incidence><age>75</age><sex>0</sex><value>4.31E-4</value></incidence><incidence><age>75</age><sex>1</sex><value>1.41E-4</value></incidence><incidence><age>76</age><sex>0</sex><value>4.3E-4</value></incidence><incidence><age>76</age><sex>1</sex><value>1.45E-4</value></incidence><incidence><age>77</age><sex>0</sex><value>4.24E-4</value></incidence><incidence><age>77</age><sex>1</sex><value>1.5E-4</value></incidence><incidence><age>78</age><sex>0</sex><value>4.13E-4</value></incidence><incidence><age>78</age><sex>1</sex><value>1.58E-4</value></incidence><incidence><age>79</age><sex>0</sex><value>4.0E-4</value></incidence><incidence><age>79</age><sex>1</sex><value>1.68E-4</value></incidence><incidence><age>80</age><sex>0</sex><value>3.87E-4</value></incidence><incidence><age>80</age><sex>1</sex><value>1.78E-4</value></incidence><incidence><age>81</age><sex>0</sex><value>3.78E-4</value></incidence><incidence><age>81</age><sex>1</sex><value>1.89E-4</value></incidence><incidence><age>82</age><sex>0</sex><value>3.76E-4</value></incidence><incidence><age>82</age><sex>1</sex><value>1.99E-4</value></incidence><incidence><age>83</age><sex>0</sex><value>3.85E-4</value></incidence><incidence><age>83</age><sex>1</sex><value>2.07E-4</value></incidence><incidence><age>84</age><sex>0</sex><value>4.0E-4</value></incidence><incidence><age>84</age><sex>1</sex><value>2.14E-4</value></incidence><incidence><age>85</age><sex>0</sex><value>4.2E-4</value></incidence><incidence><age>85</age><sex>1</sex><value>2.19E-4</value></incidence><incidence><age>86</age><sex>0</sex><value>4.4E-4</value></incidence><incidence><age>86</age><sex>1</sex><value>2.22E-4</value></incidence><incidence><age>87</age><sex>0</sex><value>4.57E-4</value></incidence><incidence><age>87</age><sex>1</sex><value>2.25E-4</value></incidence><incidence><age>88</age><sex>0</sex><value>4.68E-4</value></incidence><incidence><age>88</age><sex>1</sex><value>2.27E-4</value></incidence><incidence><age>89</age><sex>0</sex><value>4.73E-4</value></incidence><incidence><age>89</age><sex>1</sex><value>2.28E-4</value></incidence><incidence><age>90</age><sex>0</sex><value>4.74E-4</value></incidence><incidence><age>90</age><sex>1</sex><value>2.28E-4</value></incidence><incidence><age>91</age><sex>0</sex><value>4.73E-4</value></incidence><incidence><age>91</age><sex>1</sex><value>2.28E-4</value></incidence><incidence><age>92</age><sex>0</sex><value>4.71E-4</value></incidence><incidence><age>92</age><sex>1</sex><value>2.28E-4</value></incidence><incidence><age>93</age><sex>0</sex><value>4.7E-4</value></incidence><incidence><age>93</age><sex>1</sex><value>2.28E-4</value></incidence><incidence><age>94</age><sex>0</sex><value>4.69E-4</value></incidence><incidence><age>94</age><sex>1</sex><value>2.28E-4</value></incidence><incidence><age>95</age><sex>0</sex><value>4.69E-4</value></incidence><incidence><age>95</age><sex>1</sex><value>2.28E-4</value></incidence></diseaseincidences>