<?xml version="1.0"?><diseaseincidences><incidence><age>0</age><sex>0</sex><value>0.0</value></incidence><incidence><age>0</age><sex>1</sex><value>0.0</value></incidence><incidence><age>1</age><sex>0</sex><value>0.0</value></incidence><incidence><age>1</age><sex>1</sex><value>0.0</value></incidence><incidence><age>2</age><sex>0</sex><value>0.0</value></incidence><incidence><age>2</age><sex>1</sex><value>0.0</value></incidence><incidence><age>3</age><sex>0</sex><value>0.0</value></incidence><incidence><age>3</age><sex>1</sex><value>0.0</value></incidence><incidence><age>4</age><sex>0</sex><value>0.0</value></incidence><incidence><age>4</age><sex>1</sex><value>0.0</value></incidence><incidence><age>5</age><sex>0</sex><value>0.0</value></incidence><incidence><age>5</age><sex>1</sex><value>0.0</value></incidence><incidence><age>6</age><sex>0</sex><value>0.0</value></incidence><incidence><age>6</age><sex>1</sex><value>0.0</value></incidence><incidence><age>7</age><sex>0</sex><value>0.0</value></incidence><incidence><age>7</age><sex>1</sex><value>0.0</value></incidence><incidence><age>8</age><sex>0</sex><value>0.0</value></incidence><incidence><age>8</age><sex>1</sex><value>0.0</value></incidence><incidence><age>9</age><sex>0</sex><value>0.0</value></incidence><incidence><age>9</age><sex>1</sex><value>0.0</value></incidence><incidence><age>10</age><sex>0</sex><value>0.0</value></incidence><incidence><age>10</age><sex>1</sex><value>0.0</value></incidence><incidence><age>11</age><sex>0</sex><value>0.0</value></incidence><incidence><age>11</age><sex>1</sex><value>0.0</value></incidence><incidence><age>12</age><sex>0</sex><value>0.0</value></incidence><incidence><age>12</age><sex>1</sex><value>0.0</value></incidence><incidence><age>13</age><sex>0</sex><value>0.0</value></incidence><incidence><age>13</age><sex>1</sex><value>0.0</value></incidence><incidence><age>14</age><sex>0</sex><value>0.0</value></incidence><incidence><age>14</age><sex>1</sex><value>0.0</value></incidence><incidence><age>15</age><sex>0</sex><value>6.0E-7</value></incidence><incidence><age>15</age><sex>1</sex><value>6.0E-7</value></incidence><incidence><age>16</age><sex>0</sex><value>8.0E-7</value></incidence><incidence><age>16</age><sex>1</sex><value>8.0E-7</value></incidence><incidence><age>17</age><sex>0</sex><value>1.0E-6</value></incidence><incidence><age>17</age><sex>1</sex><value>1.0E-6</value></incidence><incidence><age>18</age><sex>0</sex><value>1.3E-6</value></incidence><incidence><age>18</age><sex>1</sex><value>1.2E-6</value></incidence><incidence><age>19</age><sex>0</sex><value>1.5E-6</value></incidence><incidence><age>19</age><sex>1</sex><value>1.4E-6</value></incidence><incidence><age>20</age><sex>0</sex><value>1.8E-6</value></incidence><incidence><age>20</age><sex>1</sex><value>1.6E-6</value></incidence><incidence><age>21</age><sex>0</sex><value>2.1E-6</value></incidence><incidence><age>21</age><sex>1</sex><value>1.9E-6</value></incidence><incidence><age>22</age><sex>0</sex><value>2.5E-6</value></incidence><incidence><age>22</age><sex>1</sex><value>2.2E-6</value></incidence><incidence><age>23</age><sex>0</sex><value>2.9E-6</value></incidence><incidence><age>23</age><sex>1</sex><value>2.6E-6</value></incidence><incidence><age>24</age><sex>0</sex><value>3.3E-6</value></incidence><incidence><age>24</age><sex>1</sex><value>3.1E-6</value></incidence><incidence><age>25</age><sex>0</sex><value>3.8E-6</value></incidence><incidence><age>25</age><sex>1</sex><value>3.7E-6</value></incidence><incidence><age>26</age><sex>0</sex><value>4.4E-6</value></incidence><incidence><age>26</age><sex>1</sex><value>4.5E-6</value></incidence><incidence><age>27</age><sex>0</sex><value>5.0E-6</value></incidence><incidence><age>27</age><sex>1</sex><value>5.5E-6</value></incidence><incidence><age>28</age><sex>0</sex><value>5.7E-6</value></incidence><incidence><age>28</age><sex>1</sex><value>6.8E-6</value></incidence><incidence><age>29</age><sex>0</sex><value>6.8E-6</value></incidence><incidence><age>29</age><sex>1</sex><value>8.4E-6</value></incidence><incidence><age>30</age><sex>0</sex><value>8.4E-6</value></incidence><incidence><age>30</age><sex>1</sex><value>1.02E-5</value></incidence><incidence><age>31</age><sex>0</sex><value>1.1E-5</value></incidence><incidence><age>31</age><sex>1</sex><value>1.23E-5</value></incidence><incidence><age>32</age><sex>0</sex><value>1.48E-5</value></incidence><incidence><age>32</age><sex>1</sex><value>1.47E-5</value></incidence><incidence><age>33</age><sex>0</sex><value>2.0E-5</value></incidence><incidence><age>33</age><sex>1</sex><value>1.74E-5</value></incidence><incidence><age>34</age><sex>0</sex><value>2.7E-5</value></incidence><incidence><age>34</age><sex>1</sex><value>2.06E-5</value></incidence><incidence><age>35</age><sex>0</sex><value>3.58E-5</value></incidence><incidence><age>35</age><sex>1</sex><value>2.44E-5</value></incidence><incidence><age>36</age><sex>0</sex><value>4.67E-5</value></incidence><incidence><age>36</age><sex>1</sex><value>2.89E-5</value></incidence><incidence><age>37</age><sex>0</sex><value>5.99E-5</value></incidence><incidence><age>37</age><sex>1</sex><value>3.44E-5</value></incidence><incidence><age>38</age><sex>0</sex><value>7.57E-5</value></incidence><incidence><age>38</age><sex>1</sex><value>4.1E-5</value></incidence><incidence><age>39</age><sex>0</sex><value>9.49E-5</value></incidence><incidence><age>39</age><sex>1</sex><value>4.88E-5</value></incidence><incidence><age>40</age><sex>0</sex><value>1.19E-4</value></incidence><incidence><age>40</age><sex>1</sex><value>5.78E-5</value></incidence><incidence><age>41</age><sex>0</sex><value>1.47E-4</value></incidence><incidence><age>41</age><sex>1</sex><value>6.82E-5</value></incidence><incidence><age>42</age><sex>0</sex><value>1.82E-4</value></incidence><incidence><age>42</age><sex>1</sex><value>7.99E-5</value></incidence><incidence><age>43</age><sex>0</sex><value>2.24E-4</value></incidence><incidence><age>43</age><sex>1</sex><value>9.3E-5</value></incidence><incidence><age>44</age><sex>0</sex><value>2.73E-4</value></incidence><incidence><age>44</age><sex>1</sex><value>1.07E-4</value></incidence><incidence><age>45</age><sex>0</sex><value>3.31E-4</value></incidence><incidence><age>45</age><sex>1</sex><value>1.22E-4</value></incidence><incidence><age>46</age><sex>0</sex><value>3.98E-4</value></incidence><incidence><age>46</age><sex>1</sex><value>1.37E-4</value></incidence><incidence><age>47</age><sex>0</sex><value>4.75E-4</value></incidence><incidence><age>47</age><sex>1</sex><value>1.51E-4</value></incidence><incidence><age>48</age><sex>0</sex><value>5.63E-4</value></incidence><incidence><age>48</age><sex>1</sex><value>1.65E-4</value></incidence><incidence><age>49</age><sex>0</sex><value>6.62E-4</value></incidence><incidence><age>49</age><sex>1</sex><value>1.79E-4</value></incidence><incidence><age>50</age><sex>0</sex><value>7.71E-4</value></incidence><incidence><age>50</age><sex>1</sex><value>1.93E-4</value></incidence><incidence><age>51</age><sex>0</sex><value>8.92E-4</value></incidence><incidence><age>51</age><sex>1</sex><value>2.09E-4</value></incidence><incidence><age>52</age><sex>0</sex><value>0.001025</value></incidence><incidence><age>52</age><sex>1</sex><value>2.27E-4</value></incidence><incidence><age>53</age><sex>0</sex><value>0.001169</value></incidence><incidence><age>53</age><sex>1</sex><value>2.48E-4</value></incidence><incidence><age>54</age><sex>0</sex><value>0.001323</value></incidence><incidence><age>54</age><sex>1</sex><value>2.71E-4</value></incidence><incidence><age>55</age><sex>0</sex><value>0.001488</value></incidence><incidence><age>55</age><sex>1</sex><value>2.95E-4</value></incidence><incidence><age>56</age><sex>0</sex><value>0.00166</value></incidence><incidence><age>56</age><sex>1</sex><value>3.18E-4</value></incidence><incidence><age>57</age><sex>0</sex><value>0.00184</value></incidence><incidence><age>57</age><sex>1</sex><value>3.41E-4</value></incidence><incidence><age>58</age><sex>0</sex><value>0.002028</value></incidence><incidence><age>58</age><sex>1</sex><value>3.61E-4</value></incidence><incidence><age>59</age><sex>0</sex><value>0.002228</value></incidence><incidence><age>59</age><sex>1</sex><value>3.8E-4</value></incidence><incidence><age>60</age><sex>0</sex><value>0.002444</value></incidence><incidence><age>60</age><sex>1</sex><value>4.01E-4</value></incidence><incidence><age>61</age><sex>0</sex><value>0.002681</value></incidence><incidence><age>61</age><sex>1</sex><value>4.24E-4</value></incidence><incidence><age>62</age><sex>0</sex><value>0.002946</value></incidence><incidence><age>62</age><sex>1</sex><value>4.52E-4</value></incidence><incidence><age>63</age><sex>0</sex><value>0.003241</value></incidence><incidence><age>63</age><sex>1</sex><value>4.84E-4</value></incidence><incidence><age>64</age><sex>0</sex><value>0.003558</value></incidence><incidence><age>64</age><sex>1</sex><value>5.2E-4</value></incidence><incidence><age>65</age><sex>0</sex><value>0.00389</value></incidence><incidence><age>65</age><sex>1</sex><value>5.56E-4</value></incidence><incidence><age>66</age><sex>0</sex><value>0.004227</value></incidence><incidence><age>66</age><sex>1</sex><value>5.89E-4</value></incidence><incidence><age>67</age><sex>0</sex><value>0.004561</value></incidence><incidence><age>67</age><sex>1</sex><value>6.17E-4</value></incidence><incidence><age>68</age><sex>0</sex><value>0.004884</value></incidence><incidence><age>68</age><sex>1</sex><value>6.37E-4</value></incidence><incidence><age>69</age><sex>0</sex><value>0.005197</value></incidence><incidence><age>69</age><sex>1</sex><value>6.5E-4</value></incidence><incidence><age>70</age><sex>0</sex><value>0.005504</value></incidence><incidence><age>70</age><sex>1</sex><value>6.61E-4</value></incidence><incidence><age>71</age><sex>0</sex><value>0.005807</value></incidence><incidence><age>71</age><sex>1</sex><value>6.7E-4</value></incidence><incidence><age>72</age><sex>0</sex><value>0.006108</value></incidence><incidence><age>72</age><sex>1</sex><value>6.8E-4</value></incidence><incidence><age>73</age><sex>0</sex><value>0.006408</value></incidence><incidence><age>73</age><sex>1</sex><value>6.93E-4</value></incidence><incidence><age>74</age><sex>0</sex><value>0.006697</value></incidence><incidence><age>74</age><sex>1</sex><value>7.07E-4</value></incidence><incidence><age>75</age><sex>0</sex><value>0.006959</value></incidence><incidence><age>75</age><sex>1</sex><value>7.19E-4</value></incidence><incidence><age>76</age><sex>0</sex><value>0.007181</value></incidence><incidence><age>76</age><sex>1</sex><value>7.26E-4</value></incidence><incidence><age>77</age><sex>0</sex><value>0.007349</value></incidence><incidence><age>77</age><sex>1</sex><value>7.26E-4</value></incidence><incidence><age>78</age><sex>0</sex><value>0.007453</value></incidence><incidence><age>78</age><sex>1</sex><value>7.16E-4</value></incidence><incidence><age>79</age><sex>0</sex><value>0.007499</value></incidence><incidence><age>79</age><sex>1</sex><value>7.0E-4</value></incidence><incidence><age>80</age><sex>0</sex><value>0.007496</value></incidence><incidence><age>80</age><sex>1</sex><value>6.79E-4</value></incidence><incidence><age>81</age><sex>0</sex><value>0.007453</value></incidence><incidence><age>81</age><sex>1</sex><value>6.59E-4</value></incidence><incidence><age>82</age><sex>0</sex><value>0.00738</value></incidence><incidence><age>82</age><sex>1</sex><value>6.42E-4</value></incidence><incidence><age>83</age><sex>0</sex><value>0.007286</value></incidence><incidence><age>83</age><sex>1</sex><value>6.3E-4</value></incidence><incidence><age>84</age><sex>0</sex><value>0.007184</value></incidence><incidence><age>84</age><sex>1</sex><value>6.24E-4</value></incidence><incidence><age>85</age><sex>0</sex><value>0.007086</value></incidence><incidence><age>85</age><sex>1</sex><value>6.22E-4</value></incidence><incidence><age>86</age><sex>0</sex><value>0.007005</value></incidence><incidence><age>86</age><sex>1</sex><value>6.24E-4</value></incidence><incidence><age>87</age><sex>0</sex><value>0.006953</value></incidence><incidence><age>87</age><sex>1</sex><value>6.27E-4</value></incidence><incidence><age>88</age><sex>0</sex><value>0.006937</value></incidence><incidence><age>88</age><sex>1</sex><value>6.31E-4</value></incidence><incidence><age>89</age><sex>0</sex><value>0.006942</value></incidence><incidence><age>89</age><sex>1</sex><value>6.34E-4</value></incidence><incidence><age>90</age><sex>0</sex><value>0.006948</value></incidence><incidence><age>90</age><sex>1</sex><value>6.36E-4</value></incidence><incidence><age>91</age><sex>0</sex><value>0.006933</value></incidence><incidence><age>91</age><sex>1</sex><value>6.36E-4</value></incidence><incidence><age>92</age><sex>0</sex><value>0.006877</value></incidence><incidence><age>92</age><sex>1</sex><value>6.32E-4</value></incidence><incidence><age>93</age><sex>0</sex><value>0.006764</value></incidence><incidence><age>93</age><sex>1</sex><value>6.24E-4</value></incidence><incidence><age>94</age><sex>0</sex><value>0.006603</value></incidence><incidence><age>94</age><sex>1</sex><value>6.12E-4</value></incidence><incidence><age>95</age><sex>0</sex><value>0.006095</value></incidence><incidence><age>95</age><sex>1</sex><value>5.72E-4</value></incidence></diseaseincidences>