<?xml version="1.0"?><diseaseincidences><incidence><age>0</age><sex>0</sex><value>0.0</value></incidence><incidence><age>0</age><sex>1</sex><value>0.0</value></incidence><incidence><age>1</age><sex>0</sex><value>0.0</value></incidence><incidence><age>1</age><sex>1</sex><value>0.0</value></incidence><incidence><age>2</age><sex>0</sex><value>0.0</value></incidence><incidence><age>2</age><sex>1</sex><value>0.0</value></incidence><incidence><age>3</age><sex>0</sex><value>0.0</value></incidence><incidence><age>3</age><sex>1</sex><value>0.0</value></incidence><incidence><age>4</age><sex>0</sex><value>0.0</value></incidence><incidence><age>4</age><sex>1</sex><value>0.0</value></incidence><incidence><age>5</age><sex>0</sex><value>0.0</value></incidence><incidence><age>5</age><sex>1</sex><value>0.0</value></incidence><incidence><age>6</age><sex>0</sex><value>0.0</value></incidence><incidence><age>6</age><sex>1</sex><value>0.0</value></incidence><incidence><age>7</age><sex>0</sex><value>0.0</value></incidence><incidence><age>7</age><sex>1</sex><value>0.0</value></incidence><incidence><age>8</age><sex>0</sex><value>0.0</value></incidence><incidence><age>8</age><sex>1</sex><value>0.0</value></incidence><incidence><age>9</age><sex>0</sex><value>0.0</value></incidence><incidence><age>9</age><sex>1</sex><value>0.0</value></incidence><incidence><age>10</age><sex>0</sex><value>0.0</value></incidence><incidence><age>10</age><sex>1</sex><value>0.0</value></incidence><incidence><age>11</age><sex>0</sex><value>0.0</value></incidence><incidence><age>11</age><sex>1</sex><value>0.0</value></incidence><incidence><age>12</age><sex>0</sex><value>0.0</value></incidence><incidence><age>12</age><sex>1</sex><value>0.0</value></incidence><incidence><age>13</age><sex>0</sex><value>0.0</value></incidence><incidence><age>13</age><sex>1</sex><value>0.0</value></incidence><incidence><age>14</age><sex>0</sex><value>0.0</value></incidence><incidence><age>14</age><sex>1</sex><value>0.0</value></incidence><incidence><age>15</age><sex>0</sex><value>0.0</value></incidence><incidence><age>15</age><sex>1</sex><value>0.0</value></incidence><incidence><age>16</age><sex>0</sex><value>0.0</value></incidence><incidence><age>16</age><sex>1</sex><value>0.0</value></incidence><incidence><age>17</age><sex>0</sex><value>0.0</value></incidence><incidence><age>17</age><sex>1</sex><value>0.0</value></incidence><incidence><age>18</age><sex>0</sex><value>0.0</value></incidence><incidence><age>18</age><sex>1</sex><value>0.0</value></incidence><incidence><age>19</age><sex>0</sex><value>0.0</value></incidence><incidence><age>19</age><sex>1</sex><value>0.0</value></incidence><incidence><age>20</age><sex>0</sex><value>0.0</value></incidence><incidence><age>20</age><sex>1</sex><value>0.0</value></incidence><incidence><age>21</age><sex>0</sex><value>0.0</value></incidence><incidence><age>21</age><sex>1</sex><value>0.0</value></incidence><incidence><age>22</age><sex>0</sex><value>0.0</value></incidence><incidence><age>22</age><sex>1</sex><value>0.0</value></incidence><incidence><age>23</age><sex>0</sex><value>0.0</value></incidence><incidence><age>23</age><sex>1</sex><value>0.0</value></incidence><incidence><age>24</age><sex>0</sex><value>0.0</value></incidence><incidence><age>24</age><sex>1</sex><value>0.0</value></incidence><incidence><age>25</age><sex>0</sex><value>0.0</value></incidence><incidence><age>25</age><sex>1</sex><value>0.0</value></incidence><incidence><age>26</age><sex>0</sex><value>0.0</value></incidence><incidence><age>26</age><sex>1</sex><value>0.0</value></incidence><incidence><age>27</age><sex>0</sex><value>0.0</value></incidence><incidence><age>27</age><sex>1</sex><value>0.0</value></incidence><incidence><age>28</age><sex>0</sex><value>0.0</value></incidence><incidence><age>28</age><sex>1</sex><value>0.0</value></incidence><incidence><age>29</age><sex>0</sex><value>0.0</value></incidence><incidence><age>29</age><sex>1</sex><value>0.0</value></incidence><incidence><age>30</age><sex>0</sex><value>0.0</value></incidence><incidence><age>30</age><sex>1</sex><value>0.0</value></incidence><incidence><age>31</age><sex>0</sex><value>0.0</value></incidence><incidence><age>31</age><sex>1</sex><value>0.0</value></incidence><incidence><age>32</age><sex>0</sex><value>0.0</value></incidence><incidence><age>32</age><sex>1</sex><value>0.0</value></incidence><incidence><age>33</age><sex>0</sex><value>0.0</value></incidence><incidence><age>33</age><sex>1</sex><value>0.0</value></incidence><incidence><age>34</age><sex>0</sex><value>0.0</value></incidence><incidence><age>34</age><sex>1</sex><value>0.0</value></incidence><incidence><age>35</age><sex>0</sex><value>2.648E-4</value></incidence><incidence><age>35</age><sex>1</sex><value>1.017E-4</value></incidence><incidence><age>36</age><sex>0</sex><value>3.068E-4</value></incidence><incidence><age>36</age><sex>1</sex><value>1.171E-4</value></incidence><incidence><age>37</age><sex>0</sex><value>3.554E-4</value></incidence><incidence><age>37</age><sex>1</sex><value>1.351E-4</value></incidence><incidence><age>38</age><sex>0</sex><value>4.113E-4</value></incidence><incidence><age>38</age><sex>1</sex><value>1.562E-4</value></incidence><incidence><age>39</age><sex>0</sex><value>4.759E-4</value></incidence><incidence><age>39</age><sex>1</sex><value>1.808E-4</value></incidence><incidence><age>40</age><sex>0</sex><value>5.501E-4</value></incidence><incidence><age>40</age><sex>1</sex><value>2.095E-4</value></incidence><incidence><age>41</age><sex>0</sex><value>6.354E-4</value></incidence><incidence><age>41</age><sex>1</sex><value>2.432E-4</value></incidence><incidence><age>42</age><sex>0</sex><value>7.333E-4</value></incidence><incidence><age>42</age><sex>1</sex><value>2.826E-4</value></incidence><incidence><age>43</age><sex>0</sex><value>8.454E-4</value></incidence><incidence><age>43</age><sex>1</sex><value>3.286E-4</value></incidence><incidence><age>44</age><sex>0</sex><value>9.736E-4</value></incidence><incidence><age>44</age><sex>1</sex><value>3.824E-4</value></incidence><incidence><age>45</age><sex>0</sex><value>0.0011199</value></incidence><incidence><age>45</age><sex>1</sex><value>4.452E-4</value></incidence><incidence><age>46</age><sex>0</sex><value>0.0012865</value></incidence><incidence><age>46</age><sex>1</sex><value>5.185E-4</value></incidence><incidence><age>47</age><sex>0</sex><value>0.001476</value></incidence><incidence><age>47</age><sex>1</sex><value>6.039E-4</value></incidence><incidence><age>48</age><sex>0</sex><value>0.0016909</value></incidence><incidence><age>48</age><sex>1</sex><value>7.033E-4</value></incidence><incidence><age>49</age><sex>0</sex><value>0.001934</value></incidence><incidence><age>49</age><sex>1</sex><value>8.19E-4</value></incidence><incidence><age>50</age><sex>0</sex><value>0.0022086</value></incidence><incidence><age>50</age><sex>1</sex><value>9.532E-4</value></incidence><incidence><age>51</age><sex>0</sex><value>0.0025177</value></incidence><incidence><age>51</age><sex>1</sex><value>0.0011088</value></incidence><incidence><age>52</age><sex>0</sex><value>0.0028648</value></incidence><incidence><age>52</age><sex>1</sex><value>0.0012887</value></incidence><incidence><age>53</age><sex>0</sex><value>0.0032536</value></incidence><incidence><age>53</age><sex>1</sex><value>0.0014964</value></incidence><incidence><age>54</age><sex>0</sex><value>0.0036878</value></incidence><incidence><age>54</age><sex>1</sex><value>0.0017355</value></incidence><incidence><age>55</age><sex>0</sex><value>0.0041711</value></incidence><incidence><age>55</age><sex>1</sex><value>0.0020101</value></incidence><incidence><age>56</age><sex>0</sex><value>0.0047075</value></incidence><incidence><age>56</age><sex>1</sex><value>0.0023246</value></incidence><incidence><age>57</age><sex>0</sex><value>0.0053007</value></incidence><incidence><age>57</age><sex>1</sex><value>0.0026836</value></incidence><incidence><age>58</age><sex>0</sex><value>0.0059545</value></incidence><incidence><age>58</age><sex>1</sex><value>0.0030923</value></incidence><incidence><age>59</age><sex>0</sex><value>0.0066724</value></incidence><incidence><age>59</age><sex>1</sex><value>0.0035557</value></incidence><incidence><age>60</age><sex>0</sex><value>0.0074578</value></incidence><incidence><age>60</age><sex>1</sex><value>0.0040793</value></incidence><incidence><age>61</age><sex>0</sex><value>0.0083136</value></incidence><incidence><age>61</age><sex>1</sex><value>0.0046686</value></incidence><incidence><age>62</age><sex>0</sex><value>0.0092422</value></incidence><incidence><age>62</age><sex>1</sex><value>0.0053289</value></incidence><incidence><age>63</age><sex>0</sex><value>0.0102454</value></incidence><incidence><age>63</age><sex>1</sex><value>0.0060654</value></incidence><incidence><age>64</age><sex>0</sex><value>0.0113244</value></incidence><incidence><age>64</age><sex>1</sex><value>0.0068829</value></incidence><incidence><age>65</age><sex>0</sex><value>0.0124792</value></incidence><incidence><age>65</age><sex>1</sex><value>0.0077857</value></incidence><incidence><age>66</age><sex>0</sex><value>0.0137091</value></incidence><incidence><age>66</age><sex>1</sex><value>0.0087772</value></incidence><incidence><age>67</age><sex>0</sex><value>0.015012</value></incidence><incidence><age>67</age><sex>1</sex><value>0.0098597</value></incidence><incidence><age>68</age><sex>0</sex><value>0.0163847</value></incidence><incidence><age>68</age><sex>1</sex><value>0.0110344</value></incidence><incidence><age>69</age><sex>0</sex><value>0.0178224</value></incidence><incidence><age>69</age><sex>1</sex><value>0.0123005</value></incidence><incidence><age>70</age><sex>0</sex><value>0.019319</value></incidence><incidence><age>70</age><sex>1</sex><value>0.0136555</value></incidence><incidence><age>71</age><sex>0</sex><value>0.0208666</value></incidence><incidence><age>71</age><sex>1</sex><value>0.0150947</value></incidence><incidence><age>72</age><sex>0</sex><value>0.0224557</value></incidence><incidence><age>72</age><sex>1</sex><value>0.0166109</value></incidence><incidence><age>73</age><sex>0</sex><value>0.0240753</value></incidence><incidence><age>73</age><sex>1</sex><value>0.0181942</value></incidence><incidence><age>74</age><sex>0</sex><value>0.0257126</value></incidence><incidence><age>74</age><sex>1</sex><value>0.0198318</value></incidence><incidence><age>75</age><sex>0</sex><value>0.0273532</value></incidence><incidence><age>75</age><sex>1</sex><value>0.0215082</value></incidence><incidence><age>76</age><sex>0</sex><value>0.0289815</value></incidence><incidence><age>76</age><sex>1</sex><value>0.0232046</value></incidence><incidence><age>77</age><sex>0</sex><value>0.0305804</value></incidence><incidence><age>77</age><sex>1</sex><value>0.0248998</value></incidence><incidence><age>78</age><sex>0</sex><value>0.0321317</value></incidence><incidence><age>78</age><sex>1</sex><value>0.0265698</value></incidence><incidence><age>79</age><sex>0</sex><value>0.0336166</value></incidence><incidence><age>79</age><sex>1</sex><value>0.0281884</value></incidence><incidence><age>80</age><sex>0</sex><value>0.0350157</value></incidence><incidence><age>80</age><sex>1</sex><value>0.0297277</value></incidence><incidence><age>81</age><sex>0</sex><value>0.0363097</value></incidence><incidence><age>81</age><sex>1</sex><value>0.0311589</value></incidence><incidence><age>82</age><sex>0</sex><value>0.0374792</value></incidence><incidence><age>82</age><sex>1</sex><value>0.0324529</value></incidence><incidence><age>83</age><sex>0</sex><value>0.038506</value></incidence><incidence><age>83</age><sex>1</sex><value>0.0335809</value></incidence><incidence><age>84</age><sex>0</sex><value>0.0393728</value></incidence><incidence><age>84</age><sex>1</sex><value>0.0345161</value></incidence><incidence><age>85</age><sex>0</sex><value>0.0400638</value></incidence><incidence><age>85</age><sex>1</sex><value>0.0352338</value></incidence><incidence><age>86</age><sex>0</sex><value>0.0405657</value></incidence><incidence><age>86</age><sex>1</sex><value>0.035713</value></incidence><incidence><age>87</age><sex>0</sex><value>0.0408672</value></incidence><incidence><age>87</age><sex>1</sex><value>0.0359369</value></incidence><incidence><age>88</age><sex>0</sex><value>0.0409601</value></incidence><incidence><age>88</age><sex>1</sex><value>0.0358942</value></incidence><incidence><age>89</age><sex>0</sex><value>0.0408391</value></incidence><incidence><age>89</age><sex>1</sex><value>0.0355792</value></incidence><incidence><age>90</age><sex>0</sex><value>0.0405024</value></incidence><incidence><age>90</age><sex>1</sex><value>0.0349926</value></incidence><incidence><age>91</age><sex>0</sex><value>0.0399518</value></incidence><incidence><age>91</age><sex>1</sex><value>0.0341416</value></incidence><incidence><age>92</age><sex>0</sex><value>0.0391923</value></incidence><incidence><age>92</age><sex>1</sex><value>0.0330399</value></incidence><incidence><age>93</age><sex>0</sex><value>0.0382327</value></incidence><incidence><age>93</age><sex>1</sex><value>0.0317075</value></incidence><incidence><age>94</age><sex>0</sex><value>0.0370851</value></incidence><incidence><age>94</age><sex>1</sex><value>0.0301697</value></incidence><incidence><age>95</age><sex>0</sex><value>0.0357646</value></incidence><incidence><age>95</age><sex>1</sex><value>0.028457</value></incidence></diseaseincidences>