<?xml version="1.0"?><riskfactorprevalences_continuous><distributiontype>Normal</distributiontype><prevalences><prevalence><age>0</age><sex>0</sex><mean>15.67</mean><standarddeviation>0.0</standarddeviation><skewness>0.0</skewness></prevalence><prevalence><age>0</age><sex>1</sex><mean>15.43</mean><standarddeviation>0.0</standarddeviation><skewness>0.0</skewness></prevalence><prevalence><age>1</age><sex>0</sex><mean>15.67</mean><standarddeviation>0.0</standarddeviation><skewness>0.0</skewness></prevalence><prevalence><age>1</age><sex>1</sex><mean>15.43</mean><standarddeviation>0.0</standarddeviation><skewness>0.0</skewness></prevalence><prevalence><age>2</age><sex>0</sex><mean>15.67</mean><standarddeviation>0.0</standarddeviation><skewness>0.0</skewness></prevalence><prevalence><age>2</age><sex>1</sex><mean>15.43</mean><standarddeviation>0.0</standarddeviation><skewness>0.0</skewness></prevalence><prevalence><age>3</age><sex>0</sex><mean>15.67</mean><standarddeviation>0.0</standarddeviation><skewness>0.0</skewness></prevalence><prevalence><age>3</age><sex>1</sex><mean>15.43</mean><standarddeviation>0.0</standarddeviation><skewness>0.0</skewness></prevalence><prevalence><age>4</age><sex>0</sex><mean>15.67</mean><standarddeviation>0.0</standarddeviation><skewness>0.0</skewness></prevalence><prevalence><age>4</age><sex>1</sex><mean>15.43</mean><standarddeviation>0.0</standarddeviation><skewness>0.0</skewness></prevalence><prevalence><age>5</age><sex>0</sex><mean>15.67</mean><standarddeviation>1.81</standarddeviation><skewness>0.0</skewness></prevalence><prevalence><age>5</age><sex>1</sex><mean>15.43</mean><standarddeviation>1.76</standarddeviation><skewness>0.0</skewness></prevalence><prevalence><age>6</age><sex>0</sex><mean>16.0</mean><standarddeviation>1.98</standarddeviation><skewness>0.0</skewness></prevalence><prevalence><age>6</age><sex>1</sex><mean>15.9</mean><standarddeviation>2.12</standarddeviation><skewness>0.0</skewness></prevalence><prevalence><age>7</age><sex>0</sex><mean>16.31</mean><standarddeviation>2.15</standarddeviation><skewness>0.0</skewness></prevalence><prevalence><age>7</age><sex>1</sex><mean>16.29</mean><standarddeviation>2.29</standarddeviation><skewness>0.0</skewness></prevalence><prevalence><age>8</age><sex>0</sex><mean>16.93</mean><standarddeviation>2.32</standarddeviation><skewness>0.0</skewness></prevalence><prevalence><age>8</age><sex>1</sex><mean>16.69</mean><standarddeviation>2.42</standarddeviation><skewness>0.0</skewness></prevalence><prevalence><age>9</age><sex>0</sex><mean>17.27</mean><standarddeviation>2.69</standarddeviation><skewness>0.0</skewness></prevalence><prevalence><age>9</age><sex>1</sex><mean>17.06</mean><standarddeviation>2.56</standarddeviation><skewness>0.0</skewness></prevalence><prevalence><age>10</age><sex>0</sex><mean>17.91</mean><standarddeviation>2.83</standarddeviation><skewness>0.0</skewness></prevalence><prevalence><age>10</age><sex>1</sex><mean>17.76</mean><standarddeviation>2.81</standarddeviation><skewness>0.0</skewness></prevalence><prevalence><age>11</age><sex>0</sex><mean>18.34</mean><standarddeviation>2.98</standarddeviation><skewness>0.0</skewness></prevalence><prevalence><age>11</age><sex>1</sex><mean>18.25</mean><standarddeviation>2.98</standarddeviation><skewness>0.0</skewness></prevalence><prevalence><age>12</age><sex>0</sex><mean>18.94</mean><standarddeviation>2.97</standarddeviation><skewness>0.0</skewness></prevalence><prevalence><age>12</age><sex>1</sex><mean>18.9</mean><standarddeviation>2.92</standarddeviation><skewness>0.0</skewness></prevalence><prevalence><age>13</age><sex>0</sex><mean>19.37</mean><standarddeviation>2.9</standarddeviation><skewness>0.0</skewness></prevalence><prevalence><age>13</age><sex>1</sex><mean>19.47</mean><standarddeviation>2.87</standarddeviation><skewness>0.0</skewness></prevalence><prevalence><age>14</age><sex>0</sex><mean>19.98</mean><standarddeviation>2.73</standarddeviation><skewness>0.0</skewness></prevalence><prevalence><age>14</age><sex>1</sex><mean>20.12</mean><standarddeviation>2.78</standarddeviation><skewness>0.0</skewness></prevalence><prevalence><age>15</age><sex>0</sex><mean>20.62</mean><standarddeviation>2.48</standarddeviation><skewness>0.0</skewness></prevalence><prevalence><age>15</age><sex>1</sex><mean>20.54</mean><standarddeviation>2.54</standarddeviation><skewness>0.0</skewness></prevalence><prevalence><age>16</age><sex>0</sex><mean>21.07</mean><standarddeviation>2.76</standarddeviation><skewness>0.0</skewness></prevalence><prevalence><age>16</age><sex>1</sex><mean>20.84</mean><standarddeviation>2.58</standarddeviation><skewness>0.0</skewness></prevalence><prevalence><age>17</age><sex>0</sex><mean>21.55</mean><standarddeviation>2.77</standarddeviation><skewness>0.0</skewness></prevalence><prevalence><age>17</age><sex>1</sex><mean>21.07</mean><standarddeviation>2.56</standarddeviation><skewness>0.0</skewness></prevalence><prevalence><age>18</age><sex>0</sex><mean>22.5</mean><standarddeviation>2.9</standarddeviation><skewness>0.0</skewness></prevalence><prevalence><age>18</age><sex>1</sex><mean>22.0</mean><standarddeviation>4.5</standarddeviation><skewness>0.0</skewness></prevalence><prevalence><age>19</age><sex>0</sex><mean>22.5</mean><standarddeviation>2.9</standarddeviation><skewness>0.0</skewness></prevalence><prevalence><age>19</age><sex>1</sex><mean>22.0</mean><standarddeviation>4.5</standarddeviation><skewness>0.0</skewness></prevalence><prevalence><age>20</age><sex>0</sex><mean>23.0</mean><standarddeviation>3.3</standarddeviation><skewness>0.0</skewness></prevalence><prevalence><age>20</age><sex>1</sex><mean>22.1</mean><standarddeviation>4.2</standarddeviation><skewness>0.0</skewness></prevalence><prevalence><age>21</age><sex>0</sex><mean>23.5</mean><standarddeviation>3.3</standarddeviation><skewness>0.0</skewness></prevalence><prevalence><age>21</age><sex>1</sex><mean>22.3</mean><standarddeviation>4.2</standarddeviation><skewness>0.0</skewness></prevalence><prevalence><age>22</age><sex>0</sex><mean>24.0</mean><standarddeviation>3.3</standarddeviation><skewness>0.0</skewness></prevalence><prevalence><age>22</age><sex>1</sex><mean>22.5</mean><standarddeviation>4.2</standarddeviation><skewness>0.0</skewness></prevalence><prevalence><age>23</age><sex>0</sex><mean>24.5</mean><standarddeviation>3.3</standarddeviation><skewness>0.0</skewness></prevalence><prevalence><age>23</age><sex>1</sex><mean>22.7</mean><standarddeviation>4.2</standarddeviation><skewness>0.0</skewness></prevalence><prevalence><age>24</age><sex>0</sex><mean>25.0</mean><standarddeviation>3.3</standarddeviation><skewness>0.0</skewness></prevalence><prevalence><age>24</age><sex>1</sex><mean>23.0</mean><standarddeviation>4.2</standarddeviation><skewness>0.0</skewness></prevalence><prevalence><age>25</age><sex>0</sex><mean>25.5</mean><standarddeviation>4.4</standarddeviation><skewness>0.0</skewness></prevalence><prevalence><age>25</age><sex>1</sex><mean>23.5</mean><standarddeviation>4.5</standarddeviation><skewness>0.0</skewness></prevalence><prevalence><age>26</age><sex>0</sex><mean>25.7</mean><standarddeviation>4.4</standarddeviation><skewness>0.0</skewness></prevalence><prevalence><age>26</age><sex>1</sex><mean>23.8</mean><standarddeviation>4.5</standarddeviation><skewness>0.0</skewness></prevalence><prevalence><age>27</age><sex>0</sex><mean>25.9</mean><standarddeviation>4.4</standarddeviation><skewness>0.0</skewness></prevalence><prevalence><age>27</age><sex>1</sex><mean>24.0</mean><standarddeviation>4.5</standarddeviation><skewness>0.0</skewness></prevalence><prevalence><age>28</age><sex>0</sex><mean>26.1</mean><standarddeviation>4.4</standarddeviation><skewness>0.0</skewness></prevalence><prevalence><age>28</age><sex>1</sex><mean>24.2</mean><standarddeviation>4.5</standarddeviation><skewness>0.0</skewness></prevalence><prevalence><age>29</age><sex>0</sex><mean>26.2</mean><standarddeviation>4.4</standarddeviation><skewness>0.0</skewness></prevalence><prevalence><age>29</age><sex>1</sex><mean>24.3</mean><standarddeviation>4.5</standarddeviation><skewness>0.0</skewness></prevalence><prevalence><age>30</age><sex>0</sex><mean>26.3</mean><standarddeviation>4.4</standarddeviation><skewness>0.0</skewness></prevalence><prevalence><age>30</age><sex>1</sex><mean>24.5</mean><standarddeviation>4.5</standarddeviation><skewness>0.0</skewness></prevalence><prevalence><age>31</age><sex>0</sex><mean>26.4</mean><standarddeviation>4.4</standarddeviation><skewness>0.0</skewness></prevalence><prevalence><age>31</age><sex>1</sex><mean>24.6</mean><standarddeviation>4.5</standarddeviation><skewness>0.0</skewness></prevalence><prevalence><age>32</age><sex>0</sex><mean>26.5</mean><standarddeviation>4.4</standarddeviation><skewness>0.0</skewness></prevalence><prevalence><age>32</age><sex>1</sex><mean>24.7</mean><standarddeviation>4.5</standarddeviation><skewness>0.0</skewness></prevalence><prevalence><age>33</age><sex>0</sex><mean>26.5</mean><standarddeviation>4.4</standarddeviation><skewness>0.0</skewness></prevalence><prevalence><age>33</age><sex>1</sex><mean>24.9</mean><standarddeviation>4.5</standarddeviation><skewness>0.0</skewness></prevalence><prevalence><age>34</age><sex>0</sex><mean>26.6</mean><standarddeviation>4.4</standarddeviation><skewness>0.0</skewness></prevalence><prevalence><age>34</age><sex>1</sex><mean>25.0</mean><standarddeviation>4.5</standarddeviation><skewness>0.0</skewness></prevalence><prevalence><age>35</age><sex>0</sex><mean>26.6</mean><standarddeviation>3.5</standarddeviation><skewness>0.0</skewness></prevalence><prevalence><age>35</age><sex>1</sex><mean>25.1</mean><standarddeviation>4.9</standarddeviation><skewness>0.0</skewness></prevalence><prevalence><age>36</age><sex>0</sex><mean>26.7</mean><standarddeviation>3.5</standarddeviation><skewness>0.0</skewness></prevalence><prevalence><age>36</age><sex>1</sex><mean>25.1</mean><standarddeviation>4.9</standarddeviation><skewness>0.0</skewness></prevalence><prevalence><age>37</age><sex>0</sex><mean>26.7</mean><standarddeviation>3.5</standarddeviation><skewness>0.0</skewness></prevalence><prevalence><age>37</age><sex>1</sex><mean>25.2</mean><standarddeviation>4.9</standarddeviation><skewness>0.0</skewness></prevalence><prevalence><age>38</age><sex>0</sex><mean>26.7</mean><standarddeviation>3.5</standarddeviation><skewness>0.0</skewness></prevalence><prevalence><age>38</age><sex>1</sex><mean>25.3</mean><standarddeviation>4.9</standarddeviation><skewness>0.0</skewness></prevalence><prevalence><age>39</age><sex>0</sex><mean>26.8</mean><standarddeviation>3.5</standarddeviation><skewness>0.0</skewness></prevalence><prevalence><age>39</age><sex>1</sex><mean>25.3</mean><standarddeviation>4.9</standarddeviation><skewness>0.0</skewness></prevalence><prevalence><age>40</age><sex>0</sex><mean>26.8</mean><standarddeviation>3.5</standarddeviation><skewness>0.0</skewness></prevalence><prevalence><age>40</age><sex>1</sex><mean>25.4</mean><standarddeviation>4.9</standarddeviation><skewness>0.0</skewness></prevalence><prevalence><age>41</age><sex>0</sex><mean>26.8</mean><standarddeviation>3.5</standarddeviation><skewness>0.0</skewness></prevalence><prevalence><age>41</age><sex>1</sex><mean>25.6</mean><standarddeviation>4.9</standarddeviation><skewness>0.0</skewness></prevalence><prevalence><age>42</age><sex>0</sex><mean>26.9</mean><standarddeviation>3.5</standarddeviation><skewness>0.0</skewness></prevalence><prevalence><age>42</age><sex>1</sex><mean>25.8</mean><standarddeviation>4.9</standarddeviation><skewness>0.0</skewness></prevalence><prevalence><age>43</age><sex>0</sex><mean>26.9</mean><standarddeviation>3.5</standarddeviation><skewness>0.0</skewness></prevalence><prevalence><age>43</age><sex>1</sex><mean>25.9</mean><standarddeviation>4.9</standarddeviation><skewness>0.0</skewness></prevalence><prevalence><age>44</age><sex>0</sex><mean>27.0</mean><standarddeviation>3.5</standarddeviation><skewness>0.0</skewness></prevalence><prevalence><age>44</age><sex>1</sex><mean>26.0</mean><standarddeviation>4.9</standarddeviation><skewness>0.0</skewness></prevalence><prevalence><age>45</age><sex>0</sex><mean>27.4</mean><standarddeviation>4.4</standarddeviation><skewness>0.0</skewness></prevalence><prevalence><age>45</age><sex>1</sex><mean>26.0</mean><standarddeviation>5.1</standarddeviation><skewness>0.0</skewness></prevalence><prevalence><age>46</age><sex>0</sex><mean>27.6</mean><standarddeviation>4.4</standarddeviation><skewness>0.0</skewness></prevalence><prevalence><age>46</age><sex>1</sex><mean>26.2</mean><standarddeviation>5.1</standarddeviation><skewness>0.0</skewness></prevalence><prevalence><age>47</age><sex>0</sex><mean>27.7</mean><standarddeviation>4.4</standarddeviation><skewness>0.0</skewness></prevalence><prevalence><age>47</age><sex>1</sex><mean>26.3</mean><standarddeviation>5.1</standarddeviation><skewness>0.0</skewness></prevalence><prevalence><age>48</age><sex>0</sex><mean>27.9</mean><standarddeviation>4.4</standarddeviation><skewness>0.0</skewness></prevalence><prevalence><age>48</age><sex>1</sex><mean>26.4</mean><standarddeviation>5.1</standarddeviation><skewness>0.0</skewness></prevalence><prevalence><age>49</age><sex>0</sex><mean>27.9</mean><standarddeviation>4.4</standarddeviation><skewness>0.0</skewness></prevalence><prevalence><age>49</age><sex>1</sex><mean>26.5</mean><standarddeviation>5.1</standarddeviation><skewness>0.0</skewness></prevalence><prevalence><age>50</age><sex>0</sex><mean>28.1</mean><standarddeviation>4.4</standarddeviation><skewness>0.0</skewness></prevalence><prevalence><age>50</age><sex>1</sex><mean>26.7</mean><standarddeviation>5.1</standarddeviation><skewness>0.0</skewness></prevalence><prevalence><age>51</age><sex>0</sex><mean>28.1</mean><standarddeviation>4.4</standarddeviation><skewness>0.0</skewness></prevalence><prevalence><age>51</age><sex>1</sex><mean>26.9</mean><standarddeviation>5.1</standarddeviation><skewness>0.0</skewness></prevalence><prevalence><age>52</age><sex>0</sex><mean>28.3</mean><standarddeviation>4.4</standarddeviation><skewness>0.0</skewness></prevalence><prevalence><age>52</age><sex>1</sex><mean>27.3</mean><standarddeviation>5.1</standarddeviation><skewness>0.0</skewness></prevalence><prevalence><age>53</age><sex>0</sex><mean>28.4</mean><standarddeviation>4.4</standarddeviation><skewness>0.0</skewness></prevalence><prevalence><age>53</age><sex>1</sex><mean>27.7</mean><standarddeviation>5.1</standarddeviation><skewness>0.0</skewness></prevalence><prevalence><age>54</age><sex>0</sex><mean>28.4</mean><standarddeviation>4.4</standarddeviation><skewness>0.0</skewness></prevalence><prevalence><age>54</age><sex>1</sex><mean>28.0</mean><standarddeviation>5.1</standarddeviation><skewness>0.0</skewness></prevalence><prevalence><age>55</age><sex>0</sex><mean>28.5</mean><standarddeviation>4.6</standarddeviation><skewness>0.0</skewness></prevalence><prevalence><age>55</age><sex>1</sex><mean>28.1</mean><standarddeviation>5.8</standarddeviation><skewness>0.0</skewness></prevalence><prevalence><age>56</age><sex>0</sex><mean>28.5</mean><standarddeviation>4.6</standarddeviation><skewness>0.0</skewness></prevalence><prevalence><age>56</age><sex>1</sex><mean>28.4</mean><standarddeviation>5.8</standarddeviation><skewness>0.0</skewness></prevalence><prevalence><age>57</age><sex>0</sex><mean>28.6</mean><standarddeviation>4.6</standarddeviation><skewness>0.0</skewness></prevalence><prevalence><age>57</age><sex>1</sex><mean>28.5</mean><standarddeviation>5.8</standarddeviation><skewness>0.0</skewness></prevalence><prevalence><age>58</age><sex>0</sex><mean>28.5</mean><standarddeviation>4.6</standarddeviation><skewness>0.0</skewness></prevalence><prevalence><age>58</age><sex>1</sex><mean>28.7</mean><standarddeviation>5.8</standarddeviation><skewness>0.0</skewness></prevalence><prevalence><age>59</age><sex>0</sex><mean>28.7</mean><standarddeviation>4.6</standarddeviation><skewness>0.0</skewness></prevalence><prevalence><age>59</age><sex>1</sex><mean>28.9</mean><standarddeviation>5.8</standarddeviation><skewness>0.0</skewness></prevalence><prevalence><age>60</age><sex>0</sex><mean>28.6</mean><standarddeviation>4.6</standarddeviation><skewness>0.0</skewness></prevalence><prevalence><age>60</age><sex>1</sex><mean>29.3</mean><standarddeviation>5.8</standarddeviation><skewness>0.0</skewness></prevalence><prevalence><age>61</age><sex>0</sex><mean>28.8</mean><standarddeviation>4.6</standarddeviation><skewness>0.0</skewness></prevalence><prevalence><age>61</age><sex>1</sex><mean>29.5</mean><standarddeviation>5.8</standarddeviation><skewness>0.0</skewness></prevalence><prevalence><age>62</age><sex>0</sex><mean>28.7</mean><standarddeviation>4.6</standarddeviation><skewness>0.0</skewness></prevalence><prevalence><age>62</age><sex>1</sex><mean>29.3</mean><standarddeviation>5.8</standarddeviation><skewness>0.0</skewness></prevalence><prevalence><age>63</age><sex>0</sex><mean>28.6</mean><standarddeviation>4.6</standarddeviation><skewness>0.0</skewness></prevalence><prevalence><age>63</age><sex>1</sex><mean>29.1</mean><standarddeviation>5.8</standarddeviation><skewness>0.0</skewness></prevalence><prevalence><age>64</age><sex>0</sex><mean>28.6</mean><standarddeviation>4.6</standarddeviation><skewness>0.0</skewness></prevalence><prevalence><age>64</age><sex>1</sex><mean>28.9</mean><standarddeviation>5.8</standarddeviation><skewness>0.0</skewness></prevalence><prevalence><age>65</age><sex>0</sex><mean>28.7</mean><standarddeviation>4.3</standarddeviation><skewness>0.0</skewness></prevalence><prevalence><age>65</age><sex>1</sex><mean>28.9</mean><standarddeviation>5.1</standarddeviation><skewness>0.0</skewness></prevalence><prevalence><age>66</age><sex>0</sex><mean>28.9</mean><standarddeviation>4.3</standarddeviation><skewness>0.0</skewness></prevalence><prevalence><age>66</age><sex>1</sex><mean>28.8</mean><standarddeviation>5.1</standarddeviation><skewness>0.0</skewness></prevalence><prevalence><age>67</age><sex>0</sex><mean>28.9</mean><standarddeviation>4.3</standarddeviation><skewness>0.0</skewness></prevalence><prevalence><age>67</age><sex>1</sex><mean>28.8</mean><standarddeviation>5.1</standarddeviation><skewness>0.0</skewness></prevalence><prevalence><age>68</age><sex>0</sex><mean>28.8</mean><standarddeviation>4.3</standarddeviation><skewness>0.0</skewness></prevalence><prevalence><age>68</age><sex>1</sex><mean>28.7</mean><standarddeviation>5.1</standarddeviation><skewness>0.0</skewness></prevalence><prevalence><age>69</age><sex>0</sex><mean>28.7</mean><standarddeviation>4.3</standarddeviation><skewness>0.0</skewness></prevalence><prevalence><age>69</age><sex>1</sex><mean>28.7</mean><standarddeviation>5.1</standarddeviation><skewness>0.0</skewness></prevalence><prevalence><age>70</age><sex>0</sex><mean>28.7</mean><standarddeviation>4.3</standarddeviation><skewness>0.0</skewness></prevalence><prevalence><age>70</age><sex>1</sex><mean>28.6</mean><standarddeviation>5.1</standarddeviation><skewness>0.0</skewness></prevalence><prevalence><age>71</age><sex>0</sex><mean>28.6</mean><standarddeviation>4.3</standarddeviation><skewness>0.0</skewness></prevalence><prevalence><age>71</age><sex>1</sex><mean>28.6</mean><standarddeviation>5.1</standarddeviation><skewness>0.0</skewness></prevalence><prevalence><age>72</age><sex>0</sex><mean>28.6</mean><standarddeviation>4.3</standarddeviation><skewness>0.0</skewness></prevalence><prevalence><age>72</age><sex>1</sex><mean>28.5</mean><standarddeviation>5.1</standarddeviation><skewness>0.0</skewness></prevalence><prevalence><age>73</age><sex>0</sex><mean>28.4</mean><standarddeviation>4.3</standarddeviation><skewness>0.0</skewness></prevalence><prevalence><age>73</age><sex>1</sex><mean>28.3</mean><standarddeviation>5.1</standarddeviation><skewness>0.0</skewness></prevalence><prevalence><age>74</age><sex>0</sex><mean>28.2</mean><standarddeviation>4.3</standarddeviation><skewness>0.0</skewness></prevalence><prevalence><age>74</age><sex>1</sex><mean>28.0</mean><standarddeviation>5.1</standarddeviation><skewness>0.0</skewness></prevalence><prevalence><age>75</age><sex>0</sex><mean>28.0</mean><standarddeviation>5.0</standarddeviation><skewness>0.0</skewness></prevalence><prevalence><age>75</age><sex>1</sex><mean>28.0</mean><standarddeviation>4.7</standarddeviation><skewness>0.0</skewness></prevalence><prevalence><age>76</age><sex>0</sex><mean>27.7</mean><standarddeviation>5.0</standarddeviation><skewness>0.0</skewness></prevalence><prevalence><age>76</age><sex>1</sex><mean>27.9</mean><standarddeviation>4.7</standarddeviation><skewness>0.0</skewness></prevalence><prevalence><age>77</age><sex>0</sex><mean>27.6</mean><standarddeviation>5.0</standarddeviation><skewness>0.0</skewness></prevalence><prevalence><age>77</age><sex>1</sex><mean>27.8</mean><standarddeviation>4.7</standarddeviation><skewness>0.0</skewness></prevalence><prevalence><age>78</age><sex>0</sex><mean>27.4</mean><standarddeviation>5.0</standarddeviation><skewness>0.0</skewness></prevalence><prevalence><age>78</age><sex>1</sex><mean>27.6</mean><standarddeviation>4.7</standarddeviation><skewness>0.0</skewness></prevalence><prevalence><age>79</age><sex>0</sex><mean>27.3</mean><standarddeviation>5.0</standarddeviation><skewness>0.0</skewness></prevalence><prevalence><age>79</age><sex>1</sex><mean>27.5</mean><standarddeviation>4.7</standarddeviation><skewness>0.0</skewness></prevalence><prevalence><age>80</age><sex>0</sex><mean>27.3</mean><standarddeviation>5.0</standarddeviation><skewness>0.0</skewness></prevalence><prevalence><age>80</age><sex>1</sex><mean>27.5</mean><standarddeviation>4.7</standarddeviation><skewness>0.0</skewness></prevalence><prevalence><age>81</age><sex>0</sex><mean>27.2</mean><standarddeviation>5.0</standarddeviation><skewness>0.0</skewness></prevalence><prevalence><age>81</age><sex>1</sex><mean>27.4</mean><standarddeviation>4.7</standarddeviation><skewness>0.0</skewness></prevalence><prevalence><age>82</age><sex>0</sex><mean>27.0</mean><standarddeviation>5.0</standarddeviation><skewness>0.0</skewness></prevalence><prevalence><age>82</age><sex>1</sex><mean>27.3</mean><standarddeviation>4.7</standarddeviation><skewness>0.0</skewness></prevalence><prevalence><age>83</age><sex>0</sex><mean>26.9</mean><standarddeviation>5.0</standarddeviation><skewness>0.0</skewness></prevalence><prevalence><age>83</age><sex>1</sex><mean>27.1</mean><standarddeviation>4.7</standarddeviation><skewness>0.0</skewness></prevalence><prevalence><age>84</age><sex>0</sex><mean>26.8</mean><standarddeviation>5.0</standarddeviation><skewness>0.0</skewness></prevalence><prevalence><age>84</age><sex>1</sex><mean>27.0</mean><standarddeviation>4.7</standarddeviation><skewness>0.0</skewness></prevalence><prevalence><age>85</age><sex>0</sex><mean>26.9</mean><standarddeviation>4.7</standarddeviation><skewness>0.0</skewness></prevalence><prevalence><age>85</age><sex>1</sex><mean>26.9</mean><standarddeviation>4.4</standarddeviation><skewness>0.0</skewness></prevalence><prevalence><age>86</age><sex>0</sex><mean>26.8</mean><standarddeviation>4.7</standarddeviation><skewness>0.0</skewness></prevalence><prevalence><age>86</age><sex>1</sex><mean>26.8</mean><standarddeviation>4.4</standarddeviation><skewness>0.0</skewness></prevalence><prevalence><age>87</age><sex>0</sex><mean>27.0</mean><standarddeviation>4.7</standarddeviation><skewness>0.0</skewness></prevalence><prevalence><age>87</age><sex>1</sex><mean>26.8</mean><standarddeviation>4.4</standarddeviation><skewness>0.0</skewness></prevalence><prevalence><age>88</age><sex>0</sex><mean>27.1</mean><standarddeviation>4.7</standarddeviation><skewness>0.0</skewness></prevalence><prevalence><age>88</age><sex>1</sex><mean>26.7</mean><standarddeviation>4.4</standarddeviation><skewness>0.0</skewness></prevalence><prevalence><age>89</age><sex>0</sex><mean>27.0</mean><standarddeviation>4.7</standarddeviation><skewness>0.0</skewness></prevalence><prevalence><age>89</age><sex>1</sex><mean>26.7</mean><standarddeviation>4.4</standarddeviation><skewness>0.0</skewness></prevalence><prevalence><age>90</age><sex>0</sex><mean>26.9</mean><standarddeviation>4.7</standarddeviation><skewness>0.0</skewness></prevalence><prevalence><age>90</age><sex>1</sex><mean>26.6</mean><standarddeviation>4.4</standarddeviation><skewness>0.0</skewness></prevalence><prevalence><age>91</age><sex>0</sex><mean>26.8</mean><standarddeviation>4.7</standarddeviation><skewness>0.0</skewness></prevalence><prevalence><age>91</age><sex>1</sex><mean>26.3</mean><standarddeviation>4.4</standarddeviation><skewness>0.0</skewness></prevalence><prevalence><age>92</age><sex>0</sex><mean>26.5</mean><standarddeviation>4.7</standarddeviation><skewness>0.0</skewness></prevalence><prevalence><age>92</age><sex>1</sex><mean>26.3</mean><standarddeviation>4.4</standarddeviation><skewness>0.0</skewness></prevalence><prevalence><age>93</age><sex>0</sex><mean>26.6</mean><standarddeviation>4.7</standarddeviation><skewness>0.0</skewness></prevalence><prevalence><age>93</age><sex>1</sex><mean>26.1</mean><standarddeviation>4.4</standarddeviation><skewness>0.0</skewness></prevalence><prevalence><age>94</age><sex>0</sex><mean>26.4</mean><standarddeviation>4.7</standarddeviation><skewness>0.0</skewness></prevalence><prevalence><age>94</age><sex>1</sex><mean>25.9</mean><standarddeviation>4.4</standarddeviation><skewness>0.0</skewness></prevalence><prevalence><age>95</age><sex>0</sex><mean>26.3</mean><standarddeviation>4.4</standarddeviation><skewness>0.0</skewness></prevalence><prevalence><age>95</age><sex>1</sex><mean>25.7</mean><standarddeviation>4.0</standarddeviation><skewness>0.0</skewness></prevalence></prevalences></riskfactorprevalences_continuous>