<?xml version="1.0"?><diseaseprevalences><prevalence><age>0</age><sex>0</sex><percent>0.0</percent></prevalence><prevalence><age>0</age><sex>1</sex><percent>0.0</percent></prevalence><prevalence><age>1</age><sex>0</sex><percent>0.0</percent></prevalence><prevalence><age>1</age><sex>1</sex><percent>0.0</percent></prevalence><prevalence><age>2</age><sex>0</sex><percent>0.0</percent></prevalence><prevalence><age>2</age><sex>1</sex><percent>0.0</percent></prevalence><prevalence><age>3</age><sex>0</sex><percent>0.0</percent></prevalence><prevalence><age>3</age><sex>1</sex><percent>0.0</percent></prevalence><prevalence><age>4</age><sex>0</sex><percent>0.0</percent></prevalence><prevalence><age>4</age><sex>1</sex><percent>0.0</percent></prevalence><prevalence><age>5</age><sex>0</sex><percent>0.0</percent></prevalence><prevalence><age>5</age><sex>1</sex><percent>0.0</percent></prevalence><prevalence><age>6</age><sex>0</sex><percent>0.0</percent></prevalence><prevalence><age>6</age><sex>1</sex><percent>0.0</percent></prevalence><prevalence><age>7</age><sex>0</sex><percent>0.0</percent></prevalence><prevalence><age>7</age><sex>1</sex><percent>0.0</percent></prevalence><prevalence><age>8</age><sex>0</sex><percent>0.0</percent></prevalence><prevalence><age>8</age><sex>1</sex><percent>0.0</percent></prevalence><prevalence><age>9</age><sex>0</sex><percent>0.0</percent></prevalence><prevalence><age>9</age><sex>1</sex><percent>0.0</percent></prevalence><prevalence><age>10</age><sex>0</sex><percent>0.0</percent></prevalence><prevalence><age>10</age><sex>1</sex><percent>0.0</percent></prevalence><prevalence><age>11</age><sex>0</sex><percent>0.0</percent></prevalence><prevalence><age>11</age><sex>1</sex><percent>0.0</percent></prevalence><prevalence><age>12</age><sex>0</sex><percent>0.0</percent></prevalence><prevalence><age>12</age><sex>1</sex><percent>0.0</percent></prevalence><prevalence><age>13</age><sex>0</sex><percent>0.0</percent></prevalence><prevalence><age>13</age><sex>1</sex><percent>0.0</percent></prevalence><prevalence><age>14</age><sex>0</sex><percent>0.0</percent></prevalence><prevalence><age>14</age><sex>1</sex><percent>0.0</percent></prevalence><prevalence><age>15</age><sex>0</sex><percent>0.0</percent></prevalence><prevalence><age>15</age><sex>1</sex><percent>1.1E-4</percent></prevalence><prevalence><age>16</age><sex>0</sex><percent>0.0</percent></prevalence><prevalence><age>16</age><sex>1</sex><percent>2.0E-4</percent></prevalence><prevalence><age>17</age><sex>0</sex><percent>0.0</percent></prevalence><prevalence><age>17</age><sex>1</sex><percent>3.5E-4</percent></prevalence><prevalence><age>18</age><sex>0</sex><percent>0.0</percent></prevalence><prevalence><age>18</age><sex>1</sex><percent>5.9E-4</percent></prevalence><prevalence><age>19</age><sex>0</sex><percent>0.0</percent></prevalence><prevalence><age>19</age><sex>1</sex><percent>9.5E-4</percent></prevalence><prevalence><age>20</age><sex>0</sex><percent>0.0</percent></prevalence><prevalence><age>20</age><sex>1</sex><percent>0.00149</percent></prevalence><prevalence><age>21</age><sex>0</sex><percent>0.0</percent></prevalence><prevalence><age>21</age><sex>1</sex><percent>0.00228</percent></prevalence><prevalence><age>22</age><sex>0</sex><percent>0.0</percent></prevalence><prevalence><age>22</age><sex>1</sex><percent>0.0034</percent></prevalence><prevalence><age>23</age><sex>0</sex><percent>0.0</percent></prevalence><prevalence><age>23</age><sex>1</sex><percent>0.00497</percent></prevalence><prevalence><age>24</age><sex>0</sex><percent>0.0</percent></prevalence><prevalence><age>24</age><sex>1</sex><percent>0.00712</percent></prevalence><prevalence><age>25</age><sex>0</sex><percent>0.0</percent></prevalence><prevalence><age>25</age><sex>1</sex><percent>0.01006</percent></prevalence><prevalence><age>26</age><sex>0</sex><percent>0.0</percent></prevalence><prevalence><age>26</age><sex>1</sex><percent>0.01406</percent></prevalence><prevalence><age>27</age><sex>0</sex><percent>0.0</percent></prevalence><prevalence><age>27</age><sex>1</sex><percent>0.01944</percent></prevalence><prevalence><age>28</age><sex>0</sex><percent>0.0</percent></prevalence><prevalence><age>28</age><sex>1</sex><percent>0.0266</percent></prevalence><prevalence><age>29</age><sex>0</sex><percent>0.0</percent></prevalence><prevalence><age>29</age><sex>1</sex><percent>0.03591</percent></prevalence><prevalence><age>30</age><sex>0</sex><percent>0.0</percent></prevalence><prevalence><age>30</age><sex>1</sex><percent>0.04773</percent></prevalence><prevalence><age>31</age><sex>0</sex><percent>0.0</percent></prevalence><prevalence><age>31</age><sex>1</sex><percent>0.06236</percent></prevalence><prevalence><age>32</age><sex>0</sex><percent>0.0</percent></prevalence><prevalence><age>32</age><sex>1</sex><percent>0.08004</percent></prevalence><prevalence><age>33</age><sex>0</sex><percent>0.0</percent></prevalence><prevalence><age>33</age><sex>1</sex><percent>0.10103</percent></prevalence><prevalence><age>34</age><sex>0</sex><percent>0.0</percent></prevalence><prevalence><age>34</age><sex>1</sex><percent>0.12561</percent></prevalence><prevalence><age>35</age><sex>0</sex><percent>0.0</percent></prevalence><prevalence><age>35</age><sex>1</sex><percent>0.1542</percent></prevalence><prevalence><age>36</age><sex>0</sex><percent>0.0</percent></prevalence><prevalence><age>36</age><sex>1</sex><percent>0.18733</percent></prevalence><prevalence><age>37</age><sex>0</sex><percent>0.0</percent></prevalence><prevalence><age>37</age><sex>1</sex><percent>0.22563</percent></prevalence><prevalence><age>38</age><sex>0</sex><percent>0.0</percent></prevalence><prevalence><age>38</age><sex>1</sex><percent>0.26973</percent></prevalence><prevalence><age>39</age><sex>0</sex><percent>0.0</percent></prevalence><prevalence><age>39</age><sex>1</sex><percent>0.3202</percent></prevalence><prevalence><age>40</age><sex>0</sex><percent>0.0</percent></prevalence><prevalence><age>40</age><sex>1</sex><percent>0.37748</percent></prevalence><prevalence><age>41</age><sex>0</sex><percent>0.0</percent></prevalence><prevalence><age>41</age><sex>1</sex><percent>0.44188</percent></prevalence><prevalence><age>42</age><sex>0</sex><percent>0.0</percent></prevalence><prevalence><age>42</age><sex>1</sex><percent>0.51368</percent></prevalence><prevalence><age>43</age><sex>0</sex><percent>0.0</percent></prevalence><prevalence><age>43</age><sex>1</sex><percent>0.59315</percent></prevalence><prevalence><age>44</age><sex>0</sex><percent>0.0</percent></prevalence><prevalence><age>44</age><sex>1</sex><percent>0.68056</percent></prevalence><prevalence><age>45</age><sex>0</sex><percent>0.0</percent></prevalence><prevalence><age>45</age><sex>1</sex><percent>0.77605</percent></prevalence><prevalence><age>46</age><sex>0</sex><percent>0.0</percent></prevalence><prevalence><age>46</age><sex>1</sex><percent>0.87958</percent></prevalence><prevalence><age>47</age><sex>0</sex><percent>0.0</percent></prevalence><prevalence><age>47</age><sex>1</sex><percent>0.99082</percent></prevalence><prevalence><age>48</age><sex>0</sex><percent>0.0</percent></prevalence><prevalence><age>48</age><sex>1</sex><percent>1.10915</percent></prevalence><prevalence><age>49</age><sex>0</sex><percent>0.0</percent></prevalence><prevalence><age>49</age><sex>1</sex><percent>1.23375</percent></prevalence><prevalence><age>50</age><sex>0</sex><percent>0.0</percent></prevalence><prevalence><age>50</age><sex>1</sex><percent>1.36385</percent></prevalence><prevalence><age>51</age><sex>0</sex><percent>0.0</percent></prevalence><prevalence><age>51</age><sex>1</sex><percent>1.49885</percent></prevalence><prevalence><age>52</age><sex>0</sex><percent>0.0</percent></prevalence><prevalence><age>52</age><sex>1</sex><percent>1.63837</percent></prevalence><prevalence><age>53</age><sex>0</sex><percent>0.0</percent></prevalence><prevalence><age>53</age><sex>1</sex><percent>1.78233</percent></prevalence><prevalence><age>54</age><sex>0</sex><percent>0.0</percent></prevalence><prevalence><age>54</age><sex>1</sex><percent>1.93083</percent></prevalence><prevalence><age>55</age><sex>0</sex><percent>0.0</percent></prevalence><prevalence><age>55</age><sex>1</sex><percent>2.08403</percent></prevalence><prevalence><age>56</age><sex>0</sex><percent>0.0</percent></prevalence><prevalence><age>56</age><sex>1</sex><percent>2.24198</percent></prevalence><prevalence><age>57</age><sex>0</sex><percent>0.0</percent></prevalence><prevalence><age>57</age><sex>1</sex><percent>2.40457</percent></prevalence><prevalence><age>58</age><sex>0</sex><percent>0.0</percent></prevalence><prevalence><age>58</age><sex>1</sex><percent>2.57143</percent></prevalence><prevalence><age>59</age><sex>0</sex><percent>0.0</percent></prevalence><prevalence><age>59</age><sex>1</sex><percent>2.74191</percent></prevalence><prevalence><age>60</age><sex>0</sex><percent>0.0</percent></prevalence><prevalence><age>60</age><sex>1</sex><percent>2.91515</percent></prevalence><prevalence><age>61</age><sex>0</sex><percent>0.0</percent></prevalence><prevalence><age>61</age><sex>1</sex><percent>3.09017</percent></prevalence><prevalence><age>62</age><sex>0</sex><percent>0.0</percent></prevalence><prevalence><age>62</age><sex>1</sex><percent>3.266</percent></prevalence><prevalence><age>63</age><sex>0</sex><percent>0.0</percent></prevalence><prevalence><age>63</age><sex>1</sex><percent>3.44179</percent></prevalence><prevalence><age>64</age><sex>0</sex><percent>0.0</percent></prevalence><prevalence><age>64</age><sex>1</sex><percent>3.61695</percent></prevalence><prevalence><age>65</age><sex>0</sex><percent>0.0</percent></prevalence><prevalence><age>65</age><sex>1</sex><percent>3.79122</percent></prevalence><prevalence><age>66</age><sex>0</sex><percent>0.0</percent></prevalence><prevalence><age>66</age><sex>1</sex><percent>3.96453</percent></prevalence><prevalence><age>67</age><sex>0</sex><percent>0.0</percent></prevalence><prevalence><age>67</age><sex>1</sex><percent>4.137</percent></prevalence><prevalence><age>68</age><sex>0</sex><percent>0.0</percent></prevalence><prevalence><age>68</age><sex>1</sex><percent>4.30874</percent></prevalence><prevalence><age>69</age><sex>0</sex><percent>0.0</percent></prevalence><prevalence><age>69</age><sex>1</sex><percent>4.4799</percent></prevalence><prevalence><age>70</age><sex>0</sex><percent>0.0</percent></prevalence><prevalence><age>70</age><sex>1</sex><percent>4.6506</percent></prevalence><prevalence><age>71</age><sex>0</sex><percent>0.0</percent></prevalence><prevalence><age>71</age><sex>1</sex><percent>4.82097</percent></prevalence><prevalence><age>72</age><sex>0</sex><percent>0.0</percent></prevalence><prevalence><age>72</age><sex>1</sex><percent>4.99121</percent></prevalence><prevalence><age>73</age><sex>0</sex><percent>0.0</percent></prevalence><prevalence><age>73</age><sex>1</sex><percent>5.16151</percent></prevalence><prevalence><age>74</age><sex>0</sex><percent>0.0</percent></prevalence><prevalence><age>74</age><sex>1</sex><percent>5.33183</percent></prevalence><prevalence><age>75</age><sex>0</sex><percent>0.0</percent></prevalence><prevalence><age>75</age><sex>1</sex><percent>5.50156</percent></prevalence><prevalence><age>76</age><sex>0</sex><percent>0.0</percent></prevalence><prevalence><age>76</age><sex>1</sex><percent>5.66949</percent></prevalence><prevalence><age>77</age><sex>0</sex><percent>0.0</percent></prevalence><prevalence><age>77</age><sex>1</sex><percent>5.83387</percent></prevalence><prevalence><age>78</age><sex>0</sex><percent>0.0</percent></prevalence><prevalence><age>78</age><sex>1</sex><percent>5.99248</percent></prevalence><prevalence><age>79</age><sex>0</sex><percent>0.0</percent></prevalence><prevalence><age>79</age><sex>1</sex><percent>6.14296</percent></prevalence><prevalence><age>80</age><sex>0</sex><percent>0.0</percent></prevalence><prevalence><age>80</age><sex>1</sex><percent>6.28321</percent></prevalence><prevalence><age>81</age><sex>0</sex><percent>0.0</percent></prevalence><prevalence><age>81</age><sex>1</sex><percent>6.41142</percent></prevalence><prevalence><age>82</age><sex>0</sex><percent>0.0</percent></prevalence><prevalence><age>82</age><sex>1</sex><percent>6.52601</percent></prevalence><prevalence><age>83</age><sex>0</sex><percent>0.0</percent></prevalence><prevalence><age>83</age><sex>1</sex><percent>6.62575</percent></prevalence><prevalence><age>84</age><sex>0</sex><percent>0.0</percent></prevalence><prevalence><age>84</age><sex>1</sex><percent>6.71001</percent></prevalence><prevalence><age>85</age><sex>0</sex><percent>0.0</percent></prevalence><prevalence><age>85</age><sex>1</sex><percent>6.77914</percent></prevalence><prevalence><age>86</age><sex>0</sex><percent>0.0</percent></prevalence><prevalence><age>86</age><sex>1</sex><percent>6.8345</percent></prevalence><prevalence><age>87</age><sex>0</sex><percent>0.0</percent></prevalence><prevalence><age>87</age><sex>1</sex><percent>6.87849</percent></prevalence><prevalence><age>88</age><sex>0</sex><percent>0.0</percent></prevalence><prevalence><age>88</age><sex>1</sex><percent>6.91434</percent></prevalence><prevalence><age>89</age><sex>0</sex><percent>0.0</percent></prevalence><prevalence><age>89</age><sex>1</sex><percent>6.94538</percent></prevalence><prevalence><age>90</age><sex>0</sex><percent>0.0</percent></prevalence><prevalence><age>90</age><sex>1</sex><percent>6.97424</percent></prevalence><prevalence><age>91</age><sex>0</sex><percent>0.0</percent></prevalence><prevalence><age>91</age><sex>1</sex><percent>7.00274</percent></prevalence><prevalence><age>92</age><sex>0</sex><percent>0.0</percent></prevalence><prevalence><age>92</age><sex>1</sex><percent>7.03189</percent></prevalence><prevalence><age>93</age><sex>0</sex><percent>0.0</percent></prevalence><prevalence><age>93</age><sex>1</sex><percent>7.06197</percent></prevalence><prevalence><age>94</age><sex>0</sex><percent>0.0</percent></prevalence><prevalence><age>94</age><sex>1</sex><percent>7.09285</percent></prevalence><prevalence><age>95</age><sex>0</sex><percent>0.0</percent></prevalence><prevalence><age>95</age><sex>1</sex><percent>7.20303</percent></prevalence></diseaseprevalences>