<?xml version="1.0"?><diseaseprevalences><prevalence><age>0</age><sex>0</sex><percent>0.0</percent></prevalence><prevalence><age>0</age><sex>1</sex><percent>0.0</percent></prevalence><prevalence><age>1</age><sex>0</sex><percent>0.0</percent></prevalence><prevalence><age>1</age><sex>1</sex><percent>0.0</percent></prevalence><prevalence><age>2</age><sex>0</sex><percent>0.0</percent></prevalence><prevalence><age>2</age><sex>1</sex><percent>0.0</percent></prevalence><prevalence><age>3</age><sex>0</sex><percent>0.0</percent></prevalence><prevalence><age>3</age><sex>1</sex><percent>0.0</percent></prevalence><prevalence><age>4</age><sex>0</sex><percent>0.0</percent></prevalence><prevalence><age>4</age><sex>1</sex><percent>0.0</percent></prevalence><prevalence><age>5</age><sex>0</sex><percent>0.0</percent></prevalence><prevalence><age>5</age><sex>1</sex><percent>0.0</percent></prevalence><prevalence><age>6</age><sex>0</sex><percent>0.0</percent></prevalence><prevalence><age>6</age><sex>1</sex><percent>0.0</percent></prevalence><prevalence><age>7</age><sex>0</sex><percent>0.0</percent></prevalence><prevalence><age>7</age><sex>1</sex><percent>0.0</percent></prevalence><prevalence><age>8</age><sex>0</sex><percent>0.0</percent></prevalence><prevalence><age>8</age><sex>1</sex><percent>0.0</percent></prevalence><prevalence><age>9</age><sex>0</sex><percent>0.0</percent></prevalence><prevalence><age>9</age><sex>1</sex><percent>0.0</percent></prevalence><prevalence><age>10</age><sex>0</sex><percent>0.0</percent></prevalence><prevalence><age>10</age><sex>1</sex><percent>0.0</percent></prevalence><prevalence><age>11</age><sex>0</sex><percent>0.0</percent></prevalence><prevalence><age>11</age><sex>1</sex><percent>0.0</percent></prevalence><prevalence><age>12</age><sex>0</sex><percent>0.0</percent></prevalence><prevalence><age>12</age><sex>1</sex><percent>0.0</percent></prevalence><prevalence><age>13</age><sex>0</sex><percent>0.0</percent></prevalence><prevalence><age>13</age><sex>1</sex><percent>0.0</percent></prevalence><prevalence><age>14</age><sex>0</sex><percent>0.0</percent></prevalence><prevalence><age>14</age><sex>1</sex><percent>0.0</percent></prevalence><prevalence><age>15</age><sex>0</sex><percent>1.0E-5</percent></prevalence><prevalence><age>15</age><sex>1</sex><percent>4.4E-4</percent></prevalence><prevalence><age>16</age><sex>0</sex><percent>1.0E-5</percent></prevalence><prevalence><age>16</age><sex>1</sex><percent>4.8E-4</percent></prevalence><prevalence><age>17</age><sex>0</sex><percent>4.0E-5</percent></prevalence><prevalence><age>17</age><sex>1</sex><percent>5.2E-4</percent></prevalence><prevalence><age>18</age><sex>0</sex><percent>9.0E-5</percent></prevalence><prevalence><age>18</age><sex>1</sex><percent>5.9E-4</percent></prevalence><prevalence><age>19</age><sex>0</sex><percent>1.9E-4</percent></prevalence><prevalence><age>19</age><sex>1</sex><percent>7.1E-4</percent></prevalence><prevalence><age>20</age><sex>0</sex><percent>3.5E-4</percent></prevalence><prevalence><age>20</age><sex>1</sex><percent>8.8E-4</percent></prevalence><prevalence><age>21</age><sex>0</sex><percent>5.5E-4</percent></prevalence><prevalence><age>21</age><sex>1</sex><percent>0.00109</percent></prevalence><prevalence><age>22</age><sex>0</sex><percent>8.0E-4</percent></prevalence><prevalence><age>22</age><sex>1</sex><percent>0.00131</percent></prevalence><prevalence><age>23</age><sex>0</sex><percent>0.00107</percent></prevalence><prevalence><age>23</age><sex>1</sex><percent>0.00151</percent></prevalence><prevalence><age>24</age><sex>0</sex><percent>0.00135</percent></prevalence><prevalence><age>24</age><sex>1</sex><percent>0.00166</percent></prevalence><prevalence><age>25</age><sex>0</sex><percent>0.00163</percent></prevalence><prevalence><age>25</age><sex>1</sex><percent>0.00175</percent></prevalence><prevalence><age>26</age><sex>0</sex><percent>0.0019</percent></prevalence><prevalence><age>26</age><sex>1</sex><percent>0.0018</percent></prevalence><prevalence><age>27</age><sex>0</sex><percent>0.00215</percent></prevalence><prevalence><age>27</age><sex>1</sex><percent>0.00187</percent></prevalence><prevalence><age>28</age><sex>0</sex><percent>0.00239</percent></prevalence><prevalence><age>28</age><sex>1</sex><percent>0.00201</percent></prevalence><prevalence><age>29</age><sex>0</sex><percent>0.00263</percent></prevalence><prevalence><age>29</age><sex>1</sex><percent>0.00228</percent></prevalence><prevalence><age>30</age><sex>0</sex><percent>0.00289</percent></prevalence><prevalence><age>30</age><sex>1</sex><percent>0.00271</percent></prevalence><prevalence><age>31</age><sex>0</sex><percent>0.0032</percent></prevalence><prevalence><age>31</age><sex>1</sex><percent>0.00332</percent></prevalence><prevalence><age>32</age><sex>0</sex><percent>0.00359</percent></prevalence><prevalence><age>32</age><sex>1</sex><percent>0.00411</percent></prevalence><prevalence><age>33</age><sex>0</sex><percent>0.00414</percent></prevalence><prevalence><age>33</age><sex>1</sex><percent>0.00506</percent></prevalence><prevalence><age>34</age><sex>0</sex><percent>0.00491</percent></prevalence><prevalence><age>34</age><sex>1</sex><percent>0.0061</percent></prevalence><prevalence><age>35</age><sex>0</sex><percent>0.0060</percent></prevalence><prevalence><age>35</age><sex>1</sex><percent>0.00723</percent></prevalence><prevalence><age>36</age><sex>0</sex><percent>0.00752</percent></prevalence><prevalence><age>36</age><sex>1</sex><percent>0.00846</percent></prevalence><prevalence><age>37</age><sex>0</sex><percent>0.00958</percent></prevalence><prevalence><age>37</age><sex>1</sex><percent>0.00985</percent></prevalence><prevalence><age>38</age><sex>0</sex><percent>0.01225</percent></prevalence><prevalence><age>38</age><sex>1</sex><percent>0.0115</percent></prevalence><prevalence><age>39</age><sex>0</sex><percent>0.01554</percent></prevalence><prevalence><age>39</age><sex>1</sex><percent>0.01353</percent></prevalence><prevalence><age>40</age><sex>0</sex><percent>0.01941</percent></prevalence><prevalence><age>40</age><sex>1</sex><percent>0.016</percent></prevalence><prevalence><age>41</age><sex>0</sex><percent>0.02382</percent></prevalence><prevalence><age>41</age><sex>1</sex><percent>0.01895</percent></prevalence><prevalence><age>42</age><sex>0</sex><percent>0.0287</percent></prevalence><prevalence><age>42</age><sex>1</sex><percent>0.02236</percent></prevalence><prevalence><age>43</age><sex>0</sex><percent>0.03404</percent></prevalence><prevalence><age>43</age><sex>1</sex><percent>0.02623</percent></prevalence><prevalence><age>44</age><sex>0</sex><percent>0.03989</percent></prevalence><prevalence><age>44</age><sex>1</sex><percent>0.03051</percent></prevalence><prevalence><age>45</age><sex>0</sex><percent>0.04632</percent></prevalence><prevalence><age>45</age><sex>1</sex><percent>0.03517</percent></prevalence><prevalence><age>46</age><sex>0</sex><percent>0.05346</percent></prevalence><prevalence><age>46</age><sex>1</sex><percent>0.04014</percent></prevalence><prevalence><age>47</age><sex>0</sex><percent>0.06146</percent></prevalence><prevalence><age>47</age><sex>1</sex><percent>0.04537</percent></prevalence><prevalence><age>48</age><sex>0</sex><percent>0.07048</percent></prevalence><prevalence><age>48</age><sex>1</sex><percent>0.05076</percent></prevalence><prevalence><age>49</age><sex>0</sex><percent>0.08067</percent></prevalence><prevalence><age>49</age><sex>1</sex><percent>0.05624</percent></prevalence><prevalence><age>50</age><sex>0</sex><percent>0.09211</percent></prevalence><prevalence><age>50</age><sex>1</sex><percent>0.06176</percent></prevalence><prevalence><age>51</age><sex>0</sex><percent>0.1049</percent></prevalence><prevalence><age>51</age><sex>1</sex><percent>0.06734</percent></prevalence><prevalence><age>52</age><sex>0</sex><percent>0.11919</percent></prevalence><prevalence><age>52</age><sex>1</sex><percent>0.07305</percent></prevalence><prevalence><age>53</age><sex>0</sex><percent>0.13516</percent></prevalence><prevalence><age>53</age><sex>1</sex><percent>0.07901</percent></prevalence><prevalence><age>54</age><sex>0</sex><percent>0.15295</percent></prevalence><prevalence><age>54</age><sex>1</sex><percent>0.08534</percent></prevalence><prevalence><age>55</age><sex>0</sex><percent>0.17245</percent></prevalence><prevalence><age>55</age><sex>1</sex><percent>0.09207</percent></prevalence><prevalence><age>56</age><sex>0</sex><percent>0.1933</percent></prevalence><prevalence><age>56</age><sex>1</sex><percent>0.09915</percent></prevalence><prevalence><age>57</age><sex>0</sex><percent>0.21494</percent></prevalence><prevalence><age>57</age><sex>1</sex><percent>0.10648</percent></prevalence><prevalence><age>58</age><sex>0</sex><percent>0.23661</percent></prevalence><prevalence><age>58</age><sex>1</sex><percent>0.11394</percent></prevalence><prevalence><age>59</age><sex>0</sex><percent>0.25781</percent></prevalence><prevalence><age>59</age><sex>1</sex><percent>0.12143</percent></prevalence><prevalence><age>60</age><sex>0</sex><percent>0.27867</percent></prevalence><prevalence><age>60</age><sex>1</sex><percent>0.12897</percent></prevalence><prevalence><age>61</age><sex>0</sex><percent>0.2998</percent></prevalence><prevalence><age>61</age><sex>1</sex><percent>0.13666</percent></prevalence><prevalence><age>62</age><sex>0</sex><percent>0.32223</percent></prevalence><prevalence><age>62</age><sex>1</sex><percent>0.14461</percent></prevalence><prevalence><age>63</age><sex>0</sex><percent>0.34717</percent></prevalence><prevalence><age>63</age><sex>1</sex><percent>0.15295</percent></prevalence><prevalence><age>64</age><sex>0</sex><percent>0.37551</percent></prevalence><prevalence><age>64</age><sex>1</sex><percent>0.16178</percent></prevalence><prevalence><age>65</age><sex>0</sex><percent>0.40732</percent></prevalence><prevalence><age>65</age><sex>1</sex><percent>0.17119</percent></prevalence><prevalence><age>66</age><sex>0</sex><percent>0.44192</percent></prevalence><prevalence><age>66</age><sex>1</sex><percent>0.18122</percent></prevalence><prevalence><age>67</age><sex>0</sex><percent>0.47797</percent></prevalence><prevalence><age>67</age><sex>1</sex><percent>0.19191</percent></prevalence><prevalence><age>68</age><sex>0</sex><percent>0.51357</percent></prevalence><prevalence><age>68</age><sex>1</sex><percent>0.20324</percent></prevalence><prevalence><age>69</age><sex>0</sex><percent>0.54692</percent></prevalence><prevalence><age>69</age><sex>1</sex><percent>0.21504</percent></prevalence><prevalence><age>70</age><sex>0</sex><percent>0.57704</percent></prevalence><prevalence><age>70</age><sex>1</sex><percent>0.22695</percent></prevalence><prevalence><age>71</age><sex>0</sex><percent>0.60381</percent></prevalence><prevalence><age>71</age><sex>1</sex><percent>0.23852</percent></prevalence><prevalence><age>72</age><sex>0</sex><percent>0.62795</percent></prevalence><prevalence><age>72</age><sex>1</sex><percent>0.24921</percent></prevalence><prevalence><age>73</age><sex>0</sex><percent>0.65072</percent></prevalence><prevalence><age>73</age><sex>1</sex><percent>0.25856</percent></prevalence><prevalence><age>74</age><sex>0</sex><percent>0.67309</percent></prevalence><prevalence><age>74</age><sex>1</sex><percent>0.26623</percent></prevalence><prevalence><age>75</age><sex>0</sex><percent>0.69521</percent></prevalence><prevalence><age>75</age><sex>1</sex><percent>0.27211</percent></prevalence><prevalence><age>76</age><sex>0</sex><percent>0.71641</percent></prevalence><prevalence><age>76</age><sex>1</sex><percent>0.27623</percent></prevalence><prevalence><age>77</age><sex>0</sex><percent>0.73539</percent></prevalence><prevalence><age>77</age><sex>1</sex><percent>0.27872</percent></prevalence><prevalence><age>78</age><sex>0</sex><percent>0.75044</percent></prevalence><prevalence><age>78</age><sex>1</sex><percent>0.27978</percent></prevalence><prevalence><age>79</age><sex>0</sex><percent>0.76039</percent></prevalence><prevalence><age>79</age><sex>1</sex><percent>0.27964</percent></prevalence><prevalence><age>80</age><sex>0</sex><percent>0.7652</percent></prevalence><prevalence><age>80</age><sex>1</sex><percent>0.27857</percent></prevalence><prevalence><age>81</age><sex>0</sex><percent>0.76581</percent></prevalence><prevalence><age>81</age><sex>1</sex><percent>0.27685</percent></prevalence><prevalence><age>82</age><sex>0</sex><percent>0.76374</percent></prevalence><prevalence><age>82</age><sex>1</sex><percent>0.27476</percent></prevalence><prevalence><age>83</age><sex>0</sex><percent>0.76076</percent></prevalence><prevalence><age>83</age><sex>1</sex><percent>0.27259</percent></prevalence><prevalence><age>84</age><sex>0</sex><percent>0.75823</percent></prevalence><prevalence><age>84</age><sex>1</sex><percent>0.27053</percent></prevalence><prevalence><age>85</age><sex>0</sex><percent>0.75682</percent></prevalence><prevalence><age>85</age><sex>1</sex><percent>0.26868</percent></prevalence><prevalence><age>86</age><sex>0</sex><percent>0.75664</percent></prevalence><prevalence><age>86</age><sex>1</sex><percent>0.26708</percent></prevalence><prevalence><age>87</age><sex>0</sex><percent>0.7575</percent></prevalence><prevalence><age>87</age><sex>1</sex><percent>0.2657</percent></prevalence><prevalence><age>88</age><sex>0</sex><percent>0.759</percent></prevalence><prevalence><age>88</age><sex>1</sex><percent>0.2645</percent></prevalence><prevalence><age>89</age><sex>0</sex><percent>0.76075</percent></prevalence><prevalence><age>89</age><sex>1</sex><percent>0.26341</percent></prevalence><prevalence><age>90</age><sex>0</sex><percent>0.76244</percent></prevalence><prevalence><age>90</age><sex>1</sex><percent>0.26236</percent></prevalence><prevalence><age>91</age><sex>0</sex><percent>0.76389</percent></prevalence><prevalence><age>91</age><sex>1</sex><percent>0.26129</percent></prevalence><prevalence><age>92</age><sex>0</sex><percent>0.76496</percent></prevalence><prevalence><age>92</age><sex>1</sex><percent>0.26011</percent></prevalence><prevalence><age>93</age><sex>0</sex><percent>0.76556</percent></prevalence><prevalence><age>93</age><sex>1</sex><percent>0.25874</percent></prevalence><prevalence><age>94</age><sex>0</sex><percent>0.76568</percent></prevalence><prevalence><age>94</age><sex>1</sex><percent>0.25716</percent></prevalence><prevalence><age>95</age><sex>0</sex><percent>0.76241</percent></prevalence><prevalence><age>95</age><sex>1</sex><percent>0.25034</percent></prevalence></diseaseprevalences>