<?xml version="1.0"?><diseaseincidences><incidence><age>0</age><sex>0</sex><value>0.0</value></incidence><incidence><age>0</age><sex>1</sex><value>0.0</value></incidence><incidence><age>1</age><sex>0</sex><value>0.0</value></incidence><incidence><age>1</age><sex>1</sex><value>0.0</value></incidence><incidence><age>2</age><sex>0</sex><value>0.0</value></incidence><incidence><age>2</age><sex>1</sex><value>0.0</value></incidence><incidence><age>3</age><sex>0</sex><value>0.0</value></incidence><incidence><age>3</age><sex>1</sex><value>0.0</value></incidence><incidence><age>4</age><sex>0</sex><value>0.0</value></incidence><incidence><age>4</age><sex>1</sex><value>0.0</value></incidence><incidence><age>5</age><sex>0</sex><value>0.0</value></incidence><incidence><age>5</age><sex>1</sex><value>0.0</value></incidence><incidence><age>6</age><sex>0</sex><value>0.0</value></incidence><incidence><age>6</age><sex>1</sex><value>0.0</value></incidence><incidence><age>7</age><sex>0</sex><value>0.0</value></incidence><incidence><age>7</age><sex>1</sex><value>0.0</value></incidence><incidence><age>8</age><sex>0</sex><value>0.0</value></incidence><incidence><age>8</age><sex>1</sex><value>0.0</value></incidence><incidence><age>9</age><sex>0</sex><value>0.0</value></incidence><incidence><age>9</age><sex>1</sex><value>0.0</value></incidence><incidence><age>10</age><sex>0</sex><value>0.0</value></incidence><incidence><age>10</age><sex>1</sex><value>0.0</value></incidence><incidence><age>11</age><sex>0</sex><value>0.0</value></incidence><incidence><age>11</age><sex>1</sex><value>0.0</value></incidence><incidence><age>12</age><sex>0</sex><value>0.0</value></incidence><incidence><age>12</age><sex>1</sex><value>0.0</value></incidence><incidence><age>13</age><sex>0</sex><value>0.0</value></incidence><incidence><age>13</age><sex>1</sex><value>0.0</value></incidence><incidence><age>14</age><sex>0</sex><value>0.0</value></incidence><incidence><age>14</age><sex>1</sex><value>0.0</value></incidence><incidence><age>15</age><sex>0</sex><value>0.0</value></incidence><incidence><age>15</age><sex>1</sex><value>4.0E-6</value></incidence><incidence><age>16</age><sex>0</sex><value>0.0</value></incidence><incidence><age>16</age><sex>1</sex><value>5.1E-6</value></incidence><incidence><age>17</age><sex>0</sex><value>0.0</value></incidence><incidence><age>17</age><sex>1</sex><value>6.1E-6</value></incidence><incidence><age>18</age><sex>0</sex><value>0.0</value></incidence><incidence><age>18</age><sex>1</sex><value>7.0E-6</value></incidence><incidence><age>19</age><sex>0</sex><value>0.0</value></incidence><incidence><age>19</age><sex>1</sex><value>8.3E-6</value></incidence><incidence><age>20</age><sex>0</sex><value>0.0</value></incidence><incidence><age>20</age><sex>1</sex><value>1.11E-5</value></incidence><incidence><age>21</age><sex>0</sex><value>0.0</value></incidence><incidence><age>21</age><sex>1</sex><value>1.6E-5</value></incidence><incidence><age>22</age><sex>0</sex><value>0.0</value></incidence><incidence><age>22</age><sex>1</sex><value>2.41E-5</value></incidence><incidence><age>23</age><sex>0</sex><value>0.0</value></incidence><incidence><age>23</age><sex>1</sex><value>3.6E-5</value></incidence><incidence><age>24</age><sex>0</sex><value>0.0</value></incidence><incidence><age>24</age><sex>1</sex><value>5.19E-5</value></incidence><incidence><age>25</age><sex>0</sex><value>0.0</value></incidence><incidence><age>25</age><sex>1</sex><value>7.18E-5</value></incidence><incidence><age>26</age><sex>0</sex><value>0.0</value></incidence><incidence><age>26</age><sex>1</sex><value>9.6E-5</value></incidence><incidence><age>27</age><sex>0</sex><value>0.0</value></incidence><incidence><age>27</age><sex>1</sex><value>1.25E-4</value></incidence><incidence><age>28</age><sex>0</sex><value>0.0</value></incidence><incidence><age>28</age><sex>1</sex><value>1.57E-4</value></incidence><incidence><age>29</age><sex>0</sex><value>0.0</value></incidence><incidence><age>29</age><sex>1</sex><value>1.96E-4</value></incidence><incidence><age>30</age><sex>0</sex><value>0.0</value></incidence><incidence><age>30</age><sex>1</sex><value>2.41E-4</value></incidence><incidence><age>31</age><sex>0</sex><value>0.0</value></incidence><incidence><age>31</age><sex>1</sex><value>2.93E-4</value></incidence><incidence><age>32</age><sex>0</sex><value>0.0</value></incidence><incidence><age>32</age><sex>1</sex><value>3.55E-4</value></incidence><incidence><age>33</age><sex>0</sex><value>0.0</value></incidence><incidence><age>33</age><sex>1</sex><value>4.25E-4</value></incidence><incidence><age>34</age><sex>0</sex><value>0.0</value></incidence><incidence><age>34</age><sex>1</sex><value>5.05E-4</value></incidence><incidence><age>35</age><sex>0</sex><value>0.0</value></incidence><incidence><age>35</age><sex>1</sex><value>5.92E-4</value></incidence><incidence><age>36</age><sex>0</sex><value>0.0</value></incidence><incidence><age>36</age><sex>1</sex><value>6.86E-4</value></incidence><incidence><age>37</age><sex>0</sex><value>0.0</value></incidence><incidence><age>37</age><sex>1</sex><value>7.86E-4</value></incidence><incidence><age>38</age><sex>0</sex><value>0.0</value></incidence><incidence><age>38</age><sex>1</sex><value>8.91E-4</value></incidence><incidence><age>39</age><sex>0</sex><value>0.0</value></incidence><incidence><age>39</age><sex>1</sex><value>0.001005</value></incidence><incidence><age>40</age><sex>0</sex><value>0.0</value></incidence><incidence><age>40</age><sex>1</sex><value>0.00113</value></incidence><incidence><age>41</age><sex>0</sex><value>0.0</value></incidence><incidence><age>41</age><sex>1</sex><value>0.001271</value></incidence><incidence><age>42</age><sex>0</sex><value>0.0</value></incidence><incidence><age>42</age><sex>1</sex><value>0.001431</value></incidence><incidence><age>43</age><sex>0</sex><value>0.0</value></incidence><incidence><age>43</age><sex>1</sex><value>0.001612</value></incidence><incidence><age>44</age><sex>0</sex><value>0.0</value></incidence><incidence><age>44</age><sex>1</sex><value>0.001807</value></incidence><incidence><age>45</age><sex>0</sex><value>0.0</value></incidence><incidence><age>45</age><sex>1</sex><value>0.002009</value></incidence><incidence><age>46</age><sex>0</sex><value>0.0</value></incidence><incidence><age>46</age><sex>1</sex><value>0.002207</value></incidence><incidence><age>47</age><sex>0</sex><value>0.0</value></incidence><incidence><age>47</age><sex>1</sex><value>0.002394</value></incidence><incidence><age>48</age><sex>0</sex><value>0.0</value></incidence><incidence><age>48</age><sex>1</sex><value>0.002563</value></incidence><incidence><age>49</age><sex>0</sex><value>0.0</value></incidence><incidence><age>49</age><sex>1</sex><value>0.002714</value></incidence><incidence><age>50</age><sex>0</sex><value>0.0</value></incidence><incidence><age>50</age><sex>1</sex><value>0.00285</value></incidence><incidence><age>51</age><sex>0</sex><value>0.0</value></incidence><incidence><age>51</age><sex>1</sex><value>0.002972</value></incidence><incidence><age>52</age><sex>0</sex><value>0.0</value></incidence><incidence><age>52</age><sex>1</sex><value>0.003081</value></incidence><incidence><age>53</age><sex>0</sex><value>0.0</value></incidence><incidence><age>53</age><sex>1</sex><value>0.003181</value></incidence><incidence><age>54</age><sex>0</sex><value>0.0</value></incidence><incidence><age>54</age><sex>1</sex><value>0.00327</value></incidence><incidence><age>55</age><sex>0</sex><value>0.0</value></incidence><incidence><age>55</age><sex>1</sex><value>0.00335</value></incidence><incidence><age>56</age><sex>0</sex><value>0.0</value></incidence><incidence><age>56</age><sex>1</sex><value>0.003419</value></incidence><incidence><age>57</age><sex>0</sex><value>0.0</value></incidence><incidence><age>57</age><sex>1</sex><value>0.003479</value></incidence><incidence><age>58</age><sex>0</sex><value>0.0</value></incidence><incidence><age>58</age><sex>1</sex><value>0.00353</value></incidence><incidence><age>59</age><sex>0</sex><value>0.0</value></incidence><incidence><age>59</age><sex>1</sex><value>0.003569</value></incidence><incidence><age>60</age><sex>0</sex><value>0.0</value></incidence><incidence><age>60</age><sex>1</sex><value>0.003597</value></incidence><incidence><age>61</age><sex>0</sex><value>0.0</value></incidence><incidence><age>61</age><sex>1</sex><value>0.003611</value></incidence><incidence><age>62</age><sex>0</sex><value>0.0</value></incidence><incidence><age>62</age><sex>1</sex><value>0.003611</value></incidence><incidence><age>63</age><sex>0</sex><value>0.0</value></incidence><incidence><age>63</age><sex>1</sex><value>0.003596</value></incidence><incidence><age>64</age><sex>0</sex><value>0.0</value></incidence><incidence><age>64</age><sex>1</sex><value>0.003568</value></incidence><incidence><age>65</age><sex>0</sex><value>0.0</value></incidence><incidence><age>65</age><sex>1</sex><value>0.00353</value></incidence><incidence><age>66</age><sex>0</sex><value>0.0</value></incidence><incidence><age>66</age><sex>1</sex><value>0.003486</value></incidence><incidence><age>67</age><sex>0</sex><value>0.0</value></incidence><incidence><age>67</age><sex>1</sex><value>0.003437</value></incidence><incidence><age>68</age><sex>0</sex><value>0.0</value></incidence><incidence><age>68</age><sex>1</sex><value>0.003388</value></incidence><incidence><age>69</age><sex>0</sex><value>0.0</value></incidence><incidence><age>69</age><sex>1</sex><value>0.003341</value></incidence><incidence><age>70</age><sex>0</sex><value>0.0</value></incidence><incidence><age>70</age><sex>1</sex><value>0.003302</value></incidence><incidence><age>71</age><sex>0</sex><value>0.0</value></incidence><incidence><age>71</age><sex>1</sex><value>0.003275</value></incidence><incidence><age>72</age><sex>0</sex><value>0.0</value></incidence><incidence><age>72</age><sex>1</sex><value>0.003264</value></incidence><incidence><age>73</age><sex>0</sex><value>0.0</value></incidence><incidence><age>73</age><sex>1</sex><value>0.003272</value></incidence><incidence><age>74</age><sex>0</sex><value>0.0</value></incidence><incidence><age>74</age><sex>1</sex><value>0.00329</value></incidence><incidence><age>75</age><sex>0</sex><value>0.0</value></incidence><incidence><age>75</age><sex>1</sex><value>0.003309</value></incidence><incidence><age>76</age><sex>0</sex><value>0.0</value></incidence><incidence><age>76</age><sex>1</sex><value>0.003318</value></incidence><incidence><age>77</age><sex>0</sex><value>0.0</value></incidence><incidence><age>77</age><sex>1</sex><value>0.003308</value></incidence><incidence><age>78</age><sex>0</sex><value>0.0</value></incidence><incidence><age>78</age><sex>1</sex><value>0.003271</value></incidence><incidence><age>79</age><sex>0</sex><value>0.0</value></incidence><incidence><age>79</age><sex>1</sex><value>0.003215</value></incidence><incidence><age>80</age><sex>0</sex><value>0.0</value></incidence><incidence><age>80</age><sex>1</sex><value>0.00315</value></incidence><incidence><age>81</age><sex>0</sex><value>0.0</value></incidence><incidence><age>81</age><sex>1</sex><value>0.003086</value></incidence><incidence><age>82</age><sex>0</sex><value>0.0</value></incidence><incidence><age>82</age><sex>1</sex><value>0.003033</value></incidence><incidence><age>83</age><sex>0</sex><value>0.0</value></incidence><incidence><age>83</age><sex>1</sex><value>0.0030</value></incidence><incidence><age>84</age><sex>0</sex><value>0.0</value></incidence><incidence><age>84</age><sex>1</sex><value>0.002984</value></incidence><incidence><age>85</age><sex>0</sex><value>0.0</value></incidence><incidence><age>85</age><sex>1</sex><value>0.00298</value></incidence><incidence><age>86</age><sex>0</sex><value>0.0</value></incidence><incidence><age>86</age><sex>1</sex><value>0.002983</value></incidence><incidence><age>87</age><sex>0</sex><value>0.0</value></incidence><incidence><age>87</age><sex>1</sex><value>0.002988</value></incidence><incidence><age>88</age><sex>0</sex><value>0.0</value></incidence><incidence><age>88</age><sex>1</sex><value>0.002991</value></incidence><incidence><age>89</age><sex>0</sex><value>0.0</value></incidence><incidence><age>89</age><sex>1</sex><value>0.002992</value></incidence><incidence><age>90</age><sex>0</sex><value>0.0</value></incidence><incidence><age>90</age><sex>1</sex><value>0.002992</value></incidence><incidence><age>91</age><sex>0</sex><value>0.0</value></incidence><incidence><age>91</age><sex>1</sex><value>0.00299</value></incidence><incidence><age>92</age><sex>0</sex><value>0.0</value></incidence><incidence><age>92</age><sex>1</sex><value>0.002988</value></incidence><incidence><age>93</age><sex>0</sex><value>0.0</value></incidence><incidence><age>93</age><sex>1</sex><value>0.002987</value></incidence><incidence><age>94</age><sex>0</sex><value>0.0</value></incidence><incidence><age>94</age><sex>1</sex><value>0.002986</value></incidence><incidence><age>95</age><sex>0</sex><value>0.0</value></incidence><incidence><age>95</age><sex>1</sex><value>0.002986</value></incidence></diseaseincidences>