<?xml version="1.0"?><diseaseprevalences><prevalence><age>0</age><sex>0</sex><percent>0.0</percent></prevalence><prevalence><age>0</age><sex>1</sex><percent>0.0</percent></prevalence><prevalence><age>1</age><sex>0</sex><percent>0.0</percent></prevalence><prevalence><age>1</age><sex>1</sex><percent>0.0</percent></prevalence><prevalence><age>2</age><sex>0</sex><percent>0.0</percent></prevalence><prevalence><age>2</age><sex>1</sex><percent>0.0</percent></prevalence><prevalence><age>3</age><sex>0</sex><percent>0.0</percent></prevalence><prevalence><age>3</age><sex>1</sex><percent>0.0</percent></prevalence><prevalence><age>4</age><sex>0</sex><percent>0.0</percent></prevalence><prevalence><age>4</age><sex>1</sex><percent>0.0</percent></prevalence><prevalence><age>5</age><sex>0</sex><percent>0.0</percent></prevalence><prevalence><age>5</age><sex>1</sex><percent>0.0</percent></prevalence><prevalence><age>6</age><sex>0</sex><percent>0.0</percent></prevalence><prevalence><age>6</age><sex>1</sex><percent>0.0</percent></prevalence><prevalence><age>7</age><sex>0</sex><percent>0.0</percent></prevalence><prevalence><age>7</age><sex>1</sex><percent>0.0</percent></prevalence><prevalence><age>8</age><sex>0</sex><percent>0.0</percent></prevalence><prevalence><age>8</age><sex>1</sex><percent>0.0</percent></prevalence><prevalence><age>9</age><sex>0</sex><percent>0.0</percent></prevalence><prevalence><age>9</age><sex>1</sex><percent>0.0</percent></prevalence><prevalence><age>10</age><sex>0</sex><percent>0.0</percent></prevalence><prevalence><age>10</age><sex>1</sex><percent>0.0</percent></prevalence><prevalence><age>11</age><sex>0</sex><percent>0.0</percent></prevalence><prevalence><age>11</age><sex>1</sex><percent>0.0</percent></prevalence><prevalence><age>12</age><sex>0</sex><percent>0.0</percent></prevalence><prevalence><age>12</age><sex>1</sex><percent>0.0</percent></prevalence><prevalence><age>13</age><sex>0</sex><percent>0.0</percent></prevalence><prevalence><age>13</age><sex>1</sex><percent>0.0</percent></prevalence><prevalence><age>14</age><sex>0</sex><percent>0.0</percent></prevalence><prevalence><age>14</age><sex>1</sex><percent>0.0</percent></prevalence><prevalence><age>15</age><sex>0</sex><percent>0.00109</percent></prevalence><prevalence><age>15</age><sex>1</sex><percent>9.5E-4</percent></prevalence><prevalence><age>16</age><sex>0</sex><percent>0.0012</percent></prevalence><prevalence><age>16</age><sex>1</sex><percent>0.00123</percent></prevalence><prevalence><age>17</age><sex>0</sex><percent>0.00132</percent></prevalence><prevalence><age>17</age><sex>1</sex><percent>0.00156</percent></prevalence><prevalence><age>18</age><sex>0</sex><percent>0.00144</percent></prevalence><prevalence><age>18</age><sex>1</sex><percent>0.00194</percent></prevalence><prevalence><age>19</age><sex>0</sex><percent>0.00158</percent></prevalence><prevalence><age>19</age><sex>1</sex><percent>0.00236</percent></prevalence><prevalence><age>20</age><sex>0</sex><percent>0.00175</percent></prevalence><prevalence><age>20</age><sex>1</sex><percent>0.00281</percent></prevalence><prevalence><age>21</age><sex>0</sex><percent>0.0020</percent></prevalence><prevalence><age>21</age><sex>1</sex><percent>0.00329</percent></prevalence><prevalence><age>22</age><sex>0</sex><percent>0.00236</percent></prevalence><prevalence><age>22</age><sex>1</sex><percent>0.00385</percent></prevalence><prevalence><age>23</age><sex>0</sex><percent>0.0029</percent></prevalence><prevalence><age>23</age><sex>1</sex><percent>0.00449</percent></prevalence><prevalence><age>24</age><sex>0</sex><percent>0.00364</percent></prevalence><prevalence><age>24</age><sex>1</sex><percent>0.00527</percent></prevalence><prevalence><age>25</age><sex>0</sex><percent>0.00461</percent></prevalence><prevalence><age>25</age><sex>1</sex><percent>0.00619</percent></prevalence><prevalence><age>26</age><sex>0</sex><percent>0.00578</percent></prevalence><prevalence><age>26</age><sex>1</sex><percent>0.00726</percent></prevalence><prevalence><age>27</age><sex>0</sex><percent>0.00712</percent></prevalence><prevalence><age>27</age><sex>1</sex><percent>0.00847</percent></prevalence><prevalence><age>28</age><sex>0</sex><percent>0.00858</percent></prevalence><prevalence><age>28</age><sex>1</sex><percent>0.00978</percent></prevalence><prevalence><age>29</age><sex>0</sex><percent>0.01015</percent></prevalence><prevalence><age>29</age><sex>1</sex><percent>0.01121</percent></prevalence><prevalence><age>30</age><sex>0</sex><percent>0.01181</percent></prevalence><prevalence><age>30</age><sex>1</sex><percent>0.01276</percent></prevalence><prevalence><age>31</age><sex>0</sex><percent>0.0136</percent></prevalence><prevalence><age>31</age><sex>1</sex><percent>0.01449</percent></prevalence><prevalence><age>32</age><sex>0</sex><percent>0.01556</percent></prevalence><prevalence><age>32</age><sex>1</sex><percent>0.01649</percent></prevalence><prevalence><age>33</age><sex>0</sex><percent>0.01774</percent></prevalence><prevalence><age>33</age><sex>1</sex><percent>0.01887</percent></prevalence><prevalence><age>34</age><sex>0</sex><percent>0.02022</percent></prevalence><prevalence><age>34</age><sex>1</sex><percent>0.02173</percent></prevalence><prevalence><age>35</age><sex>0</sex><percent>0.0231</percent></prevalence><prevalence><age>35</age><sex>1</sex><percent>0.02515</percent></prevalence><prevalence><age>36</age><sex>0</sex><percent>0.02651</percent></prevalence><prevalence><age>36</age><sex>1</sex><percent>0.02919</percent></prevalence><prevalence><age>37</age><sex>0</sex><percent>0.03057</percent></prevalence><prevalence><age>37</age><sex>1</sex><percent>0.03389</percent></prevalence><prevalence><age>38</age><sex>0</sex><percent>0.03544</percent></prevalence><prevalence><age>38</age><sex>1</sex><percent>0.03928</percent></prevalence><prevalence><age>39</age><sex>0</sex><percent>0.04127</percent></prevalence><prevalence><age>39</age><sex>1</sex><percent>0.0454</percent></prevalence><prevalence><age>40</age><sex>0</sex><percent>0.04823</percent></prevalence><prevalence><age>40</age><sex>1</sex><percent>0.05232</percent></prevalence><prevalence><age>41</age><sex>0</sex><percent>0.05652</percent></prevalence><prevalence><age>41</age><sex>1</sex><percent>0.06012</percent></prevalence><prevalence><age>42</age><sex>0</sex><percent>0.06635</percent></prevalence><prevalence><age>42</age><sex>1</sex><percent>0.06889</percent></prevalence><prevalence><age>43</age><sex>0</sex><percent>0.078</percent></prevalence><prevalence><age>43</age><sex>1</sex><percent>0.07874</percent></prevalence><prevalence><age>44</age><sex>0</sex><percent>0.09177</percent></prevalence><prevalence><age>44</age><sex>1</sex><percent>0.08978</percent></prevalence><prevalence><age>45</age><sex>0</sex><percent>0.1081</percent></prevalence><prevalence><age>45</age><sex>1</sex><percent>0.10217</percent></prevalence><prevalence><age>46</age><sex>0</sex><percent>0.12744</percent></prevalence><prevalence><age>46</age><sex>1</sex><percent>0.11607</percent></prevalence><prevalence><age>47</age><sex>0</sex><percent>0.15035</percent></prevalence><prevalence><age>47</age><sex>1</sex><percent>0.13171</percent></prevalence><prevalence><age>48</age><sex>0</sex><percent>0.1774</percent></prevalence><prevalence><age>48</age><sex>1</sex><percent>0.14931</percent></prevalence><prevalence><age>49</age><sex>0</sex><percent>0.20913</percent></prevalence><prevalence><age>49</age><sex>1</sex><percent>0.16911</percent></prevalence><prevalence><age>50</age><sex>0</sex><percent>0.24597</percent></prevalence><prevalence><age>50</age><sex>1</sex><percent>0.19129</percent></prevalence><prevalence><age>51</age><sex>0</sex><percent>0.28827</percent></prevalence><prevalence><age>51</age><sex>1</sex><percent>0.21605</percent></prevalence><prevalence><age>52</age><sex>0</sex><percent>0.33625</percent></prevalence><prevalence><age>52</age><sex>1</sex><percent>0.24351</percent></prevalence><prevalence><age>53</age><sex>0</sex><percent>0.39007</percent></prevalence><prevalence><age>53</age><sex>1</sex><percent>0.27379</percent></prevalence><prevalence><age>54</age><sex>0</sex><percent>0.44983</percent></prevalence><prevalence><age>54</age><sex>1</sex><percent>0.307</percent></prevalence><prevalence><age>55</age><sex>0</sex><percent>0.51569</percent></prevalence><prevalence><age>55</age><sex>1</sex><percent>0.34326</percent></prevalence><prevalence><age>56</age><sex>0</sex><percent>0.58782</percent></prevalence><prevalence><age>56</age><sex>1</sex><percent>0.38273</percent></prevalence><prevalence><age>57</age><sex>0</sex><percent>0.66645</percent></prevalence><prevalence><age>57</age><sex>1</sex><percent>0.42561</percent></prevalence><prevalence><age>58</age><sex>0</sex><percent>0.75188</percent></prevalence><prevalence><age>58</age><sex>1</sex><percent>0.47218</percent></prevalence><prevalence><age>59</age><sex>0</sex><percent>0.84443</percent></prevalence><prevalence><age>59</age><sex>1</sex><percent>0.52278</percent></prevalence><prevalence><age>60</age><sex>0</sex><percent>0.94445</percent></prevalence><prevalence><age>60</age><sex>1</sex><percent>0.57772</percent></prevalence><prevalence><age>61</age><sex>0</sex><percent>1.05236</percent></prevalence><prevalence><age>61</age><sex>1</sex><percent>0.63734</percent></prevalence><prevalence><age>62</age><sex>0</sex><percent>1.16862</percent></prevalence><prevalence><age>62</age><sex>1</sex><percent>0.70187</percent></prevalence><prevalence><age>63</age><sex>0</sex><percent>1.29373</percent></prevalence><prevalence><age>63</age><sex>1</sex><percent>0.77148</percent></prevalence><prevalence><age>64</age><sex>0</sex><percent>1.42811</percent></prevalence><prevalence><age>64</age><sex>1</sex><percent>0.8462</percent></prevalence><prevalence><age>65</age><sex>0</sex><percent>1.57195</percent></prevalence><prevalence><age>65</age><sex>1</sex><percent>0.92588</percent></prevalence><prevalence><age>66</age><sex>0</sex><percent>1.7252</percent></prevalence><prevalence><age>66</age><sex>1</sex><percent>1.01016</percent></prevalence><prevalence><age>67</age><sex>0</sex><percent>1.88764</percent></prevalence><prevalence><age>67</age><sex>1</sex><percent>1.09847</percent></prevalence><prevalence><age>68</age><sex>0</sex><percent>2.05886</percent></prevalence><prevalence><age>68</age><sex>1</sex><percent>1.19007</percent></prevalence><prevalence><age>69</age><sex>0</sex><percent>2.2382</percent></prevalence><prevalence><age>69</age><sex>1</sex><percent>1.28417</percent></prevalence><prevalence><age>70</age><sex>0</sex><percent>2.42463</percent></prevalence><prevalence><age>70</age><sex>1</sex><percent>1.38016</percent></prevalence><prevalence><age>71</age><sex>0</sex><percent>2.61669</percent></prevalence><prevalence><age>71</age><sex>1</sex><percent>1.47766</percent></prevalence><prevalence><age>72</age><sex>0</sex><percent>2.81236</percent></prevalence><prevalence><age>72</age><sex>1</sex><percent>1.57658</percent></prevalence><prevalence><age>73</age><sex>0</sex><percent>3.00917</percent></prevalence><prevalence><age>73</age><sex>1</sex><percent>1.67707</percent></prevalence><prevalence><age>74</age><sex>0</sex><percent>3.20443</percent></prevalence><prevalence><age>74</age><sex>1</sex><percent>1.77917</percent></prevalence><prevalence><age>75</age><sex>0</sex><percent>3.39571</percent></prevalence><prevalence><age>75</age><sex>1</sex><percent>1.88237</percent></prevalence><prevalence><age>76</age><sex>0</sex><percent>3.58088</percent></prevalence><prevalence><age>76</age><sex>1</sex><percent>1.9855</percent></prevalence><prevalence><age>77</age><sex>0</sex><percent>3.75815</percent></prevalence><prevalence><age>77</age><sex>1</sex><percent>2.08671</percent></prevalence><prevalence><age>78</age><sex>0</sex><percent>3.92604</percent></prevalence><prevalence><age>78</age><sex>1</sex><percent>2.18352</percent></prevalence><prevalence><age>79</age><sex>0</sex><percent>4.08293</percent></prevalence><prevalence><age>79</age><sex>1</sex><percent>2.27333</percent></prevalence><prevalence><age>80</age><sex>0</sex><percent>4.22676</percent></prevalence><prevalence><age>80</age><sex>1</sex><percent>2.35393</percent></prevalence><prevalence><age>81</age><sex>0</sex><percent>4.35498</percent></prevalence><prevalence><age>81</age><sex>1</sex><percent>2.4237</percent></prevalence><prevalence><age>82</age><sex>0</sex><percent>4.46462</percent></prevalence><prevalence><age>82</age><sex>1</sex><percent>2.48167</percent></prevalence><prevalence><age>83</age><sex>0</sex><percent>4.55259</percent></prevalence><prevalence><age>83</age><sex>1</sex><percent>2.52754</percent></prevalence><prevalence><age>84</age><sex>0</sex><percent>4.61686</percent></prevalence><prevalence><age>84</age><sex>1</sex><percent>2.5617</percent></prevalence><prevalence><age>85</age><sex>0</sex><percent>4.6575</percent></prevalence><prevalence><age>85</age><sex>1</sex><percent>2.58516</percent></prevalence><prevalence><age>86</age><sex>0</sex><percent>4.67677</percent></prevalence><prevalence><age>86</age><sex>1</sex><percent>2.59951</percent></prevalence><prevalence><age>87</age><sex>0</sex><percent>4.67881</percent></prevalence><prevalence><age>87</age><sex>1</sex><percent>2.60681</percent></prevalence><prevalence><age>88</age><sex>0</sex><percent>4.66914</percent></prevalence><prevalence><age>88</age><sex>1</sex><percent>2.60937</percent></prevalence><prevalence><age>89</age><sex>0</sex><percent>4.65311</percent></prevalence><prevalence><age>89</age><sex>1</sex><percent>2.60933</percent></prevalence><prevalence><age>90</age><sex>0</sex><percent>4.63464</percent></prevalence><prevalence><age>90</age><sex>1</sex><percent>2.60824</percent></prevalence><prevalence><age>91</age><sex>0</sex><percent>4.61607</percent></prevalence><prevalence><age>91</age><sex>1</sex><percent>2.60705</percent></prevalence><prevalence><age>92</age><sex>0</sex><percent>4.59835</percent></prevalence><prevalence><age>92</age><sex>1</sex><percent>2.60622</percent></prevalence><prevalence><age>93</age><sex>0</sex><percent>4.58137</percent></prevalence><prevalence><age>93</age><sex>1</sex><percent>2.60576</percent></prevalence><prevalence><age>94</age><sex>0</sex><percent>4.56455</percent></prevalence><prevalence><age>94</age><sex>1</sex><percent>2.60551</percent></prevalence><prevalence><age>95</age><sex>0</sex><percent>4.52384</percent></prevalence><prevalence><age>95</age><sex>1</sex><percent>2.60456</percent></prevalence></diseaseprevalences>