<?xml version="1.0"?><diseaseprevalences><prevalence><age>0</age><sex>0</sex><percent>0.0</percent></prevalence><prevalence><age>0</age><sex>1</sex><percent>0.0</percent></prevalence><prevalence><age>1</age><sex>0</sex><percent>0.0</percent></prevalence><prevalence><age>1</age><sex>1</sex><percent>0.0</percent></prevalence><prevalence><age>2</age><sex>0</sex><percent>0.0</percent></prevalence><prevalence><age>2</age><sex>1</sex><percent>0.0</percent></prevalence><prevalence><age>3</age><sex>0</sex><percent>0.0</percent></prevalence><prevalence><age>3</age><sex>1</sex><percent>0.0</percent></prevalence><prevalence><age>4</age><sex>0</sex><percent>0.0</percent></prevalence><prevalence><age>4</age><sex>1</sex><percent>0.0</percent></prevalence><prevalence><age>5</age><sex>0</sex><percent>0.0</percent></prevalence><prevalence><age>5</age><sex>1</sex><percent>0.0</percent></prevalence><prevalence><age>6</age><sex>0</sex><percent>0.0</percent></prevalence><prevalence><age>6</age><sex>1</sex><percent>0.0</percent></prevalence><prevalence><age>7</age><sex>0</sex><percent>0.0</percent></prevalence><prevalence><age>7</age><sex>1</sex><percent>0.0</percent></prevalence><prevalence><age>8</age><sex>0</sex><percent>0.0</percent></prevalence><prevalence><age>8</age><sex>1</sex><percent>0.0</percent></prevalence><prevalence><age>9</age><sex>0</sex><percent>0.0</percent></prevalence><prevalence><age>9</age><sex>1</sex><percent>0.0</percent></prevalence><prevalence><age>10</age><sex>0</sex><percent>0.0</percent></prevalence><prevalence><age>10</age><sex>1</sex><percent>0.0</percent></prevalence><prevalence><age>11</age><sex>0</sex><percent>0.0</percent></prevalence><prevalence><age>11</age><sex>1</sex><percent>0.0</percent></prevalence><prevalence><age>12</age><sex>0</sex><percent>0.0</percent></prevalence><prevalence><age>12</age><sex>1</sex><percent>0.0</percent></prevalence><prevalence><age>13</age><sex>0</sex><percent>0.0</percent></prevalence><prevalence><age>13</age><sex>1</sex><percent>0.0</percent></prevalence><prevalence><age>14</age><sex>0</sex><percent>0.0</percent></prevalence><prevalence><age>14</age><sex>1</sex><percent>0.0</percent></prevalence><prevalence><age>15</age><sex>0</sex><percent>0.0</percent></prevalence><prevalence><age>15</age><sex>1</sex><percent>1.0E-5</percent></prevalence><prevalence><age>16</age><sex>0</sex><percent>0.0</percent></prevalence><prevalence><age>16</age><sex>1</sex><percent>3.0E-5</percent></prevalence><prevalence><age>17</age><sex>0</sex><percent>0.0</percent></prevalence><prevalence><age>17</age><sex>1</sex><percent>9.0E-5</percent></prevalence><prevalence><age>18</age><sex>0</sex><percent>0.0</percent></prevalence><prevalence><age>18</age><sex>1</sex><percent>2.1E-4</percent></prevalence><prevalence><age>19</age><sex>0</sex><percent>0.0</percent></prevalence><prevalence><age>19</age><sex>1</sex><percent>4.4E-4</percent></prevalence><prevalence><age>20</age><sex>0</sex><percent>0.0</percent></prevalence><prevalence><age>20</age><sex>1</sex><percent>8.1E-4</percent></prevalence><prevalence><age>21</age><sex>0</sex><percent>0.0</percent></prevalence><prevalence><age>21</age><sex>1</sex><percent>0.00137</percent></prevalence><prevalence><age>22</age><sex>0</sex><percent>0.0</percent></prevalence><prevalence><age>22</age><sex>1</sex><percent>0.00217</percent></prevalence><prevalence><age>23</age><sex>0</sex><percent>0.0</percent></prevalence><prevalence><age>23</age><sex>1</sex><percent>0.00326</percent></prevalence><prevalence><age>24</age><sex>0</sex><percent>0.0</percent></prevalence><prevalence><age>24</age><sex>1</sex><percent>0.00472</percent></prevalence><prevalence><age>25</age><sex>0</sex><percent>0.0</percent></prevalence><prevalence><age>25</age><sex>1</sex><percent>0.00667</percent></prevalence><prevalence><age>26</age><sex>0</sex><percent>0.0</percent></prevalence><prevalence><age>26</age><sex>1</sex><percent>0.00927</percent></prevalence><prevalence><age>27</age><sex>0</sex><percent>0.0</percent></prevalence><prevalence><age>27</age><sex>1</sex><percent>0.0127</percent></prevalence><prevalence><age>28</age><sex>0</sex><percent>0.0</percent></prevalence><prevalence><age>28</age><sex>1</sex><percent>0.01722</percent></prevalence><prevalence><age>29</age><sex>0</sex><percent>0.0</percent></prevalence><prevalence><age>29</age><sex>1</sex><percent>0.02308</percent></prevalence><prevalence><age>30</age><sex>0</sex><percent>0.0</percent></prevalence><prevalence><age>30</age><sex>1</sex><percent>0.03056</percent></prevalence><prevalence><age>31</age><sex>0</sex><percent>0.0</percent></prevalence><prevalence><age>31</age><sex>1</sex><percent>0.03991</percent></prevalence><prevalence><age>32</age><sex>0</sex><percent>0.0</percent></prevalence><prevalence><age>32</age><sex>1</sex><percent>0.05137</percent></prevalence><prevalence><age>33</age><sex>0</sex><percent>0.0</percent></prevalence><prevalence><age>33</age><sex>1</sex><percent>0.06517</percent></prevalence><prevalence><age>34</age><sex>0</sex><percent>0.0</percent></prevalence><prevalence><age>34</age><sex>1</sex><percent>0.08153</percent></prevalence><prevalence><age>35</age><sex>0</sex><percent>0.0</percent></prevalence><prevalence><age>35</age><sex>1</sex><percent>0.10081</percent></prevalence><prevalence><age>36</age><sex>0</sex><percent>0.0</percent></prevalence><prevalence><age>36</age><sex>1</sex><percent>0.12341</percent></prevalence><prevalence><age>37</age><sex>0</sex><percent>0.0</percent></prevalence><prevalence><age>37</age><sex>1</sex><percent>0.14991</percent></prevalence><prevalence><age>38</age><sex>0</sex><percent>0.0</percent></prevalence><prevalence><age>38</age><sex>1</sex><percent>0.18097</percent></prevalence><prevalence><age>39</age><sex>0</sex><percent>0.0</percent></prevalence><prevalence><age>39</age><sex>1</sex><percent>0.21729</percent></prevalence><prevalence><age>40</age><sex>0</sex><percent>0.0</percent></prevalence><prevalence><age>40</age><sex>1</sex><percent>0.25949</percent></prevalence><prevalence><age>41</age><sex>0</sex><percent>0.0</percent></prevalence><prevalence><age>41</age><sex>1</sex><percent>0.30809</percent></prevalence><prevalence><age>42</age><sex>0</sex><percent>0.0</percent></prevalence><prevalence><age>42</age><sex>1</sex><percent>0.36346</percent></prevalence><prevalence><age>43</age><sex>0</sex><percent>0.0</percent></prevalence><prevalence><age>43</age><sex>1</sex><percent>0.42587</percent></prevalence><prevalence><age>44</age><sex>0</sex><percent>0.0</percent></prevalence><prevalence><age>44</age><sex>1</sex><percent>0.49538</percent></prevalence><prevalence><age>45</age><sex>0</sex><percent>0.0</percent></prevalence><prevalence><age>45</age><sex>1</sex><percent>0.57188</percent></prevalence><prevalence><age>46</age><sex>0</sex><percent>0.0</percent></prevalence><prevalence><age>46</age><sex>1</sex><percent>0.65509</percent></prevalence><prevalence><age>47</age><sex>0</sex><percent>0.0</percent></prevalence><prevalence><age>47</age><sex>1</sex><percent>0.74461</percent></prevalence><prevalence><age>48</age><sex>0</sex><percent>0.0</percent></prevalence><prevalence><age>48</age><sex>1</sex><percent>0.8399</percent></prevalence><prevalence><age>49</age><sex>0</sex><percent>0.0</percent></prevalence><prevalence><age>49</age><sex>1</sex><percent>0.94043</percent></prevalence><prevalence><age>50</age><sex>0</sex><percent>0.0</percent></prevalence><prevalence><age>50</age><sex>1</sex><percent>1.04563</percent></prevalence><prevalence><age>51</age><sex>0</sex><percent>0.0</percent></prevalence><prevalence><age>51</age><sex>1</sex><percent>1.15496</percent></prevalence><prevalence><age>52</age><sex>0</sex><percent>0.0</percent></prevalence><prevalence><age>52</age><sex>1</sex><percent>1.26787</percent></prevalence><prevalence><age>53</age><sex>0</sex><percent>0.0</percent></prevalence><prevalence><age>53</age><sex>1</sex><percent>1.38376</percent></prevalence><prevalence><age>54</age><sex>0</sex><percent>0.0</percent></prevalence><prevalence><age>54</age><sex>1</sex><percent>1.50204</percent></prevalence><prevalence><age>55</age><sex>0</sex><percent>0.0</percent></prevalence><prevalence><age>55</age><sex>1</sex><percent>1.6222</percent></prevalence><prevalence><age>56</age><sex>0</sex><percent>0.0</percent></prevalence><prevalence><age>56</age><sex>1</sex><percent>1.74381</percent></prevalence><prevalence><age>57</age><sex>0</sex><percent>0.0</percent></prevalence><prevalence><age>57</age><sex>1</sex><percent>1.86661</percent></prevalence><prevalence><age>58</age><sex>0</sex><percent>0.0</percent></prevalence><prevalence><age>58</age><sex>1</sex><percent>1.99046</percent></prevalence><prevalence><age>59</age><sex>0</sex><percent>0.0</percent></prevalence><prevalence><age>59</age><sex>1</sex><percent>2.11542</percent></prevalence><prevalence><age>60</age><sex>0</sex><percent>0.0</percent></prevalence><prevalence><age>60</age><sex>1</sex><percent>2.24167</percent></prevalence><prevalence><age>61</age><sex>0</sex><percent>0.0</percent></prevalence><prevalence><age>61</age><sex>1</sex><percent>2.36943</percent></prevalence><prevalence><age>62</age><sex>0</sex><percent>0.0</percent></prevalence><prevalence><age>62</age><sex>1</sex><percent>2.49894</percent></prevalence><prevalence><age>63</age><sex>0</sex><percent>0.0</percent></prevalence><prevalence><age>63</age><sex>1</sex><percent>2.6303</percent></prevalence><prevalence><age>64</age><sex>0</sex><percent>0.0</percent></prevalence><prevalence><age>64</age><sex>1</sex><percent>2.76345</percent></prevalence><prevalence><age>65</age><sex>0</sex><percent>0.0</percent></prevalence><prevalence><age>65</age><sex>1</sex><percent>2.89807</percent></prevalence><prevalence><age>66</age><sex>0</sex><percent>0.0</percent></prevalence><prevalence><age>66</age><sex>1</sex><percent>3.03363</percent></prevalence><prevalence><age>67</age><sex>0</sex><percent>0.0</percent></prevalence><prevalence><age>67</age><sex>1</sex><percent>3.16951</percent></prevalence><prevalence><age>68</age><sex>0</sex><percent>0.0</percent></prevalence><prevalence><age>68</age><sex>1</sex><percent>3.30503</percent></prevalence><prevalence><age>69</age><sex>0</sex><percent>0.0</percent></prevalence><prevalence><age>69</age><sex>1</sex><percent>3.43961</percent></prevalence><prevalence><age>70</age><sex>0</sex><percent>0.0</percent></prevalence><prevalence><age>70</age><sex>1</sex><percent>3.57282</percent></prevalence><prevalence><age>71</age><sex>0</sex><percent>0.0</percent></prevalence><prevalence><age>71</age><sex>1</sex><percent>3.70436</percent></prevalence><prevalence><age>72</age><sex>0</sex><percent>0.0</percent></prevalence><prevalence><age>72</age><sex>1</sex><percent>3.83403</percent></prevalence><prevalence><age>73</age><sex>0</sex><percent>0.0</percent></prevalence><prevalence><age>73</age><sex>1</sex><percent>3.96163</percent></prevalence><prevalence><age>74</age><sex>0</sex><percent>0.0</percent></prevalence><prevalence><age>74</age><sex>1</sex><percent>4.08684</percent></prevalence><prevalence><age>75</age><sex>0</sex><percent>0.0</percent></prevalence><prevalence><age>75</age><sex>1</sex><percent>4.20906</percent></prevalence><prevalence><age>76</age><sex>0</sex><percent>0.0</percent></prevalence><prevalence><age>76</age><sex>1</sex><percent>4.32742</percent></prevalence><prevalence><age>77</age><sex>0</sex><percent>0.0</percent></prevalence><prevalence><age>77</age><sex>1</sex><percent>4.44081</percent></prevalence><prevalence><age>78</age><sex>0</sex><percent>0.0</percent></prevalence><prevalence><age>78</age><sex>1</sex><percent>4.54796</percent></prevalence><prevalence><age>79</age><sex>0</sex><percent>0.0</percent></prevalence><prevalence><age>79</age><sex>1</sex><percent>4.64768</percent></prevalence><prevalence><age>80</age><sex>0</sex><percent>0.0</percent></prevalence><prevalence><age>80</age><sex>1</sex><percent>4.73897</percent></prevalence><prevalence><age>81</age><sex>0</sex><percent>0.0</percent></prevalence><prevalence><age>81</age><sex>1</sex><percent>4.82108</percent></prevalence><prevalence><age>82</age><sex>0</sex><percent>0.0</percent></prevalence><prevalence><age>82</age><sex>1</sex><percent>4.89343</percent></prevalence><prevalence><age>83</age><sex>0</sex><percent>0.0</percent></prevalence><prevalence><age>83</age><sex>1</sex><percent>4.95562</percent></prevalence><prevalence><age>84</age><sex>0</sex><percent>0.0</percent></prevalence><prevalence><age>84</age><sex>1</sex><percent>5.00759</percent></prevalence><prevalence><age>85</age><sex>0</sex><percent>0.0</percent></prevalence><prevalence><age>85</age><sex>1</sex><percent>5.04977</percent></prevalence><prevalence><age>86</age><sex>0</sex><percent>0.0</percent></prevalence><prevalence><age>86</age><sex>1</sex><percent>5.08317</percent></prevalence><prevalence><age>87</age><sex>0</sex><percent>0.0</percent></prevalence><prevalence><age>87</age><sex>1</sex><percent>5.10938</percent></prevalence><prevalence><age>88</age><sex>0</sex><percent>0.0</percent></prevalence><prevalence><age>88</age><sex>1</sex><percent>5.13047</percent></prevalence><prevalence><age>89</age><sex>0</sex><percent>0.0</percent></prevalence><prevalence><age>89</age><sex>1</sex><percent>5.14854</percent></prevalence><prevalence><age>90</age><sex>0</sex><percent>0.0</percent></prevalence><prevalence><age>90</age><sex>1</sex><percent>5.16524</percent></prevalence><prevalence><age>91</age><sex>0</sex><percent>0.0</percent></prevalence><prevalence><age>91</age><sex>1</sex><percent>5.18172</percent></prevalence><prevalence><age>92</age><sex>0</sex><percent>0.0</percent></prevalence><prevalence><age>92</age><sex>1</sex><percent>5.19865</percent></prevalence><prevalence><age>93</age><sex>0</sex><percent>0.0</percent></prevalence><prevalence><age>93</age><sex>1</sex><percent>5.21619</percent></prevalence><prevalence><age>94</age><sex>0</sex><percent>0.0</percent></prevalence><prevalence><age>94</age><sex>1</sex><percent>5.23429</percent></prevalence><prevalence><age>95</age><sex>0</sex><percent>0.0</percent></prevalence><prevalence><age>95</age><sex>1</sex><percent>5.28058</percent></prevalence></diseaseprevalences>