<?xml version="1.0"?><riskfactorprevalences_categorical><prevalence><age>0</age><sex>0</sex><cat>1</cat><percent>100.0</percent></prevalence><prevalence><age>0</age><sex>0</sex><cat>2</cat><percent>0.0</percent></prevalence><prevalence><age>0</age><sex>0</sex><cat>3</cat><percent>0.0</percent></prevalence><prevalence><age>0</age><sex>1</sex><cat>1</cat><percent>100.0</percent></prevalence><prevalence><age>0</age><sex>1</sex><cat>2</cat><percent>0.0</percent></prevalence><prevalence><age>0</age><sex>1</sex><cat>3</cat><percent>0.0</percent></prevalence><prevalence><age>1</age><sex>0</sex><cat>1</cat><percent>100.0</percent></prevalence><prevalence><age>1</age><sex>0</sex><cat>2</cat><percent>0.0</percent></prevalence><prevalence><age>1</age><sex>0</sex><cat>3</cat><percent>0.0</percent></prevalence><prevalence><age>1</age><sex>1</sex><cat>1</cat><percent>100.0</percent></prevalence><prevalence><age>1</age><sex>1</sex><cat>2</cat><percent>0.0</percent></prevalence><prevalence><age>1</age><sex>1</sex><cat>3</cat><percent>0.0</percent></prevalence><prevalence><age>2</age><sex>0</sex><cat>1</cat><percent>100.0</percent></prevalence><prevalence><age>2</age><sex>0</sex><cat>2</cat><percent>0.0</percent></prevalence><prevalence><age>2</age><sex>0</sex><cat>3</cat><percent>0.0</percent></prevalence><prevalence><age>2</age><sex>1</sex><cat>1</cat><percent>100.0</percent></prevalence><prevalence><age>2</age><sex>1</sex><cat>2</cat><percent>0.0</percent></prevalence><prevalence><age>2</age><sex>1</sex><cat>3</cat><percent>0.0</percent></prevalence><prevalence><age>3</age><sex>0</sex><cat>1</cat><percent>100.0</percent></prevalence><prevalence><age>3</age><sex>0</sex><cat>2</cat><percent>0.0</percent></prevalence><prevalence><age>3</age><sex>0</sex><cat>3</cat><percent>0.0</percent></prevalence><prevalence><age>3</age><sex>1</sex><cat>1</cat><percent>100.0</percent></prevalence><prevalence><age>3</age><sex>1</sex><cat>2</cat><percent>0.0</percent></prevalence><prevalence><age>3</age><sex>1</sex><cat>3</cat><percent>0.0</percent></prevalence><prevalence><age>4</age><sex>0</sex><cat>1</cat><percent>100.0</percent></prevalence><prevalence><age>4</age><sex>0</sex><cat>2</cat><percent>0.0</percent></prevalence><prevalence><age>4</age><sex>0</sex><cat>3</cat><percent>0.0</percent></prevalence><prevalence><age>4</age><sex>1</sex><cat>1</cat><percent>100.0</percent></prevalence><prevalence><age>4</age><sex>1</sex><cat>2</cat><percent>0.0</percent></prevalence><prevalence><age>4</age><sex>1</sex><cat>3</cat><percent>0.0</percent></prevalence><prevalence><age>5</age><sex>0</sex><cat>1</cat><percent>100.0</percent></prevalence><prevalence><age>5</age><sex>0</sex><cat>2</cat><percent>0.0</percent></prevalence><prevalence><age>5</age><sex>0</sex><cat>3</cat><percent>0.0</percent></prevalence><prevalence><age>5</age><sex>1</sex><cat>1</cat><percent>100.0</percent></prevalence><prevalence><age>5</age><sex>1</sex><cat>2</cat><percent>0.0</percent></prevalence><prevalence><age>5</age><sex>1</sex><cat>3</cat><percent>0.0</percent></prevalence><prevalence><age>6</age><sex>0</sex><cat>1</cat><percent>100.0</percent></prevalence><prevalence><age>6</age><sex>0</sex><cat>2</cat><percent>0.0</percent></prevalence><prevalence><age>6</age><sex>0</sex><cat>3</cat><percent>0.0</percent></prevalence><prevalence><age>6</age><sex>1</sex><cat>1</cat><percent>100.0</percent></prevalence><prevalence><age>6</age><sex>1</sex><cat>2</cat><percent>0.0</percent></prevalence><prevalence><age>6</age><sex>1</sex><cat>3</cat><percent>0.0</percent></prevalence><prevalence><age>7</age><sex>0</sex><cat>1</cat><percent>100.0</percent></prevalence><prevalence><age>7</age><sex>0</sex><cat>2</cat><percent>0.0</percent></prevalence><prevalence><age>7</age><sex>0</sex><cat>3</cat><percent>0.0</percent></prevalence><prevalence><age>7</age><sex>1</sex><cat>1</cat><percent>100.0</percent></prevalence><prevalence><age>7</age><sex>1</sex><cat>2</cat><percent>0.0</percent></prevalence><prevalence><age>7</age><sex>1</sex><cat>3</cat><percent>0.0</percent></prevalence><prevalence><age>8</age><sex>0</sex><cat>1</cat><percent>100.0</percent></prevalence><prevalence><age>8</age><sex>0</sex><cat>2</cat><percent>0.0</percent></prevalence><prevalence><age>8</age><sex>0</sex><cat>3</cat><percent>0.0</percent></prevalence><prevalence><age>8</age><sex>1</sex><cat>1</cat><percent>100.0</percent></prevalence><prevalence><age>8</age><sex>1</sex><cat>2</cat><percent>0.0</percent></prevalence><prevalence><age>8</age><sex>1</sex><cat>3</cat><percent>0.0</percent></prevalence><prevalence><age>9</age><sex>0</sex><cat>1</cat><percent>100.0</percent></prevalence><prevalence><age>9</age><sex>0</sex><cat>2</cat><percent>0.0</percent></prevalence><prevalence><age>9</age><sex>0</sex><cat>3</cat><percent>0.0</percent></prevalence><prevalence><age>9</age><sex>1</sex><cat>1</cat><percent>100.0</percent></prevalence><prevalence><age>9</age><sex>1</sex><cat>2</cat><percent>0.0</percent></prevalence><prevalence><age>9</age><sex>1</sex><cat>3</cat><percent>0.0</percent></prevalence><prevalence><age>10</age><sex>0</sex><cat>1</cat><percent>100.0</percent></prevalence><prevalence><age>10</age><sex>0</sex><cat>2</cat><percent>0.0</percent></prevalence><prevalence><age>10</age><sex>0</sex><cat>3</cat><percent>0.0</percent></prevalence><prevalence><age>10</age><sex>1</sex><cat>1</cat><percent>100.0</percent></prevalence><prevalence><age>10</age><sex>1</sex><cat>2</cat><percent>0.0</percent></prevalence><prevalence><age>10</age><sex>1</sex><cat>3</cat><percent>0.0</percent></prevalence><prevalence><age>11</age><sex>0</sex><cat>1</cat><percent>100.0</percent></prevalence><prevalence><age>11</age><sex>0</sex><cat>2</cat><percent>0.0</percent></prevalence><prevalence><age>11</age><sex>0</sex><cat>3</cat><percent>0.0</percent></prevalence><prevalence><age>11</age><sex>1</sex><cat>1</cat><percent>100.0</percent></prevalence><prevalence><age>11</age><sex>1</sex><cat>2</cat><percent>0.0</percent></prevalence><prevalence><age>11</age><sex>1</sex><cat>3</cat><percent>0.0</percent></prevalence><prevalence><age>12</age><sex>0</sex><cat>1</cat><percent>100.0</percent></prevalence><prevalence><age>12</age><sex>0</sex><cat>2</cat><percent>0.0</percent></prevalence><prevalence><age>12</age><sex>0</sex><cat>3</cat><percent>0.0</percent></prevalence><prevalence><age>12</age><sex>1</sex><cat>1</cat><percent>100.0</percent></prevalence><prevalence><age>12</age><sex>1</sex><cat>2</cat><percent>0.0</percent></prevalence><prevalence><age>12</age><sex>1</sex><cat>3</cat><percent>0.0</percent></prevalence><prevalence><age>13</age><sex>0</sex><cat>1</cat><percent>100.0</percent></prevalence><prevalence><age>13</age><sex>0</sex><cat>2</cat><percent>0.0</percent></prevalence><prevalence><age>13</age><sex>0</sex><cat>3</cat><percent>0.0</percent></prevalence><prevalence><age>13</age><sex>1</sex><cat>1</cat><percent>100.0</percent></prevalence><prevalence><age>13</age><sex>1</sex><cat>2</cat><percent>0.0</percent></prevalence><prevalence><age>13</age><sex>1</sex><cat>3</cat><percent>0.0</percent></prevalence><prevalence><age>14</age><sex>0</sex><cat>1</cat><percent>100.0</percent></prevalence><prevalence><age>14</age><sex>0</sex><cat>2</cat><percent>0.0</percent></prevalence><prevalence><age>14</age><sex>0</sex><cat>3</cat><percent>0.0</percent></prevalence><prevalence><age>14</age><sex>1</sex><cat>1</cat><percent>100.0</percent></prevalence><prevalence><age>14</age><sex>1</sex><cat>2</cat><percent>0.0</percent></prevalence><prevalence><age>14</age><sex>1</sex><cat>3</cat><percent>0.0</percent></prevalence><prevalence><age>15</age><sex>0</sex><cat>1</cat><percent>100.0</percent></prevalence><prevalence><age>15</age><sex>0</sex><cat>2</cat><percent>0.0</percent></prevalence><prevalence><age>15</age><sex>0</sex><cat>3</cat><percent>0.0</percent></prevalence><prevalence><age>15</age><sex>1</sex><cat>1</cat><percent>100.0</percent></prevalence><prevalence><age>15</age><sex>1</sex><cat>2</cat><percent>0.0</percent></prevalence><prevalence><age>15</age><sex>1</sex><cat>3</cat><percent>0.0</percent></prevalence><prevalence><age>16</age><sex>0</sex><cat>1</cat><percent>49.237473</percent></prevalence><prevalence><age>16</age><sex>0</sex><cat>2</cat><percent>13.507626</percent></prevalence><prevalence><age>16</age><sex>0</sex><cat>3</cat><percent>37.2549</percent></prevalence><prevalence><age>16</age><sex>1</sex><cat>1</cat><percent>58.17757</percent></prevalence><prevalence><age>16</age><sex>1</sex><cat>2</cat><percent>15.420561</percent></prevalence><prevalence><age>16</age><sex>1</sex><cat>3</cat><percent>26.401869</percent></prevalence><prevalence><age>17</age><sex>0</sex><cat>1</cat><percent>47.98541</percent></prevalence><prevalence><age>17</age><sex>0</sex><cat>2</cat><percent>13.964456</percent></prevalence><prevalence><age>17</age><sex>0</sex><cat>3</cat><percent>38.050137</percent></prevalence><prevalence><age>17</age><sex>1</sex><cat>1</cat><percent>56.241558</percent></prevalence><prevalence><age>17</age><sex>1</sex><cat>2</cat><percent>16.334208</percent></prevalence><prevalence><age>17</age><sex>1</sex><cat>3</cat><percent>27.424234</percent></prevalence><prevalence><age>18</age><sex>0</sex><cat>1</cat><percent>46.733345</percent></prevalence><prevalence><age>18</age><sex>0</sex><cat>2</cat><percent>14.421287</percent></prevalence><prevalence><age>18</age><sex>0</sex><cat>3</cat><percent>38.845367</percent></prevalence><prevalence><age>18</age><sex>1</sex><cat>1</cat><percent>54.30555</percent></prevalence><prevalence><age>18</age><sex>1</sex><cat>2</cat><percent>17.247852</percent></prevalence><prevalence><age>18</age><sex>1</sex><cat>3</cat><percent>28.4466</percent></prevalence><prevalence><age>19</age><sex>0</sex><cat>1</cat><percent>45.48128</percent></prevalence><prevalence><age>19</age><sex>0</sex><cat>2</cat><percent>14.878117</percent></prevalence><prevalence><age>19</age><sex>0</sex><cat>3</cat><percent>39.640602</percent></prevalence><prevalence><age>19</age><sex>1</sex><cat>1</cat><percent>52.369537</percent></prevalence><prevalence><age>19</age><sex>1</sex><cat>2</cat><percent>18.161499</percent></prevalence><prevalence><age>19</age><sex>1</sex><cat>3</cat><percent>29.468964</percent></prevalence><prevalence><age>20</age><sex>0</sex><cat>1</cat><percent>44.229218</percent></prevalence><prevalence><age>20</age><sex>0</sex><cat>2</cat><percent>15.334948</percent></prevalence><prevalence><age>20</age><sex>0</sex><cat>3</cat><percent>40.435837</percent></prevalence><prevalence><age>20</age><sex>1</sex><cat>1</cat><percent>50.433525</percent></prevalence><prevalence><age>20</age><sex>1</sex><cat>2</cat><percent>19.075144</percent></prevalence><prevalence><age>20</age><sex>1</sex><cat>3</cat><percent>30.49133</percent></prevalence><prevalence><age>21</age><sex>0</sex><cat>1</cat><percent>43.70717</percent></prevalence><prevalence><age>21</age><sex>0</sex><cat>2</cat><percent>15.91224</percent></prevalence><prevalence><age>21</age><sex>0</sex><cat>3</cat><percent>40.38059</percent></prevalence><prevalence><age>21</age><sex>1</sex><cat>1</cat><percent>49.917824</percent></prevalence><prevalence><age>21</age><sex>1</sex><cat>2</cat><percent>19.546661</percent></prevalence><prevalence><age>21</age><sex>1</sex><cat>3</cat><percent>30.535515</percent></prevalence><prevalence><age>22</age><sex>0</sex><cat>1</cat><percent>43.185123</percent></prevalence><prevalence><age>22</age><sex>0</sex><cat>2</cat><percent>16.489532</percent></prevalence><prevalence><age>22</age><sex>0</sex><cat>3</cat><percent>40.325344</percent></prevalence><prevalence><age>22</age><sex>1</sex><cat>1</cat><percent>49.40212</percent></prevalence><prevalence><age>22</age><sex>1</sex><cat>2</cat><percent>20.01818</percent></prevalence><prevalence><age>22</age><sex>1</sex><cat>3</cat><percent>30.579699</percent></prevalence><prevalence><age>23</age><sex>0</sex><cat>1</cat><percent>42.663074</percent></prevalence><prevalence><age>23</age><sex>0</sex><cat>2</cat><percent>17.066824</percent></prevalence><prevalence><age>23</age><sex>0</sex><cat>3</cat><percent>40.2701</percent></prevalence><prevalence><age>23</age><sex>1</sex><cat>1</cat><percent>48.886417</percent></prevalence><prevalence><age>23</age><sex>1</sex><cat>2</cat><percent>20.489698</percent></prevalence><prevalence><age>23</age><sex>1</sex><cat>3</cat><percent>30.623884</percent></prevalence><prevalence><age>24</age><sex>0</sex><cat>1</cat><percent>42.14103</percent></prevalence><prevalence><age>24</age><sex>0</sex><cat>2</cat><percent>17.644117</percent></prevalence><prevalence><age>24</age><sex>0</sex><cat>3</cat><percent>40.214855</percent></prevalence><prevalence><age>24</age><sex>1</sex><cat>1</cat><percent>48.370716</percent></prevalence><prevalence><age>24</age><sex>1</sex><cat>2</cat><percent>20.961216</percent></prevalence><prevalence><age>24</age><sex>1</sex><cat>3</cat><percent>30.66807</percent></prevalence><prevalence><age>25</age><sex>0</sex><cat>1</cat><percent>41.61898</percent></prevalence><prevalence><age>25</age><sex>0</sex><cat>2</cat><percent>18.221409</percent></prevalence><prevalence><age>25</age><sex>0</sex><cat>3</cat><percent>40.159607</percent></prevalence><prevalence><age>25</age><sex>1</sex><cat>1</cat><percent>47.85501</percent></prevalence><prevalence><age>25</age><sex>1</sex><cat>2</cat><percent>21.432734</percent></prevalence><prevalence><age>25</age><sex>1</sex><cat>3</cat><percent>30.712255</percent></prevalence><prevalence><age>26</age><sex>0</sex><cat>1</cat><percent>41.096935</percent></prevalence><prevalence><age>26</age><sex>0</sex><cat>2</cat><percent>18.798702</percent></prevalence><prevalence><age>26</age><sex>0</sex><cat>3</cat><percent>40.104362</percent></prevalence><prevalence><age>26</age><sex>1</sex><cat>1</cat><percent>47.33931</percent></prevalence><prevalence><age>26</age><sex>1</sex><cat>2</cat><percent>21.904251</percent></prevalence><prevalence><age>26</age><sex>1</sex><cat>3</cat><percent>30.75644</percent></prevalence><prevalence><age>27</age><sex>0</sex><cat>1</cat><percent>40.574886</percent></prevalence><prevalence><age>27</age><sex>0</sex><cat>2</cat><percent>19.375994</percent></prevalence><prevalence><age>27</age><sex>0</sex><cat>3</cat><percent>40.049118</percent></prevalence><prevalence><age>27</age><sex>1</sex><cat>1</cat><percent>46.823605</percent></prevalence><prevalence><age>27</age><sex>1</sex><cat>2</cat><percent>22.375769</percent></prevalence><prevalence><age>27</age><sex>1</sex><cat>3</cat><percent>30.800625</percent></prevalence><prevalence><age>28</age><sex>0</sex><cat>1</cat><percent>40.05284</percent></prevalence><prevalence><age>28</age><sex>0</sex><cat>2</cat><percent>19.953287</percent></prevalence><prevalence><age>28</age><sex>0</sex><cat>3</cat><percent>39.993874</percent></prevalence><prevalence><age>28</age><sex>1</sex><cat>1</cat><percent>46.307903</percent></prevalence><prevalence><age>28</age><sex>1</sex><cat>2</cat><percent>22.847286</percent></prevalence><prevalence><age>28</age><sex>1</sex><cat>3</cat><percent>30.84481</percent></prevalence><prevalence><age>29</age><sex>0</sex><cat>1</cat><percent>39.530792</percent></prevalence><prevalence><age>29</age><sex>0</sex><cat>2</cat><percent>20.530579</percent></prevalence><prevalence><age>29</age><sex>0</sex><cat>3</cat><percent>39.93863</percent></prevalence><prevalence><age>29</age><sex>1</sex><cat>1</cat><percent>45.792202</percent></prevalence><prevalence><age>29</age><sex>1</sex><cat>2</cat><percent>23.318806</percent></prevalence><prevalence><age>29</age><sex>1</sex><cat>3</cat><percent>30.888994</percent></prevalence><prevalence><age>30</age><sex>0</sex><cat>1</cat><percent>39.008747</percent></prevalence><prevalence><age>30</age><sex>0</sex><cat>2</cat><percent>21.107872</percent></prevalence><prevalence><age>30</age><sex>0</sex><cat>3</cat><percent>39.88338</percent></prevalence><prevalence><age>30</age><sex>1</sex><cat>1</cat><percent>45.276497</percent></prevalence><prevalence><age>30</age><sex>1</sex><cat>2</cat><percent>23.790323</percent></prevalence><prevalence><age>30</age><sex>1</sex><cat>3</cat><percent>30.93318</percent></prevalence><prevalence><age>31</age><sex>0</sex><cat>1</cat><percent>37.717117</percent></prevalence><prevalence><age>31</age><sex>0</sex><cat>2</cat><percent>21.960985</percent></prevalence><prevalence><age>31</age><sex>0</sex><cat>3</cat><percent>40.321896</percent></prevalence><prevalence><age>31</age><sex>1</sex><cat>1</cat><percent>44.77917</percent></prevalence><prevalence><age>31</age><sex>1</sex><cat>2</cat><percent>24.007626</percent></prevalence><prevalence><age>31</age><sex>1</sex><cat>3</cat><percent>31.213203</percent></prevalence><prevalence><age>32</age><sex>0</sex><cat>1</cat><percent>36.42549</percent></prevalence><prevalence><age>32</age><sex>0</sex><cat>2</cat><percent>22.8141</percent></prevalence><prevalence><age>32</age><sex>0</sex><cat>3</cat><percent>40.76041</percent></prevalence><prevalence><age>32</age><sex>1</sex><cat>1</cat><percent>44.28184</percent></prevalence><prevalence><age>32</age><sex>1</sex><cat>2</cat><percent>24.22493</percent></prevalence><prevalence><age>32</age><sex>1</sex><cat>3</cat><percent>31.493227</percent></prevalence><prevalence><age>33</age><sex>0</sex><cat>1</cat><percent>35.13386</percent></prevalence><prevalence><age>33</age><sex>0</sex><cat>2</cat><percent>23.667213</percent></prevalence><prevalence><age>33</age><sex>0</sex><cat>3</cat><percent>41.198925</percent></prevalence><prevalence><age>33</age><sex>1</sex><cat>1</cat><percent>43.784515</percent></prevalence><prevalence><age>33</age><sex>1</sex><cat>2</cat><percent>24.442234</percent></prevalence><prevalence><age>33</age><sex>1</sex><cat>3</cat><percent>31.77325</percent></prevalence><prevalence><age>34</age><sex>0</sex><cat>1</cat><percent>33.84223</percent></prevalence><prevalence><age>34</age><sex>0</sex><cat>2</cat><percent>24.520329</percent></prevalence><prevalence><age>34</age><sex>0</sex><cat>3</cat><percent>41.63744</percent></prevalence><prevalence><age>34</age><sex>1</sex><cat>1</cat><percent>43.287186</percent></prevalence><prevalence><age>34</age><sex>1</sex><cat>2</cat><percent>24.659538</percent></prevalence><prevalence><age>34</age><sex>1</sex><cat>3</cat><percent>32.053276</percent></prevalence><prevalence><age>35</age><sex>0</sex><cat>1</cat><percent>32.550606</percent></prevalence><prevalence><age>35</age><sex>0</sex><cat>2</cat><percent>25.373442</percent></prevalence><prevalence><age>35</age><sex>0</sex><cat>3</cat><percent>42.075954</percent></prevalence><prevalence><age>35</age><sex>1</sex><cat>1</cat><percent>42.78986</percent></prevalence><prevalence><age>35</age><sex>1</sex><cat>2</cat><percent>24.876842</percent></prevalence><prevalence><age>35</age><sex>1</sex><cat>3</cat><percent>32.333298</percent></prevalence><prevalence><age>36</age><sex>0</sex><cat>1</cat><percent>31.258976</percent></prevalence><prevalence><age>36</age><sex>0</sex><cat>2</cat><percent>26.226557</percent></prevalence><prevalence><age>36</age><sex>0</sex><cat>3</cat><percent>42.51447</percent></prevalence><prevalence><age>36</age><sex>1</sex><cat>1</cat><percent>42.292534</percent></prevalence><prevalence><age>36</age><sex>1</sex><cat>2</cat><percent>25.094145</percent></prevalence><prevalence><age>36</age><sex>1</sex><cat>3</cat><percent>32.613323</percent></prevalence><prevalence><age>37</age><sex>0</sex><cat>1</cat><percent>29.967348</percent></prevalence><prevalence><age>37</age><sex>0</sex><cat>2</cat><percent>27.07967</percent></prevalence><prevalence><age>37</age><sex>0</sex><cat>3</cat><percent>42.95298</percent></prevalence><prevalence><age>37</age><sex>1</sex><cat>1</cat><percent>41.795204</percent></prevalence><prevalence><age>37</age><sex>1</sex><cat>2</cat><percent>25.31145</percent></prevalence><prevalence><age>37</age><sex>1</sex><cat>3</cat><percent>32.893345</percent></prevalence><prevalence><age>38</age><sex>0</sex><cat>1</cat><percent>28.67572</percent></prevalence><prevalence><age>38</age><sex>0</sex><cat>2</cat><percent>27.932783</percent></prevalence><prevalence><age>38</age><sex>0</sex><cat>3</cat><percent>43.391495</percent></prevalence><prevalence><age>38</age><sex>1</sex><cat>1</cat><percent>41.29788</percent></prevalence><prevalence><age>38</age><sex>1</sex><cat>2</cat><percent>25.528753</percent></prevalence><prevalence><age>38</age><sex>1</sex><cat>3</cat><percent>33.17337</percent></prevalence><prevalence><age>39</age><sex>0</sex><cat>1</cat><percent>27.384092</percent></prevalence><prevalence><age>39</age><sex>0</sex><cat>2</cat><percent>28.785898</percent></prevalence><prevalence><age>39</age><sex>0</sex><cat>3</cat><percent>43.83001</percent></prevalence><prevalence><age>39</age><sex>1</sex><cat>1</cat><percent>40.80055</percent></prevalence><prevalence><age>39</age><sex>1</sex><cat>2</cat><percent>25.746058</percent></prevalence><prevalence><age>39</age><sex>1</sex><cat>3</cat><percent>33.453392</percent></prevalence><prevalence><age>40</age><sex>0</sex><cat>1</cat><percent>26.092464</percent></prevalence><prevalence><age>40</age><sex>0</sex><cat>2</cat><percent>29.639011</percent></prevalence><prevalence><age>40</age><sex>0</sex><cat>3</cat><percent>44.268524</percent></prevalence><prevalence><age>40</age><sex>1</sex><cat>1</cat><percent>40.303223</percent></prevalence><prevalence><age>40</age><sex>1</sex><cat>2</cat><percent>25.96336</percent></prevalence><prevalence><age>40</age><sex>1</sex><cat>3</cat><percent>33.733418</percent></prevalence><prevalence><age>41</age><sex>0</sex><cat>1</cat><percent>25.574772</percent></prevalence><prevalence><age>41</age><sex>0</sex><cat>2</cat><percent>30.874006</percent></prevalence><prevalence><age>41</age><sex>0</sex><cat>3</cat><percent>43.551224</percent></prevalence><prevalence><age>41</age><sex>1</sex><cat>1</cat><percent>40.94864</percent></prevalence><prevalence><age>41</age><sex>1</sex><cat>2</cat><percent>26.281357</percent></prevalence><prevalence><age>41</age><sex>1</sex><cat>3</cat><percent>32.770004</percent></prevalence><prevalence><age>42</age><sex>0</sex><cat>1</cat><percent>25.057081</percent></prevalence><prevalence><age>42</age><sex>0</sex><cat>2</cat><percent>32.109</percent></prevalence><prevalence><age>42</age><sex>0</sex><cat>3</cat><percent>42.83392</percent></prevalence><prevalence><age>42</age><sex>1</sex><cat>1</cat><percent>41.59406</percent></prevalence><prevalence><age>42</age><sex>1</sex><cat>2</cat><percent>26.599352</percent></prevalence><prevalence><age>42</age><sex>1</sex><cat>3</cat><percent>31.80659</percent></prevalence><prevalence><age>43</age><sex>0</sex><cat>1</cat><percent>24.539389</percent></prevalence><prevalence><age>43</age><sex>0</sex><cat>2</cat><percent>33.343994</percent></prevalence><prevalence><age>43</age><sex>0</sex><cat>3</cat><percent>42.11662</percent></prevalence><prevalence><age>43</age><sex>1</sex><cat>1</cat><percent>42.239475</percent></prevalence><prevalence><age>43</age><sex>1</sex><cat>2</cat><percent>26.917347</percent></prevalence><prevalence><age>43</age><sex>1</sex><cat>3</cat><percent>30.843176</percent></prevalence><prevalence><age>44</age><sex>0</sex><cat>1</cat><percent>24.021698</percent></prevalence><prevalence><age>44</age><sex>0</sex><cat>2</cat><percent>34.578987</percent></prevalence><prevalence><age>44</age><sex>0</sex><cat>3</cat><percent>41.399315</percent></prevalence><prevalence><age>44</age><sex>1</sex><cat>1</cat><percent>42.884895</percent></prevalence><prevalence><age>44</age><sex>1</sex><cat>2</cat><percent>27.235342</percent></prevalence><prevalence><age>44</age><sex>1</sex><cat>3</cat><percent>29.879763</percent></prevalence><prevalence><age>45</age><sex>0</sex><cat>1</cat><percent>23.504005</percent></prevalence><prevalence><age>45</age><sex>0</sex><cat>2</cat><percent>35.81398</percent></prevalence><prevalence><age>45</age><sex>0</sex><cat>3</cat><percent>40.682014</percent></prevalence><prevalence><age>45</age><sex>1</sex><cat>1</cat><percent>43.530315</percent></prevalence><prevalence><age>45</age><sex>1</sex><cat>2</cat><percent>27.553337</percent></prevalence><prevalence><age>45</age><sex>1</sex><cat>3</cat><percent>28.91635</percent></prevalence><prevalence><age>46</age><sex>0</sex><cat>1</cat><percent>22.986315</percent></prevalence><prevalence><age>46</age><sex>0</sex><cat>2</cat><percent>37.048977</percent></prevalence><prevalence><age>46</age><sex>0</sex><cat>3</cat><percent>39.96471</percent></prevalence><prevalence><age>46</age><sex>1</sex><cat>1</cat><percent>44.17573</percent></prevalence><prevalence><age>46</age><sex>1</sex><cat>2</cat><percent>27.871332</percent></prevalence><prevalence><age>46</age><sex>1</sex><cat>3</cat><percent>27.952934</percent></prevalence><prevalence><age>47</age><sex>0</sex><cat>1</cat><percent>22.468622</percent></prevalence><prevalence><age>47</age><sex>0</sex><cat>2</cat><percent>38.28397</percent></prevalence><prevalence><age>47</age><sex>0</sex><cat>3</cat><percent>39.24741</percent></prevalence><prevalence><age>47</age><sex>1</sex><cat>1</cat><percent>44.82115</percent></prevalence><prevalence><age>47</age><sex>1</sex><cat>2</cat><percent>28.18933</percent></prevalence><prevalence><age>47</age><sex>1</sex><cat>3</cat><percent>26.989521</percent></prevalence><prevalence><age>48</age><sex>0</sex><cat>1</cat><percent>21.950932</percent></prevalence><prevalence><age>48</age><sex>0</sex><cat>2</cat><percent>39.518963</percent></prevalence><prevalence><age>48</age><sex>0</sex><cat>3</cat><percent>38.530106</percent></prevalence><prevalence><age>48</age><sex>1</sex><cat>1</cat><percent>45.466568</percent></prevalence><prevalence><age>48</age><sex>1</sex><cat>2</cat><percent>28.507324</percent></prevalence><prevalence><age>48</age><sex>1</sex><cat>3</cat><percent>26.026108</percent></prevalence><prevalence><age>49</age><sex>0</sex><cat>1</cat><percent>21.43324</percent></prevalence><prevalence><age>49</age><sex>0</sex><cat>2</cat><percent>40.753956</percent></prevalence><prevalence><age>49</age><sex>0</sex><cat>3</cat><percent>37.812805</percent></prevalence><prevalence><age>49</age><sex>1</sex><cat>1</cat><percent>46.111988</percent></prevalence><prevalence><age>49</age><sex>1</sex><cat>2</cat><percent>28.82532</percent></prevalence><prevalence><age>49</age><sex>1</sex><cat>3</cat><percent>25.062693</percent></prevalence><prevalence><age>50</age><sex>0</sex><cat>1</cat><percent>20.915548</percent></prevalence><prevalence><age>50</age><sex>0</sex><cat>2</cat><percent>41.98895</percent></prevalence><prevalence><age>50</age><sex>0</sex><cat>3</cat><percent>37.0955</percent></prevalence><prevalence><age>50</age><sex>1</sex><cat>1</cat><percent>46.757404</percent></prevalence><prevalence><age>50</age><sex>1</sex><cat>2</cat><percent>29.143314</percent></prevalence><prevalence><age>50</age><sex>1</sex><cat>3</cat><percent>24.09928</percent></prevalence><prevalence><age>51</age><sex>0</sex><cat>1</cat><percent>21.115274</percent></prevalence><prevalence><age>51</age><sex>0</sex><cat>2</cat><percent>43.068348</percent></prevalence><prevalence><age>51</age><sex>0</sex><cat>3</cat><percent>35.81638</percent></prevalence><prevalence><age>51</age><sex>1</sex><cat>1</cat><percent>48.097992</percent></prevalence><prevalence><age>51</age><sex>1</sex><cat>2</cat><percent>28.865719</percent></prevalence><prevalence><age>51</age><sex>1</sex><cat>3</cat><percent>23.036291</percent></prevalence><prevalence><age>52</age><sex>0</sex><cat>1</cat><percent>21.314999</percent></prevalence><prevalence><age>52</age><sex>0</sex><cat>2</cat><percent>44.147747</percent></prevalence><prevalence><age>52</age><sex>0</sex><cat>3</cat><percent>34.537254</percent></prevalence><prevalence><age>52</age><sex>1</sex><cat>1</cat><percent>49.43858</percent></prevalence><prevalence><age>52</age><sex>1</sex><cat>2</cat><percent>28.588121</percent></prevalence><prevalence><age>52</age><sex>1</sex><cat>3</cat><percent>21.9733</percent></prevalence><prevalence><age>53</age><sex>0</sex><cat>1</cat><percent>21.514725</percent></prevalence><prevalence><age>53</age><sex>0</sex><cat>2</cat><percent>45.227146</percent></prevalence><prevalence><age>53</age><sex>0</sex><cat>3</cat><percent>33.25813</percent></prevalence><prevalence><age>53</age><sex>1</sex><cat>1</cat><percent>50.779163</percent></prevalence><prevalence><age>53</age><sex>1</sex><cat>2</cat><percent>28.310524</percent></prevalence><prevalence><age>53</age><sex>1</sex><cat>3</cat><percent>20.910313</percent></prevalence><prevalence><age>54</age><sex>0</sex><cat>1</cat><percent>21.714449</percent></prevalence><prevalence><age>54</age><sex>0</sex><cat>2</cat><percent>46.30654</percent></prevalence><prevalence><age>54</age><sex>0</sex><cat>3</cat><percent>31.979008</percent></prevalence><prevalence><age>54</age><sex>1</sex><cat>1</cat><percent>52.11975</percent></prevalence><prevalence><age>54</age><sex>1</sex><cat>2</cat><percent>28.032928</percent></prevalence><prevalence><age>54</age><sex>1</sex><cat>3</cat><percent>19.847322</percent></prevalence><prevalence><age>55</age><sex>0</sex><cat>1</cat><percent>21.914175</percent></prevalence><prevalence><age>55</age><sex>0</sex><cat>2</cat><percent>47.38594</percent></prevalence><prevalence><age>55</age><sex>0</sex><cat>3</cat><percent>30.699884</percent></prevalence><prevalence><age>55</age><sex>1</sex><cat>1</cat><percent>53.460335</percent></prevalence><prevalence><age>55</age><sex>1</sex><cat>2</cat><percent>27.755331</percent></prevalence><prevalence><age>55</age><sex>1</sex><cat>3</cat><percent>18.784334</percent></prevalence><prevalence><age>56</age><sex>0</sex><cat>1</cat><percent>22.113901</percent></prevalence><prevalence><age>56</age><sex>0</sex><cat>2</cat><percent>48.46534</percent></prevalence><prevalence><age>56</age><sex>0</sex><cat>3</cat><percent>29.420761</percent></prevalence><prevalence><age>56</age><sex>1</sex><cat>1</cat><percent>54.800922</percent></prevalence><prevalence><age>56</age><sex>1</sex><cat>2</cat><percent>27.477734</percent></prevalence><prevalence><age>56</age><sex>1</sex><cat>3</cat><percent>17.721344</percent></prevalence><prevalence><age>57</age><sex>0</sex><cat>1</cat><percent>22.313625</percent></prevalence><prevalence><age>57</age><sex>0</sex><cat>2</cat><percent>49.54474</percent></prevalence><prevalence><age>57</age><sex>0</sex><cat>3</cat><percent>28.141638</percent></prevalence><prevalence><age>57</age><sex>1</sex><cat>1</cat><percent>56.141506</percent></prevalence><prevalence><age>57</age><sex>1</sex><cat>2</cat><percent>27.200138</percent></prevalence><prevalence><age>57</age><sex>1</sex><cat>3</cat><percent>16.658356</percent></prevalence><prevalence><age>58</age><sex>0</sex><cat>1</cat><percent>22.513351</percent></prevalence><prevalence><age>58</age><sex>0</sex><cat>2</cat><percent>50.624134</percent></prevalence><prevalence><age>58</age><sex>0</sex><cat>3</cat><percent>26.862514</percent></prevalence><prevalence><age>58</age><sex>1</sex><cat>1</cat><percent>57.482094</percent></prevalence><prevalence><age>58</age><sex>1</sex><cat>2</cat><percent>26.92254</percent></prevalence><prevalence><age>58</age><sex>1</sex><cat>3</cat><percent>15.5953665</percent></prevalence><prevalence><age>59</age><sex>0</sex><cat>1</cat><percent>22.713076</percent></prevalence><prevalence><age>59</age><sex>0</sex><cat>2</cat><percent>51.703533</percent></prevalence><prevalence><age>59</age><sex>0</sex><cat>3</cat><percent>25.583391</percent></prevalence><prevalence><age>59</age><sex>1</sex><cat>1</cat><percent>58.822678</percent></prevalence><prevalence><age>59</age><sex>1</sex><cat>2</cat><percent>26.644943</percent></prevalence><prevalence><age>59</age><sex>1</sex><cat>3</cat><percent>14.532377</percent></prevalence><prevalence><age>60</age><sex>0</sex><cat>1</cat><percent>22.912802</percent></prevalence><prevalence><age>60</age><sex>0</sex><cat>2</cat><percent>52.782932</percent></prevalence><prevalence><age>60</age><sex>0</sex><cat>3</cat><percent>24.304268</percent></prevalence><prevalence><age>60</age><sex>1</sex><cat>1</cat><percent>60.163265</percent></prevalence><prevalence><age>60</age><sex>1</sex><cat>2</cat><percent>26.367348</percent></prevalence><prevalence><age>60</age><sex>1</sex><cat>3</cat><percent>13.469388</percent></prevalence><prevalence><age>61</age><sex>0</sex><cat>1</cat><percent>22.810944</percent></prevalence><prevalence><age>61</age><sex>0</sex><cat>2</cat><percent>53.285694</percent></prevalence><prevalence><age>61</age><sex>0</sex><cat>3</cat><percent>23.90336</percent></prevalence><prevalence><age>61</age><sex>1</sex><cat>1</cat><percent>60.88034</percent></prevalence><prevalence><age>61</age><sex>1</sex><cat>2</cat><percent>26.333351</percent></prevalence><prevalence><age>61</age><sex>1</sex><cat>3</cat><percent>12.786305</percent></prevalence><prevalence><age>62</age><sex>0</sex><cat>1</cat><percent>22.709085</percent></prevalence><prevalence><age>62</age><sex>0</sex><cat>2</cat><percent>53.78846</percent></prevalence><prevalence><age>62</age><sex>0</sex><cat>3</cat><percent>23.502455</percent></prevalence><prevalence><age>62</age><sex>1</sex><cat>1</cat><percent>61.59742</percent></prevalence><prevalence><age>62</age><sex>1</sex><cat>2</cat><percent>26.299356</percent></prevalence><prevalence><age>62</age><sex>1</sex><cat>3</cat><percent>12.103224</percent></prevalence><prevalence><age>63</age><sex>0</sex><cat>1</cat><percent>22.607227</percent></prevalence><prevalence><age>63</age><sex>0</sex><cat>2</cat><percent>54.291225</percent></prevalence><prevalence><age>63</age><sex>0</sex><cat>3</cat><percent>23.101547</percent></prevalence><prevalence><age>63</age><sex>1</sex><cat>1</cat><percent>62.314495</percent></prevalence><prevalence><age>63</age><sex>1</sex><cat>2</cat><percent>26.265362</percent></prevalence><prevalence><age>63</age><sex>1</sex><cat>3</cat><percent>11.420141</percent></prevalence><prevalence><age>64</age><sex>0</sex><cat>1</cat><percent>22.50537</percent></prevalence><prevalence><age>64</age><sex>0</sex><cat>2</cat><percent>54.79399</percent></prevalence><prevalence><age>64</age><sex>0</sex><cat>3</cat><percent>22.700642</percent></prevalence><prevalence><age>64</age><sex>1</sex><cat>1</cat><percent>63.031574</percent></prevalence><prevalence><age>64</age><sex>1</sex><cat>2</cat><percent>26.231367</percent></prevalence><prevalence><age>64</age><sex>1</sex><cat>3</cat><percent>10.73706</percent></prevalence><prevalence><age>65</age><sex>0</sex><cat>1</cat><percent>22.403511</percent></prevalence><prevalence><age>65</age><sex>0</sex><cat>2</cat><percent>55.296753</percent></prevalence><prevalence><age>65</age><sex>0</sex><cat>3</cat><percent>22.299736</percent></prevalence><prevalence><age>65</age><sex>1</sex><cat>1</cat><percent>63.74865</percent></prevalence><prevalence><age>65</age><sex>1</sex><cat>2</cat><percent>26.197372</percent></prevalence><prevalence><age>65</age><sex>1</sex><cat>3</cat><percent>10.053977</percent></prevalence><prevalence><age>66</age><sex>0</sex><cat>1</cat><percent>22.301653</percent></prevalence><prevalence><age>66</age><sex>0</sex><cat>2</cat><percent>55.79952</percent></prevalence><prevalence><age>66</age><sex>0</sex><cat>3</cat><percent>21.898829</percent></prevalence><prevalence><age>66</age><sex>1</sex><cat>1</cat><percent>64.46573</percent></prevalence><prevalence><age>66</age><sex>1</sex><cat>2</cat><percent>26.163378</percent></prevalence><prevalence><age>66</age><sex>1</sex><cat>3</cat><percent>9.370895</percent></prevalence><prevalence><age>67</age><sex>0</sex><cat>1</cat><percent>22.199793</percent></prevalence><prevalence><age>67</age><sex>0</sex><cat>2</cat><percent>56.302284</percent></prevalence><prevalence><age>67</age><sex>0</sex><cat>3</cat><percent>21.497923</percent></prevalence><prevalence><age>67</age><sex>1</sex><cat>1</cat><percent>65.18281</percent></prevalence><prevalence><age>67</age><sex>1</sex><cat>2</cat><percent>26.129383</percent></prevalence><prevalence><age>67</age><sex>1</sex><cat>3</cat><percent>8.687813</percent></prevalence><prevalence><age>68</age><sex>0</sex><cat>1</cat><percent>22.097935</percent></prevalence><prevalence><age>68</age><sex>0</sex><cat>2</cat><percent>56.80505</percent></prevalence><prevalence><age>68</age><sex>0</sex><cat>3</cat><percent>21.097015</percent></prevalence><prevalence><age>68</age><sex>1</sex><cat>1</cat><percent>65.89988</percent></prevalence><prevalence><age>68</age><sex>1</sex><cat>2</cat><percent>26.095387</percent></prevalence><prevalence><age>68</age><sex>1</sex><cat>3</cat><percent>8.004731</percent></prevalence><prevalence><age>69</age><sex>0</sex><cat>1</cat><percent>21.996077</percent></prevalence><prevalence><age>69</age><sex>0</sex><cat>2</cat><percent>57.30781</percent></prevalence><prevalence><age>69</age><sex>0</sex><cat>3</cat><percent>20.69611</percent></prevalence><prevalence><age>69</age><sex>1</sex><cat>1</cat><percent>66.61696</percent></prevalence><prevalence><age>69</age><sex>1</sex><cat>2</cat><percent>26.061392</percent></prevalence><prevalence><age>69</age><sex>1</sex><cat>3</cat><percent>7.321649</percent></prevalence><prevalence><age>70</age><sex>0</sex><cat>1</cat><percent>21.894218</percent></prevalence><prevalence><age>70</age><sex>0</sex><cat>2</cat><percent>57.810577</percent></prevalence><prevalence><age>70</age><sex>0</sex><cat>3</cat><percent>20.295202</percent></prevalence><prevalence><age>70</age><sex>1</sex><cat>1</cat><percent>67.33404</percent></prevalence><prevalence><age>70</age><sex>1</sex><cat>2</cat><percent>26.027397</percent></prevalence><prevalence><age>70</age><sex>1</sex><cat>3</cat><percent>6.638567</percent></prevalence><prevalence><age>71</age><sex>0</sex><cat>1</cat><percent>22.009146</percent></prevalence><prevalence><age>71</age><sex>0</sex><cat>2</cat><percent>58.594738</percent></prevalence><prevalence><age>71</age><sex>0</sex><cat>3</cat><percent>19.396118</percent></prevalence><prevalence><age>71</age><sex>1</sex><cat>1</cat><percent>67.95799</percent></prevalence><prevalence><age>71</age><sex>1</sex><cat>2</cat><percent>25.61685</percent></prevalence><prevalence><age>71</age><sex>1</sex><cat>3</cat><percent>6.425161</percent></prevalence><prevalence><age>72</age><sex>0</sex><cat>1</cat><percent>22.124071</percent></prevalence><prevalence><age>72</age><sex>0</sex><cat>2</cat><percent>59.3789</percent></prevalence><prevalence><age>72</age><sex>0</sex><cat>3</cat><percent>18.497032</percent></prevalence><prevalence><age>72</age><sex>1</sex><cat>1</cat><percent>68.58194</percent></prevalence><prevalence><age>72</age><sex>1</sex><cat>2</cat><percent>25.206303</percent></prevalence><prevalence><age>72</age><sex>1</sex><cat>3</cat><percent>6.2117543</percent></prevalence><prevalence><age>73</age><sex>0</sex><cat>1</cat><percent>22.238997</percent></prevalence><prevalence><age>73</age><sex>0</sex><cat>2</cat><percent>60.163055</percent></prevalence><prevalence><age>73</age><sex>0</sex><cat>3</cat><percent>17.597946</percent></prevalence><prevalence><age>73</age><sex>1</sex><cat>1</cat><percent>69.205894</percent></prevalence><prevalence><age>73</age><sex>1</sex><cat>2</cat><percent>24.795755</percent></prevalence><prevalence><age>73</age><sex>1</sex><cat>3</cat><percent>5.998348</percent></prevalence><prevalence><age>74</age><sex>0</sex><cat>1</cat><percent>22.353922</percent></prevalence><prevalence><age>74</age><sex>0</sex><cat>2</cat><percent>60.947216</percent></prevalence><prevalence><age>74</age><sex>0</sex><cat>3</cat><percent>16.69886</percent></prevalence><prevalence><age>74</age><sex>1</sex><cat>1</cat><percent>69.82985</percent></prevalence><prevalence><age>74</age><sex>1</sex><cat>2</cat><percent>24.385206</percent></prevalence><prevalence><age>74</age><sex>1</sex><cat>3</cat><percent>5.7849417</percent></prevalence><prevalence><age>75</age><sex>0</sex><cat>1</cat><percent>22.46885</percent></prevalence><prevalence><age>75</age><sex>0</sex><cat>2</cat><percent>61.731377</percent></prevalence><prevalence><age>75</age><sex>0</sex><cat>3</cat><percent>15.799775</percent></prevalence><prevalence><age>75</age><sex>1</sex><cat>1</cat><percent>70.453804</percent></prevalence><prevalence><age>75</age><sex>1</sex><cat>2</cat><percent>23.974659</percent></prevalence><prevalence><age>75</age><sex>1</sex><cat>3</cat><percent>5.5715356</percent></prevalence><prevalence><age>76</age><sex>0</sex><cat>1</cat><percent>22.583775</percent></prevalence><prevalence><age>76</age><sex>0</sex><cat>2</cat><percent>62.515537</percent></prevalence><prevalence><age>76</age><sex>0</sex><cat>3</cat><percent>14.90069</percent></prevalence><prevalence><age>76</age><sex>1</sex><cat>1</cat><percent>71.07776</percent></prevalence><prevalence><age>76</age><sex>1</sex><cat>2</cat><percent>23.564112</percent></prevalence><prevalence><age>76</age><sex>1</sex><cat>3</cat><percent>5.3581295</percent></prevalence><prevalence><age>77</age><sex>0</sex><cat>1</cat><percent>22.6987</percent></prevalence><prevalence><age>77</age><sex>0</sex><cat>2</cat><percent>63.299694</percent></prevalence><prevalence><age>77</age><sex>0</sex><cat>3</cat><percent>14.001604</percent></prevalence><prevalence><age>77</age><sex>1</sex><cat>1</cat><percent>71.70171</percent></prevalence><prevalence><age>77</age><sex>1</sex><cat>2</cat><percent>23.153564</percent></prevalence><prevalence><age>77</age><sex>1</sex><cat>3</cat><percent>5.1447234</percent></prevalence><prevalence><age>78</age><sex>0</sex><cat>1</cat><percent>22.813627</percent></prevalence><prevalence><age>78</age><sex>0</sex><cat>2</cat><percent>64.083855</percent></prevalence><prevalence><age>78</age><sex>0</sex><cat>3</cat><percent>13.102519</percent></prevalence><prevalence><age>78</age><sex>1</sex><cat>1</cat><percent>72.32567</percent></prevalence><prevalence><age>78</age><sex>1</sex><cat>2</cat><percent>22.743017</percent></prevalence><prevalence><age>78</age><sex>1</sex><cat>3</cat><percent>4.931317</percent></prevalence><prevalence><age>79</age><sex>0</sex><cat>1</cat><percent>22.928553</percent></prevalence><prevalence><age>79</age><sex>0</sex><cat>2</cat><percent>64.86801</percent></prevalence><prevalence><age>79</age><sex>0</sex><cat>3</cat><percent>12.203433</percent></prevalence><prevalence><age>79</age><sex>1</sex><cat>1</cat><percent>72.94962</percent></prevalence><prevalence><age>79</age><sex>1</sex><cat>2</cat><percent>22.33247</percent></prevalence><prevalence><age>79</age><sex>1</sex><cat>3</cat><percent>4.717911</percent></prevalence><prevalence><age>80</age><sex>0</sex><cat>1</cat><percent>23.043478</percent></prevalence><prevalence><age>80</age><sex>0</sex><cat>2</cat><percent>65.652176</percent></prevalence><prevalence><age>80</age><sex>0</sex><cat>3</cat><percent>11.304348</percent></prevalence><prevalence><age>80</age><sex>1</sex><cat>1</cat><percent>73.57357</percent></prevalence><prevalence><age>80</age><sex>1</sex><cat>2</cat><percent>21.921923</percent></prevalence><prevalence><age>80</age><sex>1</sex><cat>3</cat><percent>4.5045047</percent></prevalence><prevalence><age>81</age><sex>0</sex><cat>1</cat><percent>22.73913</percent></prevalence><prevalence><age>81</age><sex>0</sex><cat>2</cat><percent>66.42029</percent></prevalence><prevalence><age>81</age><sex>0</sex><cat>3</cat><percent>10.84058</percent></prevalence><prevalence><age>81</age><sex>1</sex><cat>1</cat><percent>73.952065</percent></prevalence><prevalence><age>81</age><sex>1</sex><cat>2</cat><percent>21.993881</percent></prevalence><prevalence><age>81</age><sex>1</sex><cat>3</cat><percent>4.0540543</percent></prevalence><prevalence><age>82</age><sex>0</sex><cat>1</cat><percent>22.434782</percent></prevalence><prevalence><age>82</age><sex>0</sex><cat>2</cat><percent>67.18841</percent></prevalence><prevalence><age>82</age><sex>0</sex><cat>3</cat><percent>10.376812</percent></prevalence><prevalence><age>82</age><sex>1</sex><cat>1</cat><percent>74.33056</percent></prevalence><prevalence><age>82</age><sex>1</sex><cat>2</cat><percent>22.06584</percent></prevalence><prevalence><age>82</age><sex>1</sex><cat>3</cat><percent>3.6036036</percent></prevalence><prevalence><age>83</age><sex>0</sex><cat>1</cat><percent>22.130434</percent></prevalence><prevalence><age>83</age><sex>0</sex><cat>2</cat><percent>67.95652</percent></prevalence><prevalence><age>83</age><sex>0</sex><cat>3</cat><percent>9.913044</percent></prevalence><prevalence><age>83</age><sex>1</sex><cat>1</cat><percent>74.709045</percent></prevalence><prevalence><age>83</age><sex>1</sex><cat>2</cat><percent>22.137798</percent></prevalence><prevalence><age>83</age><sex>1</sex><cat>3</cat><percent>3.1531532</percent></prevalence><prevalence><age>84</age><sex>0</sex><cat>1</cat><percent>21.826088</percent></prevalence><prevalence><age>84</age><sex>0</sex><cat>2</cat><percent>68.72464</percent></prevalence><prevalence><age>84</age><sex>0</sex><cat>3</cat><percent>9.449275</percent></prevalence><prevalence><age>84</age><sex>1</sex><cat>1</cat><percent>75.08754</percent></prevalence><prevalence><age>84</age><sex>1</sex><cat>2</cat><percent>22.209757</percent></prevalence><prevalence><age>84</age><sex>1</sex><cat>3</cat><percent>2.7027028</percent></prevalence><prevalence><age>85</age><sex>0</sex><cat>1</cat><percent>21.52174</percent></prevalence><prevalence><age>85</age><sex>0</sex><cat>2</cat><percent>69.49275</percent></prevalence><prevalence><age>85</age><sex>0</sex><cat>3</cat><percent>8.985507</percent></prevalence><prevalence><age>85</age><sex>1</sex><cat>1</cat><percent>75.466034</percent></prevalence><prevalence><age>85</age><sex>1</sex><cat>2</cat><percent>22.281715</percent></prevalence><prevalence><age>85</age><sex>1</sex><cat>3</cat><percent>2.2522523</percent></prevalence><prevalence><age>86</age><sex>0</sex><cat>1</cat><percent>21.217392</percent></prevalence><prevalence><age>86</age><sex>0</sex><cat>2</cat><percent>70.26087</percent></prevalence><prevalence><age>86</age><sex>0</sex><cat>3</cat><percent>8.521739</percent></prevalence><prevalence><age>86</age><sex>1</sex><cat>1</cat><percent>75.84452</percent></prevalence><prevalence><age>86</age><sex>1</sex><cat>2</cat><percent>22.353674</percent></prevalence><prevalence><age>86</age><sex>1</sex><cat>3</cat><percent>1.8018018</percent></prevalence><prevalence><age>87</age><sex>0</sex><cat>1</cat><percent>20.913044</percent></prevalence><prevalence><age>87</age><sex>0</sex><cat>2</cat><percent>71.028984</percent></prevalence><prevalence><age>87</age><sex>0</sex><cat>3</cat><percent>8.057971</percent></prevalence><prevalence><age>87</age><sex>1</sex><cat>1</cat><percent>76.223015</percent></prevalence><prevalence><age>87</age><sex>1</sex><cat>2</cat><percent>22.425632</percent></prevalence><prevalence><age>87</age><sex>1</sex><cat>3</cat><percent>1.3513514</percent></prevalence><prevalence><age>88</age><sex>0</sex><cat>1</cat><percent>20.608696</percent></prevalence><prevalence><age>88</age><sex>0</sex><cat>2</cat><percent>71.797104</percent></prevalence><prevalence><age>88</age><sex>0</sex><cat>3</cat><percent>7.594203</percent></prevalence><prevalence><age>88</age><sex>1</sex><cat>1</cat><percent>76.60151</percent></prevalence><prevalence><age>88</age><sex>1</sex><cat>2</cat><percent>22.497591</percent></prevalence><prevalence><age>88</age><sex>1</sex><cat>3</cat><percent>0.9009009</percent></prevalence><prevalence><age>89</age><sex>0</sex><cat>1</cat><percent>20.304348</percent></prevalence><prevalence><age>89</age><sex>0</sex><cat>2</cat><percent>72.565216</percent></prevalence><prevalence><age>89</age><sex>0</sex><cat>3</cat><percent>7.130435</percent></prevalence><prevalence><age>89</age><sex>1</sex><cat>1</cat><percent>76.979996</percent></prevalence><prevalence><age>89</age><sex>1</sex><cat>2</cat><percent>22.569551</percent></prevalence><prevalence><age>89</age><sex>1</sex><cat>3</cat><percent>0.4504505</percent></prevalence><prevalence><age>90</age><sex>0</sex><cat>1</cat><percent>20.0</percent></prevalence><prevalence><age>90</age><sex>0</sex><cat>2</cat><percent>73.333336</percent></prevalence><prevalence><age>90</age><sex>0</sex><cat>3</cat><percent>6.6666665</percent></prevalence><prevalence><age>90</age><sex>1</sex><cat>1</cat><percent>77.35849</percent></prevalence><prevalence><age>90</age><sex>1</sex><cat>2</cat><percent>22.64151</percent></prevalence><prevalence><age>90</age><sex>1</sex><cat>3</cat><percent>0.0</percent></prevalence><prevalence><age>91</age><sex>0</sex><cat>1</cat><percent>19.8</percent></prevalence><prevalence><age>91</age><sex>0</sex><cat>2</cat><percent>73.7</percent></prevalence><prevalence><age>91</age><sex>0</sex><cat>3</cat><percent>6.5</percent></prevalence><prevalence><age>91</age><sex>1</sex><cat>1</cat><percent>77.92264</percent></prevalence><prevalence><age>91</age><sex>1</sex><cat>2</cat><percent>21.977358</percent></prevalence><prevalence><age>91</age><sex>1</sex><cat>3</cat><percent>0.1</percent></prevalence><prevalence><age>92</age><sex>0</sex><cat>1</cat><percent>19.6</percent></prevalence><prevalence><age>92</age><sex>0</sex><cat>2</cat><percent>74.066666</percent></prevalence><prevalence><age>92</age><sex>0</sex><cat>3</cat><percent>6.3333335</percent></prevalence><prevalence><age>92</age><sex>1</sex><cat>1</cat><percent>78.48679</percent></prevalence><prevalence><age>92</age><sex>1</sex><cat>2</cat><percent>21.313208</percent></prevalence><prevalence><age>92</age><sex>1</sex><cat>3</cat><percent>0.2</percent></prevalence><prevalence><age>93</age><sex>0</sex><cat>1</cat><percent>19.4</percent></prevalence><prevalence><age>93</age><sex>0</sex><cat>2</cat><percent>74.433334</percent></prevalence><prevalence><age>93</age><sex>0</sex><cat>3</cat><percent>6.1666665</percent></prevalence><prevalence><age>93</age><sex>1</sex><cat>1</cat><percent>79.05094</percent></prevalence><prevalence><age>93</age><sex>1</sex><cat>2</cat><percent>20.649057</percent></prevalence><prevalence><age>93</age><sex>1</sex><cat>3</cat><percent>0.3</percent></prevalence><prevalence><age>94</age><sex>0</sex><cat>1</cat><percent>19.2</percent></prevalence><prevalence><age>94</age><sex>0</sex><cat>2</cat><percent>74.8</percent></prevalence><prevalence><age>94</age><sex>0</sex><cat>3</cat><percent>6.0</percent></prevalence><prevalence><age>94</age><sex>1</sex><cat>1</cat><percent>79.6151</percent></prevalence><prevalence><age>94</age><sex>1</sex><cat>2</cat><percent>19.984905</percent></prevalence><prevalence><age>94</age><sex>1</sex><cat>3</cat><percent>0.4</percent></prevalence><prevalence><age>95</age><sex>0</sex><cat>1</cat><percent>19.0</percent></prevalence><prevalence><age>95</age><sex>0</sex><cat>2</cat><percent>75.166664</percent></prevalence><prevalence><age>95</age><sex>0</sex><cat>3</cat><percent>5.8333335</percent></prevalence><prevalence><age>95</age><sex>1</sex><cat>1</cat><percent>80.179245</percent></prevalence><prevalence><age>95</age><sex>1</sex><cat>2</cat><percent>19.320755</percent></prevalence><prevalence><age>95</age><sex>1</sex><cat>3</cat><percent>0.5</percent></prevalence></riskfactorprevalences_categorical>