<?xml version="1.0"?><diseaseprevalences><prevalence><age>0</age><sex>0</sex><percent>0.0</percent></prevalence><prevalence><age>0</age><sex>1</sex><percent>0.0</percent></prevalence><prevalence><age>1</age><sex>0</sex><percent>0.0</percent></prevalence><prevalence><age>1</age><sex>1</sex><percent>0.0</percent></prevalence><prevalence><age>2</age><sex>0</sex><percent>0.0</percent></prevalence><prevalence><age>2</age><sex>1</sex><percent>0.0</percent></prevalence><prevalence><age>3</age><sex>0</sex><percent>0.0</percent></prevalence><prevalence><age>3</age><sex>1</sex><percent>0.0</percent></prevalence><prevalence><age>4</age><sex>0</sex><percent>0.0</percent></prevalence><prevalence><age>4</age><sex>1</sex><percent>0.0</percent></prevalence><prevalence><age>5</age><sex>0</sex><percent>0.0</percent></prevalence><prevalence><age>5</age><sex>1</sex><percent>0.0</percent></prevalence><prevalence><age>6</age><sex>0</sex><percent>0.0</percent></prevalence><prevalence><age>6</age><sex>1</sex><percent>0.0</percent></prevalence><prevalence><age>7</age><sex>0</sex><percent>0.0</percent></prevalence><prevalence><age>7</age><sex>1</sex><percent>0.0</percent></prevalence><prevalence><age>8</age><sex>0</sex><percent>0.0</percent></prevalence><prevalence><age>8</age><sex>1</sex><percent>0.0</percent></prevalence><prevalence><age>9</age><sex>0</sex><percent>0.0</percent></prevalence><prevalence><age>9</age><sex>1</sex><percent>0.0</percent></prevalence><prevalence><age>10</age><sex>0</sex><percent>0.0</percent></prevalence><prevalence><age>10</age><sex>1</sex><percent>0.0</percent></prevalence><prevalence><age>11</age><sex>0</sex><percent>0.0</percent></prevalence><prevalence><age>11</age><sex>1</sex><percent>0.0</percent></prevalence><prevalence><age>12</age><sex>0</sex><percent>0.0</percent></prevalence><prevalence><age>12</age><sex>1</sex><percent>0.0</percent></prevalence><prevalence><age>13</age><sex>0</sex><percent>0.0</percent></prevalence><prevalence><age>13</age><sex>1</sex><percent>0.0</percent></prevalence><prevalence><age>14</age><sex>0</sex><percent>0.0</percent></prevalence><prevalence><age>14</age><sex>1</sex><percent>0.0</percent></prevalence><prevalence><age>15</age><sex>0</sex><percent>0.0</percent></prevalence><prevalence><age>15</age><sex>1</sex><percent>0.0</percent></prevalence><prevalence><age>16</age><sex>0</sex><percent>0.0</percent></prevalence><prevalence><age>16</age><sex>1</sex><percent>0.0</percent></prevalence><prevalence><age>17</age><sex>0</sex><percent>0.0</percent></prevalence><prevalence><age>17</age><sex>1</sex><percent>0.0</percent></prevalence><prevalence><age>18</age><sex>0</sex><percent>0.0</percent></prevalence><prevalence><age>18</age><sex>1</sex><percent>0.0</percent></prevalence><prevalence><age>19</age><sex>0</sex><percent>0.0</percent></prevalence><prevalence><age>19</age><sex>1</sex><percent>0.0</percent></prevalence><prevalence><age>20</age><sex>0</sex><percent>0.0</percent></prevalence><prevalence><age>20</age><sex>1</sex><percent>0.0</percent></prevalence><prevalence><age>21</age><sex>0</sex><percent>0.0</percent></prevalence><prevalence><age>21</age><sex>1</sex><percent>0.0</percent></prevalence><prevalence><age>22</age><sex>0</sex><percent>0.0</percent></prevalence><prevalence><age>22</age><sex>1</sex><percent>0.0</percent></prevalence><prevalence><age>23</age><sex>0</sex><percent>0.0</percent></prevalence><prevalence><age>23</age><sex>1</sex><percent>0.0</percent></prevalence><prevalence><age>24</age><sex>0</sex><percent>0.0</percent></prevalence><prevalence><age>24</age><sex>1</sex><percent>0.0</percent></prevalence><prevalence><age>25</age><sex>0</sex><percent>0.0</percent></prevalence><prevalence><age>25</age><sex>1</sex><percent>0.0</percent></prevalence><prevalence><age>26</age><sex>0</sex><percent>0.0</percent></prevalence><prevalence><age>26</age><sex>1</sex><percent>0.0</percent></prevalence><prevalence><age>27</age><sex>0</sex><percent>0.0</percent></prevalence><prevalence><age>27</age><sex>1</sex><percent>0.0</percent></prevalence><prevalence><age>28</age><sex>0</sex><percent>0.0</percent></prevalence><prevalence><age>28</age><sex>1</sex><percent>0.0</percent></prevalence><prevalence><age>29</age><sex>0</sex><percent>0.0</percent></prevalence><prevalence><age>29</age><sex>1</sex><percent>0.0</percent></prevalence><prevalence><age>30</age><sex>0</sex><percent>0.3840976</percent></prevalence><prevalence><age>30</age><sex>1</sex><percent>0.4105481</percent></prevalence><prevalence><age>31</age><sex>0</sex><percent>0.44532</percent></prevalence><prevalence><age>31</age><sex>1</sex><percent>0.4534147</percent></prevalence><prevalence><age>32</age><sex>0</sex><percent>0.5149166</percent></prevalence><prevalence><age>32</age><sex>1</sex><percent>0.5011587</percent></prevalence><prevalence><age>33</age><sex>0</sex><percent>0.5937786</percent></prevalence><prevalence><age>33</age><sex>1</sex><percent>0.554313</percent></prevalence><prevalence><age>34</age><sex>0</sex><percent>0.682848</percent></prevalence><prevalence><age>34</age><sex>1</sex><percent>0.6134604</percent></prevalence><prevalence><age>35</age><sex>0</sex><percent>0.7831121</percent></prevalence><prevalence><age>35</age><sex>1</sex><percent>0.6792365</percent></prevalence><prevalence><age>36</age><sex>0</sex><percent>0.895597</percent></prevalence><prevalence><age>36</age><sex>1</sex><percent>0.7523323</percent></prevalence><prevalence><age>37</age><sex>0</sex><percent>1.0213587</percent></prevalence><prevalence><age>37</age><sex>1</sex><percent>0.8334959</percent></prevalence><prevalence><age>38</age><sex>0</sex><percent>1.1614729</percent></prevalence><prevalence><age>38</age><sex>1</sex><percent>0.9235339</percent></prevalence><prevalence><age>39</age><sex>0</sex><percent>1.3170215</percent></prevalence><prevalence><age>39</age><sex>1</sex><percent>1.0233123</percent></prevalence><prevalence><age>40</age><sex>0</sex><percent>1.4890788</percent></prevalence><prevalence><age>40</age><sex>1</sex><percent>1.1337557</percent></prevalence><prevalence><age>41</age><sex>0</sex><percent>1.678694</percent></prevalence><prevalence><age>41</age><sex>1</sex><percent>1.2558464</percent></prevalence><prevalence><age>42</age><sex>0</sex><percent>1.8868723</percent></prevalence><prevalence><age>42</age><sex>1</sex><percent>1.3906207</percent></prevalence><prevalence><age>43</age><sex>0</sex><percent>2.114555</percent></prevalence><prevalence><age>43</age><sex>1</sex><percent>1.5391651</percent></prevalence><prevalence><age>44</age><sex>0</sex><percent>2.3625958</percent></prevalence><prevalence><age>44</age><sex>1</sex><percent>1.7026094</percent></prevalence><prevalence><age>45</age><sex>0</sex><percent>2.63174</percent></prevalence><prevalence><age>45</age><sex>1</sex><percent>1.8821181</percent></prevalence><prevalence><age>46</age><sex>0</sex><percent>2.922598</percent></prevalence><prevalence><age>46</age><sex>1</sex><percent>2.0788794</percent></prevalence><prevalence><age>47</age><sex>0</sex><percent>3.2356224</percent></prevalence><prevalence><age>47</age><sex>1</sex><percent>2.2940912</percent></prevalence><prevalence><age>48</age><sex>0</sex><percent>3.5710835</percent></prevalence><prevalence><age>48</age><sex>1</sex><percent>2.5289454</percent></prevalence><prevalence><age>49</age><sex>0</sex><percent>3.9290478</percent></prevalence><prevalence><age>49</age><sex>1</sex><percent>2.784607</percent></prevalence><prevalence><age>50</age><sex>0</sex><percent>4.309355</percent></prevalence><prevalence><age>50</age><sex>1</sex><percent>3.062193</percent></prevalence><prevalence><age>51</age><sex>0</sex><percent>4.711601</percent></prevalence><prevalence><age>51</age><sex>1</sex><percent>3.3627455</percent></prevalence><prevalence><age>52</age><sex>0</sex><percent>5.135122</percent></prevalence><prevalence><age>52</age><sex>1</sex><percent>3.6872053</percent></prevalence><prevalence><age>53</age><sex>0</sex><percent>5.5789814</percent></prevalence><prevalence><age>53</age><sex>1</sex><percent>4.0363784</percent></prevalence><prevalence><age>54</age><sex>0</sex><percent>6.041966</percent></prevalence><prevalence><age>54</age><sex>1</sex><percent>4.4109054</percent></prevalence><prevalence><age>55</age><sex>0</sex><percent>6.5225797</percent></prevalence><prevalence><age>55</age><sex>1</sex><percent>4.811226</percent></prevalence><prevalence><age>56</age><sex>0</sex><percent>7.019048</percent></prevalence><prevalence><age>56</age><sex>1</sex><percent>5.2375426</percent></prevalence><prevalence><age>57</age><sex>0</sex><percent>7.5293245</percent></prevalence><prevalence><age>57</age><sex>1</sex><percent>5.689789</percent></prevalence><prevalence><age>58</age><sex>0</sex><percent>8.0511055</percent></prevalence><prevalence><age>58</age><sex>1</sex><percent>6.1675906</percent></prevalence><prevalence><age>59</age><sex>0</sex><percent>8.581847</percent></prevalence><prevalence><age>59</age><sex>1</sex><percent>6.6702385</percent></prevalence><prevalence><age>60</age><sex>0</sex><percent>9.118787</percent></prevalence><prevalence><age>60</age><sex>1</sex><percent>7.196658</percent></prevalence><prevalence><age>61</age><sex>0</sex><percent>9.658973</percent></prevalence><prevalence><age>61</age><sex>1</sex><percent>7.7453876</percent></prevalence><prevalence><age>62</age><sex>0</sex><percent>10.19929</percent></prevalence><prevalence><age>62</age><sex>1</sex><percent>8.314558</percent></prevalence><prevalence><age>63</age><sex>0</sex><percent>10.7365</percent></prevalence><prevalence><age>63</age><sex>1</sex><percent>8.901887</percent></prevalence><prevalence><age>64</age><sex>0</sex><percent>11.26727</percent></prevalence><prevalence><age>64</age><sex>1</sex><percent>9.504671</percent></prevalence><prevalence><age>65</age><sex>0</sex><percent>11.788212</percent></prevalence><prevalence><age>65</age><sex>1</sex><percent>10.119798</percent></prevalence><prevalence><age>66</age><sex>0</sex><percent>12.295918</percent></prevalence><prevalence><age>66</age><sex>1</sex><percent>10.743753</percent></prevalence><prevalence><age>67</age><sex>0</sex><percent>12.787002</percent></prevalence><prevalence><age>67</age><sex>1</sex><percent>11.372653</percent></prevalence><prevalence><age>68</age><sex>0</sex><percent>13.258125</percent></prevalence><prevalence><age>68</age><sex>1</sex><percent>12.00227</percent></prevalence><prevalence><age>69</age><sex>0</sex><percent>13.70604</percent></prevalence><prevalence><age>69</age><sex>1</sex><percent>12.628074</percent></prevalence><prevalence><age>70</age><sex>0</sex><percent>14.127618</percent></prevalence><prevalence><age>70</age><sex>1</sex><percent>13.245282</percent></prevalence><prevalence><age>71</age><sex>0</sex><percent>14.5198765</percent></prevalence><prevalence><age>71</age><sex>1</sex><percent>13.848913</percent></prevalence><prevalence><age>72</age><sex>0</sex><percent>14.880012</percent></prevalence><prevalence><age>72</age><sex>1</sex><percent>14.433839</percent></prevalence><prevalence><age>73</age><sex>0</sex><percent>15.205417</percent></prevalence><prevalence><age>73</age><sex>1</sex><percent>14.994852</percent></prevalence><prevalence><age>74</age><sex>0</sex><percent>15.493708</percent></prevalence><prevalence><age>74</age><sex>1</sex><percent>15.526727</percent></prevalence><prevalence><age>75</age><sex>0</sex><percent>15.742742</percent></prevalence><prevalence><age>75</age><sex>1</sex><percent>16.024284</percent></prevalence><prevalence><age>76</age><sex>0</sex><percent>15.950631</percent></prevalence><prevalence><age>76</age><sex>1</sex><percent>16.482456</percent></prevalence><prevalence><age>77</age><sex>0</sex><percent>16.11576</percent></prevalence><prevalence><age>77</age><sex>1</sex><percent>16.896345</percent></prevalence><prevalence><age>78</age><sex>0</sex><percent>16.236801</percent></prevalence><prevalence><age>78</age><sex>1</sex><percent>17.261288</percent></prevalence><prevalence><age>79</age><sex>0</sex><percent>16.312712</percent></prevalence><prevalence><age>79</age><sex>1</sex><percent>17.572912</percent></prevalence><prevalence><age>80</age><sex>0</sex><percent>16.342758</percent></prevalence><prevalence><age>80</age><sex>1</sex><percent>17.827194</percent></prevalence><prevalence><age>81</age><sex>0</sex><percent>16.326519</percent></prevalence><prevalence><age>81</age><sex>1</sex><percent>18.020514</percent></prevalence><prevalence><age>82</age><sex>0</sex><percent>16.263885</percent></prevalence><prevalence><age>82</age><sex>1</sex><percent>18.149702</percent></prevalence><prevalence><age>83</age><sex>0</sex><percent>16.15507</percent></prevalence><prevalence><age>83</age><sex>1</sex><percent>18.2121</percent></prevalence><prevalence><age>84</age><sex>0</sex><percent>16.000608</percent></prevalence><prevalence><age>84</age><sex>1</sex><percent>18.205595</percent></prevalence><prevalence><age>85</age><sex>0</sex><percent>15.801364</percent></prevalence><prevalence><age>85</age><sex>1</sex><percent>18.128683</percent></prevalence><prevalence><age>86</age><sex>0</sex><percent>15.558523</percent></prevalence><prevalence><age>86</age><sex>1</sex><percent>17.980501</percent></prevalence><prevalence><age>87</age><sex>0</sex><percent>15.273595</percent></prevalence><prevalence><age>87</age><sex>1</sex><percent>17.760885</percent></prevalence><prevalence><age>88</age><sex>0</sex><percent>14.948402</percent></prevalence><prevalence><age>88</age><sex>1</sex><percent>17.470402</percent></prevalence><prevalence><age>89</age><sex>0</sex><percent>14.585079</percent></prevalence><prevalence><age>89</age><sex>1</sex><percent>17.11039</percent></prevalence><prevalence><age>90</age><sex>0</sex><percent>14.186055</percent></prevalence><prevalence><age>90</age><sex>1</sex><percent>16.682997</percent></prevalence><prevalence><age>91</age><sex>0</sex><percent>13.754038</percent></prevalence><prevalence><age>91</age><sex>1</sex><percent>16.191189</percent></prevalence><prevalence><age>92</age><sex>0</sex><percent>13.291999</percent></prevalence><prevalence><age>92</age><sex>1</sex><percent>15.6387825</percent></prevalence><prevalence><age>93</age><sex>0</sex><percent>12.803144</percent></prevalence><prevalence><age>93</age><sex>1</sex><percent>15.03042</percent></prevalence><prevalence><age>94</age><sex>0</sex><percent>12.290888</percent></prevalence><prevalence><age>94</age><sex>1</sex><percent>14.371562</percent></prevalence><prevalence><age>95</age><sex>0</sex><percent>11.758818</percent></prevalence><prevalence><age>95</age><sex>1</sex><percent>13.668437</percent></prevalence></diseaseprevalences>