<?xml version="1.0"?><diseaseprevalences><prevalence><age>0</age><sex>0</sex><percent>0.0</percent></prevalence><prevalence><age>0</age><sex>1</sex><percent>0.0</percent></prevalence><prevalence><age>1</age><sex>0</sex><percent>0.0</percent></prevalence><prevalence><age>1</age><sex>1</sex><percent>0.0</percent></prevalence><prevalence><age>2</age><sex>0</sex><percent>0.0</percent></prevalence><prevalence><age>2</age><sex>1</sex><percent>0.0</percent></prevalence><prevalence><age>3</age><sex>0</sex><percent>0.0</percent></prevalence><prevalence><age>3</age><sex>1</sex><percent>0.0</percent></prevalence><prevalence><age>4</age><sex>0</sex><percent>0.0</percent></prevalence><prevalence><age>4</age><sex>1</sex><percent>0.0</percent></prevalence><prevalence><age>5</age><sex>0</sex><percent>0.0</percent></prevalence><prevalence><age>5</age><sex>1</sex><percent>0.0</percent></prevalence><prevalence><age>6</age><sex>0</sex><percent>0.0</percent></prevalence><prevalence><age>6</age><sex>1</sex><percent>0.0</percent></prevalence><prevalence><age>7</age><sex>0</sex><percent>0.0</percent></prevalence><prevalence><age>7</age><sex>1</sex><percent>0.0</percent></prevalence><prevalence><age>8</age><sex>0</sex><percent>0.0</percent></prevalence><prevalence><age>8</age><sex>1</sex><percent>0.0</percent></prevalence><prevalence><age>9</age><sex>0</sex><percent>0.0</percent></prevalence><prevalence><age>9</age><sex>1</sex><percent>0.0</percent></prevalence><prevalence><age>10</age><sex>0</sex><percent>0.0</percent></prevalence><prevalence><age>10</age><sex>1</sex><percent>0.0</percent></prevalence><prevalence><age>11</age><sex>0</sex><percent>0.0</percent></prevalence><prevalence><age>11</age><sex>1</sex><percent>0.0</percent></prevalence><prevalence><age>12</age><sex>0</sex><percent>0.0</percent></prevalence><prevalence><age>12</age><sex>1</sex><percent>0.0</percent></prevalence><prevalence><age>13</age><sex>0</sex><percent>0.0</percent></prevalence><prevalence><age>13</age><sex>1</sex><percent>0.0</percent></prevalence><prevalence><age>14</age><sex>0</sex><percent>0.0</percent></prevalence><prevalence><age>14</age><sex>1</sex><percent>0.0</percent></prevalence><prevalence><age>15</age><sex>0</sex><percent>0.00155</percent></prevalence><prevalence><age>15</age><sex>1</sex><percent>0.00265</percent></prevalence><prevalence><age>16</age><sex>0</sex><percent>0.00179</percent></prevalence><prevalence><age>16</age><sex>1</sex><percent>0.00301</percent></prevalence><prevalence><age>17</age><sex>0</sex><percent>0.0020</percent></prevalence><prevalence><age>17</age><sex>1</sex><percent>0.00337</percent></prevalence><prevalence><age>18</age><sex>0</sex><percent>0.00217</percent></prevalence><prevalence><age>18</age><sex>1</sex><percent>0.00371</percent></prevalence><prevalence><age>19</age><sex>0</sex><percent>0.0023</percent></prevalence><prevalence><age>19</age><sex>1</sex><percent>0.00408</percent></prevalence><prevalence><age>20</age><sex>0</sex><percent>0.0024</percent></prevalence><prevalence><age>20</age><sex>1</sex><percent>0.00447</percent></prevalence><prevalence><age>21</age><sex>0</sex><percent>0.0025</percent></prevalence><prevalence><age>21</age><sex>1</sex><percent>0.0049</percent></prevalence><prevalence><age>22</age><sex>0</sex><percent>0.00263</percent></prevalence><prevalence><age>22</age><sex>1</sex><percent>0.00537</percent></prevalence><prevalence><age>23</age><sex>0</sex><percent>0.00285</percent></prevalence><prevalence><age>23</age><sex>1</sex><percent>0.00588</percent></prevalence><prevalence><age>24</age><sex>0</sex><percent>0.0032</percent></prevalence><prevalence><age>24</age><sex>1</sex><percent>0.00641</percent></prevalence><prevalence><age>25</age><sex>0</sex><percent>0.00372</percent></prevalence><prevalence><age>25</age><sex>1</sex><percent>0.00696</percent></prevalence><prevalence><age>26</age><sex>0</sex><percent>0.00444</percent></prevalence><prevalence><age>26</age><sex>1</sex><percent>0.00752</percent></prevalence><prevalence><age>27</age><sex>0</sex><percent>0.00536</percent></prevalence><prevalence><age>27</age><sex>1</sex><percent>0.00804</percent></prevalence><prevalence><age>28</age><sex>0</sex><percent>0.00646</percent></prevalence><prevalence><age>28</age><sex>1</sex><percent>0.00851</percent></prevalence><prevalence><age>29</age><sex>0</sex><percent>0.00771</percent></prevalence><prevalence><age>29</age><sex>1</sex><percent>0.00893</percent></prevalence><prevalence><age>30</age><sex>0</sex><percent>0.00903</percent></prevalence><prevalence><age>30</age><sex>1</sex><percent>0.00933</percent></prevalence><prevalence><age>31</age><sex>0</sex><percent>0.01039</percent></prevalence><prevalence><age>31</age><sex>1</sex><percent>0.0098</percent></prevalence><prevalence><age>32</age><sex>0</sex><percent>0.01171</percent></prevalence><prevalence><age>32</age><sex>1</sex><percent>0.01046</percent></prevalence><prevalence><age>33</age><sex>0</sex><percent>0.01299</percent></prevalence><prevalence><age>33</age><sex>1</sex><percent>0.01148</percent></prevalence><prevalence><age>34</age><sex>0</sex><percent>0.01422</percent></prevalence><prevalence><age>34</age><sex>1</sex><percent>0.01299</percent></prevalence><prevalence><age>35</age><sex>0</sex><percent>0.0155</percent></prevalence><prevalence><age>35</age><sex>1</sex><percent>0.01512</percent></prevalence><prevalence><age>36</age><sex>0</sex><percent>0.01694</percent></prevalence><prevalence><age>36</age><sex>1</sex><percent>0.01793</percent></prevalence><prevalence><age>37</age><sex>0</sex><percent>0.01874</percent></prevalence><prevalence><age>37</age><sex>1</sex><percent>0.02146</percent></prevalence><prevalence><age>38</age><sex>0</sex><percent>0.02109</percent></prevalence><prevalence><age>38</age><sex>1</sex><percent>0.02568</percent></prevalence><prevalence><age>39</age><sex>0</sex><percent>0.02423</percent></prevalence><prevalence><age>39</age><sex>1</sex><percent>0.03058</percent></prevalence><prevalence><age>40</age><sex>0</sex><percent>0.02835</percent></prevalence><prevalence><age>40</age><sex>1</sex><percent>0.03616</percent></prevalence><prevalence><age>41</age><sex>0</sex><percent>0.03364</percent></prevalence><prevalence><age>41</age><sex>1</sex><percent>0.04247</percent></prevalence><prevalence><age>42</age><sex>0</sex><percent>0.04022</percent></prevalence><prevalence><age>42</age><sex>1</sex><percent>0.04958</percent></prevalence><prevalence><age>43</age><sex>0</sex><percent>0.04823</percent></prevalence><prevalence><age>43</age><sex>1</sex><percent>0.0576</percent></prevalence><prevalence><age>44</age><sex>0</sex><percent>0.05778</percent></prevalence><prevalence><age>44</age><sex>1</sex><percent>0.06664</percent></prevalence><prevalence><age>45</age><sex>0</sex><percent>0.06902</percent></prevalence><prevalence><age>45</age><sex>1</sex><percent>0.07682</percent></prevalence><prevalence><age>46</age><sex>0</sex><percent>0.08208</percent></prevalence><prevalence><age>46</age><sex>1</sex><percent>0.08828</percent></prevalence><prevalence><age>47</age><sex>0</sex><percent>0.09715</percent></prevalence><prevalence><age>47</age><sex>1</sex><percent>0.10119</percent></prevalence><prevalence><age>48</age><sex>0</sex><percent>0.11437</percent></prevalence><prevalence><age>48</age><sex>1</sex><percent>0.11578</percent></prevalence><prevalence><age>49</age><sex>0</sex><percent>0.13388</percent></prevalence><prevalence><age>49</age><sex>1</sex><percent>0.13227</percent></prevalence><prevalence><age>50</age><sex>0</sex><percent>0.15576</percent></prevalence><prevalence><age>50</age><sex>1</sex><percent>0.15093</percent></prevalence><prevalence><age>51</age><sex>0</sex><percent>0.1801</percent></prevalence><prevalence><age>51</age><sex>1</sex><percent>0.17199</percent></prevalence><prevalence><age>52</age><sex>0</sex><percent>0.20695</percent></prevalence><prevalence><age>52</age><sex>1</sex><percent>0.19572</percent></prevalence><prevalence><age>53</age><sex>0</sex><percent>0.23645</percent></prevalence><prevalence><age>53</age><sex>1</sex><percent>0.22242</percent></prevalence><prevalence><age>54</age><sex>0</sex><percent>0.26882</percent></prevalence><prevalence><age>54</age><sex>1</sex><percent>0.25239</percent></prevalence><prevalence><age>55</age><sex>0</sex><percent>0.30446</percent></prevalence><prevalence><age>55</age><sex>1</sex><percent>0.28594</percent></prevalence><prevalence><age>56</age><sex>0</sex><percent>0.34396</percent></prevalence><prevalence><age>56</age><sex>1</sex><percent>0.32335</percent></prevalence><prevalence><age>57</age><sex>0</sex><percent>0.38812</percent></prevalence><prevalence><age>57</age><sex>1</sex><percent>0.36492</percent></prevalence><prevalence><age>58</age><sex>0</sex><percent>0.43792</percent></prevalence><prevalence><age>58</age><sex>1</sex><percent>0.41088</percent></prevalence><prevalence><age>59</age><sex>0</sex><percent>0.49435</percent></prevalence><prevalence><age>59</age><sex>1</sex><percent>0.46141</percent></prevalence><prevalence><age>60</age><sex>0</sex><percent>0.55826</percent></prevalence><prevalence><age>60</age><sex>1</sex><percent>0.51658</percent></prevalence><prevalence><age>61</age><sex>0</sex><percent>0.6303</percent></prevalence><prevalence><age>61</age><sex>1</sex><percent>0.57628</percent></prevalence><prevalence><age>62</age><sex>0</sex><percent>0.71084</percent></prevalence><prevalence><age>62</age><sex>1</sex><percent>0.64016</percent></prevalence><prevalence><age>63</age><sex>0</sex><percent>0.79998</percent></prevalence><prevalence><age>63</age><sex>1</sex><percent>0.70758</percent></prevalence><prevalence><age>64</age><sex>0</sex><percent>0.89766</percent></prevalence><prevalence><age>64</age><sex>1</sex><percent>0.77785</percent></prevalence><prevalence><age>65</age><sex>0</sex><percent>1.00374</percent></prevalence><prevalence><age>65</age><sex>1</sex><percent>0.85041</percent></prevalence><prevalence><age>66</age><sex>0</sex><percent>1.11796</percent></prevalence><prevalence><age>66</age><sex>1</sex><percent>0.92505</percent></prevalence><prevalence><age>67</age><sex>0</sex><percent>1.23989</percent></prevalence><prevalence><age>67</age><sex>1</sex><percent>1.00197</percent></prevalence><prevalence><age>68</age><sex>0</sex><percent>1.36886</percent></prevalence><prevalence><age>68</age><sex>1</sex><percent>1.08178</percent></prevalence><prevalence><age>69</age><sex>0</sex><percent>1.50401</percent></prevalence><prevalence><age>69</age><sex>1</sex><percent>1.16527</percent></prevalence><prevalence><age>70</age><sex>0</sex><percent>1.64433</percent></prevalence><prevalence><age>70</age><sex>1</sex><percent>1.25305</percent></prevalence><prevalence><age>71</age><sex>0</sex><percent>1.78892</percent></prevalence><prevalence><age>71</age><sex>1</sex><percent>1.34551</percent></prevalence><prevalence><age>72</age><sex>0</sex><percent>1.93707</percent></prevalence><prevalence><age>72</age><sex>1</sex><percent>1.44284</percent></prevalence><prevalence><age>73</age><sex>0</sex><percent>2.08842</percent></prevalence><prevalence><age>73</age><sex>1</sex><percent>1.54505</percent></prevalence><prevalence><age>74</age><sex>0</sex><percent>2.24284</percent></prevalence><prevalence><age>74</age><sex>1</sex><percent>1.65203</percent></prevalence><prevalence><age>75</age><sex>0</sex><percent>2.40017</percent></prevalence><prevalence><age>75</age><sex>1</sex><percent>1.76352</percent></prevalence><prevalence><age>76</age><sex>0</sex><percent>2.56013</percent></prevalence><prevalence><age>76</age><sex>1</sex><percent>1.87903</percent></prevalence><prevalence><age>77</age><sex>0</sex><percent>2.72219</percent></prevalence><prevalence><age>77</age><sex>1</sex><percent>1.99783</percent></prevalence><prevalence><age>78</age><sex>0</sex><percent>2.88547</percent></prevalence><prevalence><age>78</age><sex>1</sex><percent>2.11876</percent></prevalence><prevalence><age>79</age><sex>0</sex><percent>3.04852</percent></prevalence><prevalence><age>79</age><sex>1</sex><percent>2.24011</percent></prevalence><prevalence><age>80</age><sex>0</sex><percent>3.20914</percent></prevalence><prevalence><age>80</age><sex>1</sex><percent>2.35935</percent></prevalence><prevalence><age>81</age><sex>0</sex><percent>3.36454</percent></prevalence><prevalence><age>81</age><sex>1</sex><percent>2.47315</percent></prevalence><prevalence><age>82</age><sex>0</sex><percent>3.51146</percent></prevalence><prevalence><age>82</age><sex>1</sex><percent>2.57738</percent></prevalence><prevalence><age>83</age><sex>0</sex><percent>3.6465</percent></prevalence><prevalence><age>83</age><sex>1</sex><percent>2.66745</percent></prevalence><prevalence><age>84</age><sex>0</sex><percent>3.76708</percent></prevalence><prevalence><age>84</age><sex>1</sex><percent>2.73963</percent></prevalence><prevalence><age>85</age><sex>0</sex><percent>3.87229</percent></prevalence><prevalence><age>85</age><sex>1</sex><percent>2.79231</percent></prevalence><prevalence><age>86</age><sex>0</sex><percent>3.96297</percent></prevalence><prevalence><age>86</age><sex>1</sex><percent>2.82631</percent></prevalence><prevalence><age>87</age><sex>0</sex><percent>4.04143</percent></prevalence><prevalence><age>87</age><sex>1</sex><percent>2.84468</percent></prevalence><prevalence><age>88</age><sex>0</sex><percent>4.11121</percent></prevalence><prevalence><age>88</age><sex>1</sex><percent>2.85217</percent></prevalence><prevalence><age>89</age><sex>0</sex><percent>4.17598</percent></prevalence><prevalence><age>89</age><sex>1</sex><percent>2.85369</percent></prevalence><prevalence><age>90</age><sex>0</sex><percent>4.23869</percent></prevalence><prevalence><age>90</age><sex>1</sex><percent>2.8529</percent></prevalence><prevalence><age>91</age><sex>0</sex><percent>4.30142</percent></prevalence><prevalence><age>91</age><sex>1</sex><percent>2.8521</percent></prevalence><prevalence><age>92</age><sex>0</sex><percent>4.36547</percent></prevalence><prevalence><age>92</age><sex>1</sex><percent>2.85235</percent></prevalence><prevalence><age>93</age><sex>0</sex><percent>4.43143</percent></prevalence><prevalence><age>93</age><sex>1</sex><percent>2.85373</percent></prevalence><prevalence><age>94</age><sex>0</sex><percent>4.4994</percent></prevalence><prevalence><age>94</age><sex>1</sex><percent>2.85582</percent></prevalence><prevalence><age>95</age><sex>0</sex><percent>4.68391</percent></prevalence><prevalence><age>95</age><sex>1</sex><percent>2.86152</percent></prevalence></diseaseprevalences>