<?xml version="1.0"?><diseaseincidences><incidence><age>0</age><sex>0</sex><value>0.0</value></incidence><incidence><age>0</age><sex>1</sex><value>0.0</value></incidence><incidence><age>1</age><sex>0</sex><value>0.0</value></incidence><incidence><age>1</age><sex>1</sex><value>0.0</value></incidence><incidence><age>2</age><sex>0</sex><value>0.0</value></incidence><incidence><age>2</age><sex>1</sex><value>0.0</value></incidence><incidence><age>3</age><sex>0</sex><value>0.0</value></incidence><incidence><age>3</age><sex>1</sex><value>0.0</value></incidence><incidence><age>4</age><sex>0</sex><value>0.0</value></incidence><incidence><age>4</age><sex>1</sex><value>0.0</value></incidence><incidence><age>5</age><sex>0</sex><value>0.0</value></incidence><incidence><age>5</age><sex>1</sex><value>0.0</value></incidence><incidence><age>6</age><sex>0</sex><value>0.0</value></incidence><incidence><age>6</age><sex>1</sex><value>0.0</value></incidence><incidence><age>7</age><sex>0</sex><value>0.0</value></incidence><incidence><age>7</age><sex>1</sex><value>0.0</value></incidence><incidence><age>8</age><sex>0</sex><value>0.0</value></incidence><incidence><age>8</age><sex>1</sex><value>0.0</value></incidence><incidence><age>9</age><sex>0</sex><value>0.0</value></incidence><incidence><age>9</age><sex>1</sex><value>0.0</value></incidence><incidence><age>10</age><sex>0</sex><value>0.0</value></incidence><incidence><age>10</age><sex>1</sex><value>0.0</value></incidence><incidence><age>11</age><sex>0</sex><value>0.0</value></incidence><incidence><age>11</age><sex>1</sex><value>0.0</value></incidence><incidence><age>12</age><sex>0</sex><value>0.0</value></incidence><incidence><age>12</age><sex>1</sex><value>0.0</value></incidence><incidence><age>13</age><sex>0</sex><value>0.0</value></incidence><incidence><age>13</age><sex>1</sex><value>0.0</value></incidence><incidence><age>14</age><sex>0</sex><value>0.0</value></incidence><incidence><age>14</age><sex>1</sex><value>0.0</value></incidence><incidence><age>15</age><sex>0</sex><value>0.0</value></incidence><incidence><age>15</age><sex>1</sex><value>0.0</value></incidence><incidence><age>16</age><sex>0</sex><value>0.0</value></incidence><incidence><age>16</age><sex>1</sex><value>0.0</value></incidence><incidence><age>17</age><sex>0</sex><value>0.0</value></incidence><incidence><age>17</age><sex>1</sex><value>0.0</value></incidence><incidence><age>18</age><sex>0</sex><value>0.0</value></incidence><incidence><age>18</age><sex>1</sex><value>0.0</value></incidence><incidence><age>19</age><sex>0</sex><value>0.0</value></incidence><incidence><age>19</age><sex>1</sex><value>0.0</value></incidence><incidence><age>20</age><sex>0</sex><value>0.0</value></incidence><incidence><age>20</age><sex>1</sex><value>0.0</value></incidence><incidence><age>21</age><sex>0</sex><value>0.0</value></incidence><incidence><age>21</age><sex>1</sex><value>0.0</value></incidence><incidence><age>22</age><sex>0</sex><value>0.0</value></incidence><incidence><age>22</age><sex>1</sex><value>0.0</value></incidence><incidence><age>23</age><sex>0</sex><value>0.0</value></incidence><incidence><age>23</age><sex>1</sex><value>0.0</value></incidence><incidence><age>24</age><sex>0</sex><value>0.0</value></incidence><incidence><age>24</age><sex>1</sex><value>0.0</value></incidence><incidence><age>25</age><sex>0</sex><value>0.0</value></incidence><incidence><age>25</age><sex>1</sex><value>0.0</value></incidence><incidence><age>26</age><sex>0</sex><value>0.0</value></incidence><incidence><age>26</age><sex>1</sex><value>0.0</value></incidence><incidence><age>27</age><sex>0</sex><value>0.0</value></incidence><incidence><age>27</age><sex>1</sex><value>0.0</value></incidence><incidence><age>28</age><sex>0</sex><value>0.0</value></incidence><incidence><age>28</age><sex>1</sex><value>0.0</value></incidence><incidence><age>29</age><sex>0</sex><value>0.0</value></incidence><incidence><age>29</age><sex>1</sex><value>0.0</value></incidence><incidence><age>30</age><sex>0</sex><value>0.0</value></incidence><incidence><age>30</age><sex>1</sex><value>0.0</value></incidence><incidence><age>31</age><sex>0</sex><value>0.0</value></incidence><incidence><age>31</age><sex>1</sex><value>0.0</value></incidence><incidence><age>32</age><sex>0</sex><value>0.0</value></incidence><incidence><age>32</age><sex>1</sex><value>0.0</value></incidence><incidence><age>33</age><sex>0</sex><value>0.0</value></incidence><incidence><age>33</age><sex>1</sex><value>0.0</value></incidence><incidence><age>34</age><sex>0</sex><value>0.0</value></incidence><incidence><age>34</age><sex>1</sex><value>0.0</value></incidence><incidence><age>35</age><sex>0</sex><value>0.0</value></incidence><incidence><age>35</age><sex>1</sex><value>0.0</value></incidence><incidence><age>36</age><sex>0</sex><value>0.0</value></incidence><incidence><age>36</age><sex>1</sex><value>0.0</value></incidence><incidence><age>37</age><sex>0</sex><value>0.0</value></incidence><incidence><age>37</age><sex>1</sex><value>0.0</value></incidence><incidence><age>38</age><sex>0</sex><value>0.0</value></incidence><incidence><age>38</age><sex>1</sex><value>0.0</value></incidence><incidence><age>39</age><sex>0</sex><value>0.0</value></incidence><incidence><age>39</age><sex>1</sex><value>0.0</value></incidence><incidence><age>40</age><sex>0</sex><value>5.063E-4</value></incidence><incidence><age>40</age><sex>1</sex><value>9.076E-4</value></incidence><incidence><age>41</age><sex>0</sex><value>5.793E-4</value></incidence><incidence><age>41</age><sex>1</sex><value>9.901E-4</value></incidence><incidence><age>42</age><sex>0</sex><value>6.61E-4</value></incidence><incidence><age>42</age><sex>1</sex><value>0.0010782</value></incidence><incidence><age>43</age><sex>0</sex><value>7.522E-4</value></incidence><incidence><age>43</age><sex>1</sex><value>0.0011722</value></incidence><incidence><age>44</age><sex>0</sex><value>8.536E-4</value></incidence><incidence><age>44</age><sex>1</sex><value>0.0012721</value></incidence><incidence><age>45</age><sex>0</sex><value>9.661E-4</value></incidence><incidence><age>45</age><sex>1</sex><value>0.0013781</value></incidence><incidence><age>46</age><sex>0</sex><value>0.0010905</value></incidence><incidence><age>46</age><sex>1</sex><value>0.0014904</value></incidence><incidence><age>47</age><sex>0</sex><value>0.0012275</value></incidence><incidence><age>47</age><sex>1</sex><value>0.0016091</value></incidence><incidence><age>48</age><sex>0</sex><value>0.0013781</value></incidence><incidence><age>48</age><sex>1</sex><value>0.0017343</value></incidence><incidence><age>49</age><sex>0</sex><value>0.0015431</value></incidence><incidence><age>49</age><sex>1</sex><value>0.0018659</value></incidence><incidence><age>50</age><sex>0</sex><value>0.0017231</value></incidence><incidence><age>50</age><sex>1</sex><value>0.0020041</value></incidence><incidence><age>51</age><sex>0</sex><value>0.0019191</value></incidence><incidence><age>51</age><sex>1</sex><value>0.0021489</value></incidence><incidence><age>52</age><sex>0</sex><value>0.0021318</value></incidence><incidence><age>52</age><sex>1</sex><value>0.0023001</value></incidence><incidence><age>53</age><sex>0</sex><value>0.0023617</value></incidence><incidence><age>53</age><sex>1</sex><value>0.0024577</value></incidence><incidence><age>54</age><sex>0</sex><value>0.0026097</value></incidence><incidence><age>54</age><sex>1</sex><value>0.0026216</value></incidence><incidence><age>55</age><sex>0</sex><value>0.0028761</value></incidence><incidence><age>55</age><sex>1</sex><value>0.0027915</value></incidence><incidence><age>56</age><sex>0</sex><value>0.0031614</value></incidence><incidence><age>56</age><sex>1</sex><value>0.0029674</value></incidence><incidence><age>57</age><sex>0</sex><value>0.0034661</value></incidence><incidence><age>57</age><sex>1</sex><value>0.0031489</value></incidence><incidence><age>58</age><sex>0</sex><value>0.0037903</value></incidence><incidence><age>58</age><sex>1</sex><value>0.0033357</value></incidence><incidence><age>59</age><sex>0</sex><value>0.0041341</value></incidence><incidence><age>59</age><sex>1</sex><value>0.0035275</value></incidence><incidence><age>60</age><sex>0</sex><value>0.0044976</value></incidence><incidence><age>60</age><sex>1</sex><value>0.0037237</value></incidence><incidence><age>61</age><sex>0</sex><value>0.0048804</value></incidence><incidence><age>61</age><sex>1</sex><value>0.003924</value></incidence><incidence><age>62</age><sex>0</sex><value>0.0052821</value></incidence><incidence><age>62</age><sex>1</sex><value>0.0041279</value></incidence><incidence><age>63</age><sex>0</sex><value>0.0057023</value></incidence><incidence><age>63</age><sex>1</sex><value>0.0043347</value></incidence><incidence><age>64</age><sex>0</sex><value>0.0061401</value></incidence><incidence><age>64</age><sex>1</sex><value>0.0045437</value></incidence><incidence><age>65</age><sex>0</sex><value>0.0065945</value></incidence><incidence><age>65</age><sex>1</sex><value>0.0047545</value></incidence><incidence><age>66</age><sex>0</sex><value>0.0070642</value></incidence><incidence><age>66</age><sex>1</sex><value>0.0049661</value></incidence><incidence><age>67</age><sex>0</sex><value>0.0075478</value></incidence><incidence><age>67</age><sex>1</sex><value>0.0051779</value></incidence><incidence><age>68</age><sex>0</sex><value>0.0080436</value></incidence><incidence><age>68</age><sex>1</sex><value>0.0053889</value></incidence><incidence><age>69</age><sex>0</sex><value>0.0085496</value></incidence><incidence><age>69</age><sex>1</sex><value>0.0055985</value></incidence><incidence><age>70</age><sex>0</sex><value>0.0090636</value></incidence><incidence><age>70</age><sex>1</sex><value>0.0058056</value></incidence><incidence><age>71</age><sex>0</sex><value>0.0095831</value></incidence><incidence><age>71</age><sex>1</sex><value>0.0060093</value></incidence><incidence><age>72</age><sex>0</sex><value>0.0101054</value></incidence><incidence><age>72</age><sex>1</sex><value>0.0062088</value></incidence><incidence><age>73</age><sex>0</sex><value>0.0106275</value></incidence><incidence><age>73</age><sex>1</sex><value>0.0064031</value></incidence><incidence><age>74</age><sex>0</sex><value>0.0111463</value></incidence><incidence><age>74</age><sex>1</sex><value>0.0065913</value></incidence><incidence><age>75</age><sex>0</sex><value>0.0116585</value></incidence><incidence><age>75</age><sex>1</sex><value>0.0067723</value></incidence><incidence><age>76</age><sex>0</sex><value>0.0121605</value></incidence><incidence><age>76</age><sex>1</sex><value>0.0069453</value></incidence><incidence><age>77</age><sex>0</sex><value>0.0126487</value></incidence><incidence><age>77</age><sex>1</sex><value>0.0071093</value></incidence><incidence><age>78</age><sex>0</sex><value>0.0131194</value></incidence><incidence><age>78</age><sex>1</sex><value>0.0072634</value></incidence><incidence><age>79</age><sex>0</sex><value>0.0135687</value></incidence><incidence><age>79</age><sex>1</sex><value>0.0074068</value></incidence><incidence><age>80</age><sex>0</sex><value>0.0139928</value></incidence><incidence><age>80</age><sex>1</sex><value>0.0075387</value></incidence><incidence><age>81</age><sex>0</sex><value>0.0143881</value></incidence><incidence><age>81</age><sex>1</sex><value>0.0076583</value></incidence><incidence><age>82</age><sex>0</sex><value>0.0147508</value></incidence><incidence><age>82</age><sex>1</sex><value>0.0077649</value></incidence><incidence><age>83</age><sex>0</sex><value>0.0150775</value></incidence><incidence><age>83</age><sex>1</sex><value>0.0078579</value></incidence><incidence><age>84</age><sex>0</sex><value>0.015365</value></incidence><incidence><age>84</age><sex>1</sex><value>0.0079368</value></incidence><incidence><age>85</age><sex>0</sex><value>0.0156101</value></incidence><incidence><age>85</age><sex>1</sex><value>0.008001</value></incidence><incidence><age>86</age><sex>0</sex><value>0.0158102</value></incidence><incidence><age>86</age><sex>1</sex><value>0.0080502</value></incidence><incidence><age>87</age><sex>0</sex><value>0.0159632</value></incidence><incidence><age>87</age><sex>1</sex><value>0.0080841</value></incidence><incidence><age>88</age><sex>0</sex><value>0.016067</value></incidence><incidence><age>88</age><sex>1</sex><value>0.0081025</value></incidence><incidence><age>89</age><sex>0</sex><value>0.0161204</value></incidence><incidence><age>89</age><sex>1</sex><value>0.0081053</value></incidence><incidence><age>90</age><sex>0</sex><value>0.0161224</value></incidence><incidence><age>90</age><sex>1</sex><value>0.0080925</value></incidence><incidence><age>91</age><sex>0</sex><value>0.0160727</value></incidence><incidence><age>91</age><sex>1</sex><value>0.0080642</value></incidence><incidence><age>92</age><sex>0</sex><value>0.0159714</value></incidence><incidence><age>92</age><sex>1</sex><value>0.0080206</value></incidence><incidence><age>93</age><sex>0</sex><value>0.0158193</value></incidence><incidence><age>93</age><sex>1</sex><value>0.0079619</value></incidence><incidence><age>94</age><sex>0</sex><value>0.0156177</value></incidence><incidence><age>94</age><sex>1</sex><value>0.0078886</value></incidence><incidence><age>95</age><sex>0</sex><value>0.0153683</value></incidence><incidence><age>95</age><sex>1</sex><value>0.0078011</value></incidence></diseaseincidences>