<?xml version="1.0"?><diseaseprevalences><prevalence><age>0</age><sex>0</sex><percent>0.0</percent></prevalence><prevalence><age>0</age><sex>1</sex><percent>0.0</percent></prevalence><prevalence><age>1</age><sex>0</sex><percent>0.0</percent></prevalence><prevalence><age>1</age><sex>1</sex><percent>0.0</percent></prevalence><prevalence><age>2</age><sex>0</sex><percent>0.0</percent></prevalence><prevalence><age>2</age><sex>1</sex><percent>0.0</percent></prevalence><prevalence><age>3</age><sex>0</sex><percent>0.0</percent></prevalence><prevalence><age>3</age><sex>1</sex><percent>0.0</percent></prevalence><prevalence><age>4</age><sex>0</sex><percent>0.0</percent></prevalence><prevalence><age>4</age><sex>1</sex><percent>0.0</percent></prevalence><prevalence><age>5</age><sex>0</sex><percent>0.0</percent></prevalence><prevalence><age>5</age><sex>1</sex><percent>0.0</percent></prevalence><prevalence><age>6</age><sex>0</sex><percent>0.0</percent></prevalence><prevalence><age>6</age><sex>1</sex><percent>0.0</percent></prevalence><prevalence><age>7</age><sex>0</sex><percent>0.0</percent></prevalence><prevalence><age>7</age><sex>1</sex><percent>0.0</percent></prevalence><prevalence><age>8</age><sex>0</sex><percent>0.0</percent></prevalence><prevalence><age>8</age><sex>1</sex><percent>0.0</percent></prevalence><prevalence><age>9</age><sex>0</sex><percent>0.0</percent></prevalence><prevalence><age>9</age><sex>1</sex><percent>0.0</percent></prevalence><prevalence><age>10</age><sex>0</sex><percent>0.0</percent></prevalence><prevalence><age>10</age><sex>1</sex><percent>0.0</percent></prevalence><prevalence><age>11</age><sex>0</sex><percent>0.0</percent></prevalence><prevalence><age>11</age><sex>1</sex><percent>0.0</percent></prevalence><prevalence><age>12</age><sex>0</sex><percent>0.0</percent></prevalence><prevalence><age>12</age><sex>1</sex><percent>0.0</percent></prevalence><prevalence><age>13</age><sex>0</sex><percent>0.0</percent></prevalence><prevalence><age>13</age><sex>1</sex><percent>0.0</percent></prevalence><prevalence><age>14</age><sex>0</sex><percent>0.0</percent></prevalence><prevalence><age>14</age><sex>1</sex><percent>0.0</percent></prevalence><prevalence><age>15</age><sex>0</sex><percent>0.0</percent></prevalence><prevalence><age>15</age><sex>1</sex><percent>5.2E-4</percent></prevalence><prevalence><age>16</age><sex>0</sex><percent>0.0</percent></prevalence><prevalence><age>16</age><sex>1</sex><percent>5.3E-4</percent></prevalence><prevalence><age>17</age><sex>0</sex><percent>0.0</percent></prevalence><prevalence><age>17</age><sex>1</sex><percent>6.1E-4</percent></prevalence><prevalence><age>18</age><sex>0</sex><percent>0.0</percent></prevalence><prevalence><age>18</age><sex>1</sex><percent>7.8E-4</percent></prevalence><prevalence><age>19</age><sex>0</sex><percent>0.0</percent></prevalence><prevalence><age>19</age><sex>1</sex><percent>0.00108</percent></prevalence><prevalence><age>20</age><sex>0</sex><percent>0.0</percent></prevalence><prevalence><age>20</age><sex>1</sex><percent>0.00156</percent></prevalence><prevalence><age>21</age><sex>0</sex><percent>0.0</percent></prevalence><prevalence><age>21</age><sex>1</sex><percent>0.00225</percent></prevalence><prevalence><age>22</age><sex>0</sex><percent>0.0</percent></prevalence><prevalence><age>22</age><sex>1</sex><percent>0.00318</percent></prevalence><prevalence><age>23</age><sex>0</sex><percent>0.0</percent></prevalence><prevalence><age>23</age><sex>1</sex><percent>0.0044</percent></prevalence><prevalence><age>24</age><sex>0</sex><percent>0.0</percent></prevalence><prevalence><age>24</age><sex>1</sex><percent>0.00599</percent></prevalence><prevalence><age>25</age><sex>0</sex><percent>0.0</percent></prevalence><prevalence><age>25</age><sex>1</sex><percent>0.0081</percent></prevalence><prevalence><age>26</age><sex>0</sex><percent>0.0</percent></prevalence><prevalence><age>26</age><sex>1</sex><percent>0.01097</percent></prevalence><prevalence><age>27</age><sex>0</sex><percent>0.0</percent></prevalence><prevalence><age>27</age><sex>1</sex><percent>0.01494</percent></prevalence><prevalence><age>28</age><sex>0</sex><percent>0.0</percent></prevalence><prevalence><age>28</age><sex>1</sex><percent>0.0204</percent></prevalence><prevalence><age>29</age><sex>0</sex><percent>0.0</percent></prevalence><prevalence><age>29</age><sex>1</sex><percent>0.02781</percent></prevalence><prevalence><age>30</age><sex>0</sex><percent>0.0</percent></prevalence><prevalence><age>30</age><sex>1</sex><percent>0.03763</percent></prevalence><prevalence><age>31</age><sex>0</sex><percent>0.0</percent></prevalence><prevalence><age>31</age><sex>1</sex><percent>0.05028</percent></prevalence><prevalence><age>32</age><sex>0</sex><percent>0.0</percent></prevalence><prevalence><age>32</age><sex>1</sex><percent>0.06614</percent></prevalence><prevalence><age>33</age><sex>0</sex><percent>0.0</percent></prevalence><prevalence><age>33</age><sex>1</sex><percent>0.08546</percent></prevalence><prevalence><age>34</age><sex>0</sex><percent>0.0</percent></prevalence><prevalence><age>34</age><sex>1</sex><percent>0.10846</percent></prevalence><prevalence><age>35</age><sex>0</sex><percent>0.0</percent></prevalence><prevalence><age>35</age><sex>1</sex><percent>0.13546</percent></prevalence><prevalence><age>36</age><sex>0</sex><percent>0.0</percent></prevalence><prevalence><age>36</age><sex>1</sex><percent>0.16689</percent></prevalence><prevalence><age>37</age><sex>0</sex><percent>0.0</percent></prevalence><prevalence><age>37</age><sex>1</sex><percent>0.20344</percent></prevalence><prevalence><age>38</age><sex>0</sex><percent>0.0</percent></prevalence><prevalence><age>38</age><sex>1</sex><percent>0.24606</percent></prevalence><prevalence><age>39</age><sex>0</sex><percent>0.0</percent></prevalence><prevalence><age>39</age><sex>1</sex><percent>0.29592</percent></prevalence><prevalence><age>40</age><sex>0</sex><percent>0.0</percent></prevalence><prevalence><age>40</age><sex>1</sex><percent>0.3542</percent></prevalence><prevalence><age>41</age><sex>0</sex><percent>0.0</percent></prevalence><prevalence><age>41</age><sex>1</sex><percent>0.42206</percent></prevalence><prevalence><age>42</age><sex>0</sex><percent>0.0</percent></prevalence><prevalence><age>42</age><sex>1</sex><percent>0.50059</percent></prevalence><prevalence><age>43</age><sex>0</sex><percent>0.0</percent></prevalence><prevalence><age>43</age><sex>1</sex><percent>0.59067</percent></prevalence><prevalence><age>44</age><sex>0</sex><percent>0.0</percent></prevalence><prevalence><age>44</age><sex>1</sex><percent>0.6928</percent></prevalence><prevalence><age>45</age><sex>0</sex><percent>0.0</percent></prevalence><prevalence><age>45</age><sex>1</sex><percent>0.80696</percent></prevalence><prevalence><age>46</age><sex>0</sex><percent>0.0</percent></prevalence><prevalence><age>46</age><sex>1</sex><percent>0.93262</percent></prevalence><prevalence><age>47</age><sex>0</sex><percent>0.0</percent></prevalence><prevalence><age>47</age><sex>1</sex><percent>1.06878</percent></prevalence><prevalence><age>48</age><sex>0</sex><percent>0.0</percent></prevalence><prevalence><age>48</age><sex>1</sex><percent>1.21411</percent></prevalence><prevalence><age>49</age><sex>0</sex><percent>0.0</percent></prevalence><prevalence><age>49</age><sex>1</sex><percent>1.36723</percent></prevalence><prevalence><age>50</age><sex>0</sex><percent>0.0</percent></prevalence><prevalence><age>50</age><sex>1</sex><percent>1.52705</percent></prevalence><prevalence><age>51</age><sex>0</sex><percent>0.0</percent></prevalence><prevalence><age>51</age><sex>1</sex><percent>1.69282</percent></prevalence><prevalence><age>52</age><sex>0</sex><percent>0.0</percent></prevalence><prevalence><age>52</age><sex>1</sex><percent>1.86406</percent></prevalence><prevalence><age>53</age><sex>0</sex><percent>0.0</percent></prevalence><prevalence><age>53</age><sex>1</sex><percent>2.04051</percent></prevalence><prevalence><age>54</age><sex>0</sex><percent>0.0</percent></prevalence><prevalence><age>54</age><sex>1</sex><percent>2.22207</percent></prevalence><prevalence><age>55</age><sex>0</sex><percent>0.0</percent></prevalence><prevalence><age>55</age><sex>1</sex><percent>2.40872</percent></prevalence><prevalence><age>56</age><sex>0</sex><percent>0.0</percent></prevalence><prevalence><age>56</age><sex>1</sex><percent>2.60058</percent></prevalence><prevalence><age>57</age><sex>0</sex><percent>0.0</percent></prevalence><prevalence><age>57</age><sex>1</sex><percent>2.79796</percent></prevalence><prevalence><age>58</age><sex>0</sex><percent>0.0</percent></prevalence><prevalence><age>58</age><sex>1</sex><percent>3.00134</percent></prevalence><prevalence><age>59</age><sex>0</sex><percent>0.0</percent></prevalence><prevalence><age>59</age><sex>1</sex><percent>3.21105</percent></prevalence><prevalence><age>60</age><sex>0</sex><percent>0.0</percent></prevalence><prevalence><age>60</age><sex>1</sex><percent>3.42682</percent></prevalence><prevalence><age>61</age><sex>0</sex><percent>0.0</percent></prevalence><prevalence><age>61</age><sex>1</sex><percent>3.64769</percent></prevalence><prevalence><age>62</age><sex>0</sex><percent>0.0</percent></prevalence><prevalence><age>62</age><sex>1</sex><percent>3.8719</percent></prevalence><prevalence><age>63</age><sex>0</sex><percent>0.0</percent></prevalence><prevalence><age>63</age><sex>1</sex><percent>4.09702</percent></prevalence><prevalence><age>64</age><sex>0</sex><percent>0.0</percent></prevalence><prevalence><age>64</age><sex>1</sex><percent>4.32048</percent></prevalence><prevalence><age>65</age><sex>0</sex><percent>0.0</percent></prevalence><prevalence><age>65</age><sex>1</sex><percent>4.54031</percent></prevalence><prevalence><age>66</age><sex>0</sex><percent>0.0</percent></prevalence><prevalence><age>66</age><sex>1</sex><percent>4.75526</percent></prevalence><prevalence><age>67</age><sex>0</sex><percent>0.0</percent></prevalence><prevalence><age>67</age><sex>1</sex><percent>4.96496</percent></prevalence><prevalence><age>68</age><sex>0</sex><percent>0.0</percent></prevalence><prevalence><age>68</age><sex>1</sex><percent>5.16984</percent></prevalence><prevalence><age>69</age><sex>0</sex><percent>0.0</percent></prevalence><prevalence><age>69</age><sex>1</sex><percent>5.37072</percent></prevalence><prevalence><age>70</age><sex>0</sex><percent>0.0</percent></prevalence><prevalence><age>70</age><sex>1</sex><percent>5.56843</percent></prevalence><prevalence><age>71</age><sex>0</sex><percent>0.0</percent></prevalence><prevalence><age>71</age><sex>1</sex><percent>5.76356</percent></prevalence><prevalence><age>72</age><sex>0</sex><percent>0.0</percent></prevalence><prevalence><age>72</age><sex>1</sex><percent>5.95644</percent></prevalence><prevalence><age>73</age><sex>0</sex><percent>0.0</percent></prevalence><prevalence><age>73</age><sex>1</sex><percent>6.14706</percent></prevalence><prevalence><age>74</age><sex>0</sex><percent>0.0</percent></prevalence><prevalence><age>74</age><sex>1</sex><percent>6.33513</percent></prevalence><prevalence><age>75</age><sex>0</sex><percent>0.0</percent></prevalence><prevalence><age>75</age><sex>1</sex><percent>6.52016</percent></prevalence><prevalence><age>76</age><sex>0</sex><percent>0.0</percent></prevalence><prevalence><age>76</age><sex>1</sex><percent>6.70153</percent></prevalence><prevalence><age>77</age><sex>0</sex><percent>0.0</percent></prevalence><prevalence><age>77</age><sex>1</sex><percent>6.87847</percent></prevalence><prevalence><age>78</age><sex>0</sex><percent>0.0</percent></prevalence><prevalence><age>78</age><sex>1</sex><percent>7.05013</percent></prevalence><prevalence><age>79</age><sex>0</sex><percent>0.0</percent></prevalence><prevalence><age>79</age><sex>1</sex><percent>7.21551</percent></prevalence><prevalence><age>80</age><sex>0</sex><percent>0.0</percent></prevalence><prevalence><age>80</age><sex>1</sex><percent>7.37345</percent></prevalence><prevalence><age>81</age><sex>0</sex><percent>0.0</percent></prevalence><prevalence><age>81</age><sex>1</sex><percent>7.52259</percent></prevalence><prevalence><age>82</age><sex>0</sex><percent>0.0</percent></prevalence><prevalence><age>82</age><sex>1</sex><percent>7.66135</percent></prevalence><prevalence><age>83</age><sex>0</sex><percent>0.0</percent></prevalence><prevalence><age>83</age><sex>1</sex><percent>7.78806</percent></prevalence><prevalence><age>84</age><sex>0</sex><percent>0.0</percent></prevalence><prevalence><age>84</age><sex>1</sex><percent>7.90146</percent></prevalence><prevalence><age>85</age><sex>0</sex><percent>0.0</percent></prevalence><prevalence><age>85</age><sex>1</sex><percent>8.00129</percent></prevalence><prevalence><age>86</age><sex>0</sex><percent>0.0</percent></prevalence><prevalence><age>86</age><sex>1</sex><percent>8.08837</percent></prevalence><prevalence><age>87</age><sex>0</sex><percent>0.0</percent></prevalence><prevalence><age>87</age><sex>1</sex><percent>8.16468</percent></prevalence><prevalence><age>88</age><sex>0</sex><percent>0.0</percent></prevalence><prevalence><age>88</age><sex>1</sex><percent>8.23316</percent></prevalence><prevalence><age>89</age><sex>0</sex><percent>0.0</percent></prevalence><prevalence><age>89</age><sex>1</sex><percent>8.29694</percent></prevalence><prevalence><age>90</age><sex>0</sex><percent>0.0</percent></prevalence><prevalence><age>90</age><sex>1</sex><percent>8.35858</percent></prevalence><prevalence><age>91</age><sex>0</sex><percent>0.0</percent></prevalence><prevalence><age>91</age><sex>1</sex><percent>8.41989</percent></prevalence><prevalence><age>92</age><sex>0</sex><percent>0.0</percent></prevalence><prevalence><age>92</age><sex>1</sex><percent>8.48191</percent></prevalence><prevalence><age>93</age><sex>0</sex><percent>0.0</percent></prevalence><prevalence><age>93</age><sex>1</sex><percent>8.54501</percent></prevalence><prevalence><age>94</age><sex>0</sex><percent>0.0</percent></prevalence><prevalence><age>94</age><sex>1</sex><percent>8.60912</percent></prevalence><prevalence><age>95</age><sex>0</sex><percent>0.0</percent></prevalence><prevalence><age>95</age><sex>1</sex><percent>8.79583</percent></prevalence></diseaseprevalences>