<?xml version="1.0"?><diseaseincidences><incidence><age>0</age><sex>0</sex><value>0.0</value></incidence><incidence><age>0</age><sex>1</sex><value>0.0</value></incidence><incidence><age>1</age><sex>0</sex><value>0.0</value></incidence><incidence><age>1</age><sex>1</sex><value>0.0</value></incidence><incidence><age>2</age><sex>0</sex><value>0.0</value></incidence><incidence><age>2</age><sex>1</sex><value>0.0</value></incidence><incidence><age>3</age><sex>0</sex><value>0.0</value></incidence><incidence><age>3</age><sex>1</sex><value>0.0</value></incidence><incidence><age>4</age><sex>0</sex><value>0.0</value></incidence><incidence><age>4</age><sex>1</sex><value>0.0</value></incidence><incidence><age>5</age><sex>0</sex><value>0.0</value></incidence><incidence><age>5</age><sex>1</sex><value>0.0</value></incidence><incidence><age>6</age><sex>0</sex><value>0.0</value></incidence><incidence><age>6</age><sex>1</sex><value>0.0</value></incidence><incidence><age>7</age><sex>0</sex><value>0.0</value></incidence><incidence><age>7</age><sex>1</sex><value>0.0</value></incidence><incidence><age>8</age><sex>0</sex><value>0.0</value></incidence><incidence><age>8</age><sex>1</sex><value>0.0</value></incidence><incidence><age>9</age><sex>0</sex><value>0.0</value></incidence><incidence><age>9</age><sex>1</sex><value>0.0</value></incidence><incidence><age>10</age><sex>0</sex><value>0.0</value></incidence><incidence><age>10</age><sex>1</sex><value>0.0</value></incidence><incidence><age>11</age><sex>0</sex><value>0.0</value></incidence><incidence><age>11</age><sex>1</sex><value>0.0</value></incidence><incidence><age>12</age><sex>0</sex><value>0.0</value></incidence><incidence><age>12</age><sex>1</sex><value>0.0</value></incidence><incidence><age>13</age><sex>0</sex><value>0.0</value></incidence><incidence><age>13</age><sex>1</sex><value>0.0</value></incidence><incidence><age>14</age><sex>0</sex><value>0.0</value></incidence><incidence><age>14</age><sex>1</sex><value>0.0</value></incidence><incidence><age>15</age><sex>0</sex><value>4.3E-6</value></incidence><incidence><age>15</age><sex>1</sex><value>1.1E-6</value></incidence><incidence><age>16</age><sex>0</sex><value>4.8E-6</value></incidence><incidence><age>16</age><sex>1</sex><value>1.5E-6</value></incidence><incidence><age>17</age><sex>0</sex><value>5.2E-6</value></incidence><incidence><age>17</age><sex>1</sex><value>2.1E-6</value></incidence><incidence><age>18</age><sex>0</sex><value>5.3E-6</value></incidence><incidence><age>18</age><sex>1</sex><value>2.7E-6</value></incidence><incidence><age>19</age><sex>0</sex><value>5.2E-6</value></incidence><incidence><age>19</age><sex>1</sex><value>3.4E-6</value></incidence><incidence><age>20</age><sex>0</sex><value>5.0E-6</value></incidence><incidence><age>20</age><sex>1</sex><value>3.9E-6</value></incidence><incidence><age>21</age><sex>0</sex><value>4.7E-6</value></incidence><incidence><age>21</age><sex>1</sex><value>4.3E-6</value></incidence><incidence><age>22</age><sex>0</sex><value>4.6E-6</value></incidence><incidence><age>22</age><sex>1</sex><value>4.4E-6</value></incidence><incidence><age>23</age><sex>0</sex><value>4.6E-6</value></incidence><incidence><age>23</age><sex>1</sex><value>4.3E-6</value></incidence><incidence><age>24</age><sex>0</sex><value>4.9E-6</value></incidence><incidence><age>24</age><sex>1</sex><value>4.0E-6</value></incidence><incidence><age>25</age><sex>0</sex><value>5.5E-6</value></incidence><incidence><age>25</age><sex>1</sex><value>3.8E-6</value></incidence><incidence><age>26</age><sex>0</sex><value>6.5E-6</value></incidence><incidence><age>26</age><sex>1</sex><value>3.7E-6</value></incidence><incidence><age>27</age><sex>0</sex><value>8.1E-6</value></incidence><incidence><age>27</age><sex>1</sex><value>4.1E-6</value></incidence><incidence><age>28</age><sex>0</sex><value>1.02E-5</value></incidence><incidence><age>28</age><sex>1</sex><value>4.9E-6</value></incidence><incidence><age>29</age><sex>0</sex><value>1.26E-5</value></incidence><incidence><age>29</age><sex>1</sex><value>6.0E-6</value></incidence><incidence><age>30</age><sex>0</sex><value>1.5E-5</value></incidence><incidence><age>30</age><sex>1</sex><value>7.3E-6</value></incidence><incidence><age>31</age><sex>0</sex><value>1.72E-5</value></incidence><incidence><age>31</age><sex>1</sex><value>8.3E-6</value></incidence><incidence><age>32</age><sex>0</sex><value>1.88E-5</value></incidence><incidence><age>32</age><sex>1</sex><value>9.0E-6</value></incidence><incidence><age>33</age><sex>0</sex><value>1.98E-5</value></incidence><incidence><age>33</age><sex>1</sex><value>9.2E-6</value></incidence><incidence><age>34</age><sex>0</sex><value>2.1E-5</value></incidence><incidence><age>34</age><sex>1</sex><value>9.3E-6</value></incidence><incidence><age>35</age><sex>0</sex><value>2.37E-5</value></incidence><incidence><age>35</age><sex>1</sex><value>9.5E-6</value></incidence><incidence><age>36</age><sex>0</sex><value>2.89E-5</value></incidence><incidence><age>36</age><sex>1</sex><value>1.05E-5</value></incidence><incidence><age>37</age><sex>0</sex><value>3.77E-5</value></incidence><incidence><age>37</age><sex>1</sex><value>1.27E-5</value></incidence><incidence><age>38</age><sex>0</sex><value>5.1E-5</value></incidence><incidence><age>38</age><sex>1</sex><value>1.62E-5</value></incidence><incidence><age>39</age><sex>0</sex><value>6.8E-5</value></incidence><incidence><age>39</age><sex>1</sex><value>2.09E-5</value></incidence><incidence><age>40</age><sex>0</sex><value>8.8E-5</value></incidence><incidence><age>40</age><sex>1</sex><value>2.64E-5</value></incidence><incidence><age>41</age><sex>0</sex><value>1.1E-4</value></incidence><incidence><age>41</age><sex>1</sex><value>3.23E-5</value></incidence><incidence><age>42</age><sex>0</sex><value>1.33E-4</value></incidence><incidence><age>42</age><sex>1</sex><value>3.82E-5</value></incidence><incidence><age>43</age><sex>0</sex><value>1.56E-4</value></incidence><incidence><age>43</age><sex>1</sex><value>4.37E-5</value></incidence><incidence><age>44</age><sex>0</sex><value>1.8E-4</value></incidence><incidence><age>44</age><sex>1</sex><value>4.9E-5</value></incidence><incidence><age>45</age><sex>0</sex><value>2.03E-4</value></incidence><incidence><age>45</age><sex>1</sex><value>5.4E-5</value></incidence><incidence><age>46</age><sex>0</sex><value>2.26E-4</value></incidence><incidence><age>46</age><sex>1</sex><value>5.9E-5</value></incidence><incidence><age>47</age><sex>0</sex><value>2.49E-4</value></incidence><incidence><age>47</age><sex>1</sex><value>6.41E-5</value></incidence><incidence><age>48</age><sex>0</sex><value>2.71E-4</value></incidence><incidence><age>48</age><sex>1</sex><value>6.93E-5</value></incidence><incidence><age>49</age><sex>0</sex><value>2.94E-4</value></incidence><incidence><age>49</age><sex>1</sex><value>7.46E-5</value></incidence><incidence><age>50</age><sex>0</sex><value>3.16E-4</value></incidence><incidence><age>50</age><sex>1</sex><value>7.97E-5</value></incidence><incidence><age>51</age><sex>0</sex><value>3.38E-4</value></incidence><incidence><age>51</age><sex>1</sex><value>8.47E-5</value></incidence><incidence><age>52</age><sex>0</sex><value>3.62E-4</value></incidence><incidence><age>52</age><sex>1</sex><value>8.94E-5</value></incidence><incidence><age>53</age><sex>0</sex><value>3.85E-4</value></incidence><incidence><age>53</age><sex>1</sex><value>9.36E-5</value></incidence><incidence><age>54</age><sex>0</sex><value>4.09E-4</value></incidence><incidence><age>54</age><sex>1</sex><value>9.73E-5</value></incidence><incidence><age>55</age><sex>0</sex><value>4.3E-4</value></incidence><incidence><age>55</age><sex>1</sex><value>1.0E-4</value></incidence><incidence><age>56</age><sex>0</sex><value>4.48E-4</value></incidence><incidence><age>56</age><sex>1</sex><value>1.02E-4</value></incidence><incidence><age>57</age><sex>0</sex><value>4.62E-4</value></incidence><incidence><age>57</age><sex>1</sex><value>1.04E-4</value></incidence><incidence><age>58</age><sex>0</sex><value>4.7E-4</value></incidence><incidence><age>58</age><sex>1</sex><value>1.04E-4</value></incidence><incidence><age>59</age><sex>0</sex><value>4.74E-4</value></incidence><incidence><age>59</age><sex>1</sex><value>1.03E-4</value></incidence><incidence><age>60</age><sex>0</sex><value>4.74E-4</value></incidence><incidence><age>60</age><sex>1</sex><value>1.02E-4</value></incidence><incidence><age>61</age><sex>0</sex><value>4.71E-4</value></incidence><incidence><age>61</age><sex>1</sex><value>1.01E-4</value></incidence><incidence><age>62</age><sex>0</sex><value>4.66E-4</value></incidence><incidence><age>62</age><sex>1</sex><value>9.92E-5</value></incidence><incidence><age>63</age><sex>0</sex><value>4.61E-4</value></incidence><incidence><age>63</age><sex>1</sex><value>9.8E-5</value></incidence><incidence><age>64</age><sex>0</sex><value>4.56E-4</value></incidence><incidence><age>64</age><sex>1</sex><value>9.75E-5</value></incidence><incidence><age>65</age><sex>0</sex><value>4.52E-4</value></incidence><incidence><age>65</age><sex>1</sex><value>9.8E-5</value></incidence><incidence><age>66</age><sex>0</sex><value>4.5E-4</value></incidence><incidence><age>66</age><sex>1</sex><value>9.99E-5</value></incidence><incidence><age>67</age><sex>0</sex><value>4.52E-4</value></incidence><incidence><age>67</age><sex>1</sex><value>1.04E-4</value></incidence><incidence><age>68</age><sex>0</sex><value>4.58E-4</value></incidence><incidence><age>68</age><sex>1</sex><value>1.1E-4</value></incidence><incidence><age>69</age><sex>0</sex><value>4.65E-4</value></incidence><incidence><age>69</age><sex>1</sex><value>1.17E-4</value></incidence><incidence><age>70</age><sex>0</sex><value>4.72E-4</value></incidence><incidence><age>70</age><sex>1</sex><value>1.24E-4</value></incidence><incidence><age>71</age><sex>0</sex><value>4.77E-4</value></incidence><incidence><age>71</age><sex>1</sex><value>1.31E-4</value></incidence><incidence><age>72</age><sex>0</sex><value>4.78E-4</value></incidence><incidence><age>72</age><sex>1</sex><value>1.37E-4</value></incidence><incidence><age>73</age><sex>0</sex><value>4.72E-4</value></incidence><incidence><age>73</age><sex>1</sex><value>1.41E-4</value></incidence><incidence><age>74</age><sex>0</sex><value>4.62E-4</value></incidence><incidence><age>74</age><sex>1</sex><value>1.43E-4</value></incidence><incidence><age>75</age><sex>0</sex><value>4.51E-4</value></incidence><incidence><age>75</age><sex>1</sex><value>1.44E-4</value></incidence><incidence><age>76</age><sex>0</sex><value>4.4E-4</value></incidence><incidence><age>76</age><sex>1</sex><value>1.45E-4</value></incidence><incidence><age>77</age><sex>0</sex><value>4.32E-4</value></incidence><incidence><age>77</age><sex>1</sex><value>1.46E-4</value></incidence><incidence><age>78</age><sex>0</sex><value>4.29E-4</value></incidence><incidence><age>78</age><sex>1</sex><value>1.48E-4</value></incidence><incidence><age>79</age><sex>0</sex><value>4.3E-4</value></incidence><incidence><age>79</age><sex>1</sex><value>1.5E-4</value></incidence><incidence><age>80</age><sex>0</sex><value>4.34E-4</value></incidence><incidence><age>80</age><sex>1</sex><value>1.53E-4</value></incidence><incidence><age>81</age><sex>0</sex><value>4.39E-4</value></incidence><incidence><age>81</age><sex>1</sex><value>1.56E-4</value></incidence><incidence><age>82</age><sex>0</sex><value>4.43E-4</value></incidence><incidence><age>82</age><sex>1</sex><value>1.58E-4</value></incidence><incidence><age>83</age><sex>0</sex><value>4.46E-4</value></incidence><incidence><age>83</age><sex>1</sex><value>1.59E-4</value></incidence><incidence><age>84</age><sex>0</sex><value>4.47E-4</value></incidence><incidence><age>84</age><sex>1</sex><value>1.6E-4</value></incidence><incidence><age>85</age><sex>0</sex><value>4.47E-4</value></incidence><incidence><age>85</age><sex>1</sex><value>1.6E-4</value></incidence><incidence><age>86</age><sex>0</sex><value>4.47E-4</value></incidence><incidence><age>86</age><sex>1</sex><value>1.6E-4</value></incidence><incidence><age>87</age><sex>0</sex><value>4.47E-4</value></incidence><incidence><age>87</age><sex>1</sex><value>1.6E-4</value></incidence><incidence><age>88</age><sex>0</sex><value>4.46E-4</value></incidence><incidence><age>88</age><sex>1</sex><value>1.6E-4</value></incidence><incidence><age>89</age><sex>0</sex><value>4.46E-4</value></incidence><incidence><age>89</age><sex>1</sex><value>1.6E-4</value></incidence><incidence><age>90</age><sex>0</sex><value>4.46E-4</value></incidence><incidence><age>90</age><sex>1</sex><value>1.6E-4</value></incidence><incidence><age>91</age><sex>0</sex><value>4.47E-4</value></incidence><incidence><age>91</age><sex>1</sex><value>1.6E-4</value></incidence><incidence><age>92</age><sex>0</sex><value>4.47E-4</value></incidence><incidence><age>92</age><sex>1</sex><value>1.6E-4</value></incidence><incidence><age>93</age><sex>0</sex><value>4.47E-4</value></incidence><incidence><age>93</age><sex>1</sex><value>1.6E-4</value></incidence><incidence><age>94</age><sex>0</sex><value>4.47E-4</value></incidence><incidence><age>94</age><sex>1</sex><value>1.6E-4</value></incidence><incidence><age>95</age><sex>0</sex><value>4.47E-4</value></incidence><incidence><age>95</age><sex>1</sex><value>1.6E-4</value></incidence></diseaseincidences>