<?xml version="1.0"?><diseaseincidences><incidence><age>0</age><sex>0</sex><value>0.0</value></incidence><incidence><age>0</age><sex>1</sex><value>0.0</value></incidence><incidence><age>1</age><sex>0</sex><value>0.0</value></incidence><incidence><age>1</age><sex>1</sex><value>0.0</value></incidence><incidence><age>2</age><sex>0</sex><value>0.0</value></incidence><incidence><age>2</age><sex>1</sex><value>0.0</value></incidence><incidence><age>3</age><sex>0</sex><value>0.0</value></incidence><incidence><age>3</age><sex>1</sex><value>0.0</value></incidence><incidence><age>4</age><sex>0</sex><value>0.0</value></incidence><incidence><age>4</age><sex>1</sex><value>0.0</value></incidence><incidence><age>5</age><sex>0</sex><value>0.0</value></incidence><incidence><age>5</age><sex>1</sex><value>0.0</value></incidence><incidence><age>6</age><sex>0</sex><value>0.0</value></incidence><incidence><age>6</age><sex>1</sex><value>0.0</value></incidence><incidence><age>7</age><sex>0</sex><value>0.0</value></incidence><incidence><age>7</age><sex>1</sex><value>0.0</value></incidence><incidence><age>8</age><sex>0</sex><value>0.0</value></incidence><incidence><age>8</age><sex>1</sex><value>0.0</value></incidence><incidence><age>9</age><sex>0</sex><value>0.0</value></incidence><incidence><age>9</age><sex>1</sex><value>0.0</value></incidence><incidence><age>10</age><sex>0</sex><value>0.0</value></incidence><incidence><age>10</age><sex>1</sex><value>0.0</value></incidence><incidence><age>11</age><sex>0</sex><value>0.0</value></incidence><incidence><age>11</age><sex>1</sex><value>0.0</value></incidence><incidence><age>12</age><sex>0</sex><value>0.0</value></incidence><incidence><age>12</age><sex>1</sex><value>0.0</value></incidence><incidence><age>13</age><sex>0</sex><value>0.0</value></incidence><incidence><age>13</age><sex>1</sex><value>0.0</value></incidence><incidence><age>14</age><sex>0</sex><value>0.0</value></incidence><incidence><age>14</age><sex>1</sex><value>0.0</value></incidence><incidence><age>15</age><sex>0</sex><value>4.1E-6</value></incidence><incidence><age>15</age><sex>1</sex><value>6.0E-6</value></incidence><incidence><age>16</age><sex>0</sex><value>4.2E-6</value></incidence><incidence><age>16</age><sex>1</sex><value>6.8E-6</value></incidence><incidence><age>17</age><sex>0</sex><value>4.5E-6</value></incidence><incidence><age>17</age><sex>1</sex><value>7.4E-6</value></incidence><incidence><age>18</age><sex>0</sex><value>4.9E-6</value></incidence><incidence><age>18</age><sex>1</sex><value>7.7E-6</value></incidence><incidence><age>19</age><sex>0</sex><value>5.5E-6</value></incidence><incidence><age>19</age><sex>1</sex><value>7.8E-6</value></incidence><incidence><age>20</age><sex>0</sex><value>6.2E-6</value></incidence><incidence><age>20</age><sex>1</sex><value>8.0E-6</value></incidence><incidence><age>21</age><sex>0</sex><value>7.2E-6</value></incidence><incidence><age>21</age><sex>1</sex><value>8.3E-6</value></incidence><incidence><age>22</age><sex>0</sex><value>8.3E-6</value></incidence><incidence><age>22</age><sex>1</sex><value>8.8E-6</value></incidence><incidence><age>23</age><sex>0</sex><value>9.6E-6</value></incidence><incidence><age>23</age><sex>1</sex><value>9.8E-6</value></incidence><incidence><age>24</age><sex>0</sex><value>1.1E-5</value></incidence><incidence><age>24</age><sex>1</sex><value>1.11E-5</value></incidence><incidence><age>25</age><sex>0</sex><value>1.25E-5</value></incidence><incidence><age>25</age><sex>1</sex><value>1.26E-5</value></incidence><incidence><age>26</age><sex>0</sex><value>1.41E-5</value></incidence><incidence><age>26</age><sex>1</sex><value>1.43E-5</value></incidence><incidence><age>27</age><sex>0</sex><value>1.58E-5</value></incidence><incidence><age>27</age><sex>1</sex><value>1.59E-5</value></incidence><incidence><age>28</age><sex>0</sex><value>1.74E-5</value></incidence><incidence><age>28</age><sex>1</sex><value>1.76E-5</value></incidence><incidence><age>29</age><sex>0</sex><value>1.92E-5</value></incidence><incidence><age>29</age><sex>1</sex><value>1.94E-5</value></incidence><incidence><age>30</age><sex>0</sex><value>2.13E-5</value></incidence><incidence><age>30</age><sex>1</sex><value>2.17E-5</value></incidence><incidence><age>31</age><sex>0</sex><value>2.37E-5</value></incidence><incidence><age>31</age><sex>1</sex><value>2.47E-5</value></incidence><incidence><age>32</age><sex>0</sex><value>2.68E-5</value></incidence><incidence><age>32</age><sex>1</sex><value>2.88E-5</value></incidence><incidence><age>33</age><sex>0</sex><value>3.06E-5</value></incidence><incidence><age>33</age><sex>1</sex><value>3.42E-5</value></incidence><incidence><age>34</age><sex>0</sex><value>3.53E-5</value></incidence><incidence><age>34</age><sex>1</sex><value>4.07E-5</value></incidence><incidence><age>35</age><sex>0</sex><value>4.12E-5</value></incidence><incidence><age>35</age><sex>1</sex><value>4.81E-5</value></incidence><incidence><age>36</age><sex>0</sex><value>4.85E-5</value></incidence><incidence><age>36</age><sex>1</sex><value>5.61E-5</value></incidence><incidence><age>37</age><sex>0</sex><value>5.74E-5</value></incidence><incidence><age>37</age><sex>1</sex><value>6.47E-5</value></incidence><incidence><age>38</age><sex>0</sex><value>6.81E-5</value></incidence><incidence><age>38</age><sex>1</sex><value>7.36E-5</value></incidence><incidence><age>39</age><sex>0</sex><value>8.06E-5</value></incidence><incidence><age>39</age><sex>1</sex><value>8.33E-5</value></incidence><incidence><age>40</age><sex>0</sex><value>9.46E-5</value></incidence><incidence><age>40</age><sex>1</sex><value>9.44E-5</value></incidence><incidence><age>41</age><sex>0</sex><value>1.1E-4</value></incidence><incidence><age>41</age><sex>1</sex><value>1.07E-4</value></incidence><incidence><age>42</age><sex>0</sex><value>1.27E-4</value></incidence><incidence><age>42</age><sex>1</sex><value>1.23E-4</value></incidence><incidence><age>43</age><sex>0</sex><value>1.46E-4</value></incidence><incidence><age>43</age><sex>1</sex><value>1.41E-4</value></incidence><incidence><age>44</age><sex>0</sex><value>1.67E-4</value></incidence><incidence><age>44</age><sex>1</sex><value>1.63E-4</value></incidence><incidence><age>45</age><sex>0</sex><value>1.93E-4</value></incidence><incidence><age>45</age><sex>1</sex><value>1.89E-4</value></incidence><incidence><age>46</age><sex>0</sex><value>2.24E-4</value></incidence><incidence><age>46</age><sex>1</sex><value>2.18E-4</value></incidence><incidence><age>47</age><sex>0</sex><value>2.63E-4</value></incidence><incidence><age>47</age><sex>1</sex><value>2.52E-4</value></incidence><incidence><age>48</age><sex>0</sex><value>3.09E-4</value></incidence><incidence><age>48</age><sex>1</sex><value>2.9E-4</value></incidence><incidence><age>49</age><sex>0</sex><value>3.63E-4</value></incidence><incidence><age>49</age><sex>1</sex><value>3.31E-4</value></incidence><incidence><age>50</age><sex>0</sex><value>4.22E-4</value></incidence><incidence><age>50</age><sex>1</sex><value>3.76E-4</value></incidence><incidence><age>51</age><sex>0</sex><value>4.86E-4</value></incidence><incidence><age>51</age><sex>1</sex><value>4.23E-4</value></incidence><incidence><age>52</age><sex>0</sex><value>5.53E-4</value></incidence><incidence><age>52</age><sex>1</sex><value>4.72E-4</value></incidence><incidence><age>53</age><sex>0</sex><value>6.22E-4</value></incidence><incidence><age>53</age><sex>1</sex><value>5.22E-4</value></incidence><incidence><age>54</age><sex>0</sex><value>6.96E-4</value></incidence><incidence><age>54</age><sex>1</sex><value>5.75E-4</value></incidence><incidence><age>55</age><sex>0</sex><value>7.77E-4</value></incidence><incidence><age>55</age><sex>1</sex><value>6.31E-4</value></incidence><incidence><age>56</age><sex>0</sex><value>8.67E-4</value></incidence><incidence><age>56</age><sex>1</sex><value>6.91E-4</value></incidence><incidence><age>57</age><sex>0</sex><value>9.7E-4</value></incidence><incidence><age>57</age><sex>1</sex><value>7.58E-4</value></incidence><incidence><age>58</age><sex>0</sex><value>0.001088</value></incidence><incidence><age>58</age><sex>1</sex><value>8.32E-4</value></incidence><incidence><age>59</age><sex>0</sex><value>0.001217</value></incidence><incidence><age>59</age><sex>1</sex><value>9.12E-4</value></incidence><incidence><age>60</age><sex>0</sex><value>0.001356</value></incidence><incidence><age>60</age><sex>1</sex><value>9.95E-4</value></incidence><incidence><age>61</age><sex>0</sex><value>0.001502</value></incidence><incidence><age>61</age><sex>1</sex><value>0.001082</value></incidence><incidence><age>62</age><sex>0</sex><value>0.001652</value></incidence><incidence><age>62</age><sex>1</sex><value>0.00117</value></incidence><incidence><age>63</age><sex>0</sex><value>0.001803</value></incidence><incidence><age>63</age><sex>1</sex><value>0.001258</value></incidence><incidence><age>64</age><sex>0</sex><value>0.001957</value></incidence><incidence><age>64</age><sex>1</sex><value>0.001347</value></incidence><incidence><age>65</age><sex>0</sex><value>0.002114</value></incidence><incidence><age>65</age><sex>1</sex><value>0.001438</value></incidence><incidence><age>66</age><sex>0</sex><value>0.002275</value></incidence><incidence><age>66</age><sex>1</sex><value>0.001533</value></incidence><incidence><age>67</age><sex>0</sex><value>0.002443</value></incidence><incidence><age>67</age><sex>1</sex><value>0.001634</value></incidence><incidence><age>68</age><sex>0</sex><value>0.002617</value></incidence><incidence><age>68</age><sex>1</sex><value>0.001741</value></incidence><incidence><age>69</age><sex>0</sex><value>0.002798</value></incidence><incidence><age>69</age><sex>1</sex><value>0.001854</value></incidence><incidence><age>70</age><sex>0</sex><value>0.002984</value></incidence><incidence><age>70</age><sex>1</sex><value>0.001972</value></incidence><incidence><age>71</age><sex>0</sex><value>0.003174</value></incidence><incidence><age>71</age><sex>1</sex><value>0.002094</value></incidence><incidence><age>72</age><sex>0</sex><value>0.003367</value></incidence><incidence><age>72</age><sex>1</sex><value>0.002218</value></incidence><incidence><age>73</age><sex>0</sex><value>0.003561</value></incidence><incidence><age>73</age><sex>1</sex><value>0.002345</value></incidence><incidence><age>74</age><sex>0</sex><value>0.003754</value></incidence><incidence><age>74</age><sex>1</sex><value>0.002472</value></incidence><incidence><age>75</age><sex>0</sex><value>0.003941</value></incidence><incidence><age>75</age><sex>1</sex><value>0.002598</value></incidence><incidence><age>76</age><sex>0</sex><value>0.004118</value></incidence><incidence><age>76</age><sex>1</sex><value>0.002721</value></incidence><incidence><age>77</age><sex>0</sex><value>0.004282</value></incidence><incidence><age>77</age><sex>1</sex><value>0.00284</value></incidence><incidence><age>78</age><sex>0</sex><value>0.004429</value></incidence><incidence><age>78</age><sex>1</sex><value>0.002952</value></incidence><incidence><age>79</age><sex>0</sex><value>0.004554</value></incidence><incidence><age>79</age><sex>1</sex><value>0.003051</value></incidence><incidence><age>80</age><sex>0</sex><value>0.004655</value></incidence><incidence><age>80</age><sex>1</sex><value>0.003131</value></incidence><incidence><age>81</age><sex>0</sex><value>0.004728</value></incidence><incidence><age>81</age><sex>1</sex><value>0.003184</value></incidence><incidence><age>82</age><sex>0</sex><value>0.004768</value></incidence><incidence><age>82</age><sex>1</sex><value>0.003203</value></incidence><incidence><age>83</age><sex>0</sex><value>0.004774</value></incidence><incidence><age>83</age><sex>1</sex><value>0.003185</value></incidence><incidence><age>84</age><sex>0</sex><value>0.004755</value></incidence><incidence><age>84</age><sex>1</sex><value>0.003139</value></incidence><incidence><age>85</age><sex>0</sex><value>0.004719</value></incidence><incidence><age>85</age><sex>1</sex><value>0.003077</value></incidence><incidence><age>86</age><sex>0</sex><value>0.004679</value></incidence><incidence><age>86</age><sex>1</sex><value>0.003013</value></incidence><incidence><age>87</age><sex>0</sex><value>0.004643</value></incidence><incidence><age>87</age><sex>1</sex><value>0.002959</value></incidence><incidence><age>88</age><sex>0</sex><value>0.00462</value></incidence><incidence><age>88</age><sex>1</sex><value>0.002925</value></incidence><incidence><age>89</age><sex>0</sex><value>0.004609</value></incidence><incidence><age>89</age><sex>1</sex><value>0.002908</value></incidence><incidence><age>90</age><sex>0</sex><value>0.004606</value></incidence><incidence><age>90</age><sex>1</sex><value>0.002903</value></incidence><incidence><age>91</age><sex>0</sex><value>0.004609</value></incidence><incidence><age>91</age><sex>1</sex><value>0.002907</value></incidence><incidence><age>92</age><sex>0</sex><value>0.004614</value></incidence><incidence><age>92</age><sex>1</sex><value>0.002913</value></incidence><incidence><age>93</age><sex>0</sex><value>0.004618</value></incidence><incidence><age>93</age><sex>1</sex><value>0.002918</value></incidence><incidence><age>94</age><sex>0</sex><value>0.004622</value></incidence><incidence><age>94</age><sex>1</sex><value>0.002921</value></incidence><incidence><age>95</age><sex>0</sex><value>0.004624</value></incidence><incidence><age>95</age><sex>1</sex><value>0.002919</value></incidence></diseaseincidences>