<?xml version="1.0"?><diseaseprevalences><prevalence><age>0</age><sex>0</sex><percent>0.0</percent></prevalence><prevalence><age>0</age><sex>1</sex><percent>0.0</percent></prevalence><prevalence><age>1</age><sex>0</sex><percent>0.0</percent></prevalence><prevalence><age>1</age><sex>1</sex><percent>0.0</percent></prevalence><prevalence><age>2</age><sex>0</sex><percent>0.0</percent></prevalence><prevalence><age>2</age><sex>1</sex><percent>0.0</percent></prevalence><prevalence><age>3</age><sex>0</sex><percent>0.0</percent></prevalence><prevalence><age>3</age><sex>1</sex><percent>0.0</percent></prevalence><prevalence><age>4</age><sex>0</sex><percent>0.0</percent></prevalence><prevalence><age>4</age><sex>1</sex><percent>0.0</percent></prevalence><prevalence><age>5</age><sex>0</sex><percent>0.0</percent></prevalence><prevalence><age>5</age><sex>1</sex><percent>0.0</percent></prevalence><prevalence><age>6</age><sex>0</sex><percent>0.0</percent></prevalence><prevalence><age>6</age><sex>1</sex><percent>0.0</percent></prevalence><prevalence><age>7</age><sex>0</sex><percent>0.0</percent></prevalence><prevalence><age>7</age><sex>1</sex><percent>0.0</percent></prevalence><prevalence><age>8</age><sex>0</sex><percent>0.0</percent></prevalence><prevalence><age>8</age><sex>1</sex><percent>0.0</percent></prevalence><prevalence><age>9</age><sex>0</sex><percent>0.0</percent></prevalence><prevalence><age>9</age><sex>1</sex><percent>0.0</percent></prevalence><prevalence><age>10</age><sex>0</sex><percent>0.0</percent></prevalence><prevalence><age>10</age><sex>1</sex><percent>0.0</percent></prevalence><prevalence><age>11</age><sex>0</sex><percent>0.0</percent></prevalence><prevalence><age>11</age><sex>1</sex><percent>0.0</percent></prevalence><prevalence><age>12</age><sex>0</sex><percent>0.0</percent></prevalence><prevalence><age>12</age><sex>1</sex><percent>0.0</percent></prevalence><prevalence><age>13</age><sex>0</sex><percent>0.0</percent></prevalence><prevalence><age>13</age><sex>1</sex><percent>0.0</percent></prevalence><prevalence><age>14</age><sex>0</sex><percent>0.0</percent></prevalence><prevalence><age>14</age><sex>1</sex><percent>0.0</percent></prevalence><prevalence><age>15</age><sex>0</sex><percent>0.0</percent></prevalence><prevalence><age>15</age><sex>1</sex><percent>0.0</percent></prevalence><prevalence><age>16</age><sex>0</sex><percent>0.0</percent></prevalence><prevalence><age>16</age><sex>1</sex><percent>0.0</percent></prevalence><prevalence><age>17</age><sex>0</sex><percent>0.0</percent></prevalence><prevalence><age>17</age><sex>1</sex><percent>0.0</percent></prevalence><prevalence><age>18</age><sex>0</sex><percent>0.0</percent></prevalence><prevalence><age>18</age><sex>1</sex><percent>0.0</percent></prevalence><prevalence><age>19</age><sex>0</sex><percent>0.0</percent></prevalence><prevalence><age>19</age><sex>1</sex><percent>0.0</percent></prevalence><prevalence><age>20</age><sex>0</sex><percent>0.0</percent></prevalence><prevalence><age>20</age><sex>1</sex><percent>0.0</percent></prevalence><prevalence><age>21</age><sex>0</sex><percent>0.0</percent></prevalence><prevalence><age>21</age><sex>1</sex><percent>0.0</percent></prevalence><prevalence><age>22</age><sex>0</sex><percent>0.0</percent></prevalence><prevalence><age>22</age><sex>1</sex><percent>0.0</percent></prevalence><prevalence><age>23</age><sex>0</sex><percent>0.0</percent></prevalence><prevalence><age>23</age><sex>1</sex><percent>0.0</percent></prevalence><prevalence><age>24</age><sex>0</sex><percent>0.0</percent></prevalence><prevalence><age>24</age><sex>1</sex><percent>0.0</percent></prevalence><prevalence><age>25</age><sex>0</sex><percent>0.0</percent></prevalence><prevalence><age>25</age><sex>1</sex><percent>0.0</percent></prevalence><prevalence><age>26</age><sex>0</sex><percent>0.0</percent></prevalence><prevalence><age>26</age><sex>1</sex><percent>0.0</percent></prevalence><prevalence><age>27</age><sex>0</sex><percent>0.0</percent></prevalence><prevalence><age>27</age><sex>1</sex><percent>0.0</percent></prevalence><prevalence><age>28</age><sex>0</sex><percent>0.0</percent></prevalence><prevalence><age>28</age><sex>1</sex><percent>0.0</percent></prevalence><prevalence><age>29</age><sex>0</sex><percent>0.0</percent></prevalence><prevalence><age>29</age><sex>1</sex><percent>0.0</percent></prevalence><prevalence><age>30</age><sex>0</sex><percent>0.0</percent></prevalence><prevalence><age>30</age><sex>1</sex><percent>0.0</percent></prevalence><prevalence><age>31</age><sex>0</sex><percent>0.0</percent></prevalence><prevalence><age>31</age><sex>1</sex><percent>0.0</percent></prevalence><prevalence><age>32</age><sex>0</sex><percent>0.0</percent></prevalence><prevalence><age>32</age><sex>1</sex><percent>0.0</percent></prevalence><prevalence><age>33</age><sex>0</sex><percent>0.0</percent></prevalence><prevalence><age>33</age><sex>1</sex><percent>0.0</percent></prevalence><prevalence><age>34</age><sex>0</sex><percent>0.0</percent></prevalence><prevalence><age>34</age><sex>1</sex><percent>0.0</percent></prevalence><prevalence><age>35</age><sex>0</sex><percent>0.0</percent></prevalence><prevalence><age>35</age><sex>1</sex><percent>0.0</percent></prevalence><prevalence><age>36</age><sex>0</sex><percent>0.0</percent></prevalence><prevalence><age>36</age><sex>1</sex><percent>0.0</percent></prevalence><prevalence><age>37</age><sex>0</sex><percent>0.0</percent></prevalence><prevalence><age>37</age><sex>1</sex><percent>0.0</percent></prevalence><prevalence><age>38</age><sex>0</sex><percent>0.0</percent></prevalence><prevalence><age>38</age><sex>1</sex><percent>0.0</percent></prevalence><prevalence><age>39</age><sex>0</sex><percent>0.0</percent></prevalence><prevalence><age>39</age><sex>1</sex><percent>0.0</percent></prevalence><prevalence><age>40</age><sex>0</sex><percent>0.0326</percent></prevalence><prevalence><age>40</age><sex>1</sex><percent>0.0253</percent></prevalence><prevalence><age>41</age><sex>0</sex><percent>0.0968</percent></prevalence><prevalence><age>41</age><sex>1</sex><percent>0.0755</percent></prevalence><prevalence><age>42</age><sex>0</sex><percent>0.1582</percent></prevalence><prevalence><age>42</age><sex>1</sex><percent>0.1258</percent></prevalence><prevalence><age>43</age><sex>0</sex><percent>0.2131</percent></prevalence><prevalence><age>43</age><sex>1</sex><percent>0.1793</percent></prevalence><prevalence><age>44</age><sex>0</sex><percent>0.2596</percent></prevalence><prevalence><age>44</age><sex>1</sex><percent>0.2374</percent></prevalence><prevalence><age>45</age><sex>0</sex><percent>0.2975</percent></prevalence><prevalence><age>45</age><sex>1</sex><percent>0.3003</percent></prevalence><prevalence><age>46</age><sex>0</sex><percent>0.3255</percent></prevalence><prevalence><age>46</age><sex>1</sex><percent>0.3691</percent></prevalence><prevalence><age>47</age><sex>0</sex><percent>0.3459</percent></prevalence><prevalence><age>47</age><sex>1</sex><percent>0.4451</percent></prevalence><prevalence><age>48</age><sex>0</sex><percent>0.3655</percent></prevalence><prevalence><age>48</age><sex>1</sex><percent>0.5295</percent></prevalence><prevalence><age>49</age><sex>0</sex><percent>0.3917</percent></prevalence><prevalence><age>49</age><sex>1</sex><percent>0.6226</percent></prevalence><prevalence><age>50</age><sex>0</sex><percent>0.4317</percent></prevalence><prevalence><age>50</age><sex>1</sex><percent>0.7248</percent></prevalence><prevalence><age>51</age><sex>0</sex><percent>0.4922</percent></prevalence><prevalence><age>51</age><sex>1</sex><percent>0.8364</percent></prevalence><prevalence><age>52</age><sex>0</sex><percent>0.5797</percent></prevalence><prevalence><age>52</age><sex>1</sex><percent>0.9576</percent></prevalence><prevalence><age>53</age><sex>0</sex><percent>0.6989</percent></prevalence><prevalence><age>53</age><sex>1</sex><percent>1.0888</percent></prevalence><prevalence><age>54</age><sex>0</sex><percent>0.8496</percent></prevalence><prevalence><age>54</age><sex>1</sex><percent>1.23</percent></prevalence><prevalence><age>55</age><sex>0</sex><percent>1.0277</percent></prevalence><prevalence><age>55</age><sex>1</sex><percent>1.3812</percent></prevalence><prevalence><age>56</age><sex>0</sex><percent>1.2289</percent></prevalence><prevalence><age>56</age><sex>1</sex><percent>1.5418</percent></prevalence><prevalence><age>57</age><sex>0</sex><percent>1.449</percent></prevalence><prevalence><age>57</age><sex>1</sex><percent>1.7115</percent></prevalence><prevalence><age>58</age><sex>0</sex><percent>1.6839</percent></prevalence><prevalence><age>58</age><sex>1</sex><percent>1.8899</percent></prevalence><prevalence><age>59</age><sex>0</sex><percent>1.9299</percent></prevalence><prevalence><age>59</age><sex>1</sex><percent>2.0758</percent></prevalence><prevalence><age>60</age><sex>0</sex><percent>2.1844</percent></prevalence><prevalence><age>60</age><sex>1</sex><percent>2.2671</percent></prevalence><prevalence><age>61</age><sex>0</sex><percent>2.446</percent></prevalence><prevalence><age>61</age><sex>1</sex><percent>2.4617</percent></prevalence><prevalence><age>62</age><sex>0</sex><percent>2.7132</percent></prevalence><prevalence><age>62</age><sex>1</sex><percent>2.6574</percent></prevalence><prevalence><age>63</age><sex>0</sex><percent>2.9842</percent></prevalence><prevalence><age>63</age><sex>1</sex><percent>2.8519</percent></prevalence><prevalence><age>64</age><sex>0</sex><percent>3.2574</percent></prevalence><prevalence><age>64</age><sex>1</sex><percent>3.043</percent></prevalence><prevalence><age>65</age><sex>0</sex><percent>3.5307</percent></prevalence><prevalence><age>65</age><sex>1</sex><percent>3.2277</percent></prevalence><prevalence><age>66</age><sex>0</sex><percent>3.8012</percent></prevalence><prevalence><age>66</age><sex>1</sex><percent>3.403</percent></prevalence><prevalence><age>67</age><sex>0</sex><percent>4.066</percent></prevalence><prevalence><age>67</age><sex>1</sex><percent>3.5666</percent></prevalence><prevalence><age>68</age><sex>0</sex><percent>4.3224</percent></prevalence><prevalence><age>68</age><sex>1</sex><percent>3.7163</percent></prevalence><prevalence><age>69</age><sex>0</sex><percent>4.5674</percent></prevalence><prevalence><age>69</age><sex>1</sex><percent>3.8501</percent></prevalence><prevalence><age>70</age><sex>0</sex><percent>4.7985</percent></prevalence><prevalence><age>70</age><sex>1</sex><percent>3.9661</percent></prevalence><prevalence><age>71</age><sex>0</sex><percent>5.0117</percent></prevalence><prevalence><age>71</age><sex>1</sex><percent>4.0618</percent></prevalence><prevalence><age>72</age><sex>0</sex><percent>5.2027</percent></prevalence><prevalence><age>72</age><sex>1</sex><percent>4.1349</percent></prevalence><prevalence><age>73</age><sex>0</sex><percent>5.3684</percent></prevalence><prevalence><age>73</age><sex>1</sex><percent>4.1846</percent></prevalence><prevalence><age>74</age><sex>0</sex><percent>5.506</percent></prevalence><prevalence><age>74</age><sex>1</sex><percent>4.2102</percent></prevalence><prevalence><age>75</age><sex>0</sex><percent>5.6139</percent></prevalence><prevalence><age>75</age><sex>1</sex><percent>4.2118</percent></prevalence><prevalence><age>76</age><sex>0</sex><percent>5.6907</percent></prevalence><prevalence><age>76</age><sex>1</sex><percent>4.1896</percent></prevalence><prevalence><age>77</age><sex>0</sex><percent>5.7343</percent></prevalence><prevalence><age>77</age><sex>1</sex><percent>4.143</percent></prevalence><prevalence><age>78</age><sex>0</sex><percent>5.7429</percent></prevalence><prevalence><age>78</age><sex>1</sex><percent>4.0715</percent></prevalence><prevalence><age>79</age><sex>0</sex><percent>5.7177</percent></prevalence><prevalence><age>79</age><sex>1</sex><percent>3.9761</percent></prevalence><prevalence><age>80</age><sex>0</sex><percent>5.6605</percent></prevalence><prevalence><age>80</age><sex>1</sex><percent>3.8585</percent></prevalence><prevalence><age>81</age><sex>0</sex><percent>5.5741</percent></prevalence><prevalence><age>81</age><sex>1</sex><percent>3.7206</percent></prevalence><prevalence><age>82</age><sex>0</sex><percent>5.4616</percent></prevalence><prevalence><age>82</age><sex>1</sex><percent>3.5648</percent></prevalence><prevalence><age>83</age><sex>0</sex><percent>5.3242</percent></prevalence><prevalence><age>83</age><sex>1</sex><percent>3.3918</percent></prevalence><prevalence><age>84</age><sex>0</sex><percent>5.163</percent></prevalence><prevalence><age>84</age><sex>1</sex><percent>3.2025</percent></prevalence><prevalence><age>85</age><sex>0</sex><percent>4.9821</percent></prevalence><prevalence><age>85</age><sex>1</sex><percent>2.9996</percent></prevalence><prevalence><age>86</age><sex>0</sex><percent>4.7857</percent></prevalence><prevalence><age>86</age><sex>1</sex><percent>2.7866</percent></prevalence><prevalence><age>87</age><sex>0</sex><percent>4.5781</percent></prevalence><prevalence><age>87</age><sex>1</sex><percent>2.5672</percent></prevalence><prevalence><age>88</age><sex>0</sex><percent>4.3633</percent></prevalence><prevalence><age>88</age><sex>1</sex><percent>2.3453</percent></prevalence><prevalence><age>89</age><sex>0</sex><percent>4.1415</percent></prevalence><prevalence><age>89</age><sex>1</sex><percent>2.1243</percent></prevalence><prevalence><age>90</age><sex>0</sex><percent>3.9121</percent></prevalence><prevalence><age>90</age><sex>1</sex><percent>1.9088</percent></prevalence><prevalence><age>91</age><sex>0</sex><percent>3.6785</percent></prevalence><prevalence><age>91</age><sex>1</sex><percent>1.7039</percent></prevalence><prevalence><age>92</age><sex>0</sex><percent>3.4442</percent></prevalence><prevalence><age>92</age><sex>1</sex><percent>1.5133</percent></prevalence><prevalence><age>93</age><sex>0</sex><percent>3.2127</percent></prevalence><prevalence><age>93</age><sex>1</sex><percent>1.3395</percent></prevalence><prevalence><age>94</age><sex>0</sex><percent>2.987</percent></prevalence><prevalence><age>94</age><sex>1</sex><percent>1.184</percent></prevalence><prevalence><age>95</age><sex>0</sex><percent>2.7624</percent></prevalence><prevalence><age>95</age><sex>1</sex><percent>1.0469</percent></prevalence></diseaseprevalences>