<?xml version="1.0"?><riskfactorprevalences_categorical><prevalence><age>0</age><sex>0</sex><cat>1</cat><percent>100.0</percent></prevalence><prevalence><age>0</age><sex>0</sex><cat>2</cat><percent>0.0</percent></prevalence><prevalence><age>0</age><sex>0</sex><cat>3</cat><percent>0.0</percent></prevalence><prevalence><age>0</age><sex>1</sex><cat>1</cat><percent>100.0</percent></prevalence><prevalence><age>0</age><sex>1</sex><cat>2</cat><percent>0.0</percent></prevalence><prevalence><age>0</age><sex>1</sex><cat>3</cat><percent>0.0</percent></prevalence><prevalence><age>1</age><sex>0</sex><cat>1</cat><percent>100.0</percent></prevalence><prevalence><age>1</age><sex>0</sex><cat>2</cat><percent>0.0</percent></prevalence><prevalence><age>1</age><sex>0</sex><cat>3</cat><percent>0.0</percent></prevalence><prevalence><age>1</age><sex>1</sex><cat>1</cat><percent>100.0</percent></prevalence><prevalence><age>1</age><sex>1</sex><cat>2</cat><percent>0.0</percent></prevalence><prevalence><age>1</age><sex>1</sex><cat>3</cat><percent>0.0</percent></prevalence><prevalence><age>2</age><sex>0</sex><cat>1</cat><percent>100.0</percent></prevalence><prevalence><age>2</age><sex>0</sex><cat>2</cat><percent>0.0</percent></prevalence><prevalence><age>2</age><sex>0</sex><cat>3</cat><percent>0.0</percent></prevalence><prevalence><age>2</age><sex>1</sex><cat>1</cat><percent>100.0</percent></prevalence><prevalence><age>2</age><sex>1</sex><cat>2</cat><percent>0.0</percent></prevalence><prevalence><age>2</age><sex>1</sex><cat>3</cat><percent>0.0</percent></prevalence><prevalence><age>3</age><sex>0</sex><cat>1</cat><percent>100.0</percent></prevalence><prevalence><age>3</age><sex>0</sex><cat>2</cat><percent>0.0</percent></prevalence><prevalence><age>3</age><sex>0</sex><cat>3</cat><percent>0.0</percent></prevalence><prevalence><age>3</age><sex>1</sex><cat>1</cat><percent>100.0</percent></prevalence><prevalence><age>3</age><sex>1</sex><cat>2</cat><percent>0.0</percent></prevalence><prevalence><age>3</age><sex>1</sex><cat>3</cat><percent>0.0</percent></prevalence><prevalence><age>4</age><sex>0</sex><cat>1</cat><percent>100.0</percent></prevalence><prevalence><age>4</age><sex>0</sex><cat>2</cat><percent>0.0</percent></prevalence><prevalence><age>4</age><sex>0</sex><cat>3</cat><percent>0.0</percent></prevalence><prevalence><age>4</age><sex>1</sex><cat>1</cat><percent>100.0</percent></prevalence><prevalence><age>4</age><sex>1</sex><cat>2</cat><percent>0.0</percent></prevalence><prevalence><age>4</age><sex>1</sex><cat>3</cat><percent>0.0</percent></prevalence><prevalence><age>5</age><sex>0</sex><cat>1</cat><percent>100.0</percent></prevalence><prevalence><age>5</age><sex>0</sex><cat>2</cat><percent>0.0</percent></prevalence><prevalence><age>5</age><sex>0</sex><cat>3</cat><percent>0.0</percent></prevalence><prevalence><age>5</age><sex>1</sex><cat>1</cat><percent>100.0</percent></prevalence><prevalence><age>5</age><sex>1</sex><cat>2</cat><percent>0.0</percent></prevalence><prevalence><age>5</age><sex>1</sex><cat>3</cat><percent>0.0</percent></prevalence><prevalence><age>6</age><sex>0</sex><cat>1</cat><percent>100.0</percent></prevalence><prevalence><age>6</age><sex>0</sex><cat>2</cat><percent>0.0</percent></prevalence><prevalence><age>6</age><sex>0</sex><cat>3</cat><percent>0.0</percent></prevalence><prevalence><age>6</age><sex>1</sex><cat>1</cat><percent>100.0</percent></prevalence><prevalence><age>6</age><sex>1</sex><cat>2</cat><percent>0.0</percent></prevalence><prevalence><age>6</age><sex>1</sex><cat>3</cat><percent>0.0</percent></prevalence><prevalence><age>7</age><sex>0</sex><cat>1</cat><percent>100.0</percent></prevalence><prevalence><age>7</age><sex>0</sex><cat>2</cat><percent>0.0</percent></prevalence><prevalence><age>7</age><sex>0</sex><cat>3</cat><percent>0.0</percent></prevalence><prevalence><age>7</age><sex>1</sex><cat>1</cat><percent>100.0</percent></prevalence><prevalence><age>7</age><sex>1</sex><cat>2</cat><percent>0.0</percent></prevalence><prevalence><age>7</age><sex>1</sex><cat>3</cat><percent>0.0</percent></prevalence><prevalence><age>8</age><sex>0</sex><cat>1</cat><percent>100.0</percent></prevalence><prevalence><age>8</age><sex>0</sex><cat>2</cat><percent>0.0</percent></prevalence><prevalence><age>8</age><sex>0</sex><cat>3</cat><percent>0.0</percent></prevalence><prevalence><age>8</age><sex>1</sex><cat>1</cat><percent>100.0</percent></prevalence><prevalence><age>8</age><sex>1</sex><cat>2</cat><percent>0.0</percent></prevalence><prevalence><age>8</age><sex>1</sex><cat>3</cat><percent>0.0</percent></prevalence><prevalence><age>9</age><sex>0</sex><cat>1</cat><percent>100.0</percent></prevalence><prevalence><age>9</age><sex>0</sex><cat>2</cat><percent>0.0</percent></prevalence><prevalence><age>9</age><sex>0</sex><cat>3</cat><percent>0.0</percent></prevalence><prevalence><age>9</age><sex>1</sex><cat>1</cat><percent>100.0</percent></prevalence><prevalence><age>9</age><sex>1</sex><cat>2</cat><percent>0.0</percent></prevalence><prevalence><age>9</age><sex>1</sex><cat>3</cat><percent>0.0</percent></prevalence><prevalence><age>10</age><sex>0</sex><cat>1</cat><percent>100.0</percent></prevalence><prevalence><age>10</age><sex>0</sex><cat>2</cat><percent>0.0</percent></prevalence><prevalence><age>10</age><sex>0</sex><cat>3</cat><percent>0.0</percent></prevalence><prevalence><age>10</age><sex>1</sex><cat>1</cat><percent>100.0</percent></prevalence><prevalence><age>10</age><sex>1</sex><cat>2</cat><percent>0.0</percent></prevalence><prevalence><age>10</age><sex>1</sex><cat>3</cat><percent>0.0</percent></prevalence><prevalence><age>11</age><sex>0</sex><cat>1</cat><percent>100.0</percent></prevalence><prevalence><age>11</age><sex>0</sex><cat>2</cat><percent>0.0</percent></prevalence><prevalence><age>11</age><sex>0</sex><cat>3</cat><percent>0.0</percent></prevalence><prevalence><age>11</age><sex>1</sex><cat>1</cat><percent>100.0</percent></prevalence><prevalence><age>11</age><sex>1</sex><cat>2</cat><percent>0.0</percent></prevalence><prevalence><age>11</age><sex>1</sex><cat>3</cat><percent>0.0</percent></prevalence><prevalence><age>12</age><sex>0</sex><cat>1</cat><percent>100.0</percent></prevalence><prevalence><age>12</age><sex>0</sex><cat>2</cat><percent>0.0</percent></prevalence><prevalence><age>12</age><sex>0</sex><cat>3</cat><percent>0.0</percent></prevalence><prevalence><age>12</age><sex>1</sex><cat>1</cat><percent>100.0</percent></prevalence><prevalence><age>12</age><sex>1</sex><cat>2</cat><percent>0.0</percent></prevalence><prevalence><age>12</age><sex>1</sex><cat>3</cat><percent>0.0</percent></prevalence><prevalence><age>13</age><sex>0</sex><cat>1</cat><percent>100.0</percent></prevalence><prevalence><age>13</age><sex>0</sex><cat>2</cat><percent>0.0</percent></prevalence><prevalence><age>13</age><sex>0</sex><cat>3</cat><percent>0.0</percent></prevalence><prevalence><age>13</age><sex>1</sex><cat>1</cat><percent>100.0</percent></prevalence><prevalence><age>13</age><sex>1</sex><cat>2</cat><percent>0.0</percent></prevalence><prevalence><age>13</age><sex>1</sex><cat>3</cat><percent>0.0</percent></prevalence><prevalence><age>14</age><sex>0</sex><cat>1</cat><percent>100.0</percent></prevalence><prevalence><age>14</age><sex>0</sex><cat>2</cat><percent>0.0</percent></prevalence><prevalence><age>14</age><sex>0</sex><cat>3</cat><percent>0.0</percent></prevalence><prevalence><age>14</age><sex>1</sex><cat>1</cat><percent>100.0</percent></prevalence><prevalence><age>14</age><sex>1</sex><cat>2</cat><percent>0.0</percent></prevalence><prevalence><age>14</age><sex>1</sex><cat>3</cat><percent>0.0</percent></prevalence><prevalence><age>15</age><sex>0</sex><cat>1</cat><percent>100.0</percent></prevalence><prevalence><age>15</age><sex>0</sex><cat>2</cat><percent>0.0</percent></prevalence><prevalence><age>15</age><sex>0</sex><cat>3</cat><percent>0.0</percent></prevalence><prevalence><age>15</age><sex>1</sex><cat>1</cat><percent>100.0</percent></prevalence><prevalence><age>15</age><sex>1</sex><cat>2</cat><percent>0.0</percent></prevalence><prevalence><age>15</age><sex>1</sex><cat>3</cat><percent>0.0</percent></prevalence><prevalence><age>16</age><sex>0</sex><cat>1</cat><percent>57.954544</percent></prevalence><prevalence><age>16</age><sex>0</sex><cat>2</cat><percent>10.227273</percent></prevalence><prevalence><age>16</age><sex>0</sex><cat>3</cat><percent>31.818182</percent></prevalence><prevalence><age>16</age><sex>1</sex><cat>1</cat><percent>60.674156</percent></prevalence><prevalence><age>16</age><sex>1</sex><cat>2</cat><percent>17.977528</percent></prevalence><prevalence><age>16</age><sex>1</sex><cat>3</cat><percent>21.348314</percent></prevalence><prevalence><age>17</age><sex>0</sex><cat>1</cat><percent>54.72089</percent></prevalence><prevalence><age>17</age><sex>0</sex><cat>2</cat><percent>10.260096</percent></prevalence><prevalence><age>17</age><sex>0</sex><cat>3</cat><percent>35.019016</percent></prevalence><prevalence><age>17</age><sex>1</sex><cat>1</cat><percent>60.362175</percent></prevalence><prevalence><age>17</age><sex>1</sex><cat>2</cat><percent>17.376589</percent></prevalence><prevalence><age>17</age><sex>1</sex><cat>3</cat><percent>22.261236</percent></prevalence><prevalence><age>18</age><sex>0</sex><cat>1</cat><percent>51.487232</percent></prevalence><prevalence><age>18</age><sex>0</sex><cat>2</cat><percent>10.292919</percent></prevalence><prevalence><age>18</age><sex>0</sex><cat>3</cat><percent>38.21985</percent></prevalence><prevalence><age>18</age><sex>1</sex><cat>1</cat><percent>60.050194</percent></prevalence><prevalence><age>18</age><sex>1</sex><cat>2</cat><percent>16.77565</percent></prevalence><prevalence><age>18</age><sex>1</sex><cat>3</cat><percent>23.174158</percent></prevalence><prevalence><age>19</age><sex>0</sex><cat>1</cat><percent>48.25358</percent></prevalence><prevalence><age>19</age><sex>0</sex><cat>2</cat><percent>10.325743</percent></prevalence><prevalence><age>19</age><sex>0</sex><cat>3</cat><percent>41.42068</percent></prevalence><prevalence><age>19</age><sex>1</sex><cat>1</cat><percent>59.738213</percent></prevalence><prevalence><age>19</age><sex>1</sex><cat>2</cat><percent>16.17471</percent></prevalence><prevalence><age>19</age><sex>1</sex><cat>3</cat><percent>24.087078</percent></prevalence><prevalence><age>20</age><sex>0</sex><cat>1</cat><percent>45.01992</percent></prevalence><prevalence><age>20</age><sex>0</sex><cat>2</cat><percent>10.358565</percent></prevalence><prevalence><age>20</age><sex>0</sex><cat>3</cat><percent>44.621513</percent></prevalence><prevalence><age>20</age><sex>1</sex><cat>1</cat><percent>59.42623</percent></prevalence><prevalence><age>20</age><sex>1</sex><cat>2</cat><percent>15.5737705</percent></prevalence><prevalence><age>20</age><sex>1</sex><cat>3</cat><percent>25.0</percent></prevalence><prevalence><age>21</age><sex>0</sex><cat>1</cat><percent>43.68866</percent></prevalence><prevalence><age>21</age><sex>0</sex><cat>2</cat><percent>11.42027</percent></prevalence><prevalence><age>21</age><sex>0</sex><cat>3</cat><percent>44.89107</percent></prevalence><prevalence><age>21</age><sex>1</sex><cat>1</cat><percent>59.01245</percent></prevalence><prevalence><age>21</age><sex>1</sex><cat>2</cat><percent>15.506778</percent></prevalence><prevalence><age>21</age><sex>1</sex><cat>3</cat><percent>25.48077</percent></prevalence><prevalence><age>22</age><sex>0</sex><cat>1</cat><percent>42.3574</percent></prevalence><prevalence><age>22</age><sex>0</sex><cat>2</cat><percent>12.481975</percent></prevalence><prevalence><age>22</age><sex>0</sex><cat>3</cat><percent>45.160625</percent></prevalence><prevalence><age>22</age><sex>1</sex><cat>1</cat><percent>58.598675</percent></prevalence><prevalence><age>22</age><sex>1</sex><cat>2</cat><percent>15.439786</percent></prevalence><prevalence><age>22</age><sex>1</sex><cat>3</cat><percent>25.961538</percent></prevalence><prevalence><age>23</age><sex>0</sex><cat>1</cat><percent>41.02614</percent></prevalence><prevalence><age>23</age><sex>0</sex><cat>2</cat><percent>13.543679</percent></prevalence><prevalence><age>23</age><sex>0</sex><cat>3</cat><percent>45.430183</percent></prevalence><prevalence><age>23</age><sex>1</sex><cat>1</cat><percent>58.1849</percent></prevalence><prevalence><age>23</age><sex>1</sex><cat>2</cat><percent>15.372793</percent></prevalence><prevalence><age>23</age><sex>1</sex><cat>3</cat><percent>26.442308</percent></prevalence><prevalence><age>24</age><sex>0</sex><cat>1</cat><percent>39.694878</percent></prevalence><prevalence><age>24</age><sex>0</sex><cat>2</cat><percent>14.605383</percent></prevalence><prevalence><age>24</age><sex>0</sex><cat>3</cat><percent>45.699738</percent></prevalence><prevalence><age>24</age><sex>1</sex><cat>1</cat><percent>57.771122</percent></prevalence><prevalence><age>24</age><sex>1</sex><cat>2</cat><percent>15.3058</percent></prevalence><prevalence><age>24</age><sex>1</sex><cat>3</cat><percent>26.923077</percent></prevalence><prevalence><age>25</age><sex>0</sex><cat>1</cat><percent>38.363617</percent></prevalence><prevalence><age>25</age><sex>0</sex><cat>2</cat><percent>15.667088</percent></prevalence><prevalence><age>25</age><sex>0</sex><cat>3</cat><percent>45.969296</percent></prevalence><prevalence><age>25</age><sex>1</sex><cat>1</cat><percent>57.357346</percent></prevalence><prevalence><age>25</age><sex>1</sex><cat>2</cat><percent>15.238809</percent></prevalence><prevalence><age>25</age><sex>1</sex><cat>3</cat><percent>27.403847</percent></prevalence><prevalence><age>26</age><sex>0</sex><cat>1</cat><percent>37.03236</percent></prevalence><prevalence><age>26</age><sex>0</sex><cat>2</cat><percent>16.728792</percent></prevalence><prevalence><age>26</age><sex>0</sex><cat>3</cat><percent>46.23885</percent></prevalence><prevalence><age>26</age><sex>1</sex><cat>1</cat><percent>56.94357</percent></prevalence><prevalence><age>26</age><sex>1</sex><cat>2</cat><percent>15.171816</percent></prevalence><prevalence><age>26</age><sex>1</sex><cat>3</cat><percent>27.884615</percent></prevalence><prevalence><age>27</age><sex>0</sex><cat>1</cat><percent>35.7011</percent></prevalence><prevalence><age>27</age><sex>0</sex><cat>2</cat><percent>17.790497</percent></prevalence><prevalence><age>27</age><sex>0</sex><cat>3</cat><percent>46.508404</percent></prevalence><prevalence><age>27</age><sex>1</sex><cat>1</cat><percent>56.529793</percent></prevalence><prevalence><age>27</age><sex>1</sex><cat>2</cat><percent>15.104823</percent></prevalence><prevalence><age>27</age><sex>1</sex><cat>3</cat><percent>28.365385</percent></prevalence><prevalence><age>28</age><sex>0</sex><cat>1</cat><percent>34.36984</percent></prevalence><prevalence><age>28</age><sex>0</sex><cat>2</cat><percent>18.852201</percent></prevalence><prevalence><age>28</age><sex>0</sex><cat>3</cat><percent>46.77796</percent></prevalence><prevalence><age>28</age><sex>1</sex><cat>1</cat><percent>56.116016</percent></prevalence><prevalence><age>28</age><sex>1</sex><cat>2</cat><percent>15.037831</percent></prevalence><prevalence><age>28</age><sex>1</sex><cat>3</cat><percent>28.846153</percent></prevalence><prevalence><age>29</age><sex>0</sex><cat>1</cat><percent>33.038578</percent></prevalence><prevalence><age>29</age><sex>0</sex><cat>2</cat><percent>19.913906</percent></prevalence><prevalence><age>29</age><sex>0</sex><cat>3</cat><percent>47.047516</percent></prevalence><prevalence><age>29</age><sex>1</sex><cat>1</cat><percent>55.70224</percent></prevalence><prevalence><age>29</age><sex>1</sex><cat>2</cat><percent>14.970839</percent></prevalence><prevalence><age>29</age><sex>1</sex><cat>3</cat><percent>29.326923</percent></prevalence><prevalence><age>30</age><sex>0</sex><cat>1</cat><percent>31.707317</percent></prevalence><prevalence><age>30</age><sex>0</sex><cat>2</cat><percent>20.97561</percent></prevalence><prevalence><age>30</age><sex>0</sex><cat>3</cat><percent>47.317074</percent></prevalence><prevalence><age>30</age><sex>1</sex><cat>1</cat><percent>55.28846</percent></prevalence><prevalence><age>30</age><sex>1</sex><cat>2</cat><percent>14.903846</percent></prevalence><prevalence><age>30</age><sex>1</sex><cat>3</cat><percent>29.807692</percent></prevalence><prevalence><age>31</age><sex>0</sex><cat>1</cat><percent>32.0629</percent></prevalence><prevalence><age>31</age><sex>0</sex><cat>2</cat><percent>21.193838</percent></prevalence><prevalence><age>31</age><sex>0</sex><cat>3</cat><percent>46.74326</percent></prevalence><prevalence><age>31</age><sex>1</sex><cat>1</cat><percent>54.04533</percent></prevalence><prevalence><age>31</age><sex>1</sex><cat>2</cat><percent>15.352237</percent></prevalence><prevalence><age>31</age><sex>1</sex><cat>3</cat><percent>30.602434</percent></prevalence><prevalence><age>32</age><sex>0</sex><cat>1</cat><percent>32.418484</percent></prevalence><prevalence><age>32</age><sex>0</sex><cat>2</cat><percent>21.412067</percent></prevalence><prevalence><age>32</age><sex>0</sex><cat>3</cat><percent>46.16945</percent></prevalence><prevalence><age>32</age><sex>1</sex><cat>1</cat><percent>52.802197</percent></prevalence><prevalence><age>32</age><sex>1</sex><cat>2</cat><percent>15.800628</percent></prevalence><prevalence><age>32</age><sex>1</sex><cat>3</cat><percent>31.397175</percent></prevalence><prevalence><age>33</age><sex>0</sex><cat>1</cat><percent>32.77407</percent></prevalence><prevalence><age>33</age><sex>0</sex><cat>2</cat><percent>21.630295</percent></prevalence><prevalence><age>33</age><sex>0</sex><cat>3</cat><percent>45.595634</percent></prevalence><prevalence><age>33</age><sex>1</sex><cat>1</cat><percent>51.559067</percent></prevalence><prevalence><age>33</age><sex>1</sex><cat>2</cat><percent>16.24902</percent></prevalence><prevalence><age>33</age><sex>1</sex><cat>3</cat><percent>32.191914</percent></prevalence><prevalence><age>34</age><sex>0</sex><cat>1</cat><percent>33.129654</percent></prevalence><prevalence><age>34</age><sex>0</sex><cat>2</cat><percent>21.848524</percent></prevalence><prevalence><age>34</age><sex>0</sex><cat>3</cat><percent>45.021824</percent></prevalence><prevalence><age>34</age><sex>1</sex><cat>1</cat><percent>50.315933</percent></prevalence><prevalence><age>34</age><sex>1</sex><cat>2</cat><percent>16.69741</percent></prevalence><prevalence><age>34</age><sex>1</sex><cat>3</cat><percent>32.986656</percent></prevalence><prevalence><age>35</age><sex>0</sex><cat>1</cat><percent>33.485237</percent></prevalence><prevalence><age>35</age><sex>0</sex><cat>2</cat><percent>22.066751</percent></prevalence><prevalence><age>35</age><sex>0</sex><cat>3</cat><percent>44.44801</percent></prevalence><prevalence><age>35</age><sex>1</sex><cat>1</cat><percent>49.072803</percent></prevalence><prevalence><age>35</age><sex>1</sex><cat>2</cat><percent>17.145802</percent></prevalence><prevalence><age>35</age><sex>1</sex><cat>3</cat><percent>33.7814</percent></prevalence><prevalence><age>36</age><sex>0</sex><cat>1</cat><percent>33.84082</percent></prevalence><prevalence><age>36</age><sex>0</sex><cat>2</cat><percent>22.28498</percent></prevalence><prevalence><age>36</age><sex>0</sex><cat>3</cat><percent>43.8742</percent></prevalence><prevalence><age>36</age><sex>1</sex><cat>1</cat><percent>47.82967</percent></prevalence><prevalence><age>36</age><sex>1</sex><cat>2</cat><percent>17.59419</percent></prevalence><prevalence><age>36</age><sex>1</sex><cat>3</cat><percent>34.576138</percent></prevalence><prevalence><age>37</age><sex>0</sex><cat>1</cat><percent>34.196407</percent></prevalence><prevalence><age>37</age><sex>0</sex><cat>2</cat><percent>22.50321</percent></prevalence><prevalence><age>37</age><sex>0</sex><cat>3</cat><percent>43.300385</percent></prevalence><prevalence><age>37</age><sex>1</sex><cat>1</cat><percent>46.58654</percent></prevalence><prevalence><age>37</age><sex>1</sex><cat>2</cat><percent>18.042582</percent></prevalence><prevalence><age>37</age><sex>1</sex><cat>3</cat><percent>35.37088</percent></prevalence><prevalence><age>38</age><sex>0</sex><cat>1</cat><percent>34.55199</percent></prevalence><prevalence><age>38</age><sex>0</sex><cat>2</cat><percent>22.721437</percent></prevalence><prevalence><age>38</age><sex>0</sex><cat>3</cat><percent>42.726574</percent></prevalence><prevalence><age>38</age><sex>1</sex><cat>1</cat><percent>45.343407</percent></prevalence><prevalence><age>38</age><sex>1</sex><cat>2</cat><percent>18.490973</percent></prevalence><prevalence><age>38</age><sex>1</sex><cat>3</cat><percent>36.16562</percent></prevalence><prevalence><age>39</age><sex>0</sex><cat>1</cat><percent>34.907574</percent></prevalence><prevalence><age>39</age><sex>0</sex><cat>2</cat><percent>22.939667</percent></prevalence><prevalence><age>39</age><sex>0</sex><cat>3</cat><percent>42.15276</percent></prevalence><prevalence><age>39</age><sex>1</sex><cat>1</cat><percent>44.100273</percent></prevalence><prevalence><age>39</age><sex>1</sex><cat>2</cat><percent>18.939363</percent></prevalence><prevalence><age>39</age><sex>1</sex><cat>3</cat><percent>36.96036</percent></prevalence><prevalence><age>40</age><sex>0</sex><cat>1</cat><percent>35.263157</percent></prevalence><prevalence><age>40</age><sex>0</sex><cat>2</cat><percent>23.157894</percent></prevalence><prevalence><age>40</age><sex>0</sex><cat>3</cat><percent>41.57895</percent></prevalence><prevalence><age>40</age><sex>1</sex><cat>1</cat><percent>42.857143</percent></prevalence><prevalence><age>40</age><sex>1</sex><cat>2</cat><percent>19.387754</percent></prevalence><prevalence><age>40</age><sex>1</sex><cat>3</cat><percent>37.7551</percent></prevalence><prevalence><age>41</age><sex>0</sex><cat>1</cat><percent>34.080593</percent></prevalence><prevalence><age>41</age><sex>0</sex><cat>2</cat><percent>24.487938</percent></prevalence><prevalence><age>41</age><sex>0</sex><cat>3</cat><percent>41.43147</percent></prevalence><prevalence><age>41</age><sex>1</sex><cat>1</cat><percent>43.394436</percent></prevalence><prevalence><age>41</age><sex>1</sex><cat>2</cat><percent>19.705616</percent></prevalence><prevalence><age>41</age><sex>1</sex><cat>3</cat><percent>36.899944</percent></prevalence><prevalence><age>42</age><sex>0</sex><cat>1</cat><percent>32.898026</percent></prevalence><prevalence><age>42</age><sex>0</sex><cat>2</cat><percent>25.817982</percent></prevalence><prevalence><age>42</age><sex>0</sex><cat>3</cat><percent>41.283993</percent></prevalence><prevalence><age>42</age><sex>1</sex><cat>1</cat><percent>43.931732</percent></prevalence><prevalence><age>42</age><sex>1</sex><cat>2</cat><percent>20.023478</percent></prevalence><prevalence><age>42</age><sex>1</sex><cat>3</cat><percent>36.04479</percent></prevalence><prevalence><age>43</age><sex>0</sex><cat>1</cat><percent>31.71546</percent></prevalence><prevalence><age>43</age><sex>0</sex><cat>2</cat><percent>27.148026</percent></prevalence><prevalence><age>43</age><sex>0</sex><cat>3</cat><percent>41.136513</percent></prevalence><prevalence><age>43</age><sex>1</sex><cat>1</cat><percent>44.469025</percent></prevalence><prevalence><age>43</age><sex>1</sex><cat>2</cat><percent>20.341341</percent></prevalence><prevalence><age>43</age><sex>1</sex><cat>3</cat><percent>35.189632</percent></prevalence><prevalence><age>44</age><sex>0</sex><cat>1</cat><percent>30.532894</percent></prevalence><prevalence><age>44</age><sex>0</sex><cat>2</cat><percent>28.47807</percent></prevalence><prevalence><age>44</age><sex>0</sex><cat>3</cat><percent>40.989037</percent></prevalence><prevalence><age>44</age><sex>1</sex><cat>1</cat><percent>45.00632</percent></prevalence><prevalence><age>44</age><sex>1</sex><cat>2</cat><percent>20.659203</percent></prevalence><prevalence><age>44</age><sex>1</sex><cat>3</cat><percent>34.334476</percent></prevalence><prevalence><age>45</age><sex>0</sex><cat>1</cat><percent>29.350328</percent></prevalence><prevalence><age>45</age><sex>0</sex><cat>2</cat><percent>29.808113</percent></prevalence><prevalence><age>45</age><sex>0</sex><cat>3</cat><percent>40.841557</percent></prevalence><prevalence><age>45</age><sex>1</sex><cat>1</cat><percent>45.543617</percent></prevalence><prevalence><age>45</age><sex>1</sex><cat>2</cat><percent>20.977064</percent></prevalence><prevalence><age>45</age><sex>1</sex><cat>3</cat><percent>33.47932</percent></prevalence><prevalence><age>46</age><sex>0</sex><cat>1</cat><percent>28.167763</percent></prevalence><prevalence><age>46</age><sex>0</sex><cat>2</cat><percent>31.138159</percent></prevalence><prevalence><age>46</age><sex>0</sex><cat>3</cat><percent>40.69408</percent></prevalence><prevalence><age>46</age><sex>1</sex><cat>1</cat><percent>46.08091</percent></prevalence><prevalence><age>46</age><sex>1</sex><cat>2</cat><percent>21.294926</percent></prevalence><prevalence><age>46</age><sex>1</sex><cat>3</cat><percent>32.624165</percent></prevalence><prevalence><age>47</age><sex>0</sex><cat>1</cat><percent>26.985197</percent></prevalence><prevalence><age>47</age><sex>0</sex><cat>2</cat><percent>32.4682</percent></prevalence><prevalence><age>47</age><sex>0</sex><cat>3</cat><percent>40.5466</percent></prevalence><prevalence><age>47</age><sex>1</sex><cat>1</cat><percent>46.618206</percent></prevalence><prevalence><age>47</age><sex>1</sex><cat>2</cat><percent>21.612787</percent></prevalence><prevalence><age>47</age><sex>1</sex><cat>3</cat><percent>31.769009</percent></prevalence><prevalence><age>48</age><sex>0</sex><cat>1</cat><percent>25.802631</percent></prevalence><prevalence><age>48</age><sex>0</sex><cat>2</cat><percent>33.798244</percent></prevalence><prevalence><age>48</age><sex>0</sex><cat>3</cat><percent>40.399124</percent></prevalence><prevalence><age>48</age><sex>1</sex><cat>1</cat><percent>47.1555</percent></prevalence><prevalence><age>48</age><sex>1</sex><cat>2</cat><percent>21.930649</percent></prevalence><prevalence><age>48</age><sex>1</sex><cat>3</cat><percent>30.913853</percent></prevalence><prevalence><age>49</age><sex>0</sex><cat>1</cat><percent>24.620066</percent></prevalence><prevalence><age>49</age><sex>0</sex><cat>2</cat><percent>35.12829</percent></prevalence><prevalence><age>49</age><sex>0</sex><cat>3</cat><percent>40.251644</percent></prevalence><prevalence><age>49</age><sex>1</sex><cat>1</cat><percent>47.692795</percent></prevalence><prevalence><age>49</age><sex>1</sex><cat>2</cat><percent>22.24851</percent></prevalence><prevalence><age>49</age><sex>1</sex><cat>3</cat><percent>30.058697</percent></prevalence><prevalence><age>50</age><sex>0</sex><cat>1</cat><percent>23.4375</percent></prevalence><prevalence><age>50</age><sex>0</sex><cat>2</cat><percent>36.458332</percent></prevalence><prevalence><age>50</age><sex>0</sex><cat>3</cat><percent>40.104168</percent></prevalence><prevalence><age>50</age><sex>1</sex><cat>1</cat><percent>48.230087</percent></prevalence><prevalence><age>50</age><sex>1</sex><cat>2</cat><percent>22.566372</percent></prevalence><prevalence><age>50</age><sex>1</sex><cat>3</cat><percent>29.203539</percent></prevalence><prevalence><age>51</age><sex>0</sex><cat>1</cat><percent>24.351326</percent></prevalence><prevalence><age>51</age><sex>0</sex><cat>2</cat><percent>37.509468</percent></prevalence><prevalence><age>51</age><sex>0</sex><cat>3</cat><percent>38.139206</percent></prevalence><prevalence><age>51</age><sex>1</sex><cat>1</cat><percent>50.41345</percent></prevalence><prevalence><age>51</age><sex>1</sex><cat>2</cat><percent>22.156868</percent></prevalence><prevalence><age>51</age><sex>1</sex><cat>3</cat><percent>27.429682</percent></prevalence><prevalence><age>52</age><sex>0</sex><cat>1</cat><percent>25.265152</percent></prevalence><prevalence><age>52</age><sex>0</sex><cat>2</cat><percent>38.560608</percent></prevalence><prevalence><age>52</age><sex>0</sex><cat>3</cat><percent>36.174244</percent></prevalence><prevalence><age>52</age><sex>1</sex><cat>1</cat><percent>52.59681</percent></prevalence><prevalence><age>52</age><sex>1</sex><cat>2</cat><percent>21.747364</percent></prevalence><prevalence><age>52</age><sex>1</sex><cat>3</cat><percent>25.655825</percent></prevalence><prevalence><age>53</age><sex>0</sex><cat>1</cat><percent>26.178978</percent></prevalence><prevalence><age>53</age><sex>0</sex><cat>2</cat><percent>39.611744</percent></prevalence><prevalence><age>53</age><sex>0</sex><cat>3</cat><percent>34.209282</percent></prevalence><prevalence><age>53</age><sex>1</sex><cat>1</cat><percent>54.78017</percent></prevalence><prevalence><age>53</age><sex>1</sex><cat>2</cat><percent>21.337862</percent></prevalence><prevalence><age>53</age><sex>1</sex><cat>3</cat><percent>23.881968</percent></prevalence><prevalence><age>54</age><sex>0</sex><cat>1</cat><percent>27.092802</percent></prevalence><prevalence><age>54</age><sex>0</sex><cat>2</cat><percent>40.66288</percent></prevalence><prevalence><age>54</age><sex>0</sex><cat>3</cat><percent>32.24432</percent></prevalence><prevalence><age>54</age><sex>1</sex><cat>1</cat><percent>56.96353</percent></prevalence><prevalence><age>54</age><sex>1</sex><cat>2</cat><percent>20.928358</percent></prevalence><prevalence><age>54</age><sex>1</sex><cat>3</cat><percent>22.10811</percent></prevalence><prevalence><age>55</age><sex>0</sex><cat>1</cat><percent>28.006628</percent></prevalence><prevalence><age>55</age><sex>0</sex><cat>2</cat><percent>41.714016</percent></prevalence><prevalence><age>55</age><sex>0</sex><cat>3</cat><percent>30.279356</percent></prevalence><prevalence><age>55</age><sex>1</sex><cat>1</cat><percent>59.146893</percent></prevalence><prevalence><age>55</age><sex>1</sex><cat>2</cat><percent>20.518854</percent></prevalence><prevalence><age>55</age><sex>1</sex><cat>3</cat><percent>20.334253</percent></prevalence><prevalence><age>56</age><sex>0</sex><cat>1</cat><percent>28.920454</percent></prevalence><prevalence><age>56</age><sex>0</sex><cat>2</cat><percent>42.765152</percent></prevalence><prevalence><age>56</age><sex>0</sex><cat>3</cat><percent>28.314394</percent></prevalence><prevalence><age>56</age><sex>1</sex><cat>1</cat><percent>61.330254</percent></prevalence><prevalence><age>56</age><sex>1</sex><cat>2</cat><percent>20.109352</percent></prevalence><prevalence><age>56</age><sex>1</sex><cat>3</cat><percent>18.560396</percent></prevalence><prevalence><age>57</age><sex>0</sex><cat>1</cat><percent>29.83428</percent></prevalence><prevalence><age>57</age><sex>0</sex><cat>2</cat><percent>43.816288</percent></prevalence><prevalence><age>57</age><sex>0</sex><cat>3</cat><percent>26.349432</percent></prevalence><prevalence><age>57</age><sex>1</sex><cat>1</cat><percent>63.51361</percent></prevalence><prevalence><age>57</age><sex>1</sex><cat>2</cat><percent>19.699848</percent></prevalence><prevalence><age>57</age><sex>1</sex><cat>3</cat><percent>16.78654</percent></prevalence><prevalence><age>58</age><sex>0</sex><cat>1</cat><percent>30.748106</percent></prevalence><prevalence><age>58</age><sex>0</sex><cat>2</cat><percent>44.867424</percent></prevalence><prevalence><age>58</age><sex>0</sex><cat>3</cat><percent>24.38447</percent></prevalence><prevalence><age>58</age><sex>1</sex><cat>1</cat><percent>65.696976</percent></prevalence><prevalence><age>58</age><sex>1</sex><cat>2</cat><percent>19.290344</percent></prevalence><prevalence><age>58</age><sex>1</sex><cat>3</cat><percent>15.012683</percent></prevalence><prevalence><age>59</age><sex>0</sex><cat>1</cat><percent>31.661932</percent></prevalence><prevalence><age>59</age><sex>0</sex><cat>2</cat><percent>45.91856</percent></prevalence><prevalence><age>59</age><sex>0</sex><cat>3</cat><percent>22.419508</percent></prevalence><prevalence><age>59</age><sex>1</sex><cat>1</cat><percent>67.88033</percent></prevalence><prevalence><age>59</age><sex>1</sex><cat>2</cat><percent>18.88084</percent></prevalence><prevalence><age>59</age><sex>1</sex><cat>3</cat><percent>13.238825</percent></prevalence><prevalence><age>60</age><sex>0</sex><cat>1</cat><percent>32.575756</percent></prevalence><prevalence><age>60</age><sex>0</sex><cat>2</cat><percent>46.969696</percent></prevalence><prevalence><age>60</age><sex>0</sex><cat>3</cat><percent>20.454546</percent></prevalence><prevalence><age>60</age><sex>1</sex><cat>1</cat><percent>70.0637</percent></prevalence><prevalence><age>60</age><sex>1</sex><cat>2</cat><percent>18.471338</percent></prevalence><prevalence><age>60</age><sex>1</sex><cat>3</cat><percent>11.464968</percent></prevalence><prevalence><age>61</age><sex>0</sex><cat>1</cat><percent>34.31818</percent></prevalence><prevalence><age>61</age><sex>0</sex><cat>2</cat><percent>45.420876</percent></prevalence><prevalence><age>61</age><sex>0</sex><cat>3</cat><percent>20.260942</percent></prevalence><prevalence><age>61</age><sex>1</sex><cat>1</cat><percent>70.58979</percent></prevalence><prevalence><age>61</age><sex>1</sex><cat>2</cat><percent>18.052774</percent></prevalence><prevalence><age>61</age><sex>1</sex><cat>3</cat><percent>11.357432</percent></prevalence><prevalence><age>62</age><sex>0</sex><cat>1</cat><percent>36.060608</percent></prevalence><prevalence><age>62</age><sex>0</sex><cat>2</cat><percent>43.872055</percent></prevalence><prevalence><age>62</age><sex>0</sex><cat>3</cat><percent>20.06734</percent></prevalence><prevalence><age>62</age><sex>1</sex><cat>1</cat><percent>71.11589</percent></prevalence><prevalence><age>62</age><sex>1</sex><cat>2</cat><percent>17.634212</percent></prevalence><prevalence><age>62</age><sex>1</sex><cat>3</cat><percent>11.249897</percent></prevalence><prevalence><age>63</age><sex>0</sex><cat>1</cat><percent>37.803032</percent></prevalence><prevalence><age>63</age><sex>0</sex><cat>2</cat><percent>42.32323</percent></prevalence><prevalence><age>63</age><sex>0</sex><cat>3</cat><percent>19.873737</percent></prevalence><prevalence><age>63</age><sex>1</sex><cat>1</cat><percent>71.64199</percent></prevalence><prevalence><age>63</age><sex>1</sex><cat>2</cat><percent>17.21565</percent></prevalence><prevalence><age>63</age><sex>1</sex><cat>3</cat><percent>11.142361</percent></prevalence><prevalence><age>64</age><sex>0</sex><cat>1</cat><percent>39.545456</percent></prevalence><prevalence><age>64</age><sex>0</sex><cat>2</cat><percent>40.77441</percent></prevalence><prevalence><age>64</age><sex>0</sex><cat>3</cat><percent>19.680134</percent></prevalence><prevalence><age>64</age><sex>1</sex><cat>1</cat><percent>72.16808</percent></prevalence><prevalence><age>64</age><sex>1</sex><cat>2</cat><percent>16.797089</percent></prevalence><prevalence><age>64</age><sex>1</sex><cat>3</cat><percent>11.034825</percent></prevalence><prevalence><age>65</age><sex>0</sex><cat>1</cat><percent>41.28788</percent></prevalence><prevalence><age>65</age><sex>0</sex><cat>2</cat><percent>39.22559</percent></prevalence><prevalence><age>65</age><sex>0</sex><cat>3</cat><percent>19.486532</percent></prevalence><prevalence><age>65</age><sex>1</sex><cat>1</cat><percent>72.69418</percent></prevalence><prevalence><age>65</age><sex>1</sex><cat>2</cat><percent>16.378527</percent></prevalence><prevalence><age>65</age><sex>1</sex><cat>3</cat><percent>10.927289</percent></prevalence><prevalence><age>66</age><sex>0</sex><cat>1</cat><percent>43.030304</percent></prevalence><prevalence><age>66</age><sex>0</sex><cat>2</cat><percent>37.67677</percent></prevalence><prevalence><age>66</age><sex>0</sex><cat>3</cat><percent>19.292929</percent></prevalence><prevalence><age>66</age><sex>1</sex><cat>1</cat><percent>73.22028</percent></prevalence><prevalence><age>66</age><sex>1</sex><cat>2</cat><percent>15.959964</percent></prevalence><prevalence><age>66</age><sex>1</sex><cat>3</cat><percent>10.819754</percent></prevalence><prevalence><age>67</age><sex>0</sex><cat>1</cat><percent>44.772728</percent></prevalence><prevalence><age>67</age><sex>0</sex><cat>2</cat><percent>36.127945</percent></prevalence><prevalence><age>67</age><sex>0</sex><cat>3</cat><percent>19.099327</percent></prevalence><prevalence><age>67</age><sex>1</sex><cat>1</cat><percent>73.74638</percent></prevalence><prevalence><age>67</age><sex>1</sex><cat>2</cat><percent>15.541401</percent></prevalence><prevalence><age>67</age><sex>1</sex><cat>3</cat><percent>10.712217</percent></prevalence><prevalence><age>68</age><sex>0</sex><cat>1</cat><percent>46.515152</percent></prevalence><prevalence><age>68</age><sex>0</sex><cat>2</cat><percent>34.579124</percent></prevalence><prevalence><age>68</age><sex>0</sex><cat>3</cat><percent>18.905724</percent></prevalence><prevalence><age>68</age><sex>1</sex><cat>1</cat><percent>74.27248</percent></prevalence><prevalence><age>68</age><sex>1</sex><cat>2</cat><percent>15.122839</percent></prevalence><prevalence><age>68</age><sex>1</sex><cat>3</cat><percent>10.604682</percent></prevalence><prevalence><age>69</age><sex>0</sex><cat>1</cat><percent>48.257576</percent></prevalence><prevalence><age>69</age><sex>0</sex><cat>2</cat><percent>33.030304</percent></prevalence><prevalence><age>69</age><sex>0</sex><cat>3</cat><percent>18.712122</percent></prevalence><prevalence><age>69</age><sex>1</sex><cat>1</cat><percent>74.79858</percent></prevalence><prevalence><age>69</age><sex>1</sex><cat>2</cat><percent>14.704277</percent></prevalence><prevalence><age>69</age><sex>1</sex><cat>3</cat><percent>10.497147</percent></prevalence><prevalence><age>70</age><sex>0</sex><cat>1</cat><percent>50.0</percent></prevalence><prevalence><age>70</age><sex>0</sex><cat>2</cat><percent>31.481482</percent></prevalence><prevalence><age>70</age><sex>0</sex><cat>3</cat><percent>18.518518</percent></prevalence><prevalence><age>70</age><sex>1</sex><cat>1</cat><percent>75.32468</percent></prevalence><prevalence><age>70</age><sex>1</sex><cat>2</cat><percent>14.285714</percent></prevalence><prevalence><age>70</age><sex>1</sex><cat>3</cat><percent>10.38961</percent></prevalence><prevalence><age>71</age><sex>0</sex><cat>1</cat><percent>50.535713</percent></prevalence><prevalence><age>71</age><sex>0</sex><cat>2</cat><percent>31.369047</percent></prevalence><prevalence><age>71</age><sex>0</sex><cat>3</cat><percent>18.095238</percent></prevalence><prevalence><age>71</age><sex>1</sex><cat>1</cat><percent>76.7013</percent></prevalence><prevalence><age>71</age><sex>1</sex><cat>2</cat><percent>13.948051</percent></prevalence><prevalence><age>71</age><sex>1</sex><cat>3</cat><percent>9.35065</percent></prevalence><prevalence><age>72</age><sex>0</sex><cat>1</cat><percent>51.07143</percent></prevalence><prevalence><age>72</age><sex>0</sex><cat>2</cat><percent>31.256615</percent></prevalence><prevalence><age>72</age><sex>0</sex><cat>3</cat><percent>17.671957</percent></prevalence><prevalence><age>72</age><sex>1</sex><cat>1</cat><percent>78.07792</percent></prevalence><prevalence><age>72</age><sex>1</sex><cat>2</cat><percent>13.61039</percent></prevalence><prevalence><age>72</age><sex>1</sex><cat>3</cat><percent>8.311688</percent></prevalence><prevalence><age>73</age><sex>0</sex><cat>1</cat><percent>51.607143</percent></prevalence><prevalence><age>73</age><sex>0</sex><cat>2</cat><percent>31.14418</percent></prevalence><prevalence><age>73</age><sex>0</sex><cat>3</cat><percent>17.248676</percent></prevalence><prevalence><age>73</age><sex>1</sex><cat>1</cat><percent>79.454544</percent></prevalence><prevalence><age>73</age><sex>1</sex><cat>2</cat><percent>13.272727</percent></prevalence><prevalence><age>73</age><sex>1</sex><cat>3</cat><percent>7.2727275</percent></prevalence><prevalence><age>74</age><sex>0</sex><cat>1</cat><percent>52.142857</percent></prevalence><prevalence><age>74</age><sex>0</sex><cat>2</cat><percent>31.031746</percent></prevalence><prevalence><age>74</age><sex>0</sex><cat>3</cat><percent>16.825397</percent></prevalence><prevalence><age>74</age><sex>1</sex><cat>1</cat><percent>80.83117</percent></prevalence><prevalence><age>74</age><sex>1</sex><cat>2</cat><percent>12.935065</percent></prevalence><prevalence><age>74</age><sex>1</sex><cat>3</cat><percent>6.233766</percent></prevalence><prevalence><age>75</age><sex>0</sex><cat>1</cat><percent>52.67857</percent></prevalence><prevalence><age>75</age><sex>0</sex><cat>2</cat><percent>30.919312</percent></prevalence><prevalence><age>75</age><sex>0</sex><cat>3</cat><percent>16.402117</percent></prevalence><prevalence><age>75</age><sex>1</sex><cat>1</cat><percent>82.207794</percent></prevalence><prevalence><age>75</age><sex>1</sex><cat>2</cat><percent>12.597403</percent></prevalence><prevalence><age>75</age><sex>1</sex><cat>3</cat><percent>5.194805</percent></prevalence><prevalence><age>76</age><sex>0</sex><cat>1</cat><percent>53.214287</percent></prevalence><prevalence><age>76</age><sex>0</sex><cat>2</cat><percent>30.806879</percent></prevalence><prevalence><age>76</age><sex>0</sex><cat>3</cat><percent>15.978836</percent></prevalence><prevalence><age>76</age><sex>1</sex><cat>1</cat><percent>83.58442</percent></prevalence><prevalence><age>76</age><sex>1</sex><cat>2</cat><percent>12.25974</percent></prevalence><prevalence><age>76</age><sex>1</sex><cat>3</cat><percent>4.155844</percent></prevalence><prevalence><age>77</age><sex>0</sex><cat>1</cat><percent>53.75</percent></prevalence><prevalence><age>77</age><sex>0</sex><cat>2</cat><percent>30.694445</percent></prevalence><prevalence><age>77</age><sex>0</sex><cat>3</cat><percent>15.555555</percent></prevalence><prevalence><age>77</age><sex>1</sex><cat>1</cat><percent>84.96104</percent></prevalence><prevalence><age>77</age><sex>1</sex><cat>2</cat><percent>11.922078</percent></prevalence><prevalence><age>77</age><sex>1</sex><cat>3</cat><percent>3.116883</percent></prevalence><prevalence><age>78</age><sex>0</sex><cat>1</cat><percent>54.285713</percent></prevalence><prevalence><age>78</age><sex>0</sex><cat>2</cat><percent>30.58201</percent></prevalence><prevalence><age>78</age><sex>0</sex><cat>3</cat><percent>15.132275</percent></prevalence><prevalence><age>78</age><sex>1</sex><cat>1</cat><percent>86.33766</percent></prevalence><prevalence><age>78</age><sex>1</sex><cat>2</cat><percent>11.584415</percent></prevalence><prevalence><age>78</age><sex>1</sex><cat>3</cat><percent>2.077922</percent></prevalence><prevalence><age>79</age><sex>0</sex><cat>1</cat><percent>54.82143</percent></prevalence><prevalence><age>79</age><sex>0</sex><cat>2</cat><percent>30.469576</percent></prevalence><prevalence><age>79</age><sex>0</sex><cat>3</cat><percent>14.708995</percent></prevalence><prevalence><age>79</age><sex>1</sex><cat>1</cat><percent>87.71429</percent></prevalence><prevalence><age>79</age><sex>1</sex><cat>2</cat><percent>11.246753</percent></prevalence><prevalence><age>79</age><sex>1</sex><cat>3</cat><percent>1.038961</percent></prevalence><prevalence><age>80</age><sex>0</sex><cat>1</cat><percent>55.357143</percent></prevalence><prevalence><age>80</age><sex>0</sex><cat>2</cat><percent>30.357143</percent></prevalence><prevalence><age>80</age><sex>0</sex><cat>3</cat><percent>14.285714</percent></prevalence><prevalence><age>80</age><sex>1</sex><cat>1</cat><percent>89.09091</percent></prevalence><prevalence><age>80</age><sex>1</sex><cat>2</cat><percent>10.909091</percent></prevalence><prevalence><age>80</age><sex>1</sex><cat>3</cat><percent>0.0</percent></prevalence><prevalence><age>81</age><sex>0</sex><cat>1</cat><percent>56.089287</percent></prevalence><prevalence><age>81</age><sex>0</sex><cat>2</cat><percent>29.839285</percent></prevalence><prevalence><age>81</age><sex>0</sex><cat>3</cat><percent>14.071428</percent></prevalence><prevalence><age>81</age><sex>1</sex><cat>1</cat><percent>89.38636</percent></prevalence><prevalence><age>81</age><sex>1</sex><cat>2</cat><percent>10.563637</percent></prevalence><prevalence><age>81</age><sex>1</sex><cat>3</cat><percent>0.05</percent></prevalence><prevalence><age>82</age><sex>0</sex><cat>1</cat><percent>56.82143</percent></prevalence><prevalence><age>82</age><sex>0</sex><cat>2</cat><percent>29.321428</percent></prevalence><prevalence><age>82</age><sex>0</sex><cat>3</cat><percent>13.857142</percent></prevalence><prevalence><age>82</age><sex>1</sex><cat>1</cat><percent>89.681816</percent></prevalence><prevalence><age>82</age><sex>1</sex><cat>2</cat><percent>10.218182</percent></prevalence><prevalence><age>82</age><sex>1</sex><cat>3</cat><percent>0.1</percent></prevalence><prevalence><age>83</age><sex>0</sex><cat>1</cat><percent>57.55357</percent></prevalence><prevalence><age>83</age><sex>0</sex><cat>2</cat><percent>28.803572</percent></prevalence><prevalence><age>83</age><sex>0</sex><cat>3</cat><percent>13.642858</percent></prevalence><prevalence><age>83</age><sex>1</sex><cat>1</cat><percent>89.97727</percent></prevalence><prevalence><age>83</age><sex>1</sex><cat>2</cat><percent>9.872727</percent></prevalence><prevalence><age>83</age><sex>1</sex><cat>3</cat><percent>0.15</percent></prevalence><prevalence><age>84</age><sex>0</sex><cat>1</cat><percent>58.285713</percent></prevalence><prevalence><age>84</age><sex>0</sex><cat>2</cat><percent>28.285715</percent></prevalence><prevalence><age>84</age><sex>0</sex><cat>3</cat><percent>13.428572</percent></prevalence><prevalence><age>84</age><sex>1</sex><cat>1</cat><percent>90.27273</percent></prevalence><prevalence><age>84</age><sex>1</sex><cat>2</cat><percent>9.527272</percent></prevalence><prevalence><age>84</age><sex>1</sex><cat>3</cat><percent>0.2</percent></prevalence><prevalence><age>85</age><sex>0</sex><cat>1</cat><percent>59.017857</percent></prevalence><prevalence><age>85</age><sex>0</sex><cat>2</cat><percent>27.767857</percent></prevalence><prevalence><age>85</age><sex>0</sex><cat>3</cat><percent>13.214286</percent></prevalence><prevalence><age>85</age><sex>1</sex><cat>1</cat><percent>90.568184</percent></prevalence><prevalence><age>85</age><sex>1</sex><cat>2</cat><percent>9.181818</percent></prevalence><prevalence><age>85</age><sex>1</sex><cat>3</cat><percent>0.25</percent></prevalence><prevalence><age>86</age><sex>0</sex><cat>1</cat><percent>59.75</percent></prevalence><prevalence><age>86</age><sex>0</sex><cat>2</cat><percent>27.25</percent></prevalence><prevalence><age>86</age><sex>0</sex><cat>3</cat><percent>13.0</percent></prevalence><prevalence><age>86</age><sex>1</sex><cat>1</cat><percent>90.86364</percent></prevalence><prevalence><age>86</age><sex>1</sex><cat>2</cat><percent>8.836364</percent></prevalence><prevalence><age>86</age><sex>1</sex><cat>3</cat><percent>0.3</percent></prevalence><prevalence><age>87</age><sex>0</sex><cat>1</cat><percent>60.482143</percent></prevalence><prevalence><age>87</age><sex>0</sex><cat>2</cat><percent>26.732143</percent></prevalence><prevalence><age>87</age><sex>0</sex><cat>3</cat><percent>12.785714</percent></prevalence><prevalence><age>87</age><sex>1</sex><cat>1</cat><percent>91.15909</percent></prevalence><prevalence><age>87</age><sex>1</sex><cat>2</cat><percent>8.49091</percent></prevalence><prevalence><age>87</age><sex>1</sex><cat>3</cat><percent>0.35</percent></prevalence><prevalence><age>88</age><sex>0</sex><cat>1</cat><percent>61.214287</percent></prevalence><prevalence><age>88</age><sex>0</sex><cat>2</cat><percent>26.214285</percent></prevalence><prevalence><age>88</age><sex>0</sex><cat>3</cat><percent>12.571428</percent></prevalence><prevalence><age>88</age><sex>1</sex><cat>1</cat><percent>91.454544</percent></prevalence><prevalence><age>88</age><sex>1</sex><cat>2</cat><percent>8.145454</percent></prevalence><prevalence><age>88</age><sex>1</sex><cat>3</cat><percent>0.4</percent></prevalence><prevalence><age>89</age><sex>0</sex><cat>1</cat><percent>61.94643</percent></prevalence><prevalence><age>89</age><sex>0</sex><cat>2</cat><percent>25.696428</percent></prevalence><prevalence><age>89</age><sex>0</sex><cat>3</cat><percent>12.357142</percent></prevalence><prevalence><age>89</age><sex>1</sex><cat>1</cat><percent>91.75</percent></prevalence><prevalence><age>89</age><sex>1</sex><cat>2</cat><percent>7.8</percent></prevalence><prevalence><age>89</age><sex>1</sex><cat>3</cat><percent>0.45</percent></prevalence><prevalence><age>90</age><sex>0</sex><cat>1</cat><percent>62.67857</percent></prevalence><prevalence><age>90</age><sex>0</sex><cat>2</cat><percent>25.178572</percent></prevalence><prevalence><age>90</age><sex>0</sex><cat>3</cat><percent>12.142858</percent></prevalence><prevalence><age>90</age><sex>1</sex><cat>1</cat><percent>92.045456</percent></prevalence><prevalence><age>90</age><sex>1</sex><cat>2</cat><percent>7.4545455</percent></prevalence><prevalence><age>90</age><sex>1</sex><cat>3</cat><percent>0.5</percent></prevalence><prevalence><age>91</age><sex>0</sex><cat>1</cat><percent>63.410713</percent></prevalence><prevalence><age>91</age><sex>0</sex><cat>2</cat><percent>24.660715</percent></prevalence><prevalence><age>91</age><sex>0</sex><cat>3</cat><percent>11.928572</percent></prevalence><prevalence><age>91</age><sex>1</sex><cat>1</cat><percent>92.34091</percent></prevalence><prevalence><age>91</age><sex>1</sex><cat>2</cat><percent>7.109091</percent></prevalence><prevalence><age>91</age><sex>1</sex><cat>3</cat><percent>0.55</percent></prevalence><prevalence><age>92</age><sex>0</sex><cat>1</cat><percent>64.14286</percent></prevalence><prevalence><age>92</age><sex>0</sex><cat>2</cat><percent>24.142857</percent></prevalence><prevalence><age>92</age><sex>0</sex><cat>3</cat><percent>11.714286</percent></prevalence><prevalence><age>92</age><sex>1</sex><cat>1</cat><percent>92.63636</percent></prevalence><prevalence><age>92</age><sex>1</sex><cat>2</cat><percent>6.7636366</percent></prevalence><prevalence><age>92</age><sex>1</sex><cat>3</cat><percent>0.6</percent></prevalence><prevalence><age>93</age><sex>0</sex><cat>1</cat><percent>64.875</percent></prevalence><prevalence><age>93</age><sex>0</sex><cat>2</cat><percent>23.625</percent></prevalence><prevalence><age>93</age><sex>0</sex><cat>3</cat><percent>11.5</percent></prevalence><prevalence><age>93</age><sex>1</sex><cat>1</cat><percent>92.931816</percent></prevalence><prevalence><age>93</age><sex>1</sex><cat>2</cat><percent>6.418182</percent></prevalence><prevalence><age>93</age><sex>1</sex><cat>3</cat><percent>0.65</percent></prevalence><prevalence><age>94</age><sex>0</sex><cat>1</cat><percent>65.60714</percent></prevalence><prevalence><age>94</age><sex>0</sex><cat>2</cat><percent>23.107143</percent></prevalence><prevalence><age>94</age><sex>0</sex><cat>3</cat><percent>11.285714</percent></prevalence><prevalence><age>94</age><sex>1</sex><cat>1</cat><percent>93.22727</percent></prevalence><prevalence><age>94</age><sex>1</sex><cat>2</cat><percent>6.072727</percent></prevalence><prevalence><age>94</age><sex>1</sex><cat>3</cat><percent>0.7</percent></prevalence><prevalence><age>95</age><sex>0</sex><cat>1</cat><percent>66.33929</percent></prevalence><prevalence><age>95</age><sex>0</sex><cat>2</cat><percent>22.589285</percent></prevalence><prevalence><age>95</age><sex>0</sex><cat>3</cat><percent>11.071428</percent></prevalence><prevalence><age>95</age><sex>1</sex><cat>1</cat><percent>93.52273</percent></prevalence><prevalence><age>95</age><sex>1</sex><cat>2</cat><percent>5.7272725</percent></prevalence><prevalence><age>95</age><sex>1</sex><cat>3</cat><percent>0.75</percent></prevalence></riskfactorprevalences_categorical>