<?xml version="1.0"?><diseaseincidences><incidence><age>0</age><sex>0</sex><value>0.0</value></incidence><incidence><age>0</age><sex>1</sex><value>0.0</value></incidence><incidence><age>1</age><sex>0</sex><value>0.0</value></incidence><incidence><age>1</age><sex>1</sex><value>0.0</value></incidence><incidence><age>2</age><sex>0</sex><value>0.0</value></incidence><incidence><age>2</age><sex>1</sex><value>0.0</value></incidence><incidence><age>3</age><sex>0</sex><value>0.0</value></incidence><incidence><age>3</age><sex>1</sex><value>0.0</value></incidence><incidence><age>4</age><sex>0</sex><value>0.0</value></incidence><incidence><age>4</age><sex>1</sex><value>0.0</value></incidence><incidence><age>5</age><sex>0</sex><value>0.0</value></incidence><incidence><age>5</age><sex>1</sex><value>0.0</value></incidence><incidence><age>6</age><sex>0</sex><value>0.0</value></incidence><incidence><age>6</age><sex>1</sex><value>0.0</value></incidence><incidence><age>7</age><sex>0</sex><value>0.0</value></incidence><incidence><age>7</age><sex>1</sex><value>0.0</value></incidence><incidence><age>8</age><sex>0</sex><value>0.0</value></incidence><incidence><age>8</age><sex>1</sex><value>0.0</value></incidence><incidence><age>9</age><sex>0</sex><value>0.0</value></incidence><incidence><age>9</age><sex>1</sex><value>0.0</value></incidence><incidence><age>10</age><sex>0</sex><value>0.0</value></incidence><incidence><age>10</age><sex>1</sex><value>0.0</value></incidence><incidence><age>11</age><sex>0</sex><value>0.0</value></incidence><incidence><age>11</age><sex>1</sex><value>0.0</value></incidence><incidence><age>12</age><sex>0</sex><value>0.0</value></incidence><incidence><age>12</age><sex>1</sex><value>0.0</value></incidence><incidence><age>13</age><sex>0</sex><value>0.0</value></incidence><incidence><age>13</age><sex>1</sex><value>0.0</value></incidence><incidence><age>14</age><sex>0</sex><value>0.0</value></incidence><incidence><age>14</age><sex>1</sex><value>0.0</value></incidence><incidence><age>15</age><sex>0</sex><value>2.5E-6</value></incidence><incidence><age>15</age><sex>1</sex><value>3.9E-6</value></incidence><incidence><age>16</age><sex>0</sex><value>2.3E-6</value></incidence><incidence><age>16</age><sex>1</sex><value>3.7E-6</value></incidence><incidence><age>17</age><sex>0</sex><value>2.1E-6</value></incidence><incidence><age>17</age><sex>1</sex><value>3.5E-6</value></incidence><incidence><age>18</age><sex>0</sex><value>1.9E-6</value></incidence><incidence><age>18</age><sex>1</sex><value>3.5E-6</value></incidence><incidence><age>19</age><sex>0</sex><value>1.9E-6</value></incidence><incidence><age>19</age><sex>1</sex><value>3.7E-6</value></incidence><incidence><age>20</age><sex>0</sex><value>2.0E-6</value></incidence><incidence><age>20</age><sex>1</sex><value>4.1E-6</value></incidence><incidence><age>21</age><sex>0</sex><value>2.5E-6</value></incidence><incidence><age>21</age><sex>1</sex><value>4.6E-6</value></incidence><incidence><age>22</age><sex>0</sex><value>3.4E-6</value></incidence><incidence><age>22</age><sex>1</sex><value>5.2E-6</value></incidence><incidence><age>23</age><sex>0</sex><value>4.7E-6</value></incidence><incidence><age>23</age><sex>1</sex><value>5.9E-6</value></incidence><incidence><age>24</age><sex>0</sex><value>6.5E-6</value></incidence><incidence><age>24</age><sex>1</sex><value>6.7E-6</value></incidence><incidence><age>25</age><sex>0</sex><value>8.6E-6</value></incidence><incidence><age>25</age><sex>1</sex><value>7.6E-6</value></incidence><incidence><age>26</age><sex>0</sex><value>1.1E-5</value></incidence><incidence><age>26</age><sex>1</sex><value>8.6E-6</value></incidence><incidence><age>27</age><sex>0</sex><value>1.36E-5</value></incidence><incidence><age>27</age><sex>1</sex><value>9.9E-6</value></incidence><incidence><age>28</age><sex>0</sex><value>1.64E-5</value></incidence><incidence><age>28</age><sex>1</sex><value>1.14E-5</value></incidence><incidence><age>29</age><sex>0</sex><value>1.92E-5</value></incidence><incidence><age>29</age><sex>1</sex><value>1.33E-5</value></incidence><incidence><age>30</age><sex>0</sex><value>2.19E-5</value></incidence><incidence><age>30</age><sex>1</sex><value>1.6E-5</value></incidence><incidence><age>31</age><sex>0</sex><value>2.43E-5</value></incidence><incidence><age>31</age><sex>1</sex><value>1.96E-5</value></incidence><incidence><age>32</age><sex>0</sex><value>2.63E-5</value></incidence><incidence><age>32</age><sex>1</sex><value>2.43E-5</value></incidence><incidence><age>33</age><sex>0</sex><value>2.8E-5</value></incidence><incidence><age>33</age><sex>1</sex><value>3.04E-5</value></incidence><incidence><age>34</age><sex>0</sex><value>2.98E-5</value></incidence><incidence><age>34</age><sex>1</sex><value>3.75E-5</value></incidence><incidence><age>35</age><sex>0</sex><value>3.23E-5</value></incidence><incidence><age>35</age><sex>1</sex><value>4.54E-5</value></incidence><incidence><age>36</age><sex>0</sex><value>3.63E-5</value></incidence><incidence><age>36</age><sex>1</sex><value>5.37E-5</value></incidence><incidence><age>37</age><sex>0</sex><value>4.24E-5</value></incidence><incidence><age>37</age><sex>1</sex><value>6.21E-5</value></incidence><incidence><age>38</age><sex>0</sex><value>5.1E-5</value></incidence><incidence><age>38</age><sex>1</sex><value>7.05E-5</value></incidence><incidence><age>39</age><sex>0</sex><value>6.22E-5</value></incidence><incidence><age>39</age><sex>1</sex><value>7.93E-5</value></incidence><incidence><age>40</age><sex>0</sex><value>7.6E-5</value></incidence><incidence><age>40</age><sex>1</sex><value>8.9E-5</value></incidence><incidence><age>41</age><sex>0</sex><value>9.21E-5</value></incidence><incidence><age>41</age><sex>1</sex><value>1.003E-4</value></incidence><incidence><age>42</age><sex>0</sex><value>1.11E-4</value></incidence><incidence><age>42</age><sex>1</sex><value>1.137E-4</value></incidence><incidence><age>43</age><sex>0</sex><value>1.32E-4</value></incidence><incidence><age>43</age><sex>1</sex><value>1.299E-4</value></incidence><incidence><age>44</age><sex>0</sex><value>1.55E-4</value></incidence><incidence><age>44</age><sex>1</sex><value>1.49E-4</value></incidence><incidence><age>45</age><sex>0</sex><value>1.82E-4</value></incidence><incidence><age>45</age><sex>1</sex><value>1.715E-4</value></incidence><incidence><age>46</age><sex>0</sex><value>2.13E-4</value></incidence><incidence><age>46</age><sex>1</sex><value>1.975E-4</value></incidence><incidence><age>47</age><sex>0</sex><value>2.49E-4</value></incidence><incidence><age>47</age><sex>1</sex><value>2.275E-4</value></incidence><incidence><age>48</age><sex>0</sex><value>2.89E-4</value></incidence><incidence><age>48</age><sex>1</sex><value>2.615E-4</value></incidence><incidence><age>49</age><sex>0</sex><value>3.35E-4</value></incidence><incidence><age>49</age><sex>1</sex><value>2.996E-4</value></incidence><incidence><age>50</age><sex>0</sex><value>3.86E-4</value></incidence><incidence><age>50</age><sex>1</sex><value>3.418E-4</value></incidence><incidence><age>51</age><sex>0</sex><value>4.41E-4</value></incidence><incidence><age>51</age><sex>1</sex><value>3.881E-4</value></incidence><incidence><age>52</age><sex>0</sex><value>5.01E-4</value></incidence><incidence><age>52</age><sex>1</sex><value>4.384E-4</value></incidence><incidence><age>53</age><sex>0</sex><value>5.66E-4</value></incidence><incidence><age>53</age><sex>1</sex><value>4.928E-4</value></incidence><incidence><age>54</age><sex>0</sex><value>6.37E-4</value></incidence><incidence><age>54</age><sex>1</sex><value>5.51E-4</value></incidence><incidence><age>55</age><sex>0</sex><value>7.15E-4</value></incidence><incidence><age>55</age><sex>1</sex><value>6.133E-4</value></incidence><incidence><age>56</age><sex>0</sex><value>8.02E-4</value></incidence><incidence><age>56</age><sex>1</sex><value>6.794E-4</value></incidence><incidence><age>57</age><sex>0</sex><value>9.0E-4</value></incidence><incidence><age>57</age><sex>1</sex><value>7.493E-4</value></incidence><incidence><age>58</age><sex>0</sex><value>0.001009</value></incidence><incidence><age>58</age><sex>1</sex><value>8.231E-4</value></incidence><incidence><age>59</age><sex>0</sex><value>0.001128</value></incidence><incidence><age>59</age><sex>1</sex><value>9.01E-4</value></incidence><incidence><age>60</age><sex>0</sex><value>0.001256</value></incidence><incidence><age>60</age><sex>1</sex><value>9.833E-4</value></incidence><incidence><age>61</age><sex>0</sex><value>0.001392</value></incidence><incidence><age>61</age><sex>1</sex><value>0.0010704</value></incidence><incidence><age>62</age><sex>0</sex><value>0.001535</value></incidence><incidence><age>62</age><sex>1</sex><value>0.0011627</value></incidence><incidence><age>63</age><sex>0</sex><value>0.001684</value></incidence><incidence><age>63</age><sex>1</sex><value>0.0012604</value></incidence><incidence><age>64</age><sex>0</sex><value>0.00184</value></incidence><incidence><age>64</age><sex>1</sex><value>0.0013644</value></incidence><incidence><age>65</age><sex>0</sex><value>0.002004</value></incidence><incidence><age>65</age><sex>1</sex><value>0.0014753</value></incidence><incidence><age>66</age><sex>0</sex><value>0.002178</value></incidence><incidence><age>66</age><sex>1</sex><value>0.0015939</value></incidence><incidence><age>67</age><sex>0</sex><value>0.002363</value></incidence><incidence><age>67</age><sex>1</sex><value>0.0017209</value></incidence><incidence><age>68</age><sex>0</sex><value>0.00256</value></incidence><incidence><age>68</age><sex>1</sex><value>0.0018565</value></incidence><incidence><age>69</age><sex>0</sex><value>0.002766</value></incidence><incidence><age>69</age><sex>1</sex><value>0.0019985</value></incidence><incidence><age>70</age><sex>0</sex><value>0.002979</value></incidence><incidence><age>70</age><sex>1</sex><value>0.002144</value></incidence><incidence><age>71</age><sex>0</sex><value>0.003194</value></incidence><incidence><age>71</age><sex>1</sex><value>0.0022902</value></incidence><incidence><age>72</age><sex>0</sex><value>0.003409</value></incidence><incidence><age>72</age><sex>1</sex><value>0.0024344</value></incidence><incidence><age>73</age><sex>0</sex><value>0.003621</value></incidence><incidence><age>73</age><sex>1</sex><value>0.0025741</value></incidence><incidence><age>74</age><sex>0</sex><value>0.003831</value></incidence><incidence><age>74</age><sex>1</sex><value>0.0027096</value></incidence><incidence><age>75</age><sex>0</sex><value>0.004042</value></incidence><incidence><age>75</age><sex>1</sex><value>0.0028414</value></incidence><incidence><age>76</age><sex>0</sex><value>0.004254</value></incidence><incidence><age>76</age><sex>1</sex><value>0.0029702</value></incidence><incidence><age>77</age><sex>0</sex><value>0.00447</value></incidence><incidence><age>77</age><sex>1</sex><value>0.0030965</value></incidence><incidence><age>78</age><sex>0</sex><value>0.004688</value></incidence><incidence><age>78</age><sex>1</sex><value>0.0032205</value></incidence><incidence><age>79</age><sex>0</sex><value>0.0049</value></incidence><incidence><age>79</age><sex>1</sex><value>0.0033391</value></incidence><incidence><age>80</age><sex>0</sex><value>0.005093</value></incidence><incidence><age>80</age><sex>1</sex><value>0.0034489</value></incidence><incidence><age>81</age><sex>0</sex><value>0.005257</value></incidence><incidence><age>81</age><sex>1</sex><value>0.0035463</value></incidence><incidence><age>82</age><sex>0</sex><value>0.005379</value></incidence><incidence><age>82</age><sex>1</sex><value>0.0036276</value></incidence><incidence><age>83</age><sex>0</sex><value>0.005451</value></incidence><incidence><age>83</age><sex>1</sex><value>0.0036905</value></incidence><incidence><age>84</age><sex>0</sex><value>0.005482</value></incidence><incidence><age>84</age><sex>1</sex><value>0.0037368</value></incidence><incidence><age>85</age><sex>0</sex><value>0.005484</value></incidence><incidence><age>85</age><sex>1</sex><value>0.0037695</value></incidence><incidence><age>86</age><sex>0</sex><value>0.00547</value></incidence><incidence><age>86</age><sex>1</sex><value>0.0037915</value></incidence><incidence><age>87</age><sex>0</sex><value>0.005453</value></incidence><incidence><age>87</age><sex>1</sex><value>0.0038058</value></incidence><incidence><age>88</age><sex>0</sex><value>0.005442</value></incidence><incidence><age>88</age><sex>1</sex><value>0.003815</value></incidence><incidence><age>89</age><sex>0</sex><value>0.005437</value></incidence><incidence><age>89</age><sex>1</sex><value>0.0038204</value></incidence><incidence><age>90</age><sex>0</sex><value>0.005438</value></incidence><incidence><age>90</age><sex>1</sex><value>0.0038229</value></incidence><incidence><age>91</age><sex>0</sex><value>0.005442</value></incidence><incidence><age>91</age><sex>1</sex><value>0.0038235</value></incidence><incidence><age>92</age><sex>0</sex><value>0.005447</value></incidence><incidence><age>92</age><sex>1</sex><value>0.0038231</value></incidence><incidence><age>93</age><sex>0</sex><value>0.005451</value></incidence><incidence><age>93</age><sex>1</sex><value>0.0038225</value></incidence><incidence><age>94</age><sex>0</sex><value>0.005455</value></incidence><incidence><age>94</age><sex>1</sex><value>0.0038219</value></incidence><incidence><age>95</age><sex>0</sex><value>0.00546</value></incidence><incidence><age>95</age><sex>1</sex><value>0.0038206</value></incidence></diseaseincidences>