<?xml version="1.0"?><excessmortality><unittype>Rate</unittype><parametertype>Acutely Fatal</parametertype><mortalities><mortality><age>0</age><sex>0</sex><unit>0.0</unit><acutelyfatal>0.0</acutelyfatal><curedfraction>0.0</curedfraction></mortality><mortality><age>0</age><sex>1</sex><unit>0.0</unit><acutelyfatal>0.0</acutelyfatal><curedfraction>0.0</curedfraction></mortality><mortality><age>1</age><sex>0</sex><unit>0.0</unit><acutelyfatal>0.0</acutelyfatal><curedfraction>0.0</curedfraction></mortality><mortality><age>1</age><sex>1</sex><unit>0.0</unit><acutelyfatal>0.0</acutelyfatal><curedfraction>0.0</curedfraction></mortality><mortality><age>2</age><sex>0</sex><unit>0.0</unit><acutelyfatal>0.0</acutelyfatal><curedfraction>0.0</curedfraction></mortality><mortality><age>2</age><sex>1</sex><unit>0.0</unit><acutelyfatal>0.0</acutelyfatal><curedfraction>0.0</curedfraction></mortality><mortality><age>3</age><sex>0</sex><unit>0.0</unit><acutelyfatal>0.0</acutelyfatal><curedfraction>0.0</curedfraction></mortality><mortality><age>3</age><sex>1</sex><unit>0.0</unit><acutelyfatal>0.0</acutelyfatal><curedfraction>0.0</curedfraction></mortality><mortality><age>4</age><sex>0</sex><unit>0.0</unit><acutelyfatal>0.0</acutelyfatal><curedfraction>0.0</curedfraction></mortality><mortality><age>4</age><sex>1</sex><unit>0.0</unit><acutelyfatal>0.0</acutelyfatal><curedfraction>0.0</curedfraction></mortality><mortality><age>5</age><sex>0</sex><unit>0.0</unit><acutelyfatal>0.0</acutelyfatal><curedfraction>0.0</curedfraction></mortality><mortality><age>5</age><sex>1</sex><unit>0.0</unit><acutelyfatal>0.0</acutelyfatal><curedfraction>0.0</curedfraction></mortality><mortality><age>6</age><sex>0</sex><unit>0.0</unit><acutelyfatal>0.0</acutelyfatal><curedfraction>0.0</curedfraction></mortality><mortality><age>6</age><sex>1</sex><unit>0.0</unit><acutelyfatal>0.0</acutelyfatal><curedfraction>0.0</curedfraction></mortality><mortality><age>7</age><sex>0</sex><unit>0.0</unit><acutelyfatal>0.0</acutelyfatal><curedfraction>0.0</curedfraction></mortality><mortality><age>7</age><sex>1</sex><unit>0.0</unit><acutelyfatal>0.0</acutelyfatal><curedfraction>0.0</curedfraction></mortality><mortality><age>8</age><sex>0</sex><unit>0.0</unit><acutelyfatal>0.0</acutelyfatal><curedfraction>0.0</curedfraction></mortality><mortality><age>8</age><sex>1</sex><unit>0.0</unit><acutelyfatal>0.0</acutelyfatal><curedfraction>0.0</curedfraction></mortality><mortality><age>9</age><sex>0</sex><unit>0.0</unit><acutelyfatal>0.0</acutelyfatal><curedfraction>0.0</curedfraction></mortality><mortality><age>9</age><sex>1</sex><unit>0.0</unit><acutelyfatal>0.0</acutelyfatal><curedfraction>0.0</curedfraction></mortality><mortality><age>10</age><sex>0</sex><unit>0.0</unit><acutelyfatal>0.0</acutelyfatal><curedfraction>0.0</curedfraction></mortality><mortality><age>10</age><sex>1</sex><unit>0.0</unit><acutelyfatal>0.0</acutelyfatal><curedfraction>0.0</curedfraction></mortality><mortality><age>11</age><sex>0</sex><unit>0.0</unit><acutelyfatal>0.0</acutelyfatal><curedfraction>0.0</curedfraction></mortality><mortality><age>11</age><sex>1</sex><unit>0.0</unit><acutelyfatal>0.0</acutelyfatal><curedfraction>0.0</curedfraction></mortality><mortality><age>12</age><sex>0</sex><unit>0.0</unit><acutelyfatal>0.0</acutelyfatal><curedfraction>0.0</curedfraction></mortality><mortality><age>12</age><sex>1</sex><unit>0.0</unit><acutelyfatal>0.0</acutelyfatal><curedfraction>0.0</curedfraction></mortality><mortality><age>13</age><sex>0</sex><unit>0.0</unit><acutelyfatal>0.0</acutelyfatal><curedfraction>0.0</curedfraction></mortality><mortality><age>13</age><sex>1</sex><unit>0.0</unit><acutelyfatal>0.0</acutelyfatal><curedfraction>0.0</curedfraction></mortality><mortality><age>14</age><sex>0</sex><unit>0.0</unit><acutelyfatal>0.0</acutelyfatal><curedfraction>0.0</curedfraction></mortality><mortality><age>14</age><sex>1</sex><unit>0.0</unit><acutelyfatal>0.0</acutelyfatal><curedfraction>0.0</curedfraction></mortality><mortality><age>15</age><sex>0</sex><unit>0.0</unit><acutelyfatal>0.0</acutelyfatal><curedfraction>0.0</curedfraction></mortality><mortality><age>15</age><sex>1</sex><unit>0.007679</unit><acutelyfatal>0.0</acutelyfatal><curedfraction>0.0</curedfraction></mortality><mortality><age>16</age><sex>0</sex><unit>0.0026774</unit><acutelyfatal>0.0</acutelyfatal><curedfraction>0.0</curedfraction></mortality><mortality><age>16</age><sex>1</sex><unit>0.003808</unit><acutelyfatal>0.0</acutelyfatal><curedfraction>0.0</curedfraction></mortality><mortality><age>17</age><sex>0</sex><unit>0.00956</unit><acutelyfatal>0.0</acutelyfatal><curedfraction>0.0</curedfraction></mortality><mortality><age>17</age><sex>1</sex><unit>0.0</unit><acutelyfatal>0.0</acutelyfatal><curedfraction>0.0</curedfraction></mortality><mortality><age>18</age><sex>0</sex><unit>0.0204611</unit><acutelyfatal>0.0</acutelyfatal><curedfraction>0.0</curedfraction></mortality><mortality><age>18</age><sex>1</sex><unit>0.0</unit><acutelyfatal>0.0</acutelyfatal><curedfraction>0.0</curedfraction></mortality><mortality><age>19</age><sex>0</sex><unit>0.0337782</unit><acutelyfatal>0.0</acutelyfatal><curedfraction>0.0</curedfraction></mortality><mortality><age>19</age><sex>1</sex><unit>0.0</unit><acutelyfatal>0.0</acutelyfatal><curedfraction>0.0</curedfraction></mortality><mortality><age>20</age><sex>0</sex><unit>0.047382</unit><acutelyfatal>0.0</acutelyfatal><curedfraction>0.0</curedfraction></mortality><mortality><age>20</age><sex>1</sex><unit>0.0</unit><acutelyfatal>0.0</acutelyfatal><curedfraction>0.0</curedfraction></mortality><mortality><age>21</age><sex>0</sex><unit>0.0591433</unit><acutelyfatal>0.0</acutelyfatal><curedfraction>0.0</curedfraction></mortality><mortality><age>21</age><sex>1</sex><unit>0.00183</unit><acutelyfatal>0.0</acutelyfatal><curedfraction>0.0</curedfraction></mortality><mortality><age>22</age><sex>0</sex><unit>0.0669328</unit><acutelyfatal>0.0</acutelyfatal><curedfraction>0.0</curedfraction></mortality><mortality><age>22</age><sex>1</sex><unit>0.006008</unit><acutelyfatal>0.0</acutelyfatal><curedfraction>0.0</curedfraction></mortality><mortality><age>23</age><sex>0</sex><unit>0.0693637</unit><acutelyfatal>0.0</acutelyfatal><curedfraction>0.0</curedfraction></mortality><mortality><age>23</age><sex>1</sex><unit>0.011469</unit><acutelyfatal>0.0</acutelyfatal><curedfraction>0.0</curedfraction></mortality><mortality><age>24</age><sex>0</sex><unit>0.068019</unit><acutelyfatal>0.0</acutelyfatal><curedfraction>0.0</curedfraction></mortality><mortality><age>24</age><sex>1</sex><unit>0.018818</unit><acutelyfatal>0.0</acutelyfatal><curedfraction>0.0</curedfraction></mortality><mortality><age>25</age><sex>0</sex><unit>0.0652237</unit><acutelyfatal>0.0</acutelyfatal><curedfraction>0.0</curedfraction></mortality><mortality><age>25</age><sex>1</sex><unit>0.028812</unit><acutelyfatal>0.0</acutelyfatal><curedfraction>0.0</curedfraction></mortality><mortality><age>26</age><sex>0</sex><unit>0.0633033</unit><acutelyfatal>0.0</acutelyfatal><curedfraction>0.0</curedfraction></mortality><mortality><age>26</age><sex>1</sex><unit>0.042214</unit><acutelyfatal>0.0</acutelyfatal><curedfraction>0.0</curedfraction></mortality><mortality><age>27</age><sex>0</sex><unit>0.0645828</unit><acutelyfatal>0.0</acutelyfatal><curedfraction>0.0</curedfraction></mortality><mortality><age>27</age><sex>1</sex><unit>0.059783</unit><acutelyfatal>0.0</acutelyfatal><curedfraction>0.0</curedfraction></mortality><mortality><age>28</age><sex>0</sex><unit>0.0706916</unit><acutelyfatal>0.0</acutelyfatal><curedfraction>0.0</curedfraction></mortality><mortality><age>28</age><sex>1</sex><unit>0.081633</unit><acutelyfatal>0.0</acutelyfatal><curedfraction>0.0</curedfraction></mortality><mortality><age>29</age><sex>0</sex><unit>0.0804749</unit><acutelyfatal>0.0</acutelyfatal><curedfraction>0.0</curedfraction></mortality><mortality><age>29</age><sex>1</sex><unit>0.105292</unit><acutelyfatal>0.0</acutelyfatal><curedfraction>0.0</curedfraction></mortality><mortality><age>30</age><sex>0</sex><unit>0.0920819</unit><acutelyfatal>0.0</acutelyfatal><curedfraction>0.0</curedfraction></mortality><mortality><age>30</age><sex>1</sex><unit>0.127644</unit><acutelyfatal>0.0</acutelyfatal><curedfraction>0.0</curedfraction></mortality><mortality><age>31</age><sex>0</sex><unit>0.1036619</unit><acutelyfatal>0.0</acutelyfatal><curedfraction>0.0</curedfraction></mortality><mortality><age>31</age><sex>1</sex><unit>0.145572</unit><acutelyfatal>0.0</acutelyfatal><curedfraction>0.0</curedfraction></mortality><mortality><age>32</age><sex>0</sex><unit>0.1133641</unit><acutelyfatal>0.0</acutelyfatal><curedfraction>0.0</curedfraction></mortality><mortality><age>32</age><sex>1</sex><unit>0.155958</unit><acutelyfatal>0.0</acutelyfatal><curedfraction>0.0</curedfraction></mortality><mortality><age>33</age><sex>0</sex><unit>0.1197327</unit><acutelyfatal>0.0</acutelyfatal><curedfraction>0.0</curedfraction></mortality><mortality><age>33</age><sex>1</sex><unit>0.156667</unit><acutelyfatal>0.0</acutelyfatal><curedfraction>0.0</curedfraction></mortality><mortality><age>34</age><sex>0</sex><unit>0.1228922</unit><acutelyfatal>0.0</acutelyfatal><curedfraction>0.0</curedfraction></mortality><mortality><age>34</age><sex>1</sex><unit>0.149483</unit><acutelyfatal>0.0</acutelyfatal><curedfraction>0.0</curedfraction></mortality><mortality><age>35</age><sex>0</sex><unit>0.123362</unit><acutelyfatal>0.0</acutelyfatal><curedfraction>0.0</curedfraction></mortality><mortality><age>35</age><sex>1</sex><unit>0.137173</unit><acutelyfatal>0.0</acutelyfatal><curedfraction>0.0</curedfraction></mortality><mortality><age>36</age><sex>0</sex><unit>0.1216616</unit><acutelyfatal>0.0</acutelyfatal><curedfraction>0.0</curedfraction></mortality><mortality><age>36</age><sex>1</sex><unit>0.122504</unit><acutelyfatal>0.0</acutelyfatal><curedfraction>0.0</curedfraction></mortality><mortality><age>37</age><sex>0</sex><unit>0.1183104</unit><acutelyfatal>0.0</acutelyfatal><curedfraction>0.0</curedfraction></mortality><mortality><age>37</age><sex>1</sex><unit>0.108242</unit><acutelyfatal>0.0</acutelyfatal><curedfraction>0.0</curedfraction></mortality><mortality><age>38</age><sex>0</sex><unit>0.1138205</unit><acutelyfatal>0.0</acutelyfatal><curedfraction>0.0</curedfraction></mortality><mortality><age>38</age><sex>1</sex><unit>0.096652</unit><acutelyfatal>0.0</acutelyfatal><curedfraction>0.0</curedfraction></mortality><mortality><age>39</age><sex>0</sex><unit>0.1086741</unit><acutelyfatal>0.0</acutelyfatal><curedfraction>0.0</curedfraction></mortality><mortality><age>39</age><sex>1</sex><unit>0.087992</unit><acutelyfatal>0.0</acutelyfatal><curedfraction>0.0</curedfraction></mortality><mortality><age>40</age><sex>0</sex><unit>0.1033459</unit><acutelyfatal>0.0</acutelyfatal><curedfraction>0.0</curedfraction></mortality><mortality><age>40</age><sex>1</sex><unit>0.082021</unit><acutelyfatal>0.0</acutelyfatal><curedfraction>0.0</curedfraction></mortality><mortality><age>41</age><sex>0</sex><unit>0.0983106</unit><acutelyfatal>0.0</acutelyfatal><curedfraction>0.0</curedfraction></mortality><mortality><age>41</age><sex>1</sex><unit>0.078496</unit><acutelyfatal>0.0</acutelyfatal><curedfraction>0.0</curedfraction></mortality><mortality><age>42</age><sex>0</sex><unit>0.094043</unit><acutelyfatal>0.0</acutelyfatal><curedfraction>0.0</curedfraction></mortality><mortality><age>42</age><sex>1</sex><unit>0.077174</unit><acutelyfatal>0.0</acutelyfatal><curedfraction>0.0</curedfraction></mortality><mortality><age>43</age><sex>0</sex><unit>0.0909315</unit><acutelyfatal>0.0</acutelyfatal><curedfraction>0.0</curedfraction></mortality><mortality><age>43</age><sex>1</sex><unit>0.077765</unit><acutelyfatal>0.0</acutelyfatal><curedfraction>0.0</curedfraction></mortality><mortality><age>44</age><sex>0</sex><unit>0.0890182</unit><acutelyfatal>0.0</acutelyfatal><curedfraction>0.0</curedfraction></mortality><mortality><age>44</age><sex>1</sex><unit>0.079793</unit><acutelyfatal>0.0</acutelyfatal><curedfraction>0.0</curedfraction></mortality><mortality><age>45</age><sex>0</sex><unit>0.0882593</unit><acutelyfatal>0.0</acutelyfatal><curedfraction>0.0</curedfraction></mortality><mortality><age>45</age><sex>1</sex><unit>0.082735</unit><acutelyfatal>0.0</acutelyfatal><curedfraction>0.0</curedfraction></mortality><mortality><age>46</age><sex>0</sex><unit>0.0886104</unit><acutelyfatal>0.0</acutelyfatal><curedfraction>0.0</curedfraction></mortality><mortality><age>46</age><sex>1</sex><unit>0.086065</unit><acutelyfatal>0.0</acutelyfatal><curedfraction>0.0</curedfraction></mortality><mortality><age>47</age><sex>0</sex><unit>0.0900276</unit><acutelyfatal>0.0</acutelyfatal><curedfraction>0.0</curedfraction></mortality><mortality><age>47</age><sex>1</sex><unit>0.089261</unit><acutelyfatal>0.0</acutelyfatal><curedfraction>0.0</curedfraction></mortality><mortality><age>48</age><sex>0</sex><unit>0.0924202</unit><acutelyfatal>0.0</acutelyfatal><curedfraction>0.0</curedfraction></mortality><mortality><age>48</age><sex>1</sex><unit>0.091881</unit><acutelyfatal>0.0</acutelyfatal><curedfraction>0.0</curedfraction></mortality><mortality><age>49</age><sex>0</sex><unit>0.0955121</unit><acutelyfatal>0.0</acutelyfatal><curedfraction>0.0</curedfraction></mortality><mortality><age>49</age><sex>1</sex><unit>0.093814</unit><acutelyfatal>0.0</acutelyfatal><curedfraction>0.0</curedfraction></mortality><mortality><age>50</age><sex>0</sex><unit>0.0989806</unit><acutelyfatal>0.0</acutelyfatal><curedfraction>0.0</curedfraction></mortality><mortality><age>50</age><sex>1</sex><unit>0.09503</unit><acutelyfatal>0.0</acutelyfatal><curedfraction>0.0</curedfraction></mortality><mortality><age>51</age><sex>0</sex><unit>0.102503</unit><acutelyfatal>0.0</acutelyfatal><curedfraction>0.0</curedfraction></mortality><mortality><age>51</age><sex>1</sex><unit>0.0955</unit><acutelyfatal>0.0</acutelyfatal><curedfraction>0.0</curedfraction></mortality><mortality><age>52</age><sex>0</sex><unit>0.1057568</unit><acutelyfatal>0.0</acutelyfatal><curedfraction>0.0</curedfraction></mortality><mortality><age>52</age><sex>1</sex><unit>0.095195</unit><acutelyfatal>0.0</acutelyfatal><curedfraction>0.0</curedfraction></mortality><mortality><age>53</age><sex>0</sex><unit>0.1084529</unit><acutelyfatal>0.0</acutelyfatal><curedfraction>0.0</curedfraction></mortality><mortality><age>53</age><sex>1</sex><unit>0.094117</unit><acutelyfatal>0.0</acutelyfatal><curedfraction>0.0</curedfraction></mortality><mortality><age>54</age><sex>0</sex><unit>0.1104361</unit><acutelyfatal>0.0</acutelyfatal><curedfraction>0.0</curedfraction></mortality><mortality><age>54</age><sex>1</sex><unit>0.0924</unit><acutelyfatal>0.0</acutelyfatal><curedfraction>0.0</curedfraction></mortality><mortality><age>55</age><sex>0</sex><unit>0.1115853</unit><acutelyfatal>0.0</acutelyfatal><curedfraction>0.0</curedfraction></mortality><mortality><age>55</age><sex>1</sex><unit>0.090206</unit><acutelyfatal>0.0</acutelyfatal><curedfraction>0.0</curedfraction></mortality><mortality><age>56</age><sex>0</sex><unit>0.111779</unit><acutelyfatal>0.0</acutelyfatal><curedfraction>0.0</curedfraction></mortality><mortality><age>56</age><sex>1</sex><unit>0.087699</unit><acutelyfatal>0.0</acutelyfatal><curedfraction>0.0</curedfraction></mortality><mortality><age>57</age><sex>0</sex><unit>0.1108958</unit><acutelyfatal>0.0</acutelyfatal><curedfraction>0.0</curedfraction></mortality><mortality><age>57</age><sex>1</sex><unit>0.085043</unit><acutelyfatal>0.0</acutelyfatal><curedfraction>0.0</curedfraction></mortality><mortality><age>58</age><sex>0</sex><unit>0.1088908</unit><acutelyfatal>0.0</acutelyfatal><curedfraction>0.0</curedfraction></mortality><mortality><age>58</age><sex>1</sex><unit>0.082425</unit><acutelyfatal>0.0</acutelyfatal><curedfraction>0.0</curedfraction></mortality><mortality><age>59</age><sex>0</sex><unit>0.106026</unit><acutelyfatal>0.0</acutelyfatal><curedfraction>0.0</curedfraction></mortality><mortality><age>59</age><sex>1</sex><unit>0.08012</unit><acutelyfatal>0.0</acutelyfatal><curedfraction>0.0</curedfraction></mortality><mortality><age>60</age><sex>0</sex><unit>0.1026395</unit><acutelyfatal>0.0</acutelyfatal><curedfraction>0.0</curedfraction></mortality><mortality><age>60</age><sex>1</sex><unit>0.078425</unit><acutelyfatal>0.0</acutelyfatal><curedfraction>0.0</curedfraction></mortality><mortality><age>61</age><sex>0</sex><unit>0.0990699</unit><acutelyfatal>0.0</acutelyfatal><curedfraction>0.0</curedfraction></mortality><mortality><age>61</age><sex>1</sex><unit>0.077638</unit><acutelyfatal>0.0</acutelyfatal><curedfraction>0.0</curedfraction></mortality><mortality><age>62</age><sex>0</sex><unit>0.0956554</unit><acutelyfatal>0.0</acutelyfatal><curedfraction>0.0</curedfraction></mortality><mortality><age>62</age><sex>1</sex><unit>0.078056</unit><acutelyfatal>0.0</acutelyfatal><curedfraction>0.0</curedfraction></mortality><mortality><age>63</age><sex>0</sex><unit>0.0926957</unit><acutelyfatal>0.0</acutelyfatal><curedfraction>0.0</curedfraction></mortality><mortality><age>63</age><sex>1</sex><unit>0.079852</unit><acutelyfatal>0.0</acutelyfatal><curedfraction>0.0</curedfraction></mortality><mortality><age>64</age><sex>0</sex><unit>0.0903365</unit><acutelyfatal>0.0</acutelyfatal><curedfraction>0.0</curedfraction></mortality><mortality><age>64</age><sex>1</sex><unit>0.082693</unit><acutelyfatal>0.0</acutelyfatal><curedfraction>0.0</curedfraction></mortality><mortality><age>65</age><sex>0</sex><unit>0.0886843</unit><acutelyfatal>0.0</acutelyfatal><curedfraction>0.0</curedfraction></mortality><mortality><age>65</age><sex>1</sex><unit>0.08612</unit><acutelyfatal>0.0</acutelyfatal><curedfraction>0.0</curedfraction></mortality><mortality><age>66</age><sex>0</sex><unit>0.0878462</unit><acutelyfatal>0.0</acutelyfatal><curedfraction>0.0</curedfraction></mortality><mortality><age>66</age><sex>1</sex><unit>0.089674</unit><acutelyfatal>0.0</acutelyfatal><curedfraction>0.0</curedfraction></mortality><mortality><age>67</age><sex>0</sex><unit>0.0879288</unit><acutelyfatal>0.0</acutelyfatal><curedfraction>0.0</curedfraction></mortality><mortality><age>67</age><sex>1</sex><unit>0.092899</unit><acutelyfatal>0.0</acutelyfatal><curedfraction>0.0</curedfraction></mortality><mortality><age>68</age><sex>0</sex><unit>0.0889682</unit><acutelyfatal>0.0</acutelyfatal><curedfraction>0.0</curedfraction></mortality><mortality><age>68</age><sex>1</sex><unit>0.095418</unit><acutelyfatal>0.0</acutelyfatal><curedfraction>0.0</curedfraction></mortality><mortality><age>69</age><sex>0</sex><unit>0.0907173</unit><acutelyfatal>0.0</acutelyfatal><curedfraction>0.0</curedfraction></mortality><mortality><age>69</age><sex>1</sex><unit>0.097193</unit><acutelyfatal>0.0</acutelyfatal><curedfraction>0.0</curedfraction></mortality><mortality><age>70</age><sex>0</sex><unit>0.092858</unit><acutelyfatal>0.0</acutelyfatal><curedfraction>0.0</curedfraction></mortality><mortality><age>70</age><sex>1</sex><unit>0.098266</unit><acutelyfatal>0.0</acutelyfatal><curedfraction>0.0</curedfraction></mortality><mortality><age>71</age><sex>0</sex><unit>0.0950722</unit><acutelyfatal>0.0</acutelyfatal><curedfraction>0.0</curedfraction></mortality><mortality><age>71</age><sex>1</sex><unit>0.098684</unit><acutelyfatal>0.0</acutelyfatal><curedfraction>0.0</curedfraction></mortality><mortality><age>72</age><sex>0</sex><unit>0.0970422</unit><acutelyfatal>0.0</acutelyfatal><curedfraction>0.0</curedfraction></mortality><mortality><age>72</age><sex>1</sex><unit>0.098489</unit><acutelyfatal>0.0</acutelyfatal><curedfraction>0.0</curedfraction></mortality><mortality><age>73</age><sex>0</sex><unit>0.0985337</unit><acutelyfatal>0.0</acutelyfatal><curedfraction>0.0</curedfraction></mortality><mortality><age>73</age><sex>1</sex><unit>0.097755</unit><acutelyfatal>0.0</acutelyfatal><curedfraction>0.0</curedfraction></mortality><mortality><age>74</age><sex>0</sex><unit>0.099649</unit><acutelyfatal>0.0</acutelyfatal><curedfraction>0.0</curedfraction></mortality><mortality><age>74</age><sex>1</sex><unit>0.096673</unit><acutelyfatal>0.0</acutelyfatal><curedfraction>0.0</curedfraction></mortality><mortality><age>75</age><sex>0</sex><unit>0.1005743</unit><acutelyfatal>0.0</acutelyfatal><curedfraction>0.0</curedfraction></mortality><mortality><age>75</age><sex>1</sex><unit>0.095465</unit><acutelyfatal>0.0</acutelyfatal><curedfraction>0.0</curedfraction></mortality><mortality><age>76</age><sex>0</sex><unit>0.1014957</unit><acutelyfatal>0.0</acutelyfatal><curedfraction>0.0</curedfraction></mortality><mortality><age>76</age><sex>1</sex><unit>0.094352</unit><acutelyfatal>0.0</acutelyfatal><curedfraction>0.0</curedfraction></mortality><mortality><age>77</age><sex>0</sex><unit>0.1025992</unit><acutelyfatal>0.0</acutelyfatal><curedfraction>0.0</curedfraction></mortality><mortality><age>77</age><sex>1</sex><unit>0.093553</unit><acutelyfatal>0.0</acutelyfatal><curedfraction>0.0</curedfraction></mortality><mortality><age>78</age><sex>0</sex><unit>0.1040224</unit><acutelyfatal>0.0</acutelyfatal><curedfraction>0.0</curedfraction></mortality><mortality><age>78</age><sex>1</sex><unit>0.093286</unit><acutelyfatal>0.0</acutelyfatal><curedfraction>0.0</curedfraction></mortality><mortality><age>79</age><sex>0</sex><unit>0.1057073</unit><acutelyfatal>0.0</acutelyfatal><curedfraction>0.0</curedfraction></mortality><mortality><age>79</age><sex>1</sex><unit>0.093754</unit><acutelyfatal>0.0</acutelyfatal><curedfraction>0.0</curedfraction></mortality><mortality><age>80</age><sex>0</sex><unit>0.1075474</unit><acutelyfatal>0.0</acutelyfatal><curedfraction>0.0</curedfraction></mortality><mortality><age>80</age><sex>1</sex><unit>0.095156</unit><acutelyfatal>0.0</acutelyfatal><curedfraction>0.0</curedfraction></mortality><mortality><age>81</age><sex>0</sex><unit>0.1094359</unit><acutelyfatal>0.0</acutelyfatal><curedfraction>0.0</curedfraction></mortality><mortality><age>81</age><sex>1</sex><unit>0.097691</unit><acutelyfatal>0.0</acutelyfatal><curedfraction>0.0</curedfraction></mortality><mortality><age>82</age><sex>0</sex><unit>0.1112663</unit><acutelyfatal>0.0</acutelyfatal><curedfraction>0.0</curedfraction></mortality><mortality><age>82</age><sex>1</sex><unit>0.101558</unit><acutelyfatal>0.0</acutelyfatal><curedfraction>0.0</curedfraction></mortality><mortality><age>83</age><sex>0</sex><unit>0.1129337</unit><acutelyfatal>0.0</acutelyfatal><curedfraction>0.0</curedfraction></mortality><mortality><age>83</age><sex>1</sex><unit>0.106809</unit><acutelyfatal>0.0</acutelyfatal><curedfraction>0.0</curedfraction></mortality><mortality><age>84</age><sex>0</sex><unit>0.1143409</unit><acutelyfatal>0.0</acutelyfatal><curedfraction>0.0</curedfraction></mortality><mortality><age>84</age><sex>1</sex><unit>0.112915</unit><acutelyfatal>0.0</acutelyfatal><curedfraction>0.0</curedfraction></mortality><mortality><age>85</age><sex>0</sex><unit>0.1153923</unit><acutelyfatal>0.0</acutelyfatal><curedfraction>0.0</curedfraction></mortality><mortality><age>85</age><sex>1</sex><unit>0.119199</unit><acutelyfatal>0.0</acutelyfatal><curedfraction>0.0</curedfraction></mortality><mortality><age>86</age><sex>0</sex><unit>0.1159925</unit><acutelyfatal>0.0</acutelyfatal><curedfraction>0.0</curedfraction></mortality><mortality><age>86</age><sex>1</sex><unit>0.124984</unit><acutelyfatal>0.0</acutelyfatal><curedfraction>0.0</curedfraction></mortality><mortality><age>87</age><sex>0</sex><unit>0.1160459</unit><acutelyfatal>0.0</acutelyfatal><curedfraction>0.0</curedfraction></mortality><mortality><age>87</age><sex>1</sex><unit>0.129593</unit><acutelyfatal>0.0</acutelyfatal><curedfraction>0.0</curedfraction></mortality><mortality><age>88</age><sex>0</sex><unit>0.1154926</unit><acutelyfatal>0.0</acutelyfatal><curedfraction>0.0</curedfraction></mortality><mortality><age>88</age><sex>1</sex><unit>0.132529</unit><acutelyfatal>0.0</acutelyfatal><curedfraction>0.0</curedfraction></mortality><mortality><age>89</age><sex>0</sex><unit>0.114414</unit><acutelyfatal>0.0</acutelyfatal><curedfraction>0.0</curedfraction></mortality><mortality><age>89</age><sex>1</sex><unit>0.134011</unit><acutelyfatal>0.0</acutelyfatal><curedfraction>0.0</curedfraction></mortality><mortality><age>90</age><sex>0</sex><unit>0.1129272</unit><acutelyfatal>0.0</acutelyfatal><curedfraction>0.0</curedfraction></mortality><mortality><age>90</age><sex>1</sex><unit>0.134436</unit><acutelyfatal>0.0</acutelyfatal><curedfraction>0.0</curedfraction></mortality><mortality><age>91</age><sex>0</sex><unit>0.111149</unit><acutelyfatal>0.0</acutelyfatal><curedfraction>0.0</curedfraction></mortality><mortality><age>91</age><sex>1</sex><unit>0.134202</unit><acutelyfatal>0.0</acutelyfatal><curedfraction>0.0</curedfraction></mortality><mortality><age>92</age><sex>0</sex><unit>0.1091966</unit><acutelyfatal>0.0</acutelyfatal><curedfraction>0.0</curedfraction></mortality><mortality><age>92</age><sex>1</sex><unit>0.133706</unit><acutelyfatal>0.0</acutelyfatal><curedfraction>0.0</curedfraction></mortality><mortality><age>93</age><sex>0</sex><unit>0.1071792</unit><acutelyfatal>0.0</acutelyfatal><curedfraction>0.0</curedfraction></mortality><mortality><age>93</age><sex>1</sex><unit>0.13328</unit><acutelyfatal>0.0</acutelyfatal><curedfraction>0.0</curedfraction></mortality><mortality><age>94</age><sex>0</sex><unit>0.1051766</unit><acutelyfatal>0.0</acutelyfatal><curedfraction>0.0</curedfraction></mortality><mortality><age>94</age><sex>1</sex><unit>0.132982</unit><acutelyfatal>0.0</acutelyfatal><curedfraction>0.0</curedfraction></mortality><mortality><age>95</age><sex>0</sex><unit>0.1009072</unit><acutelyfatal>0.0</acutelyfatal><curedfraction>0.0</curedfraction></mortality><mortality><age>95</age><sex>1</sex><unit>0.132936</unit><acutelyfatal>0.0</acutelyfatal><curedfraction>0.0</curedfraction></mortality></mortalities></excessmortality>