<?xml version="1.0" encoding="UTF-8" standalone="no"?><attributableMortalities><attributableMortality><age>0</age><sex>0</sex><value>0.0</value></attributableMortality><attributableMortality><age>0</age><sex>1</sex><value>0.0</value></attributableMortality><attributableMortality><age>1</age><sex>0</sex><value>0.0</value></attributableMortality><attributableMortality><age>1</age><sex>1</sex><value>0.0</value></attributableMortality><attributableMortality><age>2</age><sex>0</sex><value>0.0</value></attributableMortality><attributableMortality><age>2</age><sex>1</sex><value>0.0</value></attributableMortality><attributableMortality><age>3</age><sex>0</sex><value>0.0</value></attributableMortality><attributableMortality><age>3</age><sex>1</sex><value>0.0</value></attributableMortality><attributableMortality><age>4</age><sex>0</sex><value>0.0</value></attributableMortality><attributableMortality><age>4</age><sex>1</sex><value>0.0</value></attributableMortality><attributableMortality><age>5</age><sex>0</sex><value>0.0</value></attributableMortality><attributableMortality><age>5</age><sex>1</sex><value>0.0</value></attributableMortality><attributableMortality><age>6</age><sex>0</sex><value>0.0</value></attributableMortality><attributableMortality><age>6</age><sex>1</sex><value>0.0</value></attributableMortality><attributableMortality><age>7</age><sex>0</sex><value>0.0</value></attributableMortality><attributableMortality><age>7</age><sex>1</sex><value>0.0</value></attributableMortality><attributableMortality><age>8</age><sex>0</sex><value>0.0</value></attributableMortality><attributableMortality><age>8</age><sex>1</sex><value>0.0</value></attributableMortality><attributableMortality><age>9</age><sex>0</sex><value>0.0</value></attributableMortality><attributableMortality><age>9</age><sex>1</sex><value>0.0</value></attributableMortality><attributableMortality><age>10</age><sex>0</sex><value>0.0</value></attributableMortality><attributableMortality><age>10</age><sex>1</sex><value>0.0</value></attributableMortality><attributableMortality><age>11</age><sex>0</sex><value>0.0</value></attributableMortality><attributableMortality><age>11</age><sex>1</sex><value>0.0</value></attributableMortality><attributableMortality><age>12</age><sex>0</sex><value>0.0</value></attributableMortality><attributableMortality><age>12</age><sex>1</sex><value>0.0</value></attributableMortality><attributableMortality><age>13</age><sex>0</sex><value>0.0</value></attributableMortality><attributableMortality><age>13</age><sex>1</sex><value>0.0</value></attributableMortality><attributableMortality><age>14</age><sex>0</sex><value>0.0</value></attributableMortality><attributableMortality><age>14</age><sex>1</sex><value>0.0</value></attributableMortality><attributableMortality><age>15</age><sex>0</sex><value>0.0</value></attributableMortality><attributableMortality><age>15</age><sex>1</sex><value>0.0</value></attributableMortality><attributableMortality><age>16</age><sex>0</sex><value>0.0</value></attributableMortality><attributableMortality><age>16</age><sex>1</sex><value>0.0</value></attributableMortality><attributableMortality><age>17</age><sex>0</sex><value>0.0</value></attributableMortality><attributableMortality><age>17</age><sex>1</sex><value>0.0</value></attributableMortality><attributableMortality><age>18</age><sex>0</sex><value>0.0</value></attributableMortality><attributableMortality><age>18</age><sex>1</sex><value>0.0</value></attributableMortality><attributableMortality><age>19</age><sex>0</sex><value>0.0</value></attributableMortality><attributableMortality><age>19</age><sex>1</sex><value>0.0</value></attributableMortality><attributableMortality><age>20</age><sex>0</sex><value>0.0</value></attributableMortality><attributableMortality><age>20</age><sex>1</sex><value>0.0</value></attributableMortality><attributableMortality><age>21</age><sex>0</sex><value>0.0</value></attributableMortality><attributableMortality><age>21</age><sex>1</sex><value>0.0</value></attributableMortality><attributableMortality><age>22</age><sex>0</sex><value>0.0</value></attributableMortality><attributableMortality><age>22</age><sex>1</sex><value>0.0</value></attributableMortality><attributableMortality><age>23</age><sex>0</sex><value>0.0</value></attributableMortality><attributableMortality><age>23</age><sex>1</sex><value>0.0</value></attributableMortality><attributableMortality><age>24</age><sex>0</sex><value>0.0</value></attributableMortality><attributableMortality><age>24</age><sex>1</sex><value>0.0</value></attributableMortality><attributableMortality><age>25</age><sex>0</sex><value>0.0</value></attributableMortality><attributableMortality><age>25</age><sex>1</sex><value>0.0</value></attributableMortality><attributableMortality><age>26</age><sex>0</sex><value>0.0</value></attributableMortality><attributableMortality><age>26</age><sex>1</sex><value>0.0</value></attributableMortality><attributableMortality><age>27</age><sex>0</sex><value>0.0</value></attributableMortality><attributableMortality><age>27</age><sex>1</sex><value>0.0</value></attributableMortality><attributableMortality><age>28</age><sex>0</sex><value>0.0</value></attributableMortality><attributableMortality><age>28</age><sex>1</sex><value>0.0</value></attributableMortality><attributableMortality><age>29</age><sex>0</sex><value>0.0</value></attributableMortality><attributableMortality><age>29</age><sex>1</sex><value>0.0</value></attributableMortality><attributableMortality><age>30</age><sex>0</sex><value>0.0048525566</value></attributableMortality><attributableMortality><age>30</age><sex>1</sex><value>0.00265573</value></attributableMortality><attributableMortality><age>31</age><sex>0</sex><value>0.0050523262</value></attributableMortality><attributableMortality><age>31</age><sex>1</sex><value>0.0027380355</value></attributableMortality><attributableMortality><age>32</age><sex>0</sex><value>0.005250007</value></attributableMortality><attributableMortality><age>32</age><sex>1</sex><value>0.0028339983</value></attributableMortality><attributableMortality><age>33</age><sex>0</sex><value>0.0054602716</value></attributableMortality><attributableMortality><age>33</age><sex>1</sex><value>0.0029147207</value></attributableMortality><attributableMortality><age>34</age><sex>0</sex><value>0.0056791273</value></attributableMortality><attributableMortality><age>34</age><sex>1</sex><value>0.003016283</value></attributableMortality><attributableMortality><age>35</age><sex>0</sex><value>0.0058649317</value></attributableMortality><attributableMortality><age>35</age><sex>1</sex><value>0.0031057212</value></attributableMortality><attributableMortality><age>36</age><sex>0</sex><value>0.0060855113</value></attributableMortality><attributableMortality><age>36</age><sex>1</sex><value>0.0032194736</value></attributableMortality><attributableMortality><age>37</age><sex>0</sex><value>0.0063141487</value></attributableMortality><attributableMortality><age>37</age><sex>1</sex><value>0.0033430557</value></attributableMortality><attributableMortality><age>38</age><sex>0</sex><value>0.0065511367</value></attributableMortality><attributableMortality><age>38</age><sex>1</sex><value>0.0034751876</value></attributableMortality><attributableMortality><age>39</age><sex>0</sex><value>0.0067842826</value></attributableMortality><attributableMortality><age>39</age><sex>1</sex><value>0.0036206</value></attributableMortality><attributableMortality><age>40</age><sex>0</sex><value>0.007043155</value></attributableMortality><attributableMortality><age>40</age><sex>1</sex><value>0.0037567355</value></attributableMortality><attributableMortality><age>41</age><sex>0</sex><value>0.0073024784</value></attributableMortality><attributableMortality><age>41</age><sex>1</sex><value>0.0039144857</value></attributableMortality><attributableMortality><age>42</age><sex>0</sex><value>0.007561923</value></attributableMortality><attributableMortality><age>42</age><sex>1</sex><value>0.0040965946</value></attributableMortality><attributableMortality><age>43</age><sex>0</sex><value>0.0078333905</value></attributableMortality><attributableMortality><age>43</age><sex>1</sex><value>0.004274325</value></attributableMortality><attributableMortality><age>44</age><sex>0</sex><value>0.008154032</value></attributableMortality><attributableMortality><age>44</age><sex>1</sex><value>0.004440615</value></attributableMortality><attributableMortality><age>45</age><sex>0</sex><value>0.00843013</value></attributableMortality><attributableMortality><age>45</age><sex>1</sex><value>0.00467842</value></attributableMortality><attributableMortality><age>46</age><sex>0</sex><value>0.008758097</value></attributableMortality><attributableMortality><age>46</age><sex>1</sex><value>0.004867139</value></attributableMortality><attributableMortality><age>47</age><sex>0</sex><value>0.009056057</value></attributableMortality><attributableMortality><age>47</age><sex>1</sex><value>0.0051084035</value></attributableMortality><attributableMortality><age>48</age><sex>0</sex><value>0.00937876</value></attributableMortality><attributableMortality><age>48</age><sex>1</sex><value>0.0053548347</value></attributableMortality><attributableMortality><age>49</age><sex>0</sex><value>0.00973834</value></attributableMortality><attributableMortality><age>49</age><sex>1</sex><value>0.0056129224</value></attributableMortality><attributableMortality><age>50</age><sex>0</sex><value>0.010123942</value></attributableMortality><attributableMortality><age>50</age><sex>1</sex><value>0.005922579</value></attributableMortality><attributableMortality><age>51</age><sex>0</sex><value>0.010500839</value></attributableMortality><attributableMortality><age>51</age><sex>1</sex><value>0.00624666</value></attributableMortality><attributableMortality><age>52</age><sex>0</sex><value>0.010925118</value></attributableMortality><attributableMortality><age>52</age><sex>1</sex><value>0.0065459795</value></attributableMortality><attributableMortality><age>53</age><sex>0</sex><value>0.01134233</value></attributableMortality><attributableMortality><age>53</age><sex>1</sex><value>0.0069654533</value></attributableMortality><attributableMortality><age>54</age><sex>0</sex><value>0.011763567</value></attributableMortality><attributableMortality><age>54</age><sex>1</sex><value>0.007346168</value></attributableMortality><attributableMortality><age>55</age><sex>0</sex><value>0.012228165</value></attributableMortality><attributableMortality><age>55</age><sex>1</sex><value>0.007752185</value></attributableMortality><attributableMortality><age>56</age><sex>0</sex><value>0.012722917</value></attributableMortality><attributableMortality><age>56</age><sex>1</sex><value>0.008238062</value></attributableMortality><attributableMortality><age>57</age><sex>0</sex><value>0.013245548</value></attributableMortality><attributableMortality><age>57</age><sex>1</sex><value>0.008685847</value></attributableMortality><attributableMortality><age>58</age><sex>0</sex><value>0.013778223</value></attributableMortality><attributableMortality><age>58</age><sex>1</sex><value>0.009218662</value></attributableMortality><attributableMortality><age>59</age><sex>0</sex><value>0.014368949</value></attributableMortality><attributableMortality><age>59</age><sex>1</sex><value>0.009794906</value></attributableMortality><attributableMortality><age>60</age><sex>0</sex><value>0.014953806</value></attributableMortality><attributableMortality><age>60</age><sex>1</sex><value>0.010325298</value></attributableMortality><attributableMortality><age>61</age><sex>0</sex><value>0.015702963</value></attributableMortality><attributableMortality><age>61</age><sex>1</sex><value>0.011056652</value></attributableMortality><attributableMortality><age>62</age><sex>0</sex><value>0.016415188</value></attributableMortality><attributableMortality><age>62</age><sex>1</sex><value>0.011786931</value></attributableMortality><attributableMortality><age>63</age><sex>0</sex><value>0.01721271</value></attributableMortality><attributableMortality><age>63</age><sex>1</sex><value>0.0125227505</value></attributableMortality><attributableMortality><age>64</age><sex>0</sex><value>0.018017562</value></attributableMortality><attributableMortality><age>64</age><sex>1</sex><value>0.013308895</value></attributableMortality><attributableMortality><age>65</age><sex>0</sex><value>0.018869556</value></attributableMortality><attributableMortality><age>65</age><sex>1</sex><value>0.014202799</value></attributableMortality><attributableMortality><age>66</age><sex>0</sex><value>0.01982374</value></attributableMortality><attributableMortality><age>66</age><sex>1</sex><value>0.015123432</value></attributableMortality><attributableMortality><age>67</age><sex>0</sex><value>0.020803712</value></attributableMortality><attributableMortality><age>67</age><sex>1</sex><value>0.0160946</value></attributableMortality><attributableMortality><age>68</age><sex>0</sex><value>0.0218709</value></attributableMortality><attributableMortality><age>68</age><sex>1</sex><value>0.017177042</value></attributableMortality><attributableMortality><age>69</age><sex>0</sex><value>0.023006732</value></attributableMortality><attributableMortality><age>69</age><sex>1</sex><value>0.018367311</value></attributableMortality><attributableMortality><age>70</age><sex>0</sex><value>0.02451669</value></attributableMortality><attributableMortality><age>70</age><sex>1</sex><value>0.020053525</value></attributableMortality><attributableMortality><age>71</age><sex>0</sex><value>0.025888097</value></attributableMortality><attributableMortality><age>71</age><sex>1</sex><value>0.021451296</value></attributableMortality><attributableMortality><age>72</age><sex>0</sex><value>0.027396454</value></attributableMortality><attributableMortality><age>72</age><sex>1</sex><value>0.023011565</value></attributableMortality><attributableMortality><age>73</age><sex>0</sex><value>0.0290427</value></attributableMortality><attributableMortality><age>73</age><sex>1</sex><value>0.024719251</value></attributableMortality><attributableMortality><age>74</age><sex>0</sex><value>0.030816372</value></attributableMortality><attributableMortality><age>74</age><sex>1</sex><value>0.0265235</value></attributableMortality><attributableMortality><age>75</age><sex>0</sex><value>0.032795582</value></attributableMortality><attributableMortality><age>75</age><sex>1</sex><value>0.02859339</value></attributableMortality><attributableMortality><age>76</age><sex>0</sex><value>0.03481216</value></attributableMortality><attributableMortality><age>76</age><sex>1</sex><value>0.030700043</value></attributableMortality><attributableMortality><age>77</age><sex>0</sex><value>0.037100773</value></attributableMortality><attributableMortality><age>77</age><sex>1</sex><value>0.033157922</value></attributableMortality><attributableMortality><age>78</age><sex>0</sex><value>0.039614167</value></attributableMortality><attributableMortality><age>78</age><sex>1</sex><value>0.035849545</value></attributableMortality><attributableMortality><age>79</age><sex>0</sex><value>0.04249832</value></attributableMortality><attributableMortality><age>79</age><sex>1</sex><value>0.038884386</value></attributableMortality><attributableMortality><age>80</age><sex>0</sex><value>0.046611108</value></attributableMortality><attributableMortality><age>80</age><sex>1</sex><value>0.042925123</value></attributableMortality><attributableMortality><age>81</age><sex>0</sex><value>0.05021635</value></attributableMortality><attributableMortality><age>81</age><sex>1</sex><value>0.046682656</value></attributableMortality><attributableMortality><age>82</age><sex>0</sex><value>0.054309413</value></attributableMortality><attributableMortality><age>82</age><sex>1</sex><value>0.05080169</value></attributableMortality><attributableMortality><age>83</age><sex>0</sex><value>0.058655497</value></attributableMortality><attributableMortality><age>83</age><sex>1</sex><value>0.05538361</value></attributableMortality><attributableMortality><age>84</age><sex>0</sex><value>0.06390584</value></attributableMortality><attributableMortality><age>84</age><sex>1</sex><value>0.060481545</value></attributableMortality><attributableMortality><age>85</age><sex>0</sex><value>0.06955232</value></attributableMortality><attributableMortality><age>85</age><sex>1</sex><value>0.06627977</value></attributableMortality><attributableMortality><age>86</age><sex>0</sex><value>0.07577961</value></attributableMortality><attributableMortality><age>86</age><sex>1</sex><value>0.07277483</value></attributableMortality><attributableMortality><age>87</age><sex>0</sex><value>0.08323725</value></attributableMortality><attributableMortality><age>87</age><sex>1</sex><value>0.080061965</value></attributableMortality><attributableMortality><age>88</age><sex>0</sex><value>0.091360755</value></attributableMortality><attributableMortality><age>88</age><sex>1</sex><value>0.088095725</value></attributableMortality><attributableMortality><age>89</age><sex>0</sex><value>0.100568816</value></attributableMortality><attributableMortality><age>89</age><sex>1</sex><value>0.0969996</value></attributableMortality><attributableMortality><age>90</age><sex>0</sex><value>0.1111057</value></attributableMortality><attributableMortality><age>90</age><sex>1</sex><value>0.10693324</value></attributableMortality><attributableMortality><age>91</age><sex>0</sex><value>0.12284689</value></attributableMortality><attributableMortality><age>91</age><sex>1</sex><value>0.11794537</value></attributableMortality><attributableMortality><age>92</age><sex>0</sex><value>0.13646697</value></attributableMortality><attributableMortality><age>92</age><sex>1</sex><value>0.13011011</value></attributableMortality><attributableMortality><age>93</age><sex>0</sex><value>0.15159081</value></attributableMortality><attributableMortality><age>93</age><sex>1</sex><value>0.143194</value></attributableMortality><attributableMortality><age>94</age><sex>0</sex><value>0.1693041</value></attributableMortality><attributableMortality><age>94</age><sex>1</sex><value>0.15746629</value></attributableMortality><attributableMortality><age>95</age><sex>0</sex><value>0.18962112</value></attributableMortality><attributableMortality><age>95</age><sex>1</sex><value>0.17286897</value></attributableMortality></attributableMortalities>