<?xml version="1.0" encoding="UTF-8" standalone="no"?><attributableMortalities><attributableMortality><age>0</age><sex>0</sex><value>0.0</value></attributableMortality><attributableMortality><age>0</age><sex>1</sex><value>0.0</value></attributableMortality><attributableMortality><age>1</age><sex>0</sex><value>0.0</value></attributableMortality><attributableMortality><age>1</age><sex>1</sex><value>0.0</value></attributableMortality><attributableMortality><age>2</age><sex>0</sex><value>0.0</value></attributableMortality><attributableMortality><age>2</age><sex>1</sex><value>0.0</value></attributableMortality><attributableMortality><age>3</age><sex>0</sex><value>0.0</value></attributableMortality><attributableMortality><age>3</age><sex>1</sex><value>0.0</value></attributableMortality><attributableMortality><age>4</age><sex>0</sex><value>0.0</value></attributableMortality><attributableMortality><age>4</age><sex>1</sex><value>0.0</value></attributableMortality><attributableMortality><age>5</age><sex>0</sex><value>0.0</value></attributableMortality><attributableMortality><age>5</age><sex>1</sex><value>0.0</value></attributableMortality><attributableMortality><age>6</age><sex>0</sex><value>0.0</value></attributableMortality><attributableMortality><age>6</age><sex>1</sex><value>0.0</value></attributableMortality><attributableMortality><age>7</age><sex>0</sex><value>0.0</value></attributableMortality><attributableMortality><age>7</age><sex>1</sex><value>0.0</value></attributableMortality><attributableMortality><age>8</age><sex>0</sex><value>0.0</value></attributableMortality><attributableMortality><age>8</age><sex>1</sex><value>0.0</value></attributableMortality><attributableMortality><age>9</age><sex>0</sex><value>0.0</value></attributableMortality><attributableMortality><age>9</age><sex>1</sex><value>0.0</value></attributableMortality><attributableMortality><age>10</age><sex>0</sex><value>0.0</value></attributableMortality><attributableMortality><age>10</age><sex>1</sex><value>0.0</value></attributableMortality><attributableMortality><age>11</age><sex>0</sex><value>0.0</value></attributableMortality><attributableMortality><age>11</age><sex>1</sex><value>0.0</value></attributableMortality><attributableMortality><age>12</age><sex>0</sex><value>0.0</value></attributableMortality><attributableMortality><age>12</age><sex>1</sex><value>0.0</value></attributableMortality><attributableMortality><age>13</age><sex>0</sex><value>0.0</value></attributableMortality><attributableMortality><age>13</age><sex>1</sex><value>0.0</value></attributableMortality><attributableMortality><age>14</age><sex>0</sex><value>0.0</value></attributableMortality><attributableMortality><age>14</age><sex>1</sex><value>0.0</value></attributableMortality><attributableMortality><age>15</age><sex>0</sex><value>2.7399994E-5</value></attributableMortality><attributableMortality><age>15</age><sex>1</sex><value>0.031918</value></attributableMortality><attributableMortality><age>16</age><sex>0</sex><value>9.677E-4</value></attributableMortality><attributableMortality><age>16</age><sex>1</sex><value>0.042128</value></attributableMortality><attributableMortality><age>17</age><sex>0</sex><value>0.0027966998</value></attributableMortality><attributableMortality><age>17</age><sex>1</sex><value>0.050047</value></attributableMortality><attributableMortality><age>18</age><sex>0</sex><value>0.0056669996</value></attributableMortality><attributableMortality><age>18</age><sex>1</sex><value>0.052443</value></attributableMortality><attributableMortality><age>19</age><sex>0</sex><value>0.009327</value></attributableMortality><attributableMortality><age>19</age><sex>1</sex><value>0.049893003</value></attributableMortality><attributableMortality><age>20</age><sex>0</sex><value>0.013423799</value></attributableMortality><attributableMortality><age>20</age><sex>1</sex><value>0.043928</value></attributableMortality><attributableMortality><age>21</age><sex>0</sex><value>0.017605618</value></attributableMortality><attributableMortality><age>21</age><sex>1</sex><value>0.03608122</value></attributableMortality><attributableMortality><age>22</age><sex>0</sex><value>0.021518903</value></attributableMortality><attributableMortality><age>22</age><sex>1</sex><value>0.027881445</value></attributableMortality><attributableMortality><age>23</age><sex>0</sex><value>0.024838522</value></attributableMortality><attributableMortality><age>23</age><sex>1</sex><value>0.020613894</value></attributableMortality><attributableMortality><age>24</age><sex>0</sex><value>0.027344927</value></attributableMortality><attributableMortality><age>24</age><sex>1</sex><value>0.014573734</value></attributableMortality><attributableMortality><age>25</age><sex>0</sex><value>0.028849201</value></attributableMortality><attributableMortality><age>25</age><sex>1</sex><value>0.009812659</value></attributableMortality><attributableMortality><age>26</age><sex>0</sex><value>0.029159268</value></attributableMortality><attributableMortality><age>26</age><sex>1</sex><value>0.0063792015</value></attributableMortality><attributableMortality><age>27</age><sex>0</sex><value>0.028084787</value></attributableMortality><attributableMortality><age>27</age><sex>1</sex><value>0.0043235184</value></attributableMortality><attributableMortality><age>28</age><sex>0</sex><value>0.02559174</value></attributableMortality><attributableMortality><age>28</age><sex>1</sex><value>0.003636611</value></attributableMortality><attributableMortality><age>29</age><sex>0</sex><value>0.022266502</value></attributableMortality><attributableMortality><age>29</age><sex>1</sex><value>0.0040734448</value></attributableMortality><attributableMortality><age>30</age><sex>0</sex><value>0.01885072</value></attributableMortality><attributableMortality><age>30</age><sex>1</sex><value>0.0053346744</value></attributableMortality><attributableMortality><age>31</age><sex>0</sex><value>0.016083617</value></attributableMortality><attributableMortality><age>31</age><sex>1</sex><value>0.007117056</value></attributableMortality><attributableMortality><age>32</age><sex>0</sex><value>0.014711907</value></attributableMortality><attributableMortality><age>32</age><sex>1</sex><value>0.0091186175</value></attributableMortality><attributableMortality><age>33</age><sex>0</sex><value>0.015254317</value></attributableMortality><attributableMortality><age>33</age><sex>1</sex><value>0.011093483</value></attributableMortality><attributableMortality><age>34</age><sex>0</sex><value>0.017351242</value></attributableMortality><attributableMortality><age>34</age><sex>1</sex><value>0.013005229</value></attributableMortality><attributableMortality><age>35</age><sex>0</sex><value>0.020420209</value></attributableMortality><attributableMortality><age>35</age><sex>1</sex><value>0.01487482</value></attributableMortality><attributableMortality><age>36</age><sex>0</sex><value>0.023881506</value></attributableMortality><attributableMortality><age>36</age><sex>1</sex><value>0.016722381</value></attributableMortality><attributableMortality><age>37</age><sex>0</sex><value>0.027153475</value></attributableMortality><attributableMortality><age>37</age><sex>1</sex><value>0.018569859</value></attributableMortality><attributableMortality><age>38</age><sex>0</sex><value>0.029808562</value></attributableMortality><attributableMortality><age>38</age><sex>1</sex><value>0.020420479</value></attributableMortality><attributableMortality><age>39</age><sex>0</sex><value>0.032035712</value></attributableMortality><attributableMortality><age>39</age><sex>1</sex><value>0.022220526</value></attributableMortality><attributableMortality><age>40</age><sex>0</sex><value>0.034169618</value></attributableMortality><attributableMortality><age>40</age><sex>1</sex><value>0.023907004</value></attributableMortality><attributableMortality><age>41</age><sex>0</sex><value>0.036555342</value></attributableMortality><attributableMortality><age>41</age><sex>1</sex><value>0.025406467</value></attributableMortality><attributableMortality><age>42</age><sex>0</sex><value>0.039533366</value></attributableMortality><attributableMortality><age>42</age><sex>1</sex><value>0.026652632</value></attributableMortality><attributableMortality><age>43</age><sex>0</sex><value>0.043303765</value></attributableMortality><attributableMortality><age>43</age><sex>1</sex><value>0.027601177</value></attributableMortality><attributableMortality><age>44</age><sex>0</sex><value>0.04751157</value></attributableMortality><attributableMortality><age>44</age><sex>1</sex><value>0.028297283</value></attributableMortality><attributableMortality><age>45</age><sex>0</sex><value>0.051690433</value></attributableMortality><attributableMortality><age>45</age><sex>1</sex><value>0.028797513</value></attributableMortality><attributableMortality><age>46</age><sex>0</sex><value>0.055334333</value></attributableMortality><attributableMortality><age>46</age><sex>1</sex><value>0.02918184</value></attributableMortality><attributableMortality><age>47</age><sex>0</sex><value>0.05797608</value></attributableMortality><attributableMortality><age>47</age><sex>1</sex><value>0.029503752</value></attributableMortality><attributableMortality><age>48</age><sex>0</sex><value>0.059247307</value></attributableMortality><attributableMortality><age>48</age><sex>1</sex><value>0.029821424</value></attributableMortality><attributableMortality><age>49</age><sex>0</sex><value>0.05930797</value></attributableMortality><attributableMortality><age>49</age><sex>1</sex><value>0.030124301</value></attributableMortality><attributableMortality><age>50</age><sex>0</sex><value>0.05845225</value></attributableMortality><attributableMortality><age>50</age><sex>1</sex><value>0.030385518</value></attributableMortality><attributableMortality><age>51</age><sex>0</sex><value>0.05698013</value></attributableMortality><attributableMortality><age>51</age><sex>1</sex><value>0.030587655</value></attributableMortality><attributableMortality><age>52</age><sex>0</sex><value>0.055170972</value></attributableMortality><attributableMortality><age>52</age><sex>1</sex><value>0.030713698</value></attributableMortality><attributableMortality><age>53</age><sex>0</sex><value>0.05328759</value></attributableMortality><attributableMortality><age>53</age><sex>1</sex><value>0.030721849</value></attributableMortality><attributableMortality><age>54</age><sex>0</sex><value>0.051406432</value></attributableMortality><attributableMortality><age>54</age><sex>1</sex><value>0.030629193</value></attributableMortality><attributableMortality><age>55</age><sex>0</sex><value>0.049556468</value></attributableMortality><attributableMortality><age>55</age><sex>1</sex><value>0.030424077</value></attributableMortality><attributableMortality><age>56</age><sex>0</sex><value>0.047778595</value></attributableMortality><attributableMortality><age>56</age><sex>1</sex><value>0.030092273</value></attributableMortality><attributableMortality><age>57</age><sex>0</sex><value>0.046111587</value></attributableMortality><attributableMortality><age>57</age><sex>1</sex><value>0.029648526</value></attributableMortality><attributableMortality><age>58</age><sex>0</sex><value>0.044581126</value></attributableMortality><attributableMortality><age>58</age><sex>1</sex><value>0.029081253</value></attributableMortality><attributableMortality><age>59</age><sex>0</sex><value>0.043139976</value></attributableMortality><attributableMortality><age>59</age><sex>1</sex><value>0.028441932</value></attributableMortality><attributableMortality><age>60</age><sex>0</sex><value>0.0417479</value></attributableMortality><attributableMortality><age>60</age><sex>1</sex><value>0.027795337</value></attributableMortality><attributableMortality><age>61</age><sex>0</sex><value>0.04031853</value></attributableMortality><attributableMortality><age>61</age><sex>1</sex><value>0.027161965</value></attributableMortality><attributableMortality><age>62</age><sex>0</sex><value>0.038847182</value></attributableMortality><attributableMortality><age>62</age><sex>1</sex><value>0.026627434</value></attributableMortality><attributableMortality><age>63</age><sex>0</sex><value>0.037275728</value></attributableMortality><attributableMortality><age>63</age><sex>1</sex><value>0.02622105</value></attributableMortality><attributableMortality><age>64</age><sex>0</sex><value>0.03567462</value></attributableMortality><attributableMortality><age>64</age><sex>1</sex><value>0.025877703</value></attributableMortality><attributableMortality><age>65</age><sex>0</sex><value>0.034123424</value></attributableMortality><attributableMortality><age>65</age><sex>1</sex><value>0.025500763</value></attributableMortality><attributableMortality><age>66</age><sex>0</sex><value>0.03267379</value></attributableMortality><attributableMortality><age>66</age><sex>1</sex><value>0.025014173</value></attributableMortality><attributableMortality><age>67</age><sex>0</sex><value>0.031425577</value></attributableMortality><attributableMortality><age>67</age><sex>1</sex><value>0.02432712</value></attributableMortality><attributableMortality><age>68</age><sex>0</sex><value>0.030426983</value></attributableMortality><attributableMortality><age>68</age><sex>1</sex><value>0.023384472</value></attributableMortality><attributableMortality><age>69</age><sex>0</sex><value>0.029646674</value></attributableMortality><attributableMortality><age>69</age><sex>1</sex><value>0.022295427</value></attributableMortality><attributableMortality><age>70</age><sex>0</sex><value>0.028963484</value></attributableMortality><attributableMortality><age>70</age><sex>1</sex><value>0.021145023</value></attributableMortality><attributableMortality><age>71</age><sex>0</sex><value>0.028446775</value></attributableMortality><attributableMortality><age>71</age><sex>1</sex><value>0.020227918</value></attributableMortality><attributableMortality><age>72</age><sex>0</sex><value>0.027984343</value></attributableMortality><attributableMortality><age>72</age><sex>1</sex><value>0.019614011</value></attributableMortality><attributableMortality><age>73</age><sex>0</sex><value>0.027539356</value></attributableMortality><attributableMortality><age>73</age><sex>1</sex><value>0.019412812</value></attributableMortality><attributableMortality><age>74</age><sex>0</sex><value>0.02711297</value></attributableMortality><attributableMortality><age>74</age><sex>1</sex><value>0.019571077</value></attributableMortality><attributableMortality><age>75</age><sex>0</sex><value>0.026709529</value></attributableMortality><attributableMortality><age>75</age><sex>1</sex><value>0.019946637</value></attributableMortality><attributableMortality><age>76</age><sex>0</sex><value>0.026387038</value></attributableMortality><attributableMortality><age>76</age><sex>1</sex><value>0.020461572</value></attributableMortality><attributableMortality><age>77</age><sex>0</sex><value>0.026118854</value></attributableMortality><attributableMortality><age>77</age><sex>1</sex><value>0.02098792</value></attributableMortality><attributableMortality><age>78</age><sex>0</sex><value>0.025925701</value></attributableMortality><attributableMortality><age>78</age><sex>1</sex><value>0.021445997</value></attributableMortality><attributableMortality><age>79</age><sex>0</sex><value>0.025751824</value></attributableMortality><attributableMortality><age>79</age><sex>1</sex><value>0.021894563</value></attributableMortality><attributableMortality><age>80</age><sex>0</sex><value>0.025402091</value></attributableMortality><attributableMortality><age>80</age><sex>1</sex><value>0.022321522</value></attributableMortality><attributableMortality><age>81</age><sex>0</sex><value>0.025285628</value></attributableMortality><attributableMortality><age>81</age><sex>1</sex><value>0.023043733</value></attributableMortality><attributableMortality><age>82</age><sex>0</sex><value>0.025166372</value></attributableMortality><attributableMortality><age>82</age><sex>1</sex><value>0.024053711</value></attributableMortality><attributableMortality><age>83</age><sex>0</sex><value>0.02510338</value></attributableMortality><attributableMortality><age>83</age><sex>1</sex><value>0.025385818</value></attributableMortality><attributableMortality><age>84</age><sex>0</sex><value>0.024893884</value></attributableMortality><attributableMortality><age>84</age><sex>1</sex><value>0.02692597</value></attributableMortality><attributableMortality><age>85</age><sex>0</sex><value>0.02467792</value></attributableMortality><attributableMortality><age>85</age><sex>1</sex><value>0.028492998</value></attributableMortality><attributableMortality><age>86</age><sex>0</sex><value>0.024441654</value></attributableMortality><attributableMortality><age>86</age><sex>1</sex><value>0.02988761</value></attributableMortality><attributableMortality><age>87</age><sex>0</sex><value>0.024143675</value></attributableMortality><attributableMortality><age>87</age><sex>1</sex><value>0.03093327</value></attributableMortality><attributableMortality><age>88</age><sex>0</sex><value>0.023907412</value></attributableMortality><attributableMortality><age>88</age><sex>1</sex><value>0.031496674</value></attributableMortality><attributableMortality><age>89</age><sex>0</sex><value>0.023626491</value></attributableMortality><attributableMortality><age>89</age><sex>1</sex><value>0.031645287</value></attributableMortality><attributableMortality><age>90</age><sex>0</sex><value>0.023381453</value></attributableMortality><attributableMortality><age>90</age><sex>1</sex><value>0.03147755</value></attributableMortality><attributableMortality><age>91</age><sex>0</sex><value>0.023158297</value></attributableMortality><attributableMortality><age>91</age><sex>1</sex><value>0.031103373</value></attributableMortality><attributableMortality><age>92</age><sex>0</sex><value>0.022880666</value></attributableMortality><attributableMortality><age>92</age><sex>1</sex><value>0.030621773</value></attributableMortality><attributableMortality><age>93</age><sex>0</sex><value>0.022699596</value></attributableMortality><attributableMortality><age>93</age><sex>1</sex><value>0.03012119</value></attributableMortality><attributableMortality><age>94</age><sex>0</sex><value>0.022434585</value></attributableMortality><attributableMortality><age>94</age><sex>1</sex><value>0.029628584</value></attributableMortality><attributableMortality><age>95</age><sex>0</sex><value>0.021643385</value></attributableMortality><attributableMortality><age>95</age><sex>1</sex><value>0.028669141</value></attributableMortality></attributableMortalities>