<?xml version="1.0" encoding="UTF-8" standalone="no"?><attributableMortalities><attributableMortality><age>0</age><sex>0</sex><value>0.0</value></attributableMortality><attributableMortality><age>0</age><sex>1</sex><value>0.0</value></attributableMortality><attributableMortality><age>1</age><sex>0</sex><value>0.0</value></attributableMortality><attributableMortality><age>1</age><sex>1</sex><value>0.0</value></attributableMortality><attributableMortality><age>2</age><sex>0</sex><value>0.0</value></attributableMortality><attributableMortality><age>2</age><sex>1</sex><value>0.0</value></attributableMortality><attributableMortality><age>3</age><sex>0</sex><value>0.0</value></attributableMortality><attributableMortality><age>3</age><sex>1</sex><value>0.0</value></attributableMortality><attributableMortality><age>4</age><sex>0</sex><value>0.0</value></attributableMortality><attributableMortality><age>4</age><sex>1</sex><value>0.0</value></attributableMortality><attributableMortality><age>5</age><sex>0</sex><value>0.0</value></attributableMortality><attributableMortality><age>5</age><sex>1</sex><value>0.0</value></attributableMortality><attributableMortality><age>6</age><sex>0</sex><value>0.0</value></attributableMortality><attributableMortality><age>6</age><sex>1</sex><value>0.0</value></attributableMortality><attributableMortality><age>7</age><sex>0</sex><value>0.0</value></attributableMortality><attributableMortality><age>7</age><sex>1</sex><value>0.0</value></attributableMortality><attributableMortality><age>8</age><sex>0</sex><value>0.0</value></attributableMortality><attributableMortality><age>8</age><sex>1</sex><value>0.0</value></attributableMortality><attributableMortality><age>9</age><sex>0</sex><value>0.0</value></attributableMortality><attributableMortality><age>9</age><sex>1</sex><value>0.0</value></attributableMortality><attributableMortality><age>10</age><sex>0</sex><value>0.0</value></attributableMortality><attributableMortality><age>10</age><sex>1</sex><value>0.0</value></attributableMortality><attributableMortality><age>11</age><sex>0</sex><value>0.0</value></attributableMortality><attributableMortality><age>11</age><sex>1</sex><value>0.0</value></attributableMortality><attributableMortality><age>12</age><sex>0</sex><value>0.0</value></attributableMortality><attributableMortality><age>12</age><sex>1</sex><value>0.0</value></attributableMortality><attributableMortality><age>13</age><sex>0</sex><value>0.0</value></attributableMortality><attributableMortality><age>13</age><sex>1</sex><value>0.0</value></attributableMortality><attributableMortality><age>14</age><sex>0</sex><value>0.0</value></attributableMortality><attributableMortality><age>14</age><sex>1</sex><value>0.0</value></attributableMortality><attributableMortality><age>15</age><sex>0</sex><value>8.93E-5</value></attributableMortality><attributableMortality><age>15</age><sex>1</sex><value>0.0</value></attributableMortality><attributableMortality><age>16</age><sex>0</sex><value>7.612999E-4</value></attributableMortality><attributableMortality><age>16</age><sex>1</sex><value>0.0010750002</value></attributableMortality><attributableMortality><age>17</age><sex>0</sex><value>0.0020388</value></attributableMortality><attributableMortality><age>17</age><sex>1</sex><value>0.003385</value></attributableMortality><attributableMortality><age>18</age><sex>0</sex><value>0.0040438995</value></attributableMortality><attributableMortality><age>18</age><sex>1</sex><value>0.007031</value></attributableMortality><attributableMortality><age>19</age><sex>0</sex><value>0.0067048</value></attributableMortality><attributableMortality><age>19</age><sex>1</sex><value>0.011615</value></attributableMortality><attributableMortality><age>20</age><sex>0</sex><value>0.009901201</value></attributableMortality><attributableMortality><age>20</age><sex>1</sex><value>0.016593</value></attributableMortality><attributableMortality><age>21</age><sex>0</sex><value>0.01351243</value></attributableMortality><attributableMortality><age>21</age><sex>1</sex><value>0.021420985</value></attributableMortality><attributableMortality><age>22</age><sex>0</sex><value>0.017417973</value></attributableMortality><attributableMortality><age>22</age><sex>1</sex><value>0.025556928</value></attributableMortality><attributableMortality><age>23</age><sex>0</sex><value>0.021481415</value></attributableMortality><attributableMortality><age>23</age><sex>1</sex><value>0.02859679</value></attributableMortality><attributableMortality><age>24</age><sex>0</sex><value>0.025506519</value></attributableMortality><attributableMortality><age>24</age><sex>1</sex><value>0.030705772</value></attributableMortality><attributableMortality><age>25</age><sex>0</sex><value>0.029279383</value></attributableMortality><attributableMortality><age>25</age><sex>1</sex><value>0.0321844</value></attributableMortality><attributableMortality><age>26</age><sex>0</sex><value>0.032588087</value></attributableMortality><attributableMortality><age>26</age><sex>1</sex><value>0.033339206</value></attributableMortality><attributableMortality><age>27</age><sex>0</sex><value>0.03521895</value></attributableMortality><attributableMortality><age>27</age><sex>1</sex><value>0.034473095</value></attributableMortality><attributableMortality><age>28</age><sex>0</sex><value>0.037014257</value></attributableMortality><attributableMortality><age>28</age><sex>1</sex><value>0.035811685</value></attributableMortality><attributableMortality><age>29</age><sex>0</sex><value>0.038044762</value></attributableMortality><attributableMortality><age>29</age><sex>1</sex><value>0.037275773</value></attributableMortality><attributableMortality><age>30</age><sex>0</sex><value>0.03843835</value></attributableMortality><attributableMortality><age>30</age><sex>1</sex><value>0.038703334</value></attributableMortality><attributableMortality><age>31</age><sex>0</sex><value>0.03832487</value></attributableMortality><attributableMortality><age>31</age><sex>1</sex><value>0.03993624</value></attributableMortality><attributableMortality><age>32</age><sex>0</sex><value>0.037827622</value></attributableMortality><attributableMortality><age>32</age><sex>1</sex><value>0.0408174</value></attributableMortality><attributableMortality><age>33</age><sex>0</sex><value>0.037074514</value></attributableMortality><attributableMortality><age>33</age><sex>1</sex><value>0.041244738</value></attributableMortality><attributableMortality><age>34</age><sex>0</sex><value>0.03618426</value></attributableMortality><attributableMortality><age>34</age><sex>1</sex><value>0.041363537</value></attributableMortality><attributableMortality><age>35</age><sex>0</sex><value>0.03527546</value></attributableMortality><attributableMortality><age>35</age><sex>1</sex><value>0.041375335</value></attributableMortality><attributableMortality><age>36</age><sex>0</sex><value>0.034464624</value></attributableMortality><attributableMortality><age>36</age><sex>1</sex><value>0.041483145</value></attributableMortality><attributableMortality><age>37</age><sex>0</sex><value>0.03386984</value></attributableMortality><attributableMortality><age>37</age><sex>1</sex><value>0.041889988</value></attributableMortality><attributableMortality><age>38</age><sex>0</sex><value>0.033625923</value></attributableMortality><attributableMortality><age>38</age><sex>1</sex><value>0.04274178</value></attributableMortality><attributableMortality><age>39</age><sex>0</sex><value>0.033934787</value></attributableMortality><attributableMortality><age>39</age><sex>1</sex><value>0.043963697</value></attributableMortality><attributableMortality><age>40</age><sex>0</sex><value>0.03502249</value></attributableMortality><attributableMortality><age>40</age><sex>1</sex><value>0.045424826</value></attributableMortality><attributableMortality><age>41</age><sex>0</sex><value>0.03710588</value></attributableMortality><attributableMortality><age>41</age><sex>1</sex><value>0.046993326</value></attributableMortality><attributableMortality><age>42</age><sex>0</sex><value>0.04040591</value></attributableMortality><attributableMortality><age>42</age><sex>1</sex><value>0.04854028</value></attributableMortality><attributableMortality><age>43</age><sex>0</sex><value>0.0450042</value></attributableMortality><attributableMortality><age>43</age><sex>1</sex><value>0.04996053</value></attributableMortality><attributableMortality><age>44</age><sex>0</sex><value>0.050420064</value></attributableMortality><attributableMortality><age>44</age><sex>1</sex><value>0.051266793</value></attributableMortality><attributableMortality><age>45</age><sex>0</sex><value>0.056011554</value></attributableMortality><attributableMortality><age>45</age><sex>1</sex><value>0.052505847</value></attributableMortality><attributableMortality><age>46</age><sex>0</sex><value>0.061160292</value></attributableMortality><attributableMortality><age>46</age><sex>1</sex><value>0.053711936</value></attributableMortality><attributableMortality><age>47</age><sex>0</sex><value>0.0652269</value></attributableMortality><attributableMortality><age>47</age><sex>1</sex><value>0.05493128</value></attributableMortality><attributableMortality><age>48</age><sex>0</sex><value>0.06775699</value></attributableMortality><attributableMortality><age>48</age><sex>1</sex><value>0.05617815</value></attributableMortality><attributableMortality><age>49</age><sex>0</sex><value>0.06895132</value></attributableMortality><attributableMortality><age>49</age><sex>1</sex><value>0.05736073</value></attributableMortality><attributableMortality><age>50</age><sex>0</sex><value>0.06917276</value></attributableMortality><attributableMortality><age>50</age><sex>1</sex><value>0.0583603</value></attributableMortality><attributableMortality><age>51</age><sex>0</sex><value>0.06877964</value></attributableMortality><attributableMortality><age>51</age><sex>1</sex><value>0.05905973</value></attributableMortality><attributableMortality><age>52</age><sex>0</sex><value>0.06814566</value></attributableMortality><attributableMortality><age>52</age><sex>1</sex><value>0.059337348</value></attributableMortality><attributableMortality><age>53</age><sex>0</sex><value>0.067562036</value></attributableMortality><attributableMortality><age>53</age><sex>1</sex><value>0.059120506</value></attributableMortality><attributableMortality><age>54</age><sex>0</sex><value>0.06707825</value></attributableMortality><attributableMortality><age>54</age><sex>1</sex><value>0.058478136</value></attributableMortality><attributableMortality><age>55</age><sex>0</sex><value>0.06669206</value></attributableMortality><attributableMortality><age>55</age><sex>1</sex><value>0.057531316</value></attributableMortality><attributableMortality><age>56</age><sex>0</sex><value>0.06636703</value></attributableMortality><attributableMortality><age>56</age><sex>1</sex><value>0.05639352</value></attributableMortality><attributableMortality><age>57</age><sex>0</sex><value>0.066094324</value></attributableMortality><attributableMortality><age>57</age><sex>1</sex><value>0.055177316</value></attributableMortality><attributableMortality><age>58</age><sex>0</sex><value>0.065852925</value></attributableMortality><attributableMortality><age>58</age><sex>1</sex><value>0.05398476</value></attributableMortality><attributableMortality><age>59</age><sex>0</sex><value>0.06562542</value></attributableMortality><attributableMortality><age>59</age><sex>1</sex><value>0.05284343</value></attributableMortality><attributableMortality><age>60</age><sex>0</sex><value>0.065378405</value></attributableMortality><attributableMortality><age>60</age><sex>1</sex><value>0.05176099</value></attributableMortality><attributableMortality><age>61</age><sex>0</sex><value>0.06510889</value></attributableMortality><attributableMortality><age>61</age><sex>1</sex><value>0.050755095</value></attributableMortality><attributableMortality><age>62</age><sex>0</sex><value>0.06476084</value></attributableMortality><attributableMortality><age>62</age><sex>1</sex><value>0.04983058</value></attributableMortality><attributableMortality><age>63</age><sex>0</sex><value>0.06433209</value></attributableMortality><attributableMortality><age>63</age><sex>1</sex><value>0.04900167</value></attributableMortality><attributableMortality><age>64</age><sex>0</sex><value>0.063816</value></attributableMortality><attributableMortality><age>64</age><sex>1</sex><value>0.04831605</value></attributableMortality><attributableMortality><age>65</age><sex>0</sex><value>0.06322013</value></attributableMortality><attributableMortality><age>65</age><sex>1</sex><value>0.04782678</value></attributableMortality><attributableMortality><age>66</age><sex>0</sex><value>0.062569626</value></attributableMortality><attributableMortality><age>66</age><sex>1</sex><value>0.047578152</value></attributableMortality><attributableMortality><age>67</age><sex>0</sex><value>0.06185908</value></attributableMortality><attributableMortality><age>67</age><sex>1</sex><value>0.047621597</value></attributableMortality><attributableMortality><age>68</age><sex>0</sex><value>0.061109226</value></attributableMortality><attributableMortality><age>68</age><sex>1</sex><value>0.047980316</value></attributableMortality><attributableMortality><age>69</age><sex>0</sex><value>0.060369976</value></attributableMortality><attributableMortality><age>69</age><sex>1</sex><value>0.048567865</value></attributableMortality><attributableMortality><age>70</age><sex>0</sex><value>0.059742205</value></attributableMortality><attributableMortality><age>70</age><sex>1</sex><value>0.04927532</value></attributableMortality><attributableMortality><age>71</age><sex>0</sex><value>0.05920486</value></attributableMortality><attributableMortality><age>71</age><sex>1</sex><value>0.04996973</value></attributableMortality><attributableMortality><age>72</age><sex>0</sex><value>0.058852866</value></attributableMortality><attributableMortality><age>72</age><sex>1</sex><value>0.050547168</value></attributableMortality><attributableMortality><age>73</age><sex>0</sex><value>0.058734085</value></attributableMortality><attributableMortality><age>73</age><sex>1</sex><value>0.050931606</value></attributableMortality><attributableMortality><age>74</age><sex>0</sex><value>0.058877323</value></attributableMortality><attributableMortality><age>74</age><sex>1</sex><value>0.051204972</value></attributableMortality><attributableMortality><age>75</age><sex>0</sex><value>0.05930809</value></attributableMortality><attributableMortality><age>75</age><sex>1</sex><value>0.051496617</value></attributableMortality><attributableMortality><age>76</age><sex>0</sex><value>0.06001851</value></attributableMortality><attributableMortality><age>76</age><sex>1</sex><value>0.05192332</value></attributableMortality><attributableMortality><age>77</age><sex>0</sex><value>0.061055306</value></attributableMortality><attributableMortality><age>77</age><sex>1</sex><value>0.052612517</value></attributableMortality><attributableMortality><age>78</age><sex>0</sex><value>0.062415376</value></attributableMortality><attributableMortality><age>78</age><sex>1</sex><value>0.05368207</value></attributableMortality><attributableMortality><age>79</age><sex>0</sex><value>0.06407825</value></attributableMortality><attributableMortality><age>79</age><sex>1</sex><value>0.05523904</value></attributableMortality><attributableMortality><age>80</age><sex>0</sex><value>0.06609834</value></attributableMortality><attributableMortality><age>80</age><sex>1</sex><value>0.057410583</value></attributableMortality><attributableMortality><age>81</age><sex>0</sex><value>0.06811436</value></attributableMortality><attributableMortality><age>81</age><sex>1</sex><value>0.060230028</value></attributableMortality><attributableMortality><age>82</age><sex>0</sex><value>0.07021146</value></attributableMortality><attributableMortality><age>82</age><sex>1</sex><value>0.063822575</value></attributableMortality><attributableMortality><age>83</age><sex>0</sex><value>0.07226046</value></attributableMortality><attributableMortality><age>83</age><sex>1</sex><value>0.06820435</value></attributableMortality><attributableMortality><age>84</age><sex>0</sex><value>0.07427136</value></attributableMortality><attributableMortality><age>84</age><sex>1</sex><value>0.073027305</value></attributableMortality><attributableMortality><age>85</age><sex>0</sex><value>0.07601962</value></attributableMortality><attributableMortality><age>85</age><sex>1</sex><value>0.07786389</value></attributableMortality><attributableMortality><age>86</age><sex>0</sex><value>0.07737916</value></attributableMortality><attributableMortality><age>86</age><sex>1</sex><value>0.08228908</value></attributableMortality><attributableMortality><age>87</age><sex>0</sex><value>0.07824987</value></attributableMortality><attributableMortality><age>87</age><sex>1</sex><value>0.08587238</value></attributableMortality><attributableMortality><age>88</age><sex>0</sex><value>0.07845391</value></attributableMortality><attributableMortality><age>88</age><sex>1</sex><value>0.088301785</value></attributableMortality><attributableMortality><age>89</age><sex>0</sex><value>0.07814631</value></attributableMortality><attributableMortality><age>89</age><sex>1</sex><value>0.089740746</value></attributableMortality><attributableMortality><age>90</age><sex>0</sex><value>0.07740333</value></attributableMortality><attributableMortality><age>90</age><sex>1</sex><value>0.090478234</value></attributableMortality><attributableMortality><age>91</age><sex>0</sex><value>0.076363854</value></attributableMortality><attributableMortality><age>91</age><sex>1</sex><value>0.09079427</value></attributableMortality><attributableMortality><age>92</age><sex>0</sex><value>0.07520449</value></attributableMortality><attributableMortality><age>92</age><sex>1</sex><value>0.090977974</value></attributableMortality><attributableMortality><age>93</age><sex>0</sex><value>0.07394016</value></attributableMortality><attributableMortality><age>93</age><sex>1</sex><value>0.09125755</value></attributableMortality><attributableMortality><age>94</age><sex>0</sex><value>0.072743505</value></attributableMortality><attributableMortality><age>94</age><sex>1</sex><value>0.09165706</value></attributableMortality><attributableMortality><age>95</age><sex>0</sex><value>0.070327766</value></attributableMortality><attributableMortality><age>95</age><sex>1</sex><value>0.09309678</value></attributableMortality></attributableMortalities>