<?xml version="1.0" encoding="UTF-8" standalone="no"?><baselineIncidences><baselineIncidence><age>0</age><sex>0</sex><value>0.0</value></baselineIncidence><baselineIncidence><age>0</age><sex>1</sex><value>0.0</value></baselineIncidence><baselineIncidence><age>1</age><sex>0</sex><value>0.0</value></baselineIncidence><baselineIncidence><age>1</age><sex>1</sex><value>0.0</value></baselineIncidence><baselineIncidence><age>2</age><sex>0</sex><value>0.0</value></baselineIncidence><baselineIncidence><age>2</age><sex>1</sex><value>0.0</value></baselineIncidence><baselineIncidence><age>3</age><sex>0</sex><value>0.0</value></baselineIncidence><baselineIncidence><age>3</age><sex>1</sex><value>0.0</value></baselineIncidence><baselineIncidence><age>4</age><sex>0</sex><value>0.0</value></baselineIncidence><baselineIncidence><age>4</age><sex>1</sex><value>0.0</value></baselineIncidence><baselineIncidence><age>5</age><sex>0</sex><value>0.0</value></baselineIncidence><baselineIncidence><age>5</age><sex>1</sex><value>0.0</value></baselineIncidence><baselineIncidence><age>6</age><sex>0</sex><value>0.0</value></baselineIncidence><baselineIncidence><age>6</age><sex>1</sex><value>0.0</value></baselineIncidence><baselineIncidence><age>7</age><sex>0</sex><value>0.0</value></baselineIncidence><baselineIncidence><age>7</age><sex>1</sex><value>0.0</value></baselineIncidence><baselineIncidence><age>8</age><sex>0</sex><value>0.0</value></baselineIncidence><baselineIncidence><age>8</age><sex>1</sex><value>0.0</value></baselineIncidence><baselineIncidence><age>9</age><sex>0</sex><value>0.0</value></baselineIncidence><baselineIncidence><age>9</age><sex>1</sex><value>0.0</value></baselineIncidence><baselineIncidence><age>10</age><sex>0</sex><value>0.0</value></baselineIncidence><baselineIncidence><age>10</age><sex>1</sex><value>0.0</value></baselineIncidence><baselineIncidence><age>11</age><sex>0</sex><value>0.0</value></baselineIncidence><baselineIncidence><age>11</age><sex>1</sex><value>0.0</value></baselineIncidence><baselineIncidence><age>12</age><sex>0</sex><value>0.0</value></baselineIncidence><baselineIncidence><age>12</age><sex>1</sex><value>0.0</value></baselineIncidence><baselineIncidence><age>13</age><sex>0</sex><value>0.0</value></baselineIncidence><baselineIncidence><age>13</age><sex>1</sex><value>0.0</value></baselineIncidence><baselineIncidence><age>14</age><sex>0</sex><value>0.0</value></baselineIncidence><baselineIncidence><age>14</age><sex>1</sex><value>0.0</value></baselineIncidence><baselineIncidence><age>15</age><sex>0</sex><value>3.2E-6</value></baselineIncidence><baselineIncidence><age>15</age><sex>1</sex><value>2.0999998E-6</value></baselineIncidence><baselineIncidence><age>16</age><sex>0</sex><value>3.5E-6</value></baselineIncidence><baselineIncidence><age>16</age><sex>1</sex><value>2.6E-6</value></baselineIncidence><baselineIncidence><age>17</age><sex>0</sex><value>3.8E-6</value></baselineIncidence><baselineIncidence><age>17</age><sex>1</sex><value>3.2E-6</value></baselineIncidence><baselineIncidence><age>18</age><sex>0</sex><value>3.9E-6</value></baselineIncidence><baselineIncidence><age>18</age><sex>1</sex><value>3.8E-6</value></baselineIncidence><baselineIncidence><age>19</age><sex>0</sex><value>3.9E-6</value></baselineIncidence><baselineIncidence><age>19</age><sex>1</sex><value>4.5000006E-6</value></baselineIncidence><baselineIncidence><age>20</age><sex>0</sex><value>4.0E-6</value></baselineIncidence><baselineIncidence><age>20</age><sex>1</sex><value>5.2E-6</value></baselineIncidence><baselineIncidence><age>21</age><sex>0</sex><value>4.3294635E-6</value></baselineIncidence><baselineIncidence><age>21</age><sex>1</sex><value>6.07496E-6</value></baselineIncidence><baselineIncidence><age>22</age><sex>0</sex><value>4.6038576E-6</value></baselineIncidence><baselineIncidence><age>22</age><sex>1</sex><value>6.5979393E-6</value></baselineIncidence><baselineIncidence><age>23</age><sex>0</sex><value>5.0348185E-6</value></baselineIncidence><baselineIncidence><age>23</age><sex>1</sex><value>7.144338E-6</value></baselineIncidence><baselineIncidence><age>24</age><sex>0</sex><value>5.573423E-6</value></baselineIncidence><baselineIncidence><age>24</age><sex>1</sex><value>7.5632015E-6</value></baselineIncidence><baselineIncidence><age>25</age><sex>0</sex><value>6.099523E-6</value></baselineIncidence><baselineIncidence><age>25</age><sex>1</sex><value>7.904484E-6</value></baselineIncidence><baselineIncidence><age>26</age><sex>0</sex><value>6.8522536E-6</value></baselineIncidence><baselineIncidence><age>26</age><sex>1</sex><value>8.116548E-6</value></baselineIncidence><baselineIncidence><age>27</age><sex>0</sex><value>7.498667E-6</value></baselineIncidence><baselineIncidence><age>27</age><sex>1</sex><value>8.355968E-6</value></baselineIncidence><baselineIncidence><age>28</age><sex>0</sex><value>8.315343E-6</value></baselineIncidence><baselineIncidence><age>28</age><sex>1</sex><value>8.465724E-6</value></baselineIncidence><baselineIncidence><age>29</age><sex>0</sex><value>9.125486E-6</value></baselineIncidence><baselineIncidence><age>29</age><sex>1</sex><value>8.707519E-6</value></baselineIncidence><baselineIncidence><age>30</age><sex>0</sex><value>1.0163947E-5</value></baselineIncidence><baselineIncidence><age>30</age><sex>1</sex><value>9.02793E-6</value></baselineIncidence><baselineIncidence><age>31</age><sex>0</sex><value>1.1544822E-5</value></baselineIncidence><baselineIncidence><age>31</age><sex>1</sex><value>9.483676E-6</value></baselineIncidence><baselineIncidence><age>32</age><sex>0</sex><value>1.3208608E-5</value></baselineIncidence><baselineIncidence><age>32</age><sex>1</sex><value>1.001688E-5</value></baselineIncidence><baselineIncidence><age>33</age><sex>0</sex><value>1.5316833E-5</value></baselineIncidence><baselineIncidence><age>33</age><sex>1</sex><value>1.0863157E-5</value></baselineIncidence><baselineIncidence><age>34</age><sex>0</sex><value>1.8001141E-5</value></baselineIncidence><baselineIncidence><age>34</age><sex>1</sex><value>1.1946561E-5</value></baselineIncidence><baselineIncidence><age>35</age><sex>0</sex><value>2.1164069E-5</value></baselineIncidence><baselineIncidence><age>35</age><sex>1</sex><value>1.3342954E-5</value></baselineIncidence><baselineIncidence><age>36</age><sex>0</sex><value>2.5082936E-5</value></baselineIncidence><baselineIncidence><age>36</age><sex>1</sex><value>1.5048772E-5</value></baselineIncidence><baselineIncidence><age>37</age><sex>0</sex><value>2.9457451E-5</value></baselineIncidence><baselineIncidence><age>37</age><sex>1</sex><value>1.70732E-5</value></baselineIncidence><baselineIncidence><age>38</age><sex>0</sex><value>3.4874767E-5</value></baselineIncidence><baselineIncidence><age>38</age><sex>1</sex><value>1.9524654E-5</value></baselineIncidence><baselineIncidence><age>39</age><sex>0</sex><value>4.125577E-5</value></baselineIncidence><baselineIncidence><age>39</age><sex>1</sex><value>2.255882E-5</value></baselineIncidence><baselineIncidence><age>40</age><sex>0</sex><value>4.9182418E-5</value></baselineIncidence><baselineIncidence><age>40</age><sex>1</sex><value>2.6299098E-5</value></baselineIncidence><baselineIncidence><age>41</age><sex>0</sex><value>5.913768E-5</value></baselineIncidence><baselineIncidence><age>41</age><sex>1</sex><value>3.0898347E-5</value></baselineIncidence><baselineIncidence><age>42</age><sex>0</sex><value>7.14209E-5</value></baselineIncidence><baselineIncidence><age>42</age><sex>1</sex><value>3.6466176E-5</value></baselineIncidence><baselineIncidence><age>43</age><sex>0</sex><value>8.600867E-5</value></baselineIncidence><baselineIncidence><age>43</age><sex>1</sex><value>4.3357668E-5</value></baselineIncidence><baselineIncidence><age>44</age><sex>0</sex><value>1.033343E-4</value></baselineIncidence><baselineIncidence><age>44</age><sex>1</sex><value>5.10053E-5</value></baselineIncidence><baselineIncidence><age>45</age><sex>0</sex><value>1.2244564E-4</value></baselineIncidence><baselineIncidence><age>45</age><sex>1</sex><value>5.985152E-5</value></baselineIncidence><baselineIncidence><age>46</age><sex>0</sex><value>1.4343736E-4</value></baselineIncidence><baselineIncidence><age>46</age><sex>1</sex><value>6.915497E-5</value></baselineIncidence><baselineIncidence><age>47</age><sex>0</sex><value>1.65311E-4</value></baselineIncidence><baselineIncidence><age>47</age><sex>1</sex><value>7.9408375E-5</value></baselineIncidence><baselineIncidence><age>48</age><sex>0</sex><value>1.878679E-4</value></baselineIncidence><baselineIncidence><age>48</age><sex>1</sex><value>9.008089E-5</value></baselineIncidence><baselineIncidence><age>49</age><sex>0</sex><value>2.1053046E-4</value></baselineIncidence><baselineIncidence><age>49</age><sex>1</sex><value>1.0117827E-4</value></baselineIncidence><baselineIncidence><age>50</age><sex>0</sex><value>2.344718E-4</value></baselineIncidence><baselineIncidence><age>50</age><sex>1</sex><value>1.12815906E-4</value></baselineIncidence><baselineIncidence><age>51</age><sex>0</sex><value>2.5852586E-4</value></baselineIncidence><baselineIncidence><age>51</age><sex>1</sex><value>1.243411E-4</value></baselineIncidence><baselineIncidence><age>52</age><sex>0</sex><value>2.8269342E-4</value></baselineIncidence><baselineIncidence><age>52</age><sex>1</sex><value>1.3707882E-4</value></baselineIncidence><baselineIncidence><age>53</age><sex>0</sex><value>3.08703E-4</value></baselineIncidence><baselineIncidence><age>53</age><sex>1</sex><value>1.4783953E-4</value></baselineIncidence><baselineIncidence><age>54</age><sex>0</sex><value>3.3572642E-4</value></baselineIncidence><baselineIncidence><age>54</age><sex>1</sex><value>1.585576E-4</value></baselineIncidence><baselineIncidence><age>55</age><sex>0</sex><value>3.6070964E-4</value></baselineIncidence><baselineIncidence><age>55</age><sex>1</sex><value>1.6871287E-4</value></baselineIncidence><baselineIncidence><age>56</age><sex>0</sex><value>3.834804E-4</value></baselineIncidence><baselineIncidence><age>56</age><sex>1</sex><value>1.7605915E-4</value></baselineIncidence><baselineIncidence><age>57</age><sex>0</sex><value>4.0555585E-4</value></baselineIncidence><baselineIncidence><age>57</age><sex>1</sex><value>1.8069948E-4</value></baselineIncidence><baselineIncidence><age>58</age><sex>0</sex><value>4.2063405E-4</value></baselineIncidence><baselineIncidence><age>58</age><sex>1</sex><value>1.8314556E-4</value></baselineIncidence><baselineIncidence><age>59</age><sex>0</sex><value>4.3319963E-4</value></baselineIncidence><baselineIncidence><age>59</age><sex>1</sex><value>1.8399853E-4</value></baselineIncidence><baselineIncidence><age>60</age><sex>0</sex><value>4.4263084E-4</value></baselineIncidence><baselineIncidence><age>60</age><sex>1</sex><value>1.8399174E-4</value></baselineIncidence><baselineIncidence><age>61</age><sex>0</sex><value>4.5073312E-4</value></baselineIncidence><baselineIncidence><age>61</age><sex>1</sex><value>1.8398483E-4</value></baselineIncidence><baselineIncidence><age>62</age><sex>0</sex><value>4.594114E-4</value></baselineIncidence><baselineIncidence><age>62</age><sex>1</sex><value>1.8564712E-4</value></baselineIncidence><baselineIncidence><age>63</age><sex>0</sex><value>4.6993457E-4</value></baselineIncidence><baselineIncidence><age>63</age><sex>1</sex><value>1.8585358E-4</value></baselineIncidence><baselineIncidence><age>64</age><sex>0</sex><value>4.7856045E-4</value></baselineIncidence><baselineIncidence><age>64</age><sex>1</sex><value>1.9007694E-4</value></baselineIncidence><baselineIncidence><age>65</age><sex>0</sex><value>4.8835645E-4</value></baselineIncidence><baselineIncidence><age>65</age><sex>1</sex><value>1.9615532E-4</value></baselineIncidence><baselineIncidence><age>66</age><sex>0</sex><value>4.992525E-4</value></baselineIncidence><baselineIncidence><age>66</age><sex>1</sex><value>2.0330519E-4</value></baselineIncidence><baselineIncidence><age>67</age><sex>0</sex><value>5.13347E-4</value></baselineIncidence><baselineIncidence><age>67</age><sex>1</sex><value>2.0797443E-4</value></baselineIncidence><baselineIncidence><age>68</age><sex>0</sex><value>5.2488083E-4</value></baselineIncidence><baselineIncidence><age>68</age><sex>1</sex><value>2.1160961E-4</value></baselineIncidence><baselineIncidence><age>69</age><sex>0</sex><value>5.3884333E-4</value></baselineIncidence><baselineIncidence><age>69</age><sex>1</sex><value>2.1280386E-4</value></baselineIncidence><baselineIncidence><age>70</age><sex>0</sex><value>5.482509E-4</value></baselineIncidence><baselineIncidence><age>70</age><sex>1</sex><value>2.115721E-4</value></baselineIncidence><baselineIncidence><age>71</age><sex>0</sex><value>5.566293E-4</value></baselineIncidence><baselineIncidence><age>71</age><sex>1</sex><value>2.1256057E-4</value></baselineIncidence><baselineIncidence><age>72</age><sex>0</sex><value>5.5876E-4</value></baselineIncidence><baselineIncidence><age>72</age><sex>1</sex><value>2.1462563E-4</value></baselineIncidence><baselineIncidence><age>73</age><sex>0</sex><value>5.539213E-4</value></baselineIncidence><baselineIncidence><age>73</age><sex>1</sex><value>2.1895232E-4</value></baselineIncidence><baselineIncidence><age>74</age><sex>0</sex><value>5.4709293E-4</value></baselineIncidence><baselineIncidence><age>74</age><sex>1</sex><value>2.245929E-4</value></baselineIncidence><baselineIncidence><age>75</age><sex>0</sex><value>5.3759554E-4</value></baselineIncidence><baselineIncidence><age>75</age><sex>1</sex><value>2.31576E-4</value></baselineIncidence><baselineIncidence><age>76</age><sex>0</sex><value>5.2866025E-4</value></baselineIncidence><baselineIncidence><age>76</age><sex>1</sex><value>2.3785117E-4</value></baselineIncidence><baselineIncidence><age>77</age><sex>0</sex><value>5.22148E-4</value></baselineIncidence><baselineIncidence><age>77</age><sex>1</sex><value>2.4513146E-4</value></baselineIncidence><baselineIncidence><age>78</age><sex>0</sex><value>5.206983E-4</value></baselineIncidence><baselineIncidence><age>78</age><sex>1</sex><value>2.508039E-4</value></baselineIncidence><baselineIncidence><age>79</age><sex>0</sex><value>5.2603905E-4</value></baselineIncidence><baselineIncidence><age>79</age><sex>1</sex><value>2.5746055E-4</value></baselineIncidence><baselineIncidence><age>80</age><sex>0</sex><value>5.324141E-4</value></baselineIncidence><baselineIncidence><age>80</age><sex>1</sex><value>2.6346507E-4</value></baselineIncidence><baselineIncidence><age>81</age><sex>0</sex><value>5.3434237E-4</value></baselineIncidence><baselineIncidence><age>81</age><sex>1</sex><value>2.6622284E-4</value></baselineIncidence><baselineIncidence><age>82</age><sex>0</sex><value>5.3247664E-4</value></baselineIncidence><baselineIncidence><age>82</age><sex>1</sex><value>2.6535362E-4</value></baselineIncidence><baselineIncidence><age>83</age><sex>0</sex><value>5.2471325E-4</value></baselineIncidence><baselineIncidence><age>83</age><sex>1</sex><value>2.624143E-4</value></baselineIncidence><baselineIncidence><age>84</age><sex>0</sex><value>5.1076926E-4</value></baselineIncidence><baselineIncidence><age>84</age><sex>1</sex><value>2.5767993E-4</value></baselineIncidence><baselineIncidence><age>85</age><sex>0</sex><value>4.940741E-4</value></baselineIncidence><baselineIncidence><age>85</age><sex>1</sex><value>2.525731E-4</value></baselineIncidence><baselineIncidence><age>86</age><sex>0</sex><value>4.7571101E-4</value></baselineIncidence><baselineIncidence><age>86</age><sex>1</sex><value>2.4636797E-4</value></baselineIncidence><baselineIncidence><age>87</age><sex>0</sex><value>4.630555E-4</value></baselineIncidence><baselineIncidence><age>87</age><sex>1</sex><value>2.4075022E-4</value></baselineIncidence><baselineIncidence><age>88</age><sex>0</sex><value>4.5388166E-4</value></baselineIncidence><baselineIncidence><age>88</age><sex>1</sex><value>2.3746732E-4</value></baselineIncidence><baselineIncidence><age>89</age><sex>0</sex><value>4.4764605E-4</value></baselineIncidence><baselineIncidence><age>89</age><sex>1</sex><value>2.3429032E-4</value></baselineIncidence><baselineIncidence><age>90</age><sex>0</sex><value>4.4630273E-4</value></baselineIncidence><baselineIncidence><age>90</age><sex>1</sex><value>2.3351764E-4</value></baselineIncidence><baselineIncidence><age>91</age><sex>0</sex><value>4.4547053E-4</value></baselineIncidence><baselineIncidence><age>91</age><sex>1</sex><value>2.323894E-4</value></baselineIncidence><baselineIncidence><age>92</age><sex>0</sex><value>4.4805935E-4</value></baselineIncidence><baselineIncidence><age>92</age><sex>1</sex><value>2.3237034E-4</value></baselineIncidence><baselineIncidence><age>93</age><sex>0</sex><value>4.4869503E-4</value></baselineIncidence><baselineIncidence><age>93</age><sex>1</sex><value>2.308549E-4</value></baselineIncidence><baselineIncidence><age>94</age><sex>0</sex><value>4.482986E-4</value></baselineIncidence><baselineIncidence><age>94</age><sex>1</sex><value>2.3045421E-4</value></baselineIncidence><baselineIncidence><age>95</age><sex>0</sex><value>4.4499783E-4</value></baselineIncidence><baselineIncidence><age>95</age><sex>1</sex><value>2.2965253E-4</value></baselineIncidence></baselineIncidences>