<?xml version="1.0" encoding="UTF-8" standalone="no"?><baselineIncidences><baselineIncidence><age>0</age><sex>0</sex><value>0.0</value></baselineIncidence><baselineIncidence><age>0</age><sex>1</sex><value>0.0</value></baselineIncidence><baselineIncidence><age>1</age><sex>0</sex><value>0.0</value></baselineIncidence><baselineIncidence><age>1</age><sex>1</sex><value>0.0</value></baselineIncidence><baselineIncidence><age>2</age><sex>0</sex><value>0.0</value></baselineIncidence><baselineIncidence><age>2</age><sex>1</sex><value>0.0</value></baselineIncidence><baselineIncidence><age>3</age><sex>0</sex><value>0.0</value></baselineIncidence><baselineIncidence><age>3</age><sex>1</sex><value>0.0</value></baselineIncidence><baselineIncidence><age>4</age><sex>0</sex><value>0.0</value></baselineIncidence><baselineIncidence><age>4</age><sex>1</sex><value>0.0</value></baselineIncidence><baselineIncidence><age>5</age><sex>0</sex><value>0.0</value></baselineIncidence><baselineIncidence><age>5</age><sex>1</sex><value>0.0</value></baselineIncidence><baselineIncidence><age>6</age><sex>0</sex><value>0.0</value></baselineIncidence><baselineIncidence><age>6</age><sex>1</sex><value>0.0</value></baselineIncidence><baselineIncidence><age>7</age><sex>0</sex><value>0.0</value></baselineIncidence><baselineIncidence><age>7</age><sex>1</sex><value>0.0</value></baselineIncidence><baselineIncidence><age>8</age><sex>0</sex><value>0.0</value></baselineIncidence><baselineIncidence><age>8</age><sex>1</sex><value>0.0</value></baselineIncidence><baselineIncidence><age>9</age><sex>0</sex><value>0.0</value></baselineIncidence><baselineIncidence><age>9</age><sex>1</sex><value>0.0</value></baselineIncidence><baselineIncidence><age>10</age><sex>0</sex><value>0.0</value></baselineIncidence><baselineIncidence><age>10</age><sex>1</sex><value>0.0</value></baselineIncidence><baselineIncidence><age>11</age><sex>0</sex><value>0.0</value></baselineIncidence><baselineIncidence><age>11</age><sex>1</sex><value>0.0</value></baselineIncidence><baselineIncidence><age>12</age><sex>0</sex><value>0.0</value></baselineIncidence><baselineIncidence><age>12</age><sex>1</sex><value>0.0</value></baselineIncidence><baselineIncidence><age>13</age><sex>0</sex><value>0.0</value></baselineIncidence><baselineIncidence><age>13</age><sex>1</sex><value>0.0</value></baselineIncidence><baselineIncidence><age>14</age><sex>0</sex><value>0.0</value></baselineIncidence><baselineIncidence><age>14</age><sex>1</sex><value>0.0</value></baselineIncidence><baselineIncidence><age>15</age><sex>0</sex><value>0.0</value></baselineIncidence><baselineIncidence><age>15</age><sex>1</sex><value>0.0</value></baselineIncidence><baselineIncidence><age>16</age><sex>0</sex><value>0.0</value></baselineIncidence><baselineIncidence><age>16</age><sex>1</sex><value>0.0</value></baselineIncidence><baselineIncidence><age>17</age><sex>0</sex><value>0.0</value></baselineIncidence><baselineIncidence><age>17</age><sex>1</sex><value>0.0</value></baselineIncidence><baselineIncidence><age>18</age><sex>0</sex><value>0.0</value></baselineIncidence><baselineIncidence><age>18</age><sex>1</sex><value>0.0</value></baselineIncidence><baselineIncidence><age>19</age><sex>0</sex><value>0.0</value></baselineIncidence><baselineIncidence><age>19</age><sex>1</sex><value>0.0</value></baselineIncidence><baselineIncidence><age>20</age><sex>0</sex><value>0.0</value></baselineIncidence><baselineIncidence><age>20</age><sex>1</sex><value>0.0</value></baselineIncidence><baselineIncidence><age>21</age><sex>0</sex><value>0.0</value></baselineIncidence><baselineIncidence><age>21</age><sex>1</sex><value>0.0</value></baselineIncidence><baselineIncidence><age>22</age><sex>0</sex><value>0.0</value></baselineIncidence><baselineIncidence><age>22</age><sex>1</sex><value>0.0</value></baselineIncidence><baselineIncidence><age>23</age><sex>0</sex><value>0.0</value></baselineIncidence><baselineIncidence><age>23</age><sex>1</sex><value>0.0</value></baselineIncidence><baselineIncidence><age>24</age><sex>0</sex><value>0.0</value></baselineIncidence><baselineIncidence><age>24</age><sex>1</sex><value>0.0</value></baselineIncidence><baselineIncidence><age>25</age><sex>0</sex><value>0.0</value></baselineIncidence><baselineIncidence><age>25</age><sex>1</sex><value>0.0</value></baselineIncidence><baselineIncidence><age>26</age><sex>0</sex><value>0.0</value></baselineIncidence><baselineIncidence><age>26</age><sex>1</sex><value>0.0</value></baselineIncidence><baselineIncidence><age>27</age><sex>0</sex><value>0.0</value></baselineIncidence><baselineIncidence><age>27</age><sex>1</sex><value>0.0</value></baselineIncidence><baselineIncidence><age>28</age><sex>0</sex><value>0.0</value></baselineIncidence><baselineIncidence><age>28</age><sex>1</sex><value>0.0</value></baselineIncidence><baselineIncidence><age>29</age><sex>0</sex><value>0.0</value></baselineIncidence><baselineIncidence><age>29</age><sex>1</sex><value>0.0</value></baselineIncidence><baselineIncidence><age>30</age><sex>0</sex><value>0.0</value></baselineIncidence><baselineIncidence><age>30</age><sex>1</sex><value>0.0</value></baselineIncidence><baselineIncidence><age>31</age><sex>0</sex><value>0.0</value></baselineIncidence><baselineIncidence><age>31</age><sex>1</sex><value>0.0</value></baselineIncidence><baselineIncidence><age>32</age><sex>0</sex><value>0.0</value></baselineIncidence><baselineIncidence><age>32</age><sex>1</sex><value>0.0</value></baselineIncidence><baselineIncidence><age>33</age><sex>0</sex><value>0.0</value></baselineIncidence><baselineIncidence><age>33</age><sex>1</sex><value>0.0</value></baselineIncidence><baselineIncidence><age>34</age><sex>0</sex><value>0.0</value></baselineIncidence><baselineIncidence><age>34</age><sex>1</sex><value>0.0</value></baselineIncidence><baselineIncidence><age>35</age><sex>0</sex><value>0.0</value></baselineIncidence><baselineIncidence><age>35</age><sex>1</sex><value>0.0</value></baselineIncidence><baselineIncidence><age>36</age><sex>0</sex><value>0.0</value></baselineIncidence><baselineIncidence><age>36</age><sex>1</sex><value>0.0</value></baselineIncidence><baselineIncidence><age>37</age><sex>0</sex><value>0.0</value></baselineIncidence><baselineIncidence><age>37</age><sex>1</sex><value>0.0</value></baselineIncidence><baselineIncidence><age>38</age><sex>0</sex><value>0.0</value></baselineIncidence><baselineIncidence><age>38</age><sex>1</sex><value>0.0</value></baselineIncidence><baselineIncidence><age>39</age><sex>0</sex><value>0.0</value></baselineIncidence><baselineIncidence><age>39</age><sex>1</sex><value>0.0</value></baselineIncidence><baselineIncidence><age>40</age><sex>0</sex><value>5.0629996E-4</value></baselineIncidence><baselineIncidence><age>40</age><sex>1</sex><value>9.076E-4</value></baselineIncidence><baselineIncidence><age>41</age><sex>0</sex><value>5.792999E-4</value></baselineIncidence><baselineIncidence><age>41</age><sex>1</sex><value>9.901E-4</value></baselineIncidence><baselineIncidence><age>42</age><sex>0</sex><value>6.610001E-4</value></baselineIncidence><baselineIncidence><age>42</age><sex>1</sex><value>0.0010782</value></baselineIncidence><baselineIncidence><age>43</age><sex>0</sex><value>7.522E-4</value></baselineIncidence><baselineIncidence><age>43</age><sex>1</sex><value>0.0011722</value></baselineIncidence><baselineIncidence><age>44</age><sex>0</sex><value>8.536E-4</value></baselineIncidence><baselineIncidence><age>44</age><sex>1</sex><value>0.0012721001</value></baselineIncidence><baselineIncidence><age>45</age><sex>0</sex><value>9.661001E-4</value></baselineIncidence><baselineIncidence><age>45</age><sex>1</sex><value>0.0013781001</value></baselineIncidence><baselineIncidence><age>46</age><sex>0</sex><value>0.0010905</value></baselineIncidence><baselineIncidence><age>46</age><sex>1</sex><value>0.0014904</value></baselineIncidence><baselineIncidence><age>47</age><sex>0</sex><value>0.0012275</value></baselineIncidence><baselineIncidence><age>47</age><sex>1</sex><value>0.0016091</value></baselineIncidence><baselineIncidence><age>48</age><sex>0</sex><value>0.0013781</value></baselineIncidence><baselineIncidence><age>48</age><sex>1</sex><value>0.0017343</value></baselineIncidence><baselineIncidence><age>49</age><sex>0</sex><value>0.0015431001</value></baselineIncidence><baselineIncidence><age>49</age><sex>1</sex><value>0.0018659</value></baselineIncidence><baselineIncidence><age>50</age><sex>0</sex><value>0.0017231</value></baselineIncidence><baselineIncidence><age>50</age><sex>1</sex><value>0.0020041</value></baselineIncidence><baselineIncidence><age>51</age><sex>0</sex><value>0.0019191001</value></baselineIncidence><baselineIncidence><age>51</age><sex>1</sex><value>0.0021489</value></baselineIncidence><baselineIncidence><age>52</age><sex>0</sex><value>0.0021318</value></baselineIncidence><baselineIncidence><age>52</age><sex>1</sex><value>0.0023001002</value></baselineIncidence><baselineIncidence><age>53</age><sex>0</sex><value>0.0023617</value></baselineIncidence><baselineIncidence><age>53</age><sex>1</sex><value>0.0024577</value></baselineIncidence><baselineIncidence><age>54</age><sex>0</sex><value>0.0026097</value></baselineIncidence><baselineIncidence><age>54</age><sex>1</sex><value>0.0026216002</value></baselineIncidence><baselineIncidence><age>55</age><sex>0</sex><value>0.0028761</value></baselineIncidence><baselineIncidence><age>55</age><sex>1</sex><value>0.0027915</value></baselineIncidence><baselineIncidence><age>56</age><sex>0</sex><value>0.0031614</value></baselineIncidence><baselineIncidence><age>56</age><sex>1</sex><value>0.0029674</value></baselineIncidence><baselineIncidence><age>57</age><sex>0</sex><value>0.0034661</value></baselineIncidence><baselineIncidence><age>57</age><sex>1</sex><value>0.0031489003</value></baselineIncidence><baselineIncidence><age>58</age><sex>0</sex><value>0.0037902999</value></baselineIncidence><baselineIncidence><age>58</age><sex>1</sex><value>0.0033357</value></baselineIncidence><baselineIncidence><age>59</age><sex>0</sex><value>0.0041341</value></baselineIncidence><baselineIncidence><age>59</age><sex>1</sex><value>0.0035275</value></baselineIncidence><baselineIncidence><age>60</age><sex>0</sex><value>0.0044976</value></baselineIncidence><baselineIncidence><age>60</age><sex>1</sex><value>0.0037237</value></baselineIncidence><baselineIncidence><age>61</age><sex>0</sex><value>0.0048804</value></baselineIncidence><baselineIncidence><age>61</age><sex>1</sex><value>0.003924</value></baselineIncidence><baselineIncidence><age>62</age><sex>0</sex><value>0.0052821</value></baselineIncidence><baselineIncidence><age>62</age><sex>1</sex><value>0.0041279</value></baselineIncidence><baselineIncidence><age>63</age><sex>0</sex><value>0.0057023</value></baselineIncidence><baselineIncidence><age>63</age><sex>1</sex><value>0.0043347</value></baselineIncidence><baselineIncidence><age>64</age><sex>0</sex><value>0.0061401</value></baselineIncidence><baselineIncidence><age>64</age><sex>1</sex><value>0.0045437</value></baselineIncidence><baselineIncidence><age>65</age><sex>0</sex><value>0.0065945</value></baselineIncidence><baselineIncidence><age>65</age><sex>1</sex><value>0.0047545</value></baselineIncidence><baselineIncidence><age>66</age><sex>0</sex><value>0.0070642</value></baselineIncidence><baselineIncidence><age>66</age><sex>1</sex><value>0.0049661</value></baselineIncidence><baselineIncidence><age>67</age><sex>0</sex><value>0.0075478</value></baselineIncidence><baselineIncidence><age>67</age><sex>1</sex><value>0.0051779</value></baselineIncidence><baselineIncidence><age>68</age><sex>0</sex><value>0.0080436</value></baselineIncidence><baselineIncidence><age>68</age><sex>1</sex><value>0.0053889</value></baselineIncidence><baselineIncidence><age>69</age><sex>0</sex><value>0.0085496</value></baselineIncidence><baselineIncidence><age>69</age><sex>1</sex><value>0.0055985</value></baselineIncidence><baselineIncidence><age>70</age><sex>0</sex><value>0.0090636</value></baselineIncidence><baselineIncidence><age>70</age><sex>1</sex><value>0.0058056</value></baselineIncidence><baselineIncidence><age>71</age><sex>0</sex><value>0.009583099</value></baselineIncidence><baselineIncidence><age>71</age><sex>1</sex><value>0.0060093</value></baselineIncidence><baselineIncidence><age>72</age><sex>0</sex><value>0.0101054</value></baselineIncidence><baselineIncidence><age>72</age><sex>1</sex><value>0.0062088</value></baselineIncidence><baselineIncidence><age>73</age><sex>0</sex><value>0.0106275</value></baselineIncidence><baselineIncidence><age>73</age><sex>1</sex><value>0.0064031</value></baselineIncidence><baselineIncidence><age>74</age><sex>0</sex><value>0.011146299</value></baselineIncidence><baselineIncidence><age>74</age><sex>1</sex><value>0.0065913</value></baselineIncidence><baselineIncidence><age>75</age><sex>0</sex><value>0.0116585</value></baselineIncidence><baselineIncidence><age>75</age><sex>1</sex><value>0.0067723</value></baselineIncidence><baselineIncidence><age>76</age><sex>0</sex><value>0.0121605005</value></baselineIncidence><baselineIncidence><age>76</age><sex>1</sex><value>0.0069452995</value></baselineIncidence><baselineIncidence><age>77</age><sex>0</sex><value>0.0126487</value></baselineIncidence><baselineIncidence><age>77</age><sex>1</sex><value>0.0071093002</value></baselineIncidence><baselineIncidence><age>78</age><sex>0</sex><value>0.0131194</value></baselineIncidence><baselineIncidence><age>78</age><sex>1</sex><value>0.0072634</value></baselineIncidence><baselineIncidence><age>79</age><sex>0</sex><value>0.0135687</value></baselineIncidence><baselineIncidence><age>79</age><sex>1</sex><value>0.0074068</value></baselineIncidence><baselineIncidence><age>80</age><sex>0</sex><value>0.0139928</value></baselineIncidence><baselineIncidence><age>80</age><sex>1</sex><value>0.0075387</value></baselineIncidence><baselineIncidence><age>81</age><sex>0</sex><value>0.0143881</value></baselineIncidence><baselineIncidence><age>81</age><sex>1</sex><value>0.0076583</value></baselineIncidence><baselineIncidence><age>82</age><sex>0</sex><value>0.0147508</value></baselineIncidence><baselineIncidence><age>82</age><sex>1</sex><value>0.0077649</value></baselineIncidence><baselineIncidence><age>83</age><sex>0</sex><value>0.015077499</value></baselineIncidence><baselineIncidence><age>83</age><sex>1</sex><value>0.0078579</value></baselineIncidence><baselineIncidence><age>84</age><sex>0</sex><value>0.015365001</value></baselineIncidence><baselineIncidence><age>84</age><sex>1</sex><value>0.0079368</value></baselineIncidence><baselineIncidence><age>85</age><sex>0</sex><value>0.0156101</value></baselineIncidence><baselineIncidence><age>85</age><sex>1</sex><value>0.008001</value></baselineIncidence><baselineIncidence><age>86</age><sex>0</sex><value>0.0158102</value></baselineIncidence><baselineIncidence><age>86</age><sex>1</sex><value>0.008050199</value></baselineIncidence><baselineIncidence><age>87</age><sex>0</sex><value>0.0159632</value></baselineIncidence><baselineIncidence><age>87</age><sex>1</sex><value>0.0080841</value></baselineIncidence><baselineIncidence><age>88</age><sex>0</sex><value>0.016067</value></baselineIncidence><baselineIncidence><age>88</age><sex>1</sex><value>0.0081025</value></baselineIncidence><baselineIncidence><age>89</age><sex>0</sex><value>0.0161204</value></baselineIncidence><baselineIncidence><age>89</age><sex>1</sex><value>0.0081053</value></baselineIncidence><baselineIncidence><age>90</age><sex>0</sex><value>0.0161224</value></baselineIncidence><baselineIncidence><age>90</age><sex>1</sex><value>0.0080925</value></baselineIncidence><baselineIncidence><age>91</age><sex>0</sex><value>0.0160727</value></baselineIncidence><baselineIncidence><age>91</age><sex>1</sex><value>0.0080642</value></baselineIncidence><baselineIncidence><age>92</age><sex>0</sex><value>0.0159714</value></baselineIncidence><baselineIncidence><age>92</age><sex>1</sex><value>0.0080206</value></baselineIncidence><baselineIncidence><age>93</age><sex>0</sex><value>0.0158193</value></baselineIncidence><baselineIncidence><age>93</age><sex>1</sex><value>0.0079619</value></baselineIncidence><baselineIncidence><age>94</age><sex>0</sex><value>0.0156177</value></baselineIncidence><baselineIncidence><age>94</age><sex>1</sex><value>0.0078886</value></baselineIncidence><baselineIncidence><age>95</age><sex>0</sex><value>0.0153683</value></baselineIncidence><baselineIncidence><age>95</age><sex>1</sex><value>0.0078011</value></baselineIncidence></baselineIncidences>