<?xml version="1.0" encoding="UTF-8" standalone="no"?><baselineAbility><ability><age>0</age><sex>0</sex><value>0.9797587990760803</value></ability><ability><age>0</age><sex>1</sex><value>0.981881570070982</value></ability><ability><age>1</age><sex>0</sex><value>0.979130869731307</value></ability><ability><age>1</age><sex>1</sex><value>0.9811037313193083</value></ability><ability><age>2</age><sex>0</sex><value>0.9784838706254959</value></ability><ability><age>2</age><sex>1</sex><value>0.980293171480298</value></ability><ability><age>3</age><sex>0</sex><value>0.9778172709047794</value></ability><ability><age>3</age><sex>1</sex><value>0.9794485569000244</value></ability><ability><age>4</age><sex>0</sex><value>0.9771305117756128</value></ability><ability><age>4</age><sex>1</sex><value>0.9785685539245605</value></ability><ability><age>5</age><sex>0</sex><value>0.976423442363739</value></ability><ability><age>5</age><sex>1</sex><value>0.9776522219181061</value></ability><ability><age>6</age><sex>0</sex><value>0.9756971597671509</value></ability><ability><age>6</age><sex>1</sex><value>0.9766997415572405</value></ability><ability><age>7</age><sex>0</sex><value>0.9749528206884861</value></ability><ability><age>7</age><sex>1</sex><value>0.9757117033004761</value></ability><ability><age>8</age><sex>0</sex><value>0.9741920605301857</value></ability><ability><age>8</age><sex>1</sex><value>0.9746888875961304</value></ability><ability><age>9</age><sex>0</sex><value>0.9734165593981743</value></ability><ability><age>9</age><sex>1</sex><value>0.9736325144767761</value></ability><ability><age>10</age><sex>0</sex><value>0.97262829169631</value></ability><ability><age>10</age><sex>1</sex><value>0.9725439604371786</value></ability><ability><age>11</age><sex>0</sex><value>0.9718294106423855</value></ability><ability><age>11</age><sex>1</sex><value>0.9714250713586807</value></ability><ability><age>12</age><sex>0</sex><value>0.9710223618894815</value></ability><ability><age>12</age><sex>1</sex><value>0.9702779799699783</value></ability><ability><age>13</age><sex>0</sex><value>0.9702097903937101</value></ability><ability><age>13</age><sex>1</sex><value>0.9691052213311195</value></ability><ability><age>14</age><sex>0</sex><value>0.9693946111947298</value></ability><ability><age>14</age><sex>1</sex><value>0.9679097384214401</value></ability><ability><age>15</age><sex>0</sex><value>0.9685964746484899</value></ability><ability><age>15</age><sex>1</sex><value>0.9667094349861145</value></ability><ability><age>16</age><sex>0</sex><value>0.9677889347076416</value></ability><ability><age>16</age><sex>1</sex><value>0.9654830345427924</value></ability><ability><age>17</age><sex>0</sex><value>0.9669892763355573</value></ability><ability><age>17</age><sex>1</sex><value>0.96424592585101</value></ability><ability><age>18</age><sex>0</sex><value>0.9662013227461612</value></ability><ability><age>18</age><sex>1</sex><value>0.9630028515731484</value></ability><ability><age>19</age><sex>0</sex><value>0.9654291520587162</value></ability><ability><age>19</age><sex>1</sex><value>0.9617587899550751</value></ability><ability><age>20</age><sex>0</sex><value>0.9646770166119468</value></ability><ability><age>20</age><sex>1</sex><value>0.9605195377269737</value></ability><ability><age>21</age><sex>0</sex><value>0.9639494335771854</value></ability><ability><age>21</age><sex>1</sex><value>0.9592912206694117</value></ability><ability><age>22</age><sex>0</sex><value>0.9632511418610252</value></ability><ability><age>22</age><sex>1</sex><value>0.958080689584267</value></ability><ability><age>23</age><sex>0</sex><value>0.9625868201255798</value></ability><ability><age>23</age><sex>1</sex><value>0.9568954515243276</value></ability><ability><age>24</age><sex>0</sex><value>0.961961333394051</value></ability><ability><age>24</age><sex>1</sex><value>0.9557431335057357</value></ability><ability><age>25</age><sex>0</sex><value>0.9613797664642334</value></ability><ability><age>25</age><sex>1</sex><value>0.9546321508066072</value></ability><ability><age>26</age><sex>0</sex><value>0.9608469330304895</value></ability><ability><age>26</age><sex>1</sex><value>0.9535709266305502</value></ability><ability><age>27</age><sex>0</sex><value>0.9603651188369955</value></ability><ability><age>27</age><sex>1</sex><value>0.9525653719902039</value></ability><ability><age>28</age><sex>0</sex><value>0.9599275588989258</value></ability><ability><age>28</age><sex>1</sex><value>0.9516124725341797</value></ability><ability><age>29</age><sex>0</sex><value>0.9595254572090405</value></ability><ability><age>29</age><sex>1</sex><value>0.9507067261751033</value></ability><ability><age>30</age><sex>0</sex><value>0.9598785746526263</value></ability><ability><age>30</age><sex>1</sex><value>0.9506135582923889</value></ability><ability><age>31</age><sex>0</sex><value>0.9596357345581055</value></ability><ability><age>31</age><sex>1</sex><value>0.9498632692941775</value></ability><ability><age>32</age><sex>0</sex><value>0.9594157845067595</value></ability><ability><age>32</age><sex>1</sex><value>0.9491495878681246</value></ability><ability><age>33</age><sex>0</sex><value>0.9592103592798816</value></ability><ability><age>33</age><sex>1</sex><value>0.9484665097014635</value></ability><ability><age>34</age><sex>0</sex><value>0.959010899066925</value></ability><ability><age>34</age><sex>1</sex><value>0.9478077232129821</value></ability><ability><age>35</age><sex>0</sex><value>0.9588086605072021</value></ability><ability><age>35</age><sex>1</sex><value>0.9471664428710938</value></ability><ability><age>36</age><sex>0</sex><value>0.9588099122047424</value></ability><ability><age>36</age><sex>1</sex><value>0.946695864200592</value></ability><ability><age>37</age><sex>0</sex><value>0.9588196638559947</value></ability><ability><age>37</age><sex>1</sex><value>0.9462411265503012</value></ability><ability><age>38</age><sex>0</sex><value>0.9588319063186646</value></ability><ability><age>38</age><sex>1</sex><value>0.9457947245018572</value></ability><ability><age>39</age><sex>0</sex><value>0.9588407278060913</value></ability><ability><age>39</age><sex>1</sex><value>0.9453480949623744</value></ability><ability><age>40</age><sex>0</sex><value>0.9597463937137154</value></ability><ability><age>40</age><sex>1</sex><value>0.9464627504348755</value></ability><ability><age>41</age><sex>0</sex><value>0.9598737271461938</value></ability><ability><age>41</age><sex>1</sex><value>0.9461617298580669</value></ability><ability><age>42</age><sex>0</sex><value>0.9599953194335938</value></ability><ability><age>42</age><sex>1</sex><value>0.9458455101704972</value></ability><ability><age>43</age><sex>0</sex><value>0.9601034822342213</value></ability><ability><age>43</age><sex>1</sex><value>0.9455033540725708</value></ability><ability><age>44</age><sex>0</sex><value>0.9601883230155761</value></ability><ability><age>44</age><sex>1</sex><value>0.9451234936714172</value></ability><ability><age>45</age><sex>0</sex><value>0.9602380040746078</value></ability><ability><age>45</age><sex>1</sex><value>0.9446911214368219</value></ability><ability><age>46</age><sex>0</sex><value>0.9602383375167847</value></ability><ability><age>46</age><sex>1</sex><value>0.9441889776906573</value></ability><ability><age>47</age><sex>0</sex><value>0.960170722074141</value></ability><ability><age>47</age><sex>1</sex><value>0.9435962246699814</value></ability><ability><age>48</age><sex>0</sex><value>0.9600140411893388</value></ability><ability><age>48</age><sex>1</sex><value>0.9428893116756246</value></ability><ability><age>49</age><sex>0</sex><value>0.9597571889723303</value></ability><ability><age>49</age><sex>1</sex><value>0.9420547384516652</value></ability><ability><age>50</age><sex>0</sex><value>0.9594021073562499</value></ability><ability><age>50</age><sex>1</sex><value>0.9410903453826904</value></ability><ability><age>51</age><sex>0</sex><value>0.9589496955765913</value></ability><ability><age>51</age><sex>1</sex><value>0.9399937391281128</value></ability><ability><age>52</age><sex>0</sex><value>0.9583992561728809</value></ability><ability><age>52</age><sex>1</sex><value>0.9387598674083553</value></ability><ability><age>53</age><sex>0</sex><value>0.9577477748479135</value></ability><ability><age>53</age><sex>1</sex><value>0.9373845494065721</value></ability><ability><age>54</age><sex>0</sex><value>0.9569941053387191</value></ability><ability><age>54</age><sex>1</sex><value>0.9358634363527186</value></ability><ability><age>55</age><sex>0</sex><value>0.9561353389782048</value></ability><ability><age>55</age><sex>1</sex><value>0.934194354431616</value></ability><ability><age>56</age><sex>0</sex><value>0.9551695067150888</value></ability><ability><age>56</age><sex>1</sex><value>0.9323811531066895</value></ability><ability><age>57</age><sex>0</sex><value>0.9540982246398926</value></ability><ability><age>57</age><sex>1</sex><value>0.9304312657053734</value></ability><ability><age>58</age><sex>0</sex><value>0.9529271491246483</value></ability><ability><age>58</age><sex>1</sex><value>0.9283582470006951</value></ability><ability><age>59</age><sex>0</sex><value>0.9516653088943003</value></ability><ability><age>59</age><sex>1</sex><value>0.9261777374839848</value></ability><ability><age>60</age><sex>0</sex><value>0.9503350802893908</value></ability><ability><age>60</age><sex>1</sex><value>0.9239162523954637</value></ability><ability><age>61</age><sex>0</sex><value>0.9489429966471077</value></ability><ability><age>61</age><sex>1</sex><value>0.9215788715298159</value></ability><ability><age>62</age><sex>0</sex><value>0.9475159214142562</value></ability><ability><age>62</age><sex>1</sex><value>0.9191923894037332</value></ability><ability><age>63</age><sex>0</sex><value>0.9460805654525757</value></ability><ability><age>63</age><sex>1</sex><value>0.9167711540891229</value></ability><ability><age>64</age><sex>0</sex><value>0.944679817608635</value></ability><ability><age>64</age><sex>1</sex><value>0.9143423541912828</value></ability><ability><age>65</age><sex>0</sex><value>0.9433642810902305</value></ability><ability><age>65</age><sex>1</sex><value>0.9119552162673009</value></ability><ability><age>66</age><sex>0</sex><value>0.9421454854449913</value></ability><ability><age>66</age><sex>1</sex><value>0.9096082835017131</value></ability><ability><age>67</age><sex>0</sex><value>0.9411062367156647</value></ability><ability><age>67</age><sex>1</sex><value>0.9073597436468593</value></ability><ability><age>68</age><sex>0</sex><value>0.940307135892755</value></ability><ability><age>68</age><sex>1</sex><value>0.9052554118189783</value></ability><ability><age>69</age><sex>0</sex><value>0.939835104349566</value></ability><ability><age>69</age><sex>1</sex><value>0.903344623214881</value></ability><ability><age>70</age><sex>0</sex><value>0.9397671025387709</value></ability><ability><age>70</age><sex>1</sex><value>0.9016767740249634</value></ability><ability><age>71</age><sex>0</sex><value>0.9401141287907029</value></ability><ability><age>71</age><sex>1</sex><value>0.9002387523651123</value></ability><ability><age>72</age><sex>0</sex><value>0.9408746674211087</value></ability><ability><age>72</age><sex>1</sex><value>0.8990239517664284</value></ability><ability><age>73</age><sex>0</sex><value>0.9420319580891714</value></ability><ability><age>73</age><sex>1</sex><value>0.8980096578598022</value></ability><ability><age>74</age><sex>0</sex><value>0.9435704423040083</value></ability><ability><age>74</age><sex>1</sex><value>0.8971629188658263</value></ability><ability><age>75</age><sex>0</sex><value>0.9454469491433346</value></ability><ability><age>75</age><sex>1</sex><value>0.8964485236489811</value></ability><ability><age>76</age><sex>0</sex><value>0.9476654928614954</value></ability><ability><age>76</age><sex>1</sex><value>0.8958672285079956</value></ability><ability><age>77</age><sex>0</sex><value>0.9500632050478245</value></ability><ability><age>77</age><sex>1</sex><value>0.8952746987342834</value></ability><ability><age>78</age><sex>0</sex><value>0.9526148367998771</value></ability><ability><age>78</age><sex>1</sex><value>0.8946737529080092</value></ability><ability><age>79</age><sex>0</sex><value>0.9552513889690206</value></ability><ability><age>79</age><sex>1</sex><value>0.8939860463142395</value></ability><ability><age>80</age><sex>0</sex><value>0.9579183967490855</value></ability><ability><age>80</age><sex>1</sex><value>0.8931624288838265</value></ability><ability><age>81</age><sex>0</sex><value>0.9603915487578076</value></ability><ability><age>81</age><sex>1</sex><value>0.8920503854751587</value></ability><ability><age>82</age><sex>0</sex><value>0.962593011505577</value></ability><ability><age>82</age><sex>1</sex><value>0.890562912891223</value></ability><ability><age>83</age><sex>0</sex><value>0.9643919291952382</value></ability><ability><age>83</age><sex>1</sex><value>0.8885778188705444</value></ability><ability><age>84</age><sex>0</sex><value>0.9656816170712744</value></ability><ability><age>84</age><sex>1</sex><value>0.885956884105014</value></ability><ability><age>85</age><sex>0</sex><value>0.9663462299564529</value></ability><ability><age>85</age><sex>1</sex><value>0.8825783401422111</value></ability><ability><age>86</age><sex>0</sex><value>0.9663135967222057</value></ability><ability><age>86</age><sex>1</sex><value>0.8784185865492763</value></ability><ability><age>87</age><sex>0</sex><value>0.9652940914160307</value></ability><ability><age>87</age><sex>1</sex><value>0.873304270471305</value></ability><ability><age>88</age><sex>0</sex><value>0.963281410580782</value></ability><ability><age>88</age><sex>1</sex><value>0.8672432908196253</value></ability><ability><age>89</age><sex>0</sex><value>0.9601738469971276</value></ability><ability><age>89</age><sex>1</sex><value>0.8601956367492676</value></ability><ability><age>90</age><sex>0</sex><value>0.9558062095035527</value></ability><ability><age>90</age><sex>1</sex><value>0.85213950892697</value></ability><ability><age>91</age><sex>0</sex><value>0.9500908875453459</value></ability><ability><age>91</age><sex>1</sex><value>0.8430764847134709</value></ability><ability><age>92</age><sex>0</sex><value>0.9429020285606384</value></ability><ability><age>92</age><sex>1</sex><value>0.833038142121877</value></ability><ability><age>93</age><sex>0</sex><value>0.9342013891859925</value></ability><ability><age>93</age><sex>1</sex><value>0.8221154753483535</value></ability><ability><age>94</age><sex>0</sex><value>0.923993706703186</value></ability><ability><age>94</age><sex>1</sex><value>0.8104235591506791</value></ability><ability><age>95</age><sex>0</sex><value>0.9123809337615967</value></ability><ability><age>95</age><sex>1</sex><value>0.7981966798979448</value></ability></baselineAbility>