<?xml version="1.0" encoding="UTF-8" standalone="no"?><baselineIncidences><baselineIncidence><age>0</age><sex>0</sex><value>0.0</value></baselineIncidence><baselineIncidence><age>0</age><sex>1</sex><value>0.0</value></baselineIncidence><baselineIncidence><age>1</age><sex>0</sex><value>0.0</value></baselineIncidence><baselineIncidence><age>1</age><sex>1</sex><value>0.0</value></baselineIncidence><baselineIncidence><age>2</age><sex>0</sex><value>0.0</value></baselineIncidence><baselineIncidence><age>2</age><sex>1</sex><value>0.0</value></baselineIncidence><baselineIncidence><age>3</age><sex>0</sex><value>0.0</value></baselineIncidence><baselineIncidence><age>3</age><sex>1</sex><value>0.0</value></baselineIncidence><baselineIncidence><age>4</age><sex>0</sex><value>0.0</value></baselineIncidence><baselineIncidence><age>4</age><sex>1</sex><value>0.0</value></baselineIncidence><baselineIncidence><age>5</age><sex>0</sex><value>0.0</value></baselineIncidence><baselineIncidence><age>5</age><sex>1</sex><value>0.0</value></baselineIncidence><baselineIncidence><age>6</age><sex>0</sex><value>0.0</value></baselineIncidence><baselineIncidence><age>6</age><sex>1</sex><value>0.0</value></baselineIncidence><baselineIncidence><age>7</age><sex>0</sex><value>0.0</value></baselineIncidence><baselineIncidence><age>7</age><sex>1</sex><value>0.0</value></baselineIncidence><baselineIncidence><age>8</age><sex>0</sex><value>0.0</value></baselineIncidence><baselineIncidence><age>8</age><sex>1</sex><value>0.0</value></baselineIncidence><baselineIncidence><age>9</age><sex>0</sex><value>0.0</value></baselineIncidence><baselineIncidence><age>9</age><sex>1</sex><value>0.0</value></baselineIncidence><baselineIncidence><age>10</age><sex>0</sex><value>0.0</value></baselineIncidence><baselineIncidence><age>10</age><sex>1</sex><value>0.0</value></baselineIncidence><baselineIncidence><age>11</age><sex>0</sex><value>0.0</value></baselineIncidence><baselineIncidence><age>11</age><sex>1</sex><value>0.0</value></baselineIncidence><baselineIncidence><age>12</age><sex>0</sex><value>0.0</value></baselineIncidence><baselineIncidence><age>12</age><sex>1</sex><value>0.0</value></baselineIncidence><baselineIncidence><age>13</age><sex>0</sex><value>0.0</value></baselineIncidence><baselineIncidence><age>13</age><sex>1</sex><value>0.0</value></baselineIncidence><baselineIncidence><age>14</age><sex>0</sex><value>0.0</value></baselineIncidence><baselineIncidence><age>14</age><sex>1</sex><value>0.0</value></baselineIncidence><baselineIncidence><age>15</age><sex>0</sex><value>0.0</value></baselineIncidence><baselineIncidence><age>15</age><sex>1</sex><value>2.6E-6</value></baselineIncidence><baselineIncidence><age>16</age><sex>0</sex><value>0.0</value></baselineIncidence><baselineIncidence><age>16</age><sex>1</sex><value>3.7E-6</value></baselineIncidence><baselineIncidence><age>17</age><sex>0</sex><value>0.0</value></baselineIncidence><baselineIncidence><age>17</age><sex>1</sex><value>5.0E-6</value></baselineIncidence><baselineIncidence><age>18</age><sex>0</sex><value>0.0</value></baselineIncidence><baselineIncidence><age>18</age><sex>1</sex><value>6.4999995E-6</value></baselineIncidence><baselineIncidence><age>19</age><sex>0</sex><value>0.0</value></baselineIncidence><baselineIncidence><age>19</age><sex>1</sex><value>8.7E-6</value></baselineIncidence><baselineIncidence><age>20</age><sex>0</sex><value>0.0</value></baselineIncidence><baselineIncidence><age>20</age><sex>1</sex><value>1.1900001E-5</value></baselineIncidence><baselineIncidence><age>21</age><sex>0</sex><value>0.0</value></baselineIncidence><baselineIncidence><age>21</age><sex>1</sex><value>1.67E-5</value></baselineIncidence><baselineIncidence><age>22</age><sex>0</sex><value>0.0</value></baselineIncidence><baselineIncidence><age>22</age><sex>1</sex><value>2.34E-5</value></baselineIncidence><baselineIncidence><age>23</age><sex>0</sex><value>0.0</value></baselineIncidence><baselineIncidence><age>23</age><sex>1</sex><value>3.26E-5</value></baselineIncidence><baselineIncidence><age>24</age><sex>0</sex><value>0.0</value></baselineIncidence><baselineIncidence><age>24</age><sex>1</sex><value>4.4600005E-5</value></baselineIncidence><baselineIncidence><age>25</age><sex>0</sex><value>0.0</value></baselineIncidence><baselineIncidence><age>25</age><sex>1</sex><value>6.01E-5</value></baselineIncidence><baselineIncidence><age>26</age><sex>0</sex><value>0.0</value></baselineIncidence><baselineIncidence><age>26</age><sex>1</sex><value>7.93E-5</value></baselineIncidence><baselineIncidence><age>27</age><sex>0</sex><value>0.0</value></baselineIncidence><baselineIncidence><age>27</age><sex>1</sex><value>1.03E-4</value></baselineIncidence><baselineIncidence><age>28</age><sex>0</sex><value>0.0</value></baselineIncidence><baselineIncidence><age>28</age><sex>1</sex><value>1.3099998E-4</value></baselineIncidence><baselineIncidence><age>29</age><sex>0</sex><value>0.0</value></baselineIncidence><baselineIncidence><age>29</age><sex>1</sex><value>1.65E-4</value></baselineIncidence><baselineIncidence><age>30</age><sex>0</sex><value>0.0</value></baselineIncidence><baselineIncidence><age>30</age><sex>1</sex><value>2.05E-4</value></baselineIncidence><baselineIncidence><age>31</age><sex>0</sex><value>0.0</value></baselineIncidence><baselineIncidence><age>31</age><sex>1</sex><value>2.51E-4</value></baselineIncidence><baselineIncidence><age>32</age><sex>0</sex><value>0.0</value></baselineIncidence><baselineIncidence><age>32</age><sex>1</sex><value>3.0500002E-4</value></baselineIncidence><baselineIncidence><age>33</age><sex>0</sex><value>0.0</value></baselineIncidence><baselineIncidence><age>33</age><sex>1</sex><value>3.6699997E-4</value></baselineIncidence><baselineIncidence><age>34</age><sex>0</sex><value>0.0</value></baselineIncidence><baselineIncidence><age>34</age><sex>1</sex><value>4.37E-4</value></baselineIncidence><baselineIncidence><age>35</age><sex>0</sex><value>0.0</value></baselineIncidence><baselineIncidence><age>35</age><sex>1</sex><value>5.16E-4</value></baselineIncidence><baselineIncidence><age>36</age><sex>0</sex><value>0.0</value></baselineIncidence><baselineIncidence><age>36</age><sex>1</sex><value>6.05E-4</value></baselineIncidence><baselineIncidence><age>37</age><sex>0</sex><value>0.0</value></baselineIncidence><baselineIncidence><age>37</age><sex>1</sex><value>7.0200005E-4</value></baselineIncidence><baselineIncidence><age>38</age><sex>0</sex><value>0.0</value></baselineIncidence><baselineIncidence><age>38</age><sex>1</sex><value>8.1000006E-4</value></baselineIncidence><baselineIncidence><age>39</age><sex>0</sex><value>0.0</value></baselineIncidence><baselineIncidence><age>39</age><sex>1</sex><value>9.27E-4</value></baselineIncidence><baselineIncidence><age>40</age><sex>0</sex><value>0.0</value></baselineIncidence><baselineIncidence><age>40</age><sex>1</sex><value>0.001053</value></baselineIncidence><baselineIncidence><age>41</age><sex>0</sex><value>0.0</value></baselineIncidence><baselineIncidence><age>41</age><sex>1</sex><value>0.0011859998</value></baselineIncidence><baselineIncidence><age>42</age><sex>0</sex><value>0.0</value></baselineIncidence><baselineIncidence><age>42</age><sex>1</sex><value>0.001328</value></baselineIncidence><baselineIncidence><age>43</age><sex>0</sex><value>0.0</value></baselineIncidence><baselineIncidence><age>43</age><sex>1</sex><value>0.001475</value></baselineIncidence><baselineIncidence><age>44</age><sex>0</sex><value>0.0</value></baselineIncidence><baselineIncidence><age>44</age><sex>1</sex><value>0.001628</value></baselineIncidence><baselineIncidence><age>45</age><sex>0</sex><value>0.0</value></baselineIncidence><baselineIncidence><age>45</age><sex>1</sex><value>0.001783</value></baselineIncidence><baselineIncidence><age>46</age><sex>0</sex><value>0.0</value></baselineIncidence><baselineIncidence><age>46</age><sex>1</sex><value>0.001938</value></baselineIncidence><baselineIncidence><age>47</age><sex>0</sex><value>0.0</value></baselineIncidence><baselineIncidence><age>47</age><sex>1</sex><value>0.002092</value></baselineIncidence><baselineIncidence><age>48</age><sex>0</sex><value>0.0</value></baselineIncidence><baselineIncidence><age>48</age><sex>1</sex><value>0.002241</value></baselineIncidence><baselineIncidence><age>49</age><sex>0</sex><value>0.0</value></baselineIncidence><baselineIncidence><age>49</age><sex>1</sex><value>0.00238</value></baselineIncidence><baselineIncidence><age>50</age><sex>0</sex><value>0.0</value></baselineIncidence><baselineIncidence><age>50</age><sex>1</sex><value>0.0024419802</value></baselineIncidence><baselineIncidence><age>51</age><sex>0</sex><value>0.0</value></baselineIncidence><baselineIncidence><age>51</age><sex>1</sex><value>0.002477309</value></baselineIncidence><baselineIncidence><age>52</age><sex>0</sex><value>0.0</value></baselineIncidence><baselineIncidence><age>52</age><sex>1</sex><value>0.0024863975</value></baselineIncidence><baselineIncidence><age>53</age><sex>0</sex><value>0.0</value></baselineIncidence><baselineIncidence><age>53</age><sex>1</sex><value>0.0025124277</value></baselineIncidence><baselineIncidence><age>54</age><sex>0</sex><value>0.0</value></baselineIncidence><baselineIncidence><age>54</age><sex>1</sex><value>0.0025375998</value></baselineIncidence><baselineIncidence><age>55</age><sex>0</sex><value>0.0</value></baselineIncidence><baselineIncidence><age>55</age><sex>1</sex><value>0.0025465207</value></baselineIncidence><baselineIncidence><age>56</age><sex>0</sex><value>0.0</value></baselineIncidence><baselineIncidence><age>56</age><sex>1</sex><value>0.0025600214</value></baselineIncidence><baselineIncidence><age>57</age><sex>0</sex><value>0.0</value></baselineIncidence><baselineIncidence><age>57</age><sex>1</sex><value>0.002577492</value></baselineIncidence><baselineIncidence><age>58</age><sex>0</sex><value>0.0</value></baselineIncidence><baselineIncidence><age>58</age><sex>1</sex><value>0.0026096515</value></baselineIncidence><baselineIncidence><age>59</age><sex>0</sex><value>0.0</value></baselineIncidence><baselineIncidence><age>59</age><sex>1</sex><value>0.0026494563</value></baselineIncidence><baselineIncidence><age>60</age><sex>0</sex><value>0.0</value></baselineIncidence><baselineIncidence><age>60</age><sex>1</sex><value>0.0026915164</value></baselineIncidence><baselineIncidence><age>61</age><sex>0</sex><value>0.0</value></baselineIncidence><baselineIncidence><age>61</age><sex>1</sex><value>0.0027331985</value></baselineIncidence><baselineIncidence><age>62</age><sex>0</sex><value>0.0</value></baselineIncidence><baselineIncidence><age>62</age><sex>1</sex><value>0.0027623372</value></baselineIncidence><baselineIncidence><age>63</age><sex>0</sex><value>0.0</value></baselineIncidence><baselineIncidence><age>63</age><sex>1</sex><value>0.0028211446</value></baselineIncidence><baselineIncidence><age>64</age><sex>0</sex><value>0.0</value></baselineIncidence><baselineIncidence><age>64</age><sex>1</sex><value>0.0028579978</value></baselineIncidence><baselineIncidence><age>65</age><sex>0</sex><value>0.0</value></baselineIncidence><baselineIncidence><age>65</age><sex>1</sex><value>0.0028779253</value></baselineIncidence><baselineIncidence><age>66</age><sex>0</sex><value>0.0</value></baselineIncidence><baselineIncidence><age>66</age><sex>1</sex><value>0.0029112285</value></baselineIncidence><baselineIncidence><age>67</age><sex>0</sex><value>0.0</value></baselineIncidence><baselineIncidence><age>67</age><sex>1</sex><value>0.002966609</value></baselineIncidence><baselineIncidence><age>68</age><sex>0</sex><value>0.0</value></baselineIncidence><baselineIncidence><age>68</age><sex>1</sex><value>0.0030441233</value></baselineIncidence><baselineIncidence><age>69</age><sex>0</sex><value>0.0</value></baselineIncidence><baselineIncidence><age>69</age><sex>1</sex><value>0.0031457376</value></baselineIncidence><baselineIncidence><age>70</age><sex>0</sex><value>0.0</value></baselineIncidence><baselineIncidence><age>70</age><sex>1</sex><value>0.0032591256</value></baselineIncidence><baselineIncidence><age>71</age><sex>0</sex><value>0.0</value></baselineIncidence><baselineIncidence><age>71</age><sex>1</sex><value>0.003346453</value></baselineIncidence><baselineIncidence><age>72</age><sex>0</sex><value>0.0</value></baselineIncidence><baselineIncidence><age>72</age><sex>1</sex><value>0.003404094</value></baselineIncidence><baselineIncidence><age>73</age><sex>0</sex><value>0.0</value></baselineIncidence><baselineIncidence><age>73</age><sex>1</sex><value>0.003423202</value></baselineIncidence><baselineIncidence><age>74</age><sex>0</sex><value>0.0</value></baselineIncidence><baselineIncidence><age>74</age><sex>1</sex><value>0.0034098702</value></baselineIncidence><baselineIncidence><age>75</age><sex>0</sex><value>0.0</value></baselineIncidence><baselineIncidence><age>75</age><sex>1</sex><value>0.0033790362</value></baselineIncidence><baselineIncidence><age>76</age><sex>0</sex><value>0.0</value></baselineIncidence><baselineIncidence><age>76</age><sex>1</sex><value>0.0033532316</value></baselineIncidence><baselineIncidence><age>77</age><sex>0</sex><value>0.0</value></baselineIncidence><baselineIncidence><age>77</age><sex>1</sex><value>0.0033425242</value></baselineIncidence><baselineIncidence><age>78</age><sex>0</sex><value>0.0</value></baselineIncidence><baselineIncidence><age>78</age><sex>1</sex><value>0.00336745</value></baselineIncidence><baselineIncidence><age>79</age><sex>0</sex><value>0.0</value></baselineIncidence><baselineIncidence><age>79</age><sex>1</sex><value>0.0034003176</value></baselineIncidence><baselineIncidence><age>80</age><sex>0</sex><value>0.0</value></baselineIncidence><baselineIncidence><age>80</age><sex>1</sex><value>0.0034318825</value></baselineIncidence><baselineIncidence><age>81</age><sex>0</sex><value>0.0</value></baselineIncidence><baselineIncidence><age>81</age><sex>1</sex><value>0.0034647512</value></baselineIncidence><baselineIncidence><age>82</age><sex>0</sex><value>0.0</value></baselineIncidence><baselineIncidence><age>82</age><sex>1</sex><value>0.0034814442</value></baselineIncidence><baselineIncidence><age>83</age><sex>0</sex><value>0.0</value></baselineIncidence><baselineIncidence><age>83</age><sex>1</sex><value>0.0034693766</value></baselineIncidence><baselineIncidence><age>84</age><sex>0</sex><value>0.0</value></baselineIncidence><baselineIncidence><age>84</age><sex>1</sex><value>0.0034329542</value></baselineIncidence><baselineIncidence><age>85</age><sex>0</sex><value>0.0</value></baselineIncidence><baselineIncidence><age>85</age><sex>1</sex><value>0.0033790944</value></baselineIncidence><baselineIncidence><age>86</age><sex>0</sex><value>0.0</value></baselineIncidence><baselineIncidence><age>86</age><sex>1</sex><value>0.003326289</value></baselineIncidence><baselineIncidence><age>87</age><sex>0</sex><value>0.0</value></baselineIncidence><baselineIncidence><age>87</age><sex>1</sex><value>0.003289789</value></baselineIncidence><baselineIncidence><age>88</age><sex>0</sex><value>0.0</value></baselineIncidence><baselineIncidence><age>88</age><sex>1</sex><value>0.0032690135</value></baselineIncidence><baselineIncidence><age>89</age><sex>0</sex><value>0.0</value></baselineIncidence><baselineIncidence><age>89</age><sex>1</sex><value>0.0032652586</value></baselineIncidence><baselineIncidence><age>90</age><sex>0</sex><value>0.0</value></baselineIncidence><baselineIncidence><age>90</age><sex>1</sex><value>0.0032698612</value></baselineIncidence><baselineIncidence><age>91</age><sex>0</sex><value>0.0</value></baselineIncidence><baselineIncidence><age>91</age><sex>1</sex><value>0.0032875137</value></baselineIncidence><baselineIncidence><age>92</age><sex>0</sex><value>0.0</value></baselineIncidence><baselineIncidence><age>92</age><sex>1</sex><value>0.0033064925</value></baselineIncidence><baselineIncidence><age>93</age><sex>0</sex><value>0.0</value></baselineIncidence><baselineIncidence><age>93</age><sex>1</sex><value>0.003330698</value></baselineIncidence><baselineIncidence><age>94</age><sex>0</sex><value>0.0</value></baselineIncidence><baselineIncidence><age>94</age><sex>1</sex><value>0.0033514802</value></baselineIncidence><baselineIncidence><age>95</age><sex>0</sex><value>0.0</value></baselineIncidence><baselineIncidence><age>95</age><sex>1</sex><value>0.0033609834</value></baselineIncidence></baselineIncidences>