<?xml version="1.0" encoding="UTF-8" standalone="no"?><baselineIncidences><baselineIncidence><age>0</age><sex>0</sex><value>0.0</value></baselineIncidence><baselineIncidence><age>0</age><sex>1</sex><value>0.0</value></baselineIncidence><baselineIncidence><age>1</age><sex>0</sex><value>0.0</value></baselineIncidence><baselineIncidence><age>1</age><sex>1</sex><value>0.0</value></baselineIncidence><baselineIncidence><age>2</age><sex>0</sex><value>0.0</value></baselineIncidence><baselineIncidence><age>2</age><sex>1</sex><value>0.0</value></baselineIncidence><baselineIncidence><age>3</age><sex>0</sex><value>0.0</value></baselineIncidence><baselineIncidence><age>3</age><sex>1</sex><value>0.0</value></baselineIncidence><baselineIncidence><age>4</age><sex>0</sex><value>0.0</value></baselineIncidence><baselineIncidence><age>4</age><sex>1</sex><value>0.0</value></baselineIncidence><baselineIncidence><age>5</age><sex>0</sex><value>0.0</value></baselineIncidence><baselineIncidence><age>5</age><sex>1</sex><value>0.0</value></baselineIncidence><baselineIncidence><age>6</age><sex>0</sex><value>0.0</value></baselineIncidence><baselineIncidence><age>6</age><sex>1</sex><value>0.0</value></baselineIncidence><baselineIncidence><age>7</age><sex>0</sex><value>0.0</value></baselineIncidence><baselineIncidence><age>7</age><sex>1</sex><value>0.0</value></baselineIncidence><baselineIncidence><age>8</age><sex>0</sex><value>0.0</value></baselineIncidence><baselineIncidence><age>8</age><sex>1</sex><value>0.0</value></baselineIncidence><baselineIncidence><age>9</age><sex>0</sex><value>0.0</value></baselineIncidence><baselineIncidence><age>9</age><sex>1</sex><value>0.0</value></baselineIncidence><baselineIncidence><age>10</age><sex>0</sex><value>0.0</value></baselineIncidence><baselineIncidence><age>10</age><sex>1</sex><value>0.0</value></baselineIncidence><baselineIncidence><age>11</age><sex>0</sex><value>0.0</value></baselineIncidence><baselineIncidence><age>11</age><sex>1</sex><value>0.0</value></baselineIncidence><baselineIncidence><age>12</age><sex>0</sex><value>0.0</value></baselineIncidence><baselineIncidence><age>12</age><sex>1</sex><value>0.0</value></baselineIncidence><baselineIncidence><age>13</age><sex>0</sex><value>0.0</value></baselineIncidence><baselineIncidence><age>13</age><sex>1</sex><value>0.0</value></baselineIncidence><baselineIncidence><age>14</age><sex>0</sex><value>0.0</value></baselineIncidence><baselineIncidence><age>14</age><sex>1</sex><value>0.0</value></baselineIncidence><baselineIncidence><age>15</age><sex>0</sex><value>4.1E-6</value></baselineIncidence><baselineIncidence><age>15</age><sex>1</sex><value>6.0E-6</value></baselineIncidence><baselineIncidence><age>16</age><sex>0</sex><value>4.2E-6</value></baselineIncidence><baselineIncidence><age>16</age><sex>1</sex><value>6.8E-6</value></baselineIncidence><baselineIncidence><age>17</age><sex>0</sex><value>4.5E-6</value></baselineIncidence><baselineIncidence><age>17</age><sex>1</sex><value>7.4E-6</value></baselineIncidence><baselineIncidence><age>18</age><sex>0</sex><value>4.9E-6</value></baselineIncidence><baselineIncidence><age>18</age><sex>1</sex><value>7.7E-6</value></baselineIncidence><baselineIncidence><age>19</age><sex>0</sex><value>5.5E-6</value></baselineIncidence><baselineIncidence><age>19</age><sex>1</sex><value>7.800001E-6</value></baselineIncidence><baselineIncidence><age>20</age><sex>0</sex><value>6.2E-6</value></baselineIncidence><baselineIncidence><age>20</age><sex>1</sex><value>8.0E-6</value></baselineIncidence><baselineIncidence><age>21</age><sex>0</sex><value>7.123071E-6</value></baselineIncidence><baselineIncidence><age>21</age><sex>1</sex><value>8.2817805E-6</value></baselineIncidence><baselineIncidence><age>22</age><sex>0</sex><value>8.078647E-6</value></baselineIncidence><baselineIncidence><age>22</age><sex>1</sex><value>8.746645E-6</value></baselineIncidence><baselineIncidence><age>23</age><sex>0</sex><value>9.213056E-6</value></baselineIncidence><baselineIncidence><age>23</age><sex>1</sex><value>9.693374E-6</value></baselineIncidence><baselineIncidence><age>24</age><sex>0</sex><value>1.0392072E-5</value></baselineIncidence><baselineIncidence><age>24</age><sex>1</sex><value>1.0930038E-5</value></baselineIncidence><baselineIncidence><age>25</age><sex>0</sex><value>1.170413E-5</value></baselineIncidence><baselineIncidence><age>25</age><sex>1</sex><value>1.235682E-5</value></baselineIncidence><baselineIncidence><age>26</age><sex>0</sex><value>1.3202261E-5</value></baselineIncidence><baselineIncidence><age>26</age><sex>1</sex><value>1.4019609E-5</value></baselineIncidence><baselineIncidence><age>27</age><sex>0</sex><value>1.4794024E-5</value></baselineIncidence><baselineIncidence><age>27</age><sex>1</sex><value>1.556687E-5</value></baselineIncidence><baselineIncidence><age>28</age><sex>0</sex><value>1.6171025E-5</value></baselineIncidence><baselineIncidence><age>28</age><sex>1</sex><value>1.7224507E-5</value></baselineIncidence><baselineIncidence><age>29</age><sex>0</sex><value>1.7744944E-5</value></baselineIncidence><baselineIncidence><age>29</age><sex>1</sex><value>1.8960129E-5</value></baselineIncidence><baselineIncidence><age>30</age><sex>0</sex><value>1.9577243E-5</value></baselineIncidence><baselineIncidence><age>30</age><sex>1</sex><value>2.1199692E-5</value></baselineIncidence><baselineIncidence><age>31</age><sex>0</sex><value>2.1663667E-5</value></baselineIncidence><baselineIncidence><age>31</age><sex>1</sex><value>2.4097568E-5</value></baselineIncidence><baselineIncidence><age>32</age><sex>0</sex><value>2.4474944E-5</value></baselineIncidence><baselineIncidence><age>32</age><sex>1</sex><value>2.8086608E-5</value></baselineIncidence><baselineIncidence><age>33</age><sex>0</sex><value>2.7919781E-5</value></baselineIncidence><baselineIncidence><age>33</age><sex>1</sex><value>3.3347646E-5</value></baselineIncidence><baselineIncidence><age>34</age><sex>0</sex><value>3.2149455E-5</value></baselineIncidence><baselineIncidence><age>34</age><sex>1</sex><value>3.9665538E-5</value></baselineIncidence><baselineIncidence><age>35</age><sex>0</sex><value>3.759822E-5</value></baselineIncidence><baselineIncidence><age>35</age><sex>1</sex><value>4.682999E-5</value></baselineIncidence><baselineIncidence><age>36</age><sex>0</sex><value>4.4171375E-5</value></baselineIncidence><baselineIncidence><age>36</age><sex>1</sex><value>5.4593256E-5</value></baselineIncidence><baselineIncidence><age>37</age><sex>0</sex><value>5.2182033E-5</value></baselineIncidence><baselineIncidence><age>37</age><sex>1</sex><value>6.2937776E-5</value></baselineIncidence><baselineIncidence><age>38</age><sex>0</sex><value>6.157354E-5</value></baselineIncidence><baselineIncidence><age>38</age><sex>1</sex><value>7.1567534E-5</value></baselineIncidence><baselineIncidence><age>39</age><sex>0</sex><value>7.248244E-5</value></baselineIncidence><baselineIncidence><age>39</age><sex>1</sex><value>8.101542E-5</value></baselineIncidence><baselineIncidence><age>40</age><sex>0</sex><value>8.4615975E-5</value></baselineIncidence><baselineIncidence><age>40</age><sex>1</sex><value>9.1739625E-5</value></baselineIncidence><baselineIncidence><age>41</age><sex>0</sex><value>9.786558E-5</value></baselineIncidence><baselineIncidence><age>41</age><sex>1</sex><value>1.0390377E-4</value></baselineIncidence><baselineIncidence><age>42</age><sex>0</sex><value>1.1249004E-4</value></baselineIncidence><baselineIncidence><age>42</age><sex>1</sex><value>1.19348086E-4</value></baselineIncidence><baselineIncidence><age>43</age><sex>0</sex><value>1.29205E-4</value></baselineIncidence><baselineIncidence><age>43</age><sex>1</sex><value>1.3657515E-4</value></baselineIncidence><baselineIncidence><age>44</age><sex>0</sex><value>1.4700895E-4</value></baselineIncidence><baselineIncidence><age>44</age><sex>1</sex><value>1.5776252E-4</value></baselineIncidence><baselineIncidence><age>45</age><sex>0</sex><value>1.714936E-4</value></baselineIncidence><baselineIncidence><age>45</age><sex>1</sex><value>1.8302897E-4</value></baselineIncidence><baselineIncidence><age>46</age><sex>0</sex><value>1.9884868E-4</value></baselineIncidence><baselineIncidence><age>46</age><sex>1</sex><value>2.1100554E-4</value></baselineIncidence><baselineIncidence><age>47</age><sex>0</sex><value>2.323768E-4</value></baselineIncidence><baselineIncidence><age>47</age><sex>1</sex><value>2.4352579E-4</value></baselineIncidence><baselineIncidence><age>48</age><sex>0</sex><value>2.7258764E-4</value></baselineIncidence><baselineIncidence><age>48</age><sex>1</sex><value>2.7980184E-4</value></baselineIncidence><baselineIncidence><age>49</age><sex>0</sex><value>3.197174E-4</value></baselineIncidence><baselineIncidence><age>49</age><sex>1</sex><value>3.1885257E-4</value></baselineIncidence><baselineIncidence><age>50</age><sex>0</sex><value>3.710951E-4</value></baselineIncidence><baselineIncidence><age>50</age><sex>1</sex><value>3.6162644E-4</value></baselineIncidence><baselineIncidence><age>51</age><sex>0</sex><value>4.267008E-4</value></baselineIncidence><baselineIncidence><age>51</age><sex>1</sex><value>4.061853E-4</value></baselineIncidence><baselineIncidence><age>52</age><sex>0</sex><value>4.8476137E-4</value></baselineIncidence><baselineIncidence><age>52</age><sex>1</sex><value>4.5252076E-4</value></baselineIncidence><baselineIncidence><age>53</age><sex>0</sex><value>5.435817E-4</value></baselineIncidence><baselineIncidence><age>53</age><sex>1</sex><value>5.005295E-4</value></baselineIncidence><baselineIncidence><age>54</age><sex>0</sex><value>6.0545054E-4</value></baselineIncidence><baselineIncidence><age>54</age><sex>1</sex><value>5.514291E-4</value></baselineIncidence><baselineIncidence><age>55</age><sex>0</sex><value>6.8732834E-4</value></baselineIncidence><baselineIncidence><age>55</age><sex>1</sex><value>6.066926E-4</value></baselineIncidence><baselineIncidence><age>56</age><sex>0</sex><value>7.6694496E-4</value></baselineIncidence><baselineIncidence><age>56</age><sex>1</sex><value>6.644903E-4</value></baselineIncidence><baselineIncidence><age>57</age><sex>0</sex><value>8.557917E-4</value></baselineIncidence><baselineIncidence><age>57</age><sex>1</sex><value>7.2842994E-4</value></baselineIncidence><baselineIncidence><age>58</age><sex>0</sex><value>9.624504E-4</value></baselineIncidence><baselineIncidence><age>58</age><sex>1</sex><value>7.990061E-4</value></baselineIncidence><baselineIncidence><age>59</age><sex>0</sex><value>0.0010794349</value></baselineIncidence><baselineIncidence><age>59</age><sex>1</sex><value>8.7457435E-4</value></baselineIncidence><baselineIncidence><age>60</age><sex>0</sex><value>0.0012091639</value></baselineIncidence><baselineIncidence><age>60</age><sex>1</sex><value>9.521599E-4</value></baselineIncidence><baselineIncidence><age>61</age><sex>0</sex><value>0.0013465652</value></baselineIncidence><baselineIncidence><age>61</age><sex>1</sex><value>0.0010332394</value></baselineIncidence><baselineIncidence><age>62</age><sex>0</sex><value>0.0014850458</value></baselineIncidence><baselineIncidence><age>62</age><sex>1</sex><value>0.0011138384</value></baselineIncidence><baselineIncidence><age>63</age><sex>0</sex><value>0.0016207984</value></baselineIncidence><baselineIncidence><age>63</age><sex>1</sex><value>0.0012014247</value></baselineIncidence><baselineIncidence><age>64</age><sex>0</sex><value>0.0017613831</value></baselineIncidence><baselineIncidence><age>64</age><sex>1</sex><value>0.0012872842</value></baselineIncidence><baselineIncidence><age>65</age><sex>0</sex><value>0.0019016789</value></baselineIncidence><baselineIncidence><age>65</age><sex>1</sex><value>0.0013711452</value></baselineIncidence><baselineIncidence><age>66</age><sex>0</sex><value>0.002045698</value></baselineIncidence><baselineIncidence><age>66</age><sex>1</sex><value>0.0014590166</value></baselineIncidence><baselineIncidence><age>67</age><sex>0</sex><value>0.0021908695</value></baselineIncidence><baselineIncidence><age>67</age><sex>1</sex><value>0.0015526456</value></baselineIncidence><baselineIncidence><age>68</age><sex>0</sex><value>0.0023475667</value></baselineIncidence><baselineIncidence><age>68</age><sex>1</sex><value>0.001651447</value></baselineIncidence><baselineIncidence><age>69</age><sex>0</sex><value>0.0025072545</value></baselineIncidence><baselineIncidence><age>69</age><sex>1</sex><value>0.001757669</value></baselineIncidence><baselineIncidence><age>70</age><sex>0</sex><value>0.0026739943</value></baselineIncidence><baselineIncidence><age>70</age><sex>1</sex><value>0.001871031</value></baselineIncidence><baselineIncidence><age>71</age><sex>0</sex><value>0.0028404244</value></baselineIncidence><baselineIncidence><age>71</age><sex>1</sex><value>0.001986635</value></baselineIncidence><baselineIncidence><age>72</age><sex>0</sex><value>0.0030139857</value></baselineIncidence><baselineIncidence><age>72</age><sex>1</sex><value>0.002104379</value></baselineIncidence><baselineIncidence><age>73</age><sex>0</sex><value>0.0031919815</value></baselineIncidence><baselineIncidence><age>73</age><sex>1</sex><value>0.0022248547</value></baselineIncidence><baselineIncidence><age>74</age><sex>0</sex><value>0.003364123</value></baselineIncidence><baselineIncidence><age>74</age><sex>1</sex><value>0.0023448162</value></baselineIncidence><baselineIncidence><age>75</age><sex>0</sex><value>0.0035365154</value></baselineIncidence><baselineIncidence><age>75</age><sex>1</sex><value>0.0024629338</value></baselineIncidence><baselineIncidence><age>76</age><sex>0</sex><value>0.0037074208</value></baselineIncidence><baselineIncidence><age>76</age><sex>1</sex><value>0.0025813794</value></baselineIncidence><baselineIncidence><age>77</age><sex>0</sex><value>0.0038677067</value></baselineIncidence><baselineIncidence><age>77</age><sex>1</sex><value>0.0026962478</value></baselineIncidence><baselineIncidence><age>78</age><sex>0</sex><value>0.0040169377</value></baselineIncidence><baselineIncidence><age>78</age><sex>1</sex><value>0.002808666</value></baselineIncidence><baselineIncidence><age>79</age><sex>0</sex><value>0.004137167</value></baselineIncidence><baselineIncidence><age>79</age><sex>1</sex><value>0.0029064883</value></baselineIncidence><baselineIncidence><age>80</age><sex>0</sex><value>0.004230647</value></baselineIncidence><baselineIncidence><age>80</age><sex>1</sex><value>0.0029857198</value></baselineIncidence><baselineIncidence><age>81</age><sex>0</sex><value>0.004309553</value></baselineIncidence><baselineIncidence><age>81</age><sex>1</sex><value>0.0030414895</value></baselineIncidence><baselineIncidence><age>82</age><sex>0</sex><value>0.0043485165</value></baselineIncidence><baselineIncidence><age>82</age><sex>1</sex><value>0.0030661188</value></baselineIncidence><baselineIncidence><age>83</age><sex>0</sex><value>0.004357683</value></baselineIncidence><baselineIncidence><age>83</age><sex>1</sex><value>0.0030547422</value></baselineIncidence><baselineIncidence><age>84</age><sex>0</sex><value>0.0043486934</value></baselineIncidence><baselineIncidence><age>84</age><sex>1</sex><value>0.003016037</value></baselineIncidence><baselineIncidence><age>85</age><sex>0</sex><value>0.004329321</value></baselineIncidence><baselineIncidence><age>85</age><sex>1</sex><value>0.002960508</value></baselineIncidence><baselineIncidence><age>86</age><sex>0</sex><value>0.004317395</value></baselineIncidence><baselineIncidence><age>86</age><sex>1</sex><value>0.0029029266</value></baselineIncidence><baselineIncidence><age>87</age><sex>0</sex><value>0.0042876704</value></baselineIncidence><baselineIncidence><age>87</age><sex>1</sex><value>0.0028581156</value></baselineIncidence><baselineIncidence><age>88</age><sex>0</sex><value>0.004275838</value></baselineIncidence><baselineIncidence><age>88</age><sex>1</sex><value>0.0028313177</value></baselineIncidence><baselineIncidence><age>89</age><sex>0</sex><value>0.0042851768</value></baselineIncidence><baselineIncidence><age>89</age><sex>1</sex><value>0.0028206764</value></baselineIncidence><baselineIncidence><age>90</age><sex>0</sex><value>0.004284054</value></baselineIncidence><baselineIncidence><age>90</age><sex>1</sex><value>0.0028203435</value></baselineIncidence><baselineIncidence><age>91</age><sex>0</sex><value>0.0042929146</value></baselineIncidence><baselineIncidence><age>91</age><sex>1</sex><value>0.0028309592</value></baselineIncidence><baselineIncidence><age>92</age><sex>0</sex><value>0.0042957594</value></baselineIncidence><baselineIncidence><age>92</age><sex>1</sex><value>0.0028430829</value></baselineIncidence><baselineIncidence><age>93</age><sex>0</sex><value>0.00430306</value></baselineIncidence><baselineIncidence><age>93</age><sex>1</sex><value>0.0028559838</value></baselineIncidence><baselineIncidence><age>94</age><sex>0</sex><value>0.004309211</value></baselineIncidence><baselineIncidence><age>94</age><sex>1</sex><value>0.002866599</value></baselineIncidence><baselineIncidence><age>95</age><sex>0</sex><value>0.0043384004</value></baselineIncidence><baselineIncidence><age>95</age><sex>1</sex><value>0.0028680088</value></baselineIncidence></baselineIncidences>