<?xml version="1.0" encoding="UTF-8" standalone="no"?><baselineFatalIncidences><baselineFatalIncidence><age>0</age><sex>0</sex><value>0.0</value></baselineFatalIncidence><baselineFatalIncidence><age>0</age><sex>1</sex><value>0.0</value></baselineFatalIncidence><baselineFatalIncidence><age>1</age><sex>0</sex><value>0.0</value></baselineFatalIncidence><baselineFatalIncidence><age>1</age><sex>1</sex><value>0.0</value></baselineFatalIncidence><baselineFatalIncidence><age>2</age><sex>0</sex><value>0.0</value></baselineFatalIncidence><baselineFatalIncidence><age>2</age><sex>1</sex><value>0.0</value></baselineFatalIncidence><baselineFatalIncidence><age>3</age><sex>0</sex><value>0.0</value></baselineFatalIncidence><baselineFatalIncidence><age>3</age><sex>1</sex><value>0.0</value></baselineFatalIncidence><baselineFatalIncidence><age>4</age><sex>0</sex><value>0.0</value></baselineFatalIncidence><baselineFatalIncidence><age>4</age><sex>1</sex><value>0.0</value></baselineFatalIncidence><baselineFatalIncidence><age>5</age><sex>0</sex><value>0.0</value></baselineFatalIncidence><baselineFatalIncidence><age>5</age><sex>1</sex><value>0.0</value></baselineFatalIncidence><baselineFatalIncidence><age>6</age><sex>0</sex><value>0.0</value></baselineFatalIncidence><baselineFatalIncidence><age>6</age><sex>1</sex><value>0.0</value></baselineFatalIncidence><baselineFatalIncidence><age>7</age><sex>0</sex><value>0.0</value></baselineFatalIncidence><baselineFatalIncidence><age>7</age><sex>1</sex><value>0.0</value></baselineFatalIncidence><baselineFatalIncidence><age>8</age><sex>0</sex><value>0.0</value></baselineFatalIncidence><baselineFatalIncidence><age>8</age><sex>1</sex><value>0.0</value></baselineFatalIncidence><baselineFatalIncidence><age>9</age><sex>0</sex><value>0.0</value></baselineFatalIncidence><baselineFatalIncidence><age>9</age><sex>1</sex><value>0.0</value></baselineFatalIncidence><baselineFatalIncidence><age>10</age><sex>0</sex><value>0.0</value></baselineFatalIncidence><baselineFatalIncidence><age>10</age><sex>1</sex><value>0.0</value></baselineFatalIncidence><baselineFatalIncidence><age>11</age><sex>0</sex><value>0.0</value></baselineFatalIncidence><baselineFatalIncidence><age>11</age><sex>1</sex><value>0.0</value></baselineFatalIncidence><baselineFatalIncidence><age>12</age><sex>0</sex><value>0.0</value></baselineFatalIncidence><baselineFatalIncidence><age>12</age><sex>1</sex><value>0.0</value></baselineFatalIncidence><baselineFatalIncidence><age>13</age><sex>0</sex><value>0.0</value></baselineFatalIncidence><baselineFatalIncidence><age>13</age><sex>1</sex><value>0.0</value></baselineFatalIncidence><baselineFatalIncidence><age>14</age><sex>0</sex><value>0.0</value></baselineFatalIncidence><baselineFatalIncidence><age>14</age><sex>1</sex><value>0.0</value></baselineFatalIncidence><baselineFatalIncidence><age>15</age><sex>0</sex><value>0.0</value></baselineFatalIncidence><baselineFatalIncidence><age>15</age><sex>1</sex><value>0.0</value></baselineFatalIncidence><baselineFatalIncidence><age>16</age><sex>0</sex><value>0.0</value></baselineFatalIncidence><baselineFatalIncidence><age>16</age><sex>1</sex><value>0.0</value></baselineFatalIncidence><baselineFatalIncidence><age>17</age><sex>0</sex><value>0.0</value></baselineFatalIncidence><baselineFatalIncidence><age>17</age><sex>1</sex><value>0.0</value></baselineFatalIncidence><baselineFatalIncidence><age>18</age><sex>0</sex><value>0.0</value></baselineFatalIncidence><baselineFatalIncidence><age>18</age><sex>1</sex><value>0.0</value></baselineFatalIncidence><baselineFatalIncidence><age>19</age><sex>0</sex><value>0.0</value></baselineFatalIncidence><baselineFatalIncidence><age>19</age><sex>1</sex><value>0.0</value></baselineFatalIncidence><baselineFatalIncidence><age>20</age><sex>0</sex><value>0.0</value></baselineFatalIncidence><baselineFatalIncidence><age>20</age><sex>1</sex><value>0.0</value></baselineFatalIncidence><baselineFatalIncidence><age>21</age><sex>0</sex><value>0.0</value></baselineFatalIncidence><baselineFatalIncidence><age>21</age><sex>1</sex><value>0.0</value></baselineFatalIncidence><baselineFatalIncidence><age>22</age><sex>0</sex><value>0.0</value></baselineFatalIncidence><baselineFatalIncidence><age>22</age><sex>1</sex><value>0.0</value></baselineFatalIncidence><baselineFatalIncidence><age>23</age><sex>0</sex><value>0.0</value></baselineFatalIncidence><baselineFatalIncidence><age>23</age><sex>1</sex><value>0.0</value></baselineFatalIncidence><baselineFatalIncidence><age>24</age><sex>0</sex><value>0.0</value></baselineFatalIncidence><baselineFatalIncidence><age>24</age><sex>1</sex><value>0.0</value></baselineFatalIncidence><baselineFatalIncidence><age>25</age><sex>0</sex><value>0.0</value></baselineFatalIncidence><baselineFatalIncidence><age>25</age><sex>1</sex><value>0.0</value></baselineFatalIncidence><baselineFatalIncidence><age>26</age><sex>0</sex><value>0.0</value></baselineFatalIncidence><baselineFatalIncidence><age>26</age><sex>1</sex><value>0.0</value></baselineFatalIncidence><baselineFatalIncidence><age>27</age><sex>0</sex><value>0.0</value></baselineFatalIncidence><baselineFatalIncidence><age>27</age><sex>1</sex><value>0.0</value></baselineFatalIncidence><baselineFatalIncidence><age>28</age><sex>0</sex><value>0.0</value></baselineFatalIncidence><baselineFatalIncidence><age>28</age><sex>1</sex><value>0.0</value></baselineFatalIncidence><baselineFatalIncidence><age>29</age><sex>0</sex><value>0.0</value></baselineFatalIncidence><baselineFatalIncidence><age>29</age><sex>1</sex><value>0.0</value></baselineFatalIncidence><baselineFatalIncidence><age>30</age><sex>0</sex><value>0.0</value></baselineFatalIncidence><baselineFatalIncidence><age>30</age><sex>1</sex><value>0.0</value></baselineFatalIncidence><baselineFatalIncidence><age>31</age><sex>0</sex><value>0.0</value></baselineFatalIncidence><baselineFatalIncidence><age>31</age><sex>1</sex><value>0.0</value></baselineFatalIncidence><baselineFatalIncidence><age>32</age><sex>0</sex><value>0.0</value></baselineFatalIncidence><baselineFatalIncidence><age>32</age><sex>1</sex><value>0.0</value></baselineFatalIncidence><baselineFatalIncidence><age>33</age><sex>0</sex><value>0.0</value></baselineFatalIncidence><baselineFatalIncidence><age>33</age><sex>1</sex><value>0.0</value></baselineFatalIncidence><baselineFatalIncidence><age>34</age><sex>0</sex><value>0.0</value></baselineFatalIncidence><baselineFatalIncidence><age>34</age><sex>1</sex><value>0.0</value></baselineFatalIncidence><baselineFatalIncidence><age>35</age><sex>0</sex><value>1.5777512E-5</value></baselineFatalIncidence><baselineFatalIncidence><age>35</age><sex>1</sex><value>3.7035286E-6</value></baselineFatalIncidence><baselineFatalIncidence><age>36</age><sex>0</sex><value>1.7365637E-5</value></baselineFatalIncidence><baselineFatalIncidence><age>36</age><sex>1</sex><value>3.924538E-6</value></baselineFatalIncidence><baselineFatalIncidence><age>37</age><sex>0</sex><value>1.9129477E-5</value></baselineFatalIncidence><baselineFatalIncidence><age>37</age><sex>1</sex><value>4.1930207E-6</value></baselineFatalIncidence><baselineFatalIncidence><age>38</age><sex>0</sex><value>2.0928976E-5</value></baselineFatalIncidence><baselineFatalIncidence><age>38</age><sex>1</sex><value>4.504247E-6</value></baselineFatalIncidence><baselineFatalIncidence><age>39</age><sex>0</sex><value>2.289652E-5</value></baselineFatalIncidence><baselineFatalIncidence><age>39</age><sex>1</sex><value>4.9048517E-6</value></baselineFatalIncidence><baselineFatalIncidence><age>40</age><sex>0</sex><value>2.5096595E-5</value></baselineFatalIncidence><baselineFatalIncidence><age>40</age><sex>1</sex><value>5.3310523E-6</value></baselineFatalIncidence><baselineFatalIncidence><age>41</age><sex>0</sex><value>2.7540244E-5</value></baselineFatalIncidence><baselineFatalIncidence><age>41</age><sex>1</sex><value>5.821112E-6</value></baselineFatalIncidence><baselineFatalIncidence><age>42</age><sex>0</sex><value>3.0284064E-5</value></baselineFatalIncidence><baselineFatalIncidence><age>42</age><sex>1</sex><value>6.3991065E-6</value></baselineFatalIncidence><baselineFatalIncidence><age>43</age><sex>0</sex><value>3.3582368E-5</value></baselineFatalIncidence><baselineFatalIncidence><age>43</age><sex>1</sex><value>7.0063343E-6</value></baselineFatalIncidence><baselineFatalIncidence><age>44</age><sex>0</sex><value>3.689845E-5</value></baselineFatalIncidence><baselineFatalIncidence><age>44</age><sex>1</sex><value>7.761573E-6</value></baselineFatalIncidence><baselineFatalIncidence><age>45</age><sex>0</sex><value>4.0653784E-5</value></baselineFatalIncidence><baselineFatalIncidence><age>45</age><sex>1</sex><value>8.5678275E-6</value></baselineFatalIncidence><baselineFatalIncidence><age>46</age><sex>0</sex><value>4.5136694E-5</value></baselineFatalIncidence><baselineFatalIncidence><age>46</age><sex>1</sex><value>9.592033E-6</value></baselineFatalIncidence><baselineFatalIncidence><age>47</age><sex>0</sex><value>4.970049E-5</value></baselineFatalIncidence><baselineFatalIncidence><age>47</age><sex>1</sex><value>1.0689003E-5</value></baselineFatalIncidence><baselineFatalIncidence><age>48</age><sex>0</sex><value>5.514466E-5</value></baselineFatalIncidence><baselineFatalIncidence><age>48</age><sex>1</sex><value>1.1949803E-5</value></baselineFatalIncidence><baselineFatalIncidence><age>49</age><sex>0</sex><value>6.12178E-5</value></baselineFatalIncidence><baselineFatalIncidence><age>49</age><sex>1</sex><value>1.3398884E-5</value></baselineFatalIncidence><baselineFatalIncidence><age>50</age><sex>0</sex><value>6.7954956E-5</value></baselineFatalIncidence><baselineFatalIncidence><age>50</age><sex>1</sex><value>1.507414E-5</value></baselineFatalIncidence><baselineFatalIncidence><age>51</age><sex>0</sex><value>7.543934E-5</value></baselineFatalIncidence><baselineFatalIncidence><age>51</age><sex>1</sex><value>1.7018063E-5</value></baselineFatalIncidence><baselineFatalIncidence><age>52</age><sex>0</sex><value>8.3746774E-5</value></baselineFatalIncidence><baselineFatalIncidence><age>52</age><sex>1</sex><value>1.9259367E-5</value></baselineFatalIncidence><baselineFatalIncidence><age>53</age><sex>0</sex><value>9.247972E-5</value></baselineFatalIncidence><baselineFatalIncidence><age>53</age><sex>1</sex><value>2.2184466E-5</value></baselineFatalIncidence><baselineFatalIncidence><age>54</age><sex>0</sex><value>1.0188044E-4</value></baselineFatalIncidence><baselineFatalIncidence><age>54</age><sex>1</sex><value>2.561194E-5</value></baselineFatalIncidence><baselineFatalIncidence><age>55</age><sex>0</sex><value>1.1223479E-4</value></baselineFatalIncidence><baselineFatalIncidence><age>55</age><sex>1</sex><value>2.9373383E-5</value></baselineFatalIncidence><baselineFatalIncidence><age>56</age><sex>0</sex><value>1.2482367E-4</value></baselineFatalIncidence><baselineFatalIncidence><age>56</age><sex>1</sex><value>3.4031433E-5</value></baselineFatalIncidence><baselineFatalIncidence><age>57</age><sex>0</sex><value>1.3779206E-4</value></baselineFatalIncidence><baselineFatalIncidence><age>57</age><sex>1</sex><value>3.915063E-5</value></baselineFatalIncidence><baselineFatalIncidence><age>58</age><sex>0</sex><value>1.543154E-4</value></baselineFatalIncidence><baselineFatalIncidence><age>58</age><sex>1</sex><value>4.5087738E-5</value></baselineFatalIncidence><baselineFatalIncidence><age>59</age><sex>0</sex><value>1.7278171E-4</value></baselineFatalIncidence><baselineFatalIncidence><age>59</age><sex>1</sex><value>5.1551495E-5</value></baselineFatalIncidence><baselineFatalIncidence><age>60</age><sex>0</sex><value>1.951179E-4</value></baselineFatalIncidence><baselineFatalIncidence><age>60</age><sex>1</sex><value>5.893748E-5</value></baselineFatalIncidence><baselineFatalIncidence><age>61</age><sex>0</sex><value>2.2014635E-4</value></baselineFatalIncidence><baselineFatalIncidence><age>61</age><sex>1</sex><value>6.7294226E-5</value></baselineFatalIncidence><baselineFatalIncidence><age>62</age><sex>0</sex><value>2.4636995E-4</value></baselineFatalIncidence><baselineFatalIncidence><age>62</age><sex>1</sex><value>7.644181E-5</value></baselineFatalIncidence><baselineFatalIncidence><age>63</age><sex>0</sex><value>2.733774E-4</value></baselineFatalIncidence><baselineFatalIncidence><age>63</age><sex>1</sex><value>9.044472E-5</value></baselineFatalIncidence><baselineFatalIncidence><age>64</age><sex>0</sex><value>3.048973E-4</value></baselineFatalIncidence><baselineFatalIncidence><age>64</age><sex>1</sex><value>1.0477281E-4</value></baselineFatalIncidence><baselineFatalIncidence><age>65</age><sex>0</sex><value>3.5143338E-4</value></baselineFatalIncidence><baselineFatalIncidence><age>65</age><sex>1</sex><value>1.2486737E-4</value></baselineFatalIncidence><baselineFatalIncidence><age>66</age><sex>0</sex><value>3.8928393E-4</value></baselineFatalIncidence><baselineFatalIncidence><age>66</age><sex>1</sex><value>1.4219084E-4</value></baselineFatalIncidence><baselineFatalIncidence><age>67</age><sex>0</sex><value>4.2923616E-4</value></baselineFatalIncidence><baselineFatalIncidence><age>67</age><sex>1</sex><value>1.622214E-4</value></baselineFatalIncidence><baselineFatalIncidence><age>68</age><sex>0</sex><value>4.7543697E-4</value></baselineFatalIncidence><baselineFatalIncidence><age>68</age><sex>1</sex><value>1.8481242E-4</value></baselineFatalIncidence><baselineFatalIncidence><age>69</age><sex>0</sex><value>5.251215E-4</value></baselineFatalIncidence><baselineFatalIncidence><age>69</age><sex>1</sex><value>2.1259187E-4</value></baselineFatalIncidence><baselineFatalIncidence><age>70</age><sex>0</sex><value>5.805095E-4</value></baselineFatalIncidence><baselineFatalIncidence><age>70</age><sex>1</sex><value>2.4671468E-4</value></baselineFatalIncidence><baselineFatalIncidence><age>71</age><sex>0</sex><value>6.397844E-4</value></baselineFatalIncidence><baselineFatalIncidence><age>71</age><sex>1</sex><value>2.8317564E-4</value></baselineFatalIncidence><baselineFatalIncidence><age>72</age><sex>0</sex><value>7.0660625E-4</value></baselineFatalIncidence><baselineFatalIncidence><age>72</age><sex>1</sex><value>3.2455922E-4</value></baselineFatalIncidence><baselineFatalIncidence><age>73</age><sex>0</sex><value>7.8093034E-4</value></baselineFatalIncidence><baselineFatalIncidence><age>73</age><sex>1</sex><value>3.7120926E-4</value></baselineFatalIncidence><baselineFatalIncidence><age>74</age><sex>0</sex><value>8.598543E-4</value></baselineFatalIncidence><baselineFatalIncidence><age>74</age><sex>1</sex><value>4.2298675E-4</value></baselineFatalIncidence><baselineFatalIncidence><age>75</age><sex>0</sex><value>9.4856863E-4</value></baselineFatalIncidence><baselineFatalIncidence><age>75</age><sex>1</sex><value>4.800222E-4</value></baselineFatalIncidence><baselineFatalIncidence><age>76</age><sex>0</sex><value>0.0010935037</value></baselineFatalIncidence><baselineFatalIncidence><age>76</age><sex>1</sex><value>5.7648256E-4</value></baselineFatalIncidence><baselineFatalIncidence><age>77</age><sex>0</sex><value>0.0012062368</value></baselineFatalIncidence><baselineFatalIncidence><age>77</age><sex>1</sex><value>6.5326097E-4</value></baselineFatalIncidence><baselineFatalIncidence><age>78</age><sex>0</sex><value>0.0013302346</value></baselineFatalIncidence><baselineFatalIncidence><age>78</age><sex>1</sex><value>7.4476906E-4</value></baselineFatalIncidence><baselineFatalIncidence><age>79</age><sex>0</sex><value>0.0014605368</value></baselineFatalIncidence><baselineFatalIncidence><age>79</age><sex>1</sex><value>8.4088463E-4</value></baselineFatalIncidence><baselineFatalIncidence><age>80</age><sex>0</sex><value>0.0015982116</value></baselineFatalIncidence><baselineFatalIncidence><age>80</age><sex>1</sex><value>9.429215E-4</value></baselineFatalIncidence><baselineFatalIncidence><age>81</age><sex>0</sex><value>0.0017539123</value></baselineFatalIncidence><baselineFatalIncidence><age>81</age><sex>1</sex><value>0.0010595574</value></baselineFatalIncidence><baselineFatalIncidence><age>82</age><sex>0</sex><value>0.001913964</value></baselineFatalIncidence><baselineFatalIncidence><age>82</age><sex>1</sex><value>0.0011879253</value></baselineFatalIncidence><baselineFatalIncidence><age>83</age><sex>0</sex><value>0.0020867211</value></baselineFatalIncidence><baselineFatalIncidence><age>83</age><sex>1</sex><value>0.0013256527</value></baselineFatalIncidence><baselineFatalIncidence><age>84</age><sex>0</sex><value>0.0022802316</value></baselineFatalIncidence><baselineFatalIncidence><age>84</age><sex>1</sex><value>0.0014693388</value></baselineFatalIncidence><baselineFatalIncidence><age>85</age><sex>0</sex><value>0.0024989326</value></baselineFatalIncidence><baselineFatalIncidence><age>85</age><sex>1</sex><value>0.0016129988</value></baselineFatalIncidence><baselineFatalIncidence><age>86</age><sex>0</sex><value>0.00284625</value></baselineFatalIncidence><baselineFatalIncidence><age>86</age><sex>1</sex><value>0.0018245088</value></baselineFatalIncidence><baselineFatalIncidence><age>87</age><sex>0</sex><value>0.003087569</value></baselineFatalIncidence><baselineFatalIncidence><age>87</age><sex>1</sex><value>0.001986376</value></baselineFatalIncidence><baselineFatalIncidence><age>88</age><sex>0</sex><value>0.0033487666</value></baselineFatalIncidence><baselineFatalIncidence><age>88</age><sex>1</sex><value>0.002148951</value></baselineFatalIncidence><baselineFatalIncidence><age>89</age><sex>0</sex><value>0.0036368868</value></baselineFatalIncidence><baselineFatalIncidence><age>89</age><sex>1</sex><value>0.0023103524</value></baselineFatalIncidence><baselineFatalIncidence><age>90</age><sex>0</sex><value>0.0039173053</value></baselineFatalIncidence><baselineFatalIncidence><age>90</age><sex>1</sex><value>0.0024648549</value></baselineFatalIncidence><baselineFatalIncidence><age>91</age><sex>0</sex><value>0.00421693</value></baselineFatalIncidence><baselineFatalIncidence><age>91</age><sex>1</sex><value>0.0026186411</value></baselineFatalIncidence><baselineFatalIncidence><age>92</age><sex>0</sex><value>0.0045172395</value></baselineFatalIncidence><baselineFatalIncidence><age>92</age><sex>1</sex><value>0.0027626404</value></baselineFatalIncidence><baselineFatalIncidence><age>93</age><sex>0</sex><value>0.0048356093</value></baselineFatalIncidence><baselineFatalIncidence><age>93</age><sex>1</sex><value>0.0029023848</value></baselineFatalIncidence><baselineFatalIncidence><age>94</age><sex>0</sex><value>0.005160296</value></baselineFatalIncidence><baselineFatalIncidence><age>94</age><sex>1</sex><value>0.0030265322</value></baselineFatalIncidence><baselineFatalIncidence><age>95</age><sex>0</sex><value>0.005533119</value></baselineFatalIncidence><baselineFatalIncidence><age>95</age><sex>1</sex><value>0.0031184414</value></baselineFatalIncidence></baselineFatalIncidences>