<?xml version="1.0" encoding="UTF-8" standalone="no"?><relativerisks_othermort_categorical><relativerisk><age>0</age><sex>0</sex><cat>0</cat><value>1.0</value></relativerisk><relativerisk><age>0</age><sex>0</sex><cat>1</cat><value>1.0</value></relativerisk><relativerisk><age>0</age><sex>0</sex><cat>2</cat><value>1.0</value></relativerisk><relativerisk><age>0</age><sex>1</sex><cat>0</cat><value>1.0</value></relativerisk><relativerisk><age>0</age><sex>1</sex><cat>1</cat><value>1.0</value></relativerisk><relativerisk><age>0</age><sex>1</sex><cat>2</cat><value>1.0</value></relativerisk><relativerisk><age>1</age><sex>0</sex><cat>0</cat><value>1.0</value></relativerisk><relativerisk><age>1</age><sex>0</sex><cat>1</cat><value>1.0</value></relativerisk><relativerisk><age>1</age><sex>0</sex><cat>2</cat><value>1.0</value></relativerisk><relativerisk><age>1</age><sex>1</sex><cat>0</cat><value>1.0</value></relativerisk><relativerisk><age>1</age><sex>1</sex><cat>1</cat><value>1.0</value></relativerisk><relativerisk><age>1</age><sex>1</sex><cat>2</cat><value>1.0</value></relativerisk><relativerisk><age>2</age><sex>0</sex><cat>0</cat><value>1.0</value></relativerisk><relativerisk><age>2</age><sex>0</sex><cat>1</cat><value>1.0</value></relativerisk><relativerisk><age>2</age><sex>0</sex><cat>2</cat><value>1.0</value></relativerisk><relativerisk><age>2</age><sex>1</sex><cat>0</cat><value>1.0</value></relativerisk><relativerisk><age>2</age><sex>1</sex><cat>1</cat><value>1.0</value></relativerisk><relativerisk><age>2</age><sex>1</sex><cat>2</cat><value>1.0</value></relativerisk><relativerisk><age>3</age><sex>0</sex><cat>0</cat><value>1.0</value></relativerisk><relativerisk><age>3</age><sex>0</sex><cat>1</cat><value>1.0</value></relativerisk><relativerisk><age>3</age><sex>0</sex><cat>2</cat><value>1.0</value></relativerisk><relativerisk><age>3</age><sex>1</sex><cat>0</cat><value>1.0</value></relativerisk><relativerisk><age>3</age><sex>1</sex><cat>1</cat><value>1.0</value></relativerisk><relativerisk><age>3</age><sex>1</sex><cat>2</cat><value>1.0</value></relativerisk><relativerisk><age>4</age><sex>0</sex><cat>0</cat><value>1.0</value></relativerisk><relativerisk><age>4</age><sex>0</sex><cat>1</cat><value>1.0</value></relativerisk><relativerisk><age>4</age><sex>0</sex><cat>2</cat><value>1.0</value></relativerisk><relativerisk><age>4</age><sex>1</sex><cat>0</cat><value>1.0</value></relativerisk><relativerisk><age>4</age><sex>1</sex><cat>1</cat><value>1.0</value></relativerisk><relativerisk><age>4</age><sex>1</sex><cat>2</cat><value>1.0</value></relativerisk><relativerisk><age>5</age><sex>0</sex><cat>0</cat><value>1.0</value></relativerisk><relativerisk><age>5</age><sex>0</sex><cat>1</cat><value>1.0</value></relativerisk><relativerisk><age>5</age><sex>0</sex><cat>2</cat><value>1.0</value></relativerisk><relativerisk><age>5</age><sex>1</sex><cat>0</cat><value>1.0</value></relativerisk><relativerisk><age>5</age><sex>1</sex><cat>1</cat><value>1.0</value></relativerisk><relativerisk><age>5</age><sex>1</sex><cat>2</cat><value>1.0</value></relativerisk><relativerisk><age>6</age><sex>0</sex><cat>0</cat><value>1.0</value></relativerisk><relativerisk><age>6</age><sex>0</sex><cat>1</cat><value>1.0</value></relativerisk><relativerisk><age>6</age><sex>0</sex><cat>2</cat><value>1.0</value></relativerisk><relativerisk><age>6</age><sex>1</sex><cat>0</cat><value>1.0</value></relativerisk><relativerisk><age>6</age><sex>1</sex><cat>1</cat><value>1.0</value></relativerisk><relativerisk><age>6</age><sex>1</sex><cat>2</cat><value>1.0</value></relativerisk><relativerisk><age>7</age><sex>0</sex><cat>0</cat><value>1.0</value></relativerisk><relativerisk><age>7</age><sex>0</sex><cat>1</cat><value>1.0</value></relativerisk><relativerisk><age>7</age><sex>0</sex><cat>2</cat><value>1.0</value></relativerisk><relativerisk><age>7</age><sex>1</sex><cat>0</cat><value>1.0</value></relativerisk><relativerisk><age>7</age><sex>1</sex><cat>1</cat><value>1.0</value></relativerisk><relativerisk><age>7</age><sex>1</sex><cat>2</cat><value>1.0</value></relativerisk><relativerisk><age>8</age><sex>0</sex><cat>0</cat><value>1.0</value></relativerisk><relativerisk><age>8</age><sex>0</sex><cat>1</cat><value>1.0</value></relativerisk><relativerisk><age>8</age><sex>0</sex><cat>2</cat><value>1.0</value></relativerisk><relativerisk><age>8</age><sex>1</sex><cat>0</cat><value>1.0</value></relativerisk><relativerisk><age>8</age><sex>1</sex><cat>1</cat><value>1.0</value></relativerisk><relativerisk><age>8</age><sex>1</sex><cat>2</cat><value>1.0</value></relativerisk><relativerisk><age>9</age><sex>0</sex><cat>0</cat><value>1.0</value></relativerisk><relativerisk><age>9</age><sex>0</sex><cat>1</cat><value>1.0</value></relativerisk><relativerisk><age>9</age><sex>0</sex><cat>2</cat><value>1.0</value></relativerisk><relativerisk><age>9</age><sex>1</sex><cat>0</cat><value>1.0</value></relativerisk><relativerisk><age>9</age><sex>1</sex><cat>1</cat><value>1.0</value></relativerisk><relativerisk><age>9</age><sex>1</sex><cat>2</cat><value>1.0</value></relativerisk><relativerisk><age>10</age><sex>0</sex><cat>0</cat><value>1.0</value></relativerisk><relativerisk><age>10</age><sex>0</sex><cat>1</cat><value>1.0</value></relativerisk><relativerisk><age>10</age><sex>0</sex><cat>2</cat><value>1.0</value></relativerisk><relativerisk><age>10</age><sex>1</sex><cat>0</cat><value>1.0</value></relativerisk><relativerisk><age>10</age><sex>1</sex><cat>1</cat><value>1.0</value></relativerisk><relativerisk><age>10</age><sex>1</sex><cat>2</cat><value>1.0</value></relativerisk><relativerisk><age>11</age><sex>0</sex><cat>0</cat><value>1.0</value></relativerisk><relativerisk><age>11</age><sex>0</sex><cat>1</cat><value>1.0</value></relativerisk><relativerisk><age>11</age><sex>0</sex><cat>2</cat><value>1.0</value></relativerisk><relativerisk><age>11</age><sex>1</sex><cat>0</cat><value>1.0</value></relativerisk><relativerisk><age>11</age><sex>1</sex><cat>1</cat><value>1.0</value></relativerisk><relativerisk><age>11</age><sex>1</sex><cat>2</cat><value>1.0</value></relativerisk><relativerisk><age>12</age><sex>0</sex><cat>0</cat><value>1.0</value></relativerisk><relativerisk><age>12</age><sex>0</sex><cat>1</cat><value>1.0</value></relativerisk><relativerisk><age>12</age><sex>0</sex><cat>2</cat><value>1.0</value></relativerisk><relativerisk><age>12</age><sex>1</sex><cat>0</cat><value>1.0</value></relativerisk><relativerisk><age>12</age><sex>1</sex><cat>1</cat><value>1.0</value></relativerisk><relativerisk><age>12</age><sex>1</sex><cat>2</cat><value>1.0</value></relativerisk><relativerisk><age>13</age><sex>0</sex><cat>0</cat><value>1.0</value></relativerisk><relativerisk><age>13</age><sex>0</sex><cat>1</cat><value>1.0</value></relativerisk><relativerisk><age>13</age><sex>0</sex><cat>2</cat><value>1.0</value></relativerisk><relativerisk><age>13</age><sex>1</sex><cat>0</cat><value>1.0</value></relativerisk><relativerisk><age>13</age><sex>1</sex><cat>1</cat><value>1.0</value></relativerisk><relativerisk><age>13</age><sex>1</sex><cat>2</cat><value>1.0</value></relativerisk><relativerisk><age>14</age><sex>0</sex><cat>0</cat><value>1.0</value></relativerisk><relativerisk><age>14</age><sex>0</sex><cat>1</cat><value>1.0</value></relativerisk><relativerisk><age>14</age><sex>0</sex><cat>2</cat><value>1.0</value></relativerisk><relativerisk><age>14</age><sex>1</sex><cat>0</cat><value>1.0</value></relativerisk><relativerisk><age>14</age><sex>1</sex><cat>1</cat><value>1.0</value></relativerisk><relativerisk><age>14</age><sex>1</sex><cat>2</cat><value>1.0</value></relativerisk><relativerisk><age>15</age><sex>0</sex><cat>0</cat><value>1.0</value></relativerisk><relativerisk><age>15</age><sex>0</sex><cat>1</cat><value>1.0</value></relativerisk><relativerisk><age>15</age><sex>0</sex><cat>2</cat><value>1.0</value></relativerisk><relativerisk><age>15</age><sex>1</sex><cat>0</cat><value>1.0</value></relativerisk><relativerisk><age>15</age><sex>1</sex><cat>1</cat><value>1.0</value></relativerisk><relativerisk><age>15</age><sex>1</sex><cat>2</cat><value>1.0</value></relativerisk><relativerisk><age>16</age><sex>0</sex><cat>0</cat><value>1.0</value></relativerisk><relativerisk><age>16</age><sex>0</sex><cat>1</cat><value>1.0</value></relativerisk><relativerisk><age>16</age><sex>0</sex><cat>2</cat><value>1.0</value></relativerisk><relativerisk><age>16</age><sex>1</sex><cat>0</cat><value>1.0</value></relativerisk><relativerisk><age>16</age><sex>1</sex><cat>1</cat><value>1.0</value></relativerisk><relativerisk><age>16</age><sex>1</sex><cat>2</cat><value>1.0</value></relativerisk><relativerisk><age>17</age><sex>0</sex><cat>0</cat><value>1.0</value></relativerisk><relativerisk><age>17</age><sex>0</sex><cat>1</cat><value>1.0</value></relativerisk><relativerisk><age>17</age><sex>0</sex><cat>2</cat><value>1.0</value></relativerisk><relativerisk><age>17</age><sex>1</sex><cat>0</cat><value>1.0</value></relativerisk><relativerisk><age>17</age><sex>1</sex><cat>1</cat><value>1.0</value></relativerisk><relativerisk><age>17</age><sex>1</sex><cat>2</cat><value>1.0</value></relativerisk><relativerisk><age>18</age><sex>0</sex><cat>0</cat><value>1.0</value></relativerisk><relativerisk><age>18</age><sex>0</sex><cat>1</cat><value>1.0</value></relativerisk><relativerisk><age>18</age><sex>0</sex><cat>2</cat><value>1.0</value></relativerisk><relativerisk><age>18</age><sex>1</sex><cat>0</cat><value>1.0</value></relativerisk><relativerisk><age>18</age><sex>1</sex><cat>1</cat><value>1.0</value></relativerisk><relativerisk><age>18</age><sex>1</sex><cat>2</cat><value>1.0</value></relativerisk><relativerisk><age>19</age><sex>0</sex><cat>0</cat><value>1.0</value></relativerisk><relativerisk><age>19</age><sex>0</sex><cat>1</cat><value>1.0</value></relativerisk><relativerisk><age>19</age><sex>0</sex><cat>2</cat><value>1.0</value></relativerisk><relativerisk><age>19</age><sex>1</sex><cat>0</cat><value>1.0</value></relativerisk><relativerisk><age>19</age><sex>1</sex><cat>1</cat><value>1.0</value></relativerisk><relativerisk><age>19</age><sex>1</sex><cat>2</cat><value>1.0</value></relativerisk><relativerisk><age>20</age><sex>0</sex><cat>0</cat><value>1.0</value></relativerisk><relativerisk><age>20</age><sex>0</sex><cat>1</cat><value>1.0</value></relativerisk><relativerisk><age>20</age><sex>0</sex><cat>2</cat><value>1.0</value></relativerisk><relativerisk><age>20</age><sex>1</sex><cat>0</cat><value>1.0</value></relativerisk><relativerisk><age>20</age><sex>1</sex><cat>1</cat><value>1.0</value></relativerisk><relativerisk><age>20</age><sex>1</sex><cat>2</cat><value>1.0</value></relativerisk><relativerisk><age>21</age><sex>0</sex><cat>0</cat><value>1.0</value></relativerisk><relativerisk><age>21</age><sex>0</sex><cat>1</cat><value>1.0303544</value></relativerisk><relativerisk><age>21</age><sex>0</sex><cat>2</cat><value>1.050544</value></relativerisk><relativerisk><age>21</age><sex>1</sex><cat>0</cat><value>1.0</value></relativerisk><relativerisk><age>21</age><sex>1</sex><cat>1</cat><value>1.0213093</value></relativerisk><relativerisk><age>21</age><sex>1</sex><cat>2</cat><value>1.0533004</value></relativerisk><relativerisk><age>22</age><sex>0</sex><cat>0</cat><value>1.0</value></relativerisk><relativerisk><age>22</age><sex>0</sex><cat>1</cat><value>1.0505708</value></relativerisk><relativerisk><age>22</age><sex>0</sex><cat>2</cat><value>1.1008441</value></relativerisk><relativerisk><age>22</age><sex>1</sex><cat>0</cat><value>1.0</value></relativerisk><relativerisk><age>22</age><sex>1</sex><cat>1</cat><value>1.041859</value></relativerisk><relativerisk><age>22</age><sex>1</sex><cat>2</cat><value>1.1048948</value></relativerisk><relativerisk><age>23</age><sex>0</sex><cat>0</cat><value>1.0</value></relativerisk><relativerisk><age>23</age><sex>0</sex><cat>1</cat><value>1.0706894</value></relativerisk><relativerisk><age>23</age><sex>0</sex><cat>2</cat><value>1.2013147</value></relativerisk><relativerisk><age>23</age><sex>1</sex><cat>0</cat><value>1.0</value></relativerisk><relativerisk><age>23</age><sex>1</sex><cat>1</cat><value>1.0627966</value></relativerisk><relativerisk><age>23</age><sex>1</sex><cat>2</cat><value>1.2094412</value></relativerisk><relativerisk><age>24</age><sex>0</sex><cat>0</cat><value>1.0</value></relativerisk><relativerisk><age>24</age><sex>0</sex><cat>1</cat><value>1.1011757</value></relativerisk><relativerisk><age>24</age><sex>0</sex><cat>2</cat><value>1.3026317</value></relativerisk><relativerisk><age>24</age><sex>1</sex><cat>0</cat><value>1.0</value></relativerisk><relativerisk><age>24</age><sex>1</sex><cat>1</cat><value>1.0868748</value></relativerisk><relativerisk><age>24</age><sex>1</sex><cat>2</cat><value>1.3270489</value></relativerisk><relativerisk><age>25</age><sex>0</sex><cat>0</cat><value>1.0</value></relativerisk><relativerisk><age>25</age><sex>0</sex><cat>1</cat><value>1.1314368</value></relativerisk><relativerisk><age>25</age><sex>0</sex><cat>2</cat><value>1.4041712</value></relativerisk><relativerisk><age>25</age><sex>1</sex><cat>0</cat><value>1.0</value></relativerisk><relativerisk><age>25</age><sex>1</sex><cat>1</cat><value>1.106045</value></relativerisk><relativerisk><age>25</age><sex>1</sex><cat>2</cat><value>1.4255605</value></relativerisk><relativerisk><age>26</age><sex>0</sex><cat>0</cat><value>1.0</value></relativerisk><relativerisk><age>26</age><sex>0</sex><cat>1</cat><value>1.1520389</value></relativerisk><relativerisk><age>26</age><sex>0</sex><cat>2</cat><value>1.506565</value></relativerisk><relativerisk><age>26</age><sex>1</sex><cat>0</cat><value>1.0</value></relativerisk><relativerisk><age>26</age><sex>1</sex><cat>1</cat><value>1.1277771</value></relativerisk><relativerisk><age>26</age><sex>1</sex><cat>2</cat><value>1.5339991</value></relativerisk><relativerisk><age>27</age><sex>0</sex><cat>0</cat><value>1.0</value></relativerisk><relativerisk><age>27</age><sex>0</sex><cat>1</cat><value>1.1728122</value></relativerisk><relativerisk><age>27</age><sex>0</sex><cat>2</cat><value>1.5588189</value></relativerisk><relativerisk><age>27</age><sex>1</sex><cat>0</cat><value>1.0</value></relativerisk><relativerisk><age>27</age><sex>1</sex><cat>1</cat><value>1.1511081</value></relativerisk><relativerisk><age>27</age><sex>1</sex><cat>2</cat><value>1.5415279</value></relativerisk><relativerisk><age>28</age><sex>0</sex><cat>0</cat><value>1.0</value></relativerisk><relativerisk><age>28</age><sex>0</sex><cat>1</cat><value>1.2044097</value></relativerisk><relativerisk><age>28</age><sex>0</sex><cat>2</cat><value>1.5616084</value></relativerisk><relativerisk><age>28</age><sex>1</sex><cat>0</cat><value>1.0</value></relativerisk><relativerisk><age>28</age><sex>1</sex><cat>1</cat><value>1.1607248</value></relativerisk><relativerisk><age>28</age><sex>1</sex><cat>2</cat><value>1.5371587</value></relativerisk><relativerisk><age>29</age><sex>0</sex><cat>0</cat><value>1.0</value></relativerisk><relativerisk><age>29</age><sex>0</sex><cat>1</cat><value>1.2048535</value></relativerisk><relativerisk><age>29</age><sex>0</sex><cat>2</cat><value>1.562603</value></relativerisk><relativerisk><age>29</age><sex>1</sex><cat>0</cat><value>1.0</value></relativerisk><relativerisk><age>29</age><sex>1</sex><cat>1</cat><value>1.1673726</value></relativerisk><relativerisk><age>29</age><sex>1</sex><cat>2</cat><value>1.5595995</value></relativerisk><relativerisk><age>30</age><sex>0</sex><cat>0</cat><value>1.0</value></relativerisk><relativerisk><age>30</age><sex>0</sex><cat>1</cat><value>1.1841215</value></relativerisk><relativerisk><age>30</age><sex>0</sex><cat>2</cat><value>1.4841291</value></relativerisk><relativerisk><age>30</age><sex>1</sex><cat>0</cat><value>1.0</value></relativerisk><relativerisk><age>30</age><sex>1</sex><cat>1</cat><value>1.1453828</value></relativerisk><relativerisk><age>30</age><sex>1</sex><cat>2</cat><value>1.4544171</value></relativerisk><relativerisk><age>31</age><sex>0</sex><cat>0</cat><value>1.0</value></relativerisk><relativerisk><age>31</age><sex>0</sex><cat>1</cat><value>1.1791973</value></relativerisk><relativerisk><age>31</age><sex>0</sex><cat>2</cat><value>1.462263</value></relativerisk><relativerisk><age>31</age><sex>1</sex><cat>0</cat><value>1.0</value></relativerisk><relativerisk><age>31</age><sex>1</sex><cat>1</cat><value>1.1495388</value></relativerisk><relativerisk><age>31</age><sex>1</sex><cat>2</cat><value>1.4633472</value></relativerisk><relativerisk><age>32</age><sex>0</sex><cat>0</cat><value>1.0</value></relativerisk><relativerisk><age>32</age><sex>0</sex><cat>1</cat><value>1.1786036</value></relativerisk><relativerisk><age>32</age><sex>0</sex><cat>2</cat><value>1.4585546</value></relativerisk><relativerisk><age>32</age><sex>1</sex><cat>0</cat><value>1.0</value></relativerisk><relativerisk><age>32</age><sex>1</sex><cat>1</cat><value>1.1546737</value></relativerisk><relativerisk><age>32</age><sex>1</sex><cat>2</cat><value>1.4677614</value></relativerisk><relativerisk><age>33</age><sex>0</sex><cat>0</cat><value>1.0</value></relativerisk><relativerisk><age>33</age><sex>0</sex><cat>1</cat><value>1.1766086</value></relativerisk><relativerisk><age>33</age><sex>0</sex><cat>2</cat><value>1.4483885</value></relativerisk><relativerisk><age>33</age><sex>1</sex><cat>0</cat><value>1.0</value></relativerisk><relativerisk><age>33</age><sex>1</sex><cat>1</cat><value>1.1572227</value></relativerisk><relativerisk><age>33</age><sex>1</sex><cat>2</cat><value>1.4862901</value></relativerisk><relativerisk><age>34</age><sex>0</sex><cat>0</cat><value>1.0</value></relativerisk><relativerisk><age>34</age><sex>0</sex><cat>1</cat><value>1.1752579</value></relativerisk><relativerisk><age>34</age><sex>0</sex><cat>2</cat><value>1.4404827</value></relativerisk><relativerisk><age>34</age><sex>1</sex><cat>0</cat><value>1.0</value></relativerisk><relativerisk><age>34</age><sex>1</sex><cat>1</cat><value>1.1620803</value></relativerisk><relativerisk><age>34</age><sex>1</sex><cat>2</cat><value>1.4975356</value></relativerisk><relativerisk><age>35</age><sex>0</sex><cat>0</cat><value>1.0</value></relativerisk><relativerisk><age>35</age><sex>0</sex><cat>1</cat><value>1.1674724</value></relativerisk><relativerisk><age>35</age><sex>0</sex><cat>2</cat><value>1.4103599</value></relativerisk><relativerisk><age>35</age><sex>1</sex><cat>0</cat><value>1.0</value></relativerisk><relativerisk><age>35</age><sex>1</sex><cat>1</cat><value>1.1631203</value></relativerisk><relativerisk><age>35</age><sex>1</sex><cat>2</cat><value>1.4994174</value></relativerisk><relativerisk><age>36</age><sex>0</sex><cat>0</cat><value>1.0</value></relativerisk><relativerisk><age>36</age><sex>0</sex><cat>1</cat><value>1.1631145</value></relativerisk><relativerisk><age>36</age><sex>0</sex><cat>2</cat><value>1.3901768</value></relativerisk><relativerisk><age>36</age><sex>1</sex><cat>0</cat><value>1.0</value></relativerisk><relativerisk><age>36</age><sex>1</sex><cat>1</cat><value>1.1663007</value></relativerisk><relativerisk><age>36</age><sex>1</sex><cat>2</cat><value>1.5051575</value></relativerisk><relativerisk><age>37</age><sex>0</sex><cat>0</cat><value>1.0</value></relativerisk><relativerisk><age>37</age><sex>0</sex><cat>1</cat><value>1.1589246</value></relativerisk><relativerisk><age>37</age><sex>0</sex><cat>2</cat><value>1.3698771</value></relativerisk><relativerisk><age>37</age><sex>1</sex><cat>0</cat><value>1.0</value></relativerisk><relativerisk><age>37</age><sex>1</sex><cat>1</cat><value>1.1708134</value></relativerisk><relativerisk><age>37</age><sex>1</sex><cat>2</cat><value>1.5129969</value></relativerisk><relativerisk><age>38</age><sex>0</sex><cat>0</cat><value>1.0</value></relativerisk><relativerisk><age>38</age><sex>0</sex><cat>1</cat><value>1.1538018</value></relativerisk><relativerisk><age>38</age><sex>0</sex><cat>2</cat><value>1.3427963</value></relativerisk><relativerisk><age>38</age><sex>1</sex><cat>0</cat><value>1.0</value></relativerisk><relativerisk><age>38</age><sex>1</sex><cat>1</cat><value>1.1772709</value></relativerisk><relativerisk><age>38</age><sex>1</sex><cat>2</cat><value>1.5262264</value></relativerisk><relativerisk><age>39</age><sex>0</sex><cat>0</cat><value>1.0</value></relativerisk><relativerisk><age>39</age><sex>0</sex><cat>1</cat><value>1.1574126</value></relativerisk><relativerisk><age>39</age><sex>0</sex><cat>2</cat><value>1.3537341</value></relativerisk><relativerisk><age>39</age><sex>1</sex><cat>0</cat><value>1.0</value></relativerisk><relativerisk><age>39</age><sex>1</sex><cat>1</cat><value>1.1843306</value></relativerisk><relativerisk><age>39</age><sex>1</sex><cat>2</cat><value>1.5381212</value></relativerisk><relativerisk><age>40</age><sex>0</sex><cat>0</cat><value>1.0</value></relativerisk><relativerisk><age>40</age><sex>0</sex><cat>1</cat><value>1.162175</value></relativerisk><relativerisk><age>40</age><sex>0</sex><cat>2</cat><value>1.3403282</value></relativerisk><relativerisk><age>40</age><sex>1</sex><cat>0</cat><value>1.0</value></relativerisk><relativerisk><age>40</age><sex>1</sex><cat>1</cat><value>1.2104234</value></relativerisk><relativerisk><age>40</age><sex>1</sex><cat>2</cat><value>1.6245122</value></relativerisk><relativerisk><age>41</age><sex>0</sex><cat>0</cat><value>1.0</value></relativerisk><relativerisk><age>41</age><sex>0</sex><cat>1</cat><value>1.1638272</value></relativerisk><relativerisk><age>41</age><sex>0</sex><cat>2</cat><value>1.3331256</value></relativerisk><relativerisk><age>41</age><sex>1</sex><cat>0</cat><value>1.0</value></relativerisk><relativerisk><age>41</age><sex>1</sex><cat>1</cat><value>1.2216738</value></relativerisk><relativerisk><age>41</age><sex>1</sex><cat>2</cat><value>1.654957</value></relativerisk><relativerisk><age>42</age><sex>0</sex><cat>0</cat><value>1.0</value></relativerisk><relativerisk><age>42</age><sex>0</sex><cat>1</cat><value>1.1696515</value></relativerisk><relativerisk><age>42</age><sex>0</sex><cat>2</cat><value>1.3489488</value></relativerisk><relativerisk><age>42</age><sex>1</sex><cat>0</cat><value>1.0</value></relativerisk><relativerisk><age>42</age><sex>1</sex><cat>1</cat><value>1.2532569</value></relativerisk><relativerisk><age>42</age><sex>1</sex><cat>2</cat><value>1.7299252</value></relativerisk><relativerisk><age>43</age><sex>0</sex><cat>0</cat><value>1.0</value></relativerisk><relativerisk><age>43</age><sex>0</sex><cat>1</cat><value>1.1732883</value></relativerisk><relativerisk><age>43</age><sex>0</sex><cat>2</cat><value>1.35727</value></relativerisk><relativerisk><age>43</age><sex>1</sex><cat>0</cat><value>1.0</value></relativerisk><relativerisk><age>43</age><sex>1</sex><cat>1</cat><value>1.2741601</value></relativerisk><relativerisk><age>43</age><sex>1</sex><cat>2</cat><value>1.7885246</value></relativerisk><relativerisk><age>44</age><sex>0</sex><cat>0</cat><value>1.0</value></relativerisk><relativerisk><age>44</age><sex>0</sex><cat>1</cat><value>1.1668177</value></relativerisk><relativerisk><age>44</age><sex>0</sex><cat>2</cat><value>1.2653553</value></relativerisk><relativerisk><age>44</age><sex>1</sex><cat>0</cat><value>1.0</value></relativerisk><relativerisk><age>44</age><sex>1</sex><cat>1</cat><value>1.2443452</value></relativerisk><relativerisk><age>44</age><sex>1</sex><cat>2</cat><value>1.7222188</value></relativerisk><relativerisk><age>45</age><sex>0</sex><cat>0</cat><value>1.0</value></relativerisk><relativerisk><age>45</age><sex>0</sex><cat>1</cat><value>1.1816443</value></relativerisk><relativerisk><age>45</age><sex>0</sex><cat>2</cat><value>1.3339326</value></relativerisk><relativerisk><age>45</age><sex>1</sex><cat>0</cat><value>1.0</value></relativerisk><relativerisk><age>45</age><sex>1</sex><cat>1</cat><value>1.3234483</value></relativerisk><relativerisk><age>45</age><sex>1</sex><cat>2</cat><value>1.9154034</value></relativerisk><relativerisk><age>46</age><sex>0</sex><cat>0</cat><value>1.0</value></relativerisk><relativerisk><age>46</age><sex>0</sex><cat>1</cat><value>1.1828145</value></relativerisk><relativerisk><age>46</age><sex>0</sex><cat>2</cat><value>1.2852004</value></relativerisk><relativerisk><age>46</age><sex>1</sex><cat>0</cat><value>1.0</value></relativerisk><relativerisk><age>46</age><sex>1</sex><cat>1</cat><value>1.2685655</value></relativerisk><relativerisk><age>46</age><sex>1</sex><cat>2</cat><value>1.7837529</value></relativerisk><relativerisk><age>47</age><sex>0</sex><cat>0</cat><value>1.0</value></relativerisk><relativerisk><age>47</age><sex>0</sex><cat>1</cat><value>1.1952527</value></relativerisk><relativerisk><age>47</age><sex>0</sex><cat>2</cat><value>1.347584</value></relativerisk><relativerisk><age>47</age><sex>1</sex><cat>0</cat><value>1.0</value></relativerisk><relativerisk><age>47</age><sex>1</sex><cat>1</cat><value>1.2915205</value></relativerisk><relativerisk><age>47</age><sex>1</sex><cat>2</cat><value>1.8407613</value></relativerisk><relativerisk><age>48</age><sex>0</sex><cat>0</cat><value>1.0</value></relativerisk><relativerisk><age>48</age><sex>0</sex><cat>1</cat><value>1.2009447</value></relativerisk><relativerisk><age>48</age><sex>0</sex><cat>2</cat><value>1.3677217</value></relativerisk><relativerisk><age>48</age><sex>1</sex><cat>0</cat><value>1.0</value></relativerisk><relativerisk><age>48</age><sex>1</sex><cat>1</cat><value>1.2953254</value></relativerisk><relativerisk><age>48</age><sex>1</sex><cat>2</cat><value>1.8503479</value></relativerisk><relativerisk><age>49</age><sex>0</sex><cat>0</cat><value>1.0</value></relativerisk><relativerisk><age>49</age><sex>0</sex><cat>1</cat><value>1.2067336</value></relativerisk><relativerisk><age>49</age><sex>0</sex><cat>2</cat><value>1.351239</value></relativerisk><relativerisk><age>49</age><sex>1</sex><cat>0</cat><value>1.0</value></relativerisk><relativerisk><age>49</age><sex>1</sex><cat>1</cat><value>1.2888234</value></relativerisk><relativerisk><age>49</age><sex>1</sex><cat>2</cat><value>1.8336225</value></relativerisk><relativerisk><age>50</age><sex>0</sex><cat>0</cat><value>1.0</value></relativerisk><relativerisk><age>50</age><sex>0</sex><cat>1</cat><value>1.1655729</value></relativerisk><relativerisk><age>50</age><sex>0</sex><cat>2</cat><value>1.2448016</value></relativerisk><relativerisk><age>50</age><sex>1</sex><cat>0</cat><value>1.0</value></relativerisk><relativerisk><age>50</age><sex>1</sex><cat>1</cat><value>1.2257248</value></relativerisk><relativerisk><age>50</age><sex>1</sex><cat>2</cat><value>1.6446027</value></relativerisk><relativerisk><age>51</age><sex>0</sex><cat>0</cat><value>1.0</value></relativerisk><relativerisk><age>51</age><sex>0</sex><cat>1</cat><value>1.1709063</value></relativerisk><relativerisk><age>51</age><sex>0</sex><cat>2</cat><value>1.2516208</value></relativerisk><relativerisk><age>51</age><sex>1</sex><cat>0</cat><value>1.0</value></relativerisk><relativerisk><age>51</age><sex>1</sex><cat>1</cat><value>1.2070085</value></relativerisk><relativerisk><age>51</age><sex>1</sex><cat>2</cat><value>1.6271445</value></relativerisk><relativerisk><age>52</age><sex>0</sex><cat>0</cat><value>1.0</value></relativerisk><relativerisk><age>52</age><sex>0</sex><cat>1</cat><value>1.1758206</value></relativerisk><relativerisk><age>52</age><sex>0</sex><cat>2</cat><value>1.1929281</value></relativerisk><relativerisk><age>52</age><sex>1</sex><cat>0</cat><value>1.0</value></relativerisk><relativerisk><age>52</age><sex>1</sex><cat>1</cat><value>1.1835314</value></relativerisk><relativerisk><age>52</age><sex>1</sex><cat>2</cat><value>1.5392033</value></relativerisk><relativerisk><age>53</age><sex>0</sex><cat>0</cat><value>1.0</value></relativerisk><relativerisk><age>53</age><sex>0</sex><cat>1</cat><value>1.1905466</value></relativerisk><relativerisk><age>53</age><sex>0</sex><cat>2</cat><value>1.1889813</value></relativerisk><relativerisk><age>53</age><sex>1</sex><cat>0</cat><value>1.0</value></relativerisk><relativerisk><age>53</age><sex>1</sex><cat>1</cat><value>1.1919764</value></relativerisk><relativerisk><age>53</age><sex>1</sex><cat>2</cat><value>1.4966027</value></relativerisk><relativerisk><age>54</age><sex>0</sex><cat>0</cat><value>1.0</value></relativerisk><relativerisk><age>54</age><sex>0</sex><cat>1</cat><value>1.2085226</value></relativerisk><relativerisk><age>54</age><sex>0</sex><cat>2</cat><value>1.2441916</value></relativerisk><relativerisk><age>54</age><sex>1</sex><cat>0</cat><value>1.0</value></relativerisk><relativerisk><age>54</age><sex>1</sex><cat>1</cat><value>1.1753416</value></relativerisk><relativerisk><age>54</age><sex>1</sex><cat>2</cat><value>1.4443713</value></relativerisk><relativerisk><age>55</age><sex>0</sex><cat>0</cat><value>1.0</value></relativerisk><relativerisk><age>55</age><sex>0</sex><cat>1</cat><value>1.23955</value></relativerisk><relativerisk><age>55</age><sex>0</sex><cat>2</cat><value>1.2636079</value></relativerisk><relativerisk><age>55</age><sex>1</sex><cat>0</cat><value>1.0</value></relativerisk><relativerisk><age>55</age><sex>1</sex><cat>1</cat><value>1.1666322</value></relativerisk><relativerisk><age>55</age><sex>1</sex><cat>2</cat><value>1.4138259</value></relativerisk><relativerisk><age>56</age><sex>0</sex><cat>0</cat><value>1.0</value></relativerisk><relativerisk><age>56</age><sex>0</sex><cat>1</cat><value>1.2616799</value></relativerisk><relativerisk><age>56</age><sex>0</sex><cat>2</cat><value>1.2368354</value></relativerisk><relativerisk><age>56</age><sex>1</sex><cat>0</cat><value>1.0</value></relativerisk><relativerisk><age>56</age><sex>1</sex><cat>1</cat><value>1.1544133</value></relativerisk><relativerisk><age>56</age><sex>1</sex><cat>2</cat><value>1.3250483</value></relativerisk><relativerisk><age>57</age><sex>0</sex><cat>0</cat><value>1.0</value></relativerisk><relativerisk><age>57</age><sex>0</sex><cat>1</cat><value>1.3095163</value></relativerisk><relativerisk><age>57</age><sex>0</sex><cat>2</cat><value>1.2112532</value></relativerisk><relativerisk><age>57</age><sex>1</sex><cat>0</cat><value>1.0</value></relativerisk><relativerisk><age>57</age><sex>1</sex><cat>1</cat><value>1.1400819</value></relativerisk><relativerisk><age>57</age><sex>1</sex><cat>2</cat><value>1.3058575</value></relativerisk><relativerisk><age>58</age><sex>0</sex><cat>0</cat><value>1.0</value></relativerisk><relativerisk><age>58</age><sex>0</sex><cat>1</cat><value>1.2952387</value></relativerisk><relativerisk><age>58</age><sex>0</sex><cat>2</cat><value>1.207782</value></relativerisk><relativerisk><age>58</age><sex>1</sex><cat>0</cat><value>1.0</value></relativerisk><relativerisk><age>58</age><sex>1</sex><cat>1</cat><value>1.1234112</value></relativerisk><relativerisk><age>58</age><sex>1</sex><cat>2</cat><value>1.2232003</value></relativerisk><relativerisk><age>59</age><sex>0</sex><cat>0</cat><value>1.0</value></relativerisk><relativerisk><age>59</age><sex>0</sex><cat>1</cat><value>1.3072268</value></relativerisk><relativerisk><age>59</age><sex>0</sex><cat>2</cat><value>1.1136669</value></relativerisk><relativerisk><age>59</age><sex>1</sex><cat>0</cat><value>1.0</value></relativerisk><relativerisk><age>59</age><sex>1</sex><cat>1</cat><value>1.1032438</value></relativerisk><relativerisk><age>59</age><sex>1</sex><cat>2</cat><value>1.102422</value></relativerisk><relativerisk><age>60</age><sex>0</sex><cat>0</cat><value>1.0</value></relativerisk><relativerisk><age>60</age><sex>0</sex><cat>1</cat><value>1.2698127</value></relativerisk><relativerisk><age>60</age><sex>0</sex><cat>2</cat><value>1.2880404</value></relativerisk><relativerisk><age>60</age><sex>1</sex><cat>0</cat><value>1.0</value></relativerisk><relativerisk><age>60</age><sex>1</sex><cat>1</cat><value>1.0970852</value></relativerisk><relativerisk><age>60</age><sex>1</sex><cat>2</cat><value>1.2654991</value></relativerisk><relativerisk><age>61</age><sex>0</sex><cat>0</cat><value>1.0</value></relativerisk><relativerisk><age>61</age><sex>0</sex><cat>1</cat><value>1.09412</value></relativerisk><relativerisk><age>61</age><sex>0</sex><cat>2</cat><value>0.88820344</value></relativerisk><relativerisk><age>61</age><sex>1</sex><cat>0</cat><value>1.0</value></relativerisk><relativerisk><age>61</age><sex>1</sex><cat>1</cat><value>1.0275147</value></relativerisk><relativerisk><age>61</age><sex>1</sex><cat>2</cat><value>0.9325395</value></relativerisk><relativerisk><age>62</age><sex>0</sex><cat>0</cat><value>1.0</value></relativerisk><relativerisk><age>62</age><sex>0</sex><cat>1</cat><value>1.0847837</value></relativerisk><relativerisk><age>62</age><sex>0</sex><cat>2</cat><value>0.8314746</value></relativerisk><relativerisk><age>62</age><sex>1</sex><cat>0</cat><value>1.0</value></relativerisk><relativerisk><age>62</age><sex>1</sex><cat>1</cat><value>0.9679441</value></relativerisk><relativerisk><age>62</age><sex>1</sex><cat>2</cat><value>0.67454356</value></relativerisk><relativerisk><age>63</age><sex>0</sex><cat>0</cat><value>1.0</value></relativerisk><relativerisk><age>63</age><sex>0</sex><cat>1</cat><value>1.0502732</value></relativerisk><relativerisk><age>63</age><sex>0</sex><cat>2</cat><value>0.42482126</value></relativerisk><relativerisk><age>63</age><sex>1</sex><cat>0</cat><value>1.0</value></relativerisk><relativerisk><age>63</age><sex>1</sex><cat>1</cat><value>0.9457203</value></relativerisk><relativerisk><age>63</age><sex>1</sex><cat>2</cat><value>0.6319001</value></relativerisk><relativerisk><age>64</age><sex>0</sex><cat>0</cat><value>1.0</value></relativerisk><relativerisk><age>64</age><sex>0</sex><cat>1</cat><value>1.0645211</value></relativerisk><relativerisk><age>64</age><sex>0</sex><cat>2</cat><value>0.45521197</value></relativerisk><relativerisk><age>64</age><sex>1</sex><cat>0</cat><value>1.0</value></relativerisk><relativerisk><age>64</age><sex>1</sex><cat>1</cat><value>0.9332926</value></relativerisk><relativerisk><age>64</age><sex>1</sex><cat>2</cat><value>0.6044265</value></relativerisk><relativerisk><age>65</age><sex>0</sex><cat>0</cat><value>1.0</value></relativerisk><relativerisk><age>65</age><sex>0</sex><cat>1</cat><value>1.1628813</value></relativerisk><relativerisk><age>65</age><sex>0</sex><cat>2</cat><value>0.8574147</value></relativerisk><relativerisk><age>65</age><sex>1</sex><cat>0</cat><value>1.0</value></relativerisk><relativerisk><age>65</age><sex>1</sex><cat>1</cat><value>0.8798312</value></relativerisk><relativerisk><age>65</age><sex>1</sex><cat>2</cat><value>0.39883703</value></relativerisk><relativerisk><age>66</age><sex>0</sex><cat>0</cat><value>1.0</value></relativerisk><relativerisk><age>66</age><sex>0</sex><cat>1</cat><value>1.2205274</value></relativerisk><relativerisk><age>66</age><sex>0</sex><cat>2</cat><value>0.6020087</value></relativerisk><relativerisk><age>66</age><sex>1</sex><cat>0</cat><value>1.0</value></relativerisk><relativerisk><age>66</age><sex>1</sex><cat>1</cat><value>0.85799164</value></relativerisk><relativerisk><age>66</age><sex>1</sex><cat>2</cat><value>0.32040814</value></relativerisk><relativerisk><age>67</age><sex>0</sex><cat>0</cat><value>1.0</value></relativerisk><relativerisk><age>67</age><sex>0</sex><cat>1</cat><value>1.2712197</value></relativerisk><relativerisk><age>67</age><sex>0</sex><cat>2</cat><value>0.8478854</value></relativerisk><relativerisk><age>67</age><sex>1</sex><cat>0</cat><value>1.0</value></relativerisk><relativerisk><age>67</age><sex>1</sex><cat>1</cat><value>0.8834922</value></relativerisk><relativerisk><age>67</age><sex>1</sex><cat>2</cat><value>0.43200284</value></relativerisk><relativerisk><age>68</age><sex>0</sex><cat>0</cat><value>1.0</value></relativerisk><relativerisk><age>68</age><sex>0</sex><cat>1</cat><value>1.3035991</value></relativerisk><relativerisk><age>68</age><sex>0</sex><cat>2</cat><value>0.9217674</value></relativerisk><relativerisk><age>68</age><sex>1</sex><cat>0</cat><value>1.0</value></relativerisk><relativerisk><age>68</age><sex>1</sex><cat>1</cat><value>0.8585745</value></relativerisk><relativerisk><age>68</age><sex>1</sex><cat>2</cat><value>0.34836873</value></relativerisk><relativerisk><age>69</age><sex>0</sex><cat>0</cat><value>1.0</value></relativerisk><relativerisk><age>69</age><sex>0</sex><cat>1</cat><value>1.2952924</value></relativerisk><relativerisk><age>69</age><sex>0</sex><cat>2</cat><value>1.1082052</value></relativerisk><relativerisk><age>69</age><sex>1</sex><cat>0</cat><value>1.0</value></relativerisk><relativerisk><age>69</age><sex>1</sex><cat>1</cat><value>0.8146842</value></relativerisk><relativerisk><age>69</age><sex>1</sex><cat>2</cat><value>0.21094628</value></relativerisk><relativerisk><age>70</age><sex>0</sex><cat>0</cat><value>1.0</value></relativerisk><relativerisk><age>70</age><sex>0</sex><cat>1</cat><value>1.0228968</value></relativerisk><relativerisk><age>70</age><sex>0</sex><cat>2</cat><value>0.44525746</value></relativerisk><relativerisk><age>70</age><sex>1</sex><cat>0</cat><value>1.0</value></relativerisk><relativerisk><age>70</age><sex>1</sex><cat>1</cat><value>0.73113036</value></relativerisk><relativerisk><age>70</age><sex>1</sex><cat>2</cat><value>0.0045481315</value></relativerisk><relativerisk><age>71</age><sex>0</sex><cat>0</cat><value>1.0</value></relativerisk><relativerisk><age>71</age><sex>0</sex><cat>1</cat><value>1.0407255</value></relativerisk><relativerisk><age>71</age><sex>0</sex><cat>2</cat><value>0.5714341</value></relativerisk><relativerisk><age>71</age><sex>1</sex><cat>0</cat><value>1.0</value></relativerisk><relativerisk><age>71</age><sex>1</sex><cat>1</cat><value>0.79862595</value></relativerisk><relativerisk><age>71</age><sex>1</sex><cat>2</cat><value>0.00371579</value></relativerisk><relativerisk><age>72</age><sex>0</sex><cat>0</cat><value>1.0</value></relativerisk><relativerisk><age>72</age><sex>0</sex><cat>1</cat><value>1.0413972</value></relativerisk><relativerisk><age>72</age><sex>0</sex><cat>2</cat><value>0.6050987</value></relativerisk><relativerisk><age>72</age><sex>1</sex><cat>0</cat><value>1.0</value></relativerisk><relativerisk><age>72</age><sex>1</sex><cat>1</cat><value>0.78501827</value></relativerisk><relativerisk><age>72</age><sex>1</sex><cat>2</cat><value>0.0036628982</value></relativerisk><relativerisk><age>73</age><sex>0</sex><cat>0</cat><value>1.0</value></relativerisk><relativerisk><age>73</age><sex>0</sex><cat>1</cat><value>1.0370857</value></relativerisk><relativerisk><age>73</age><sex>0</sex><cat>2</cat><value>0.6265225</value></relativerisk><relativerisk><age>73</age><sex>1</sex><cat>0</cat><value>1.0</value></relativerisk><relativerisk><age>73</age><sex>1</sex><cat>1</cat><value>0.76707757</value></relativerisk><relativerisk><age>73</age><sex>1</sex><cat>2</cat><value>0.0036515917</value></relativerisk><relativerisk><age>74</age><sex>0</sex><cat>0</cat><value>1.0</value></relativerisk><relativerisk><age>74</age><sex>0</sex><cat>1</cat><value>1.0486871</value></relativerisk><relativerisk><age>74</age><sex>0</sex><cat>2</cat><value>0.74135345</value></relativerisk><relativerisk><age>74</age><sex>1</sex><cat>0</cat><value>1.0</value></relativerisk><relativerisk><age>74</age><sex>1</sex><cat>1</cat><value>0.8386055</value></relativerisk><relativerisk><age>74</age><sex>1</sex><cat>2</cat><value>0.16023582</value></relativerisk><relativerisk><age>75</age><sex>0</sex><cat>0</cat><value>1.0</value></relativerisk><relativerisk><age>75</age><sex>0</sex><cat>1</cat><value>1.0430868</value></relativerisk><relativerisk><age>75</age><sex>0</sex><cat>2</cat><value>0.7490738</value></relativerisk><relativerisk><age>75</age><sex>1</sex><cat>0</cat><value>1.0</value></relativerisk><relativerisk><age>75</age><sex>1</sex><cat>1</cat><value>0.8025628</value></relativerisk><relativerisk><age>75</age><sex>1</sex><cat>2</cat><value>0.03583969</value></relativerisk><relativerisk><age>76</age><sex>0</sex><cat>0</cat><value>1.0</value></relativerisk><relativerisk><age>76</age><sex>0</sex><cat>1</cat><value>1.0991536</value></relativerisk><relativerisk><age>76</age><sex>0</sex><cat>2</cat><value>1.0611509</value></relativerisk><relativerisk><age>76</age><sex>1</sex><cat>0</cat><value>1.0</value></relativerisk><relativerisk><age>76</age><sex>1</sex><cat>1</cat><value>0.8288361</value></relativerisk><relativerisk><age>76</age><sex>1</sex><cat>2</cat><value>0.21371411</value></relativerisk><relativerisk><age>77</age><sex>0</sex><cat>0</cat><value>1.0</value></relativerisk><relativerisk><age>77</age><sex>0</sex><cat>1</cat><value>1.0966468</value></relativerisk><relativerisk><age>77</age><sex>0</sex><cat>2</cat><value>1.0965667</value></relativerisk><relativerisk><age>77</age><sex>1</sex><cat>0</cat><value>1.0</value></relativerisk><relativerisk><age>77</age><sex>1</sex><cat>1</cat><value>0.8403133</value></relativerisk><relativerisk><age>77</age><sex>1</sex><cat>2</cat><value>0.270412</value></relativerisk><relativerisk><age>78</age><sex>0</sex><cat>0</cat><value>1.0</value></relativerisk><relativerisk><age>78</age><sex>0</sex><cat>1</cat><value>1.0937433</value></relativerisk><relativerisk><age>78</age><sex>0</sex><cat>2</cat><value>1.1168379</value></relativerisk><relativerisk><age>78</age><sex>1</sex><cat>0</cat><value>1.0</value></relativerisk><relativerisk><age>78</age><sex>1</sex><cat>1</cat><value>0.8489197</value></relativerisk><relativerisk><age>78</age><sex>1</sex><cat>2</cat><value>0.3217214</value></relativerisk><relativerisk><age>79</age><sex>0</sex><cat>0</cat><value>1.0</value></relativerisk><relativerisk><age>79</age><sex>0</sex><cat>1</cat><value>1.0902898</value></relativerisk><relativerisk><age>79</age><sex>0</sex><cat>2</cat><value>1.1155481</value></relativerisk><relativerisk><age>79</age><sex>1</sex><cat>0</cat><value>1.0</value></relativerisk><relativerisk><age>79</age><sex>1</sex><cat>1</cat><value>0.8351337</value></relativerisk><relativerisk><age>79</age><sex>1</sex><cat>2</cat><value>0.2875581</value></relativerisk><relativerisk><age>80</age><sex>0</sex><cat>0</cat><value>1.0</value></relativerisk><relativerisk><age>80</age><sex>0</sex><cat>1</cat><value>1.0311846</value></relativerisk><relativerisk><age>80</age><sex>0</sex><cat>2</cat><value>0.83283633</value></relativerisk><relativerisk><age>80</age><sex>1</sex><cat>0</cat><value>1.0</value></relativerisk><relativerisk><age>80</age><sex>1</sex><cat>1</cat><value>0.7649279</value></relativerisk><relativerisk><age>80</age><sex>1</sex><cat>2</cat><value>0.22774367</value></relativerisk><relativerisk><age>81</age><sex>0</sex><cat>0</cat><value>1.0</value></relativerisk><relativerisk><age>81</age><sex>0</sex><cat>1</cat><value>1.0336043</value></relativerisk><relativerisk><age>81</age><sex>0</sex><cat>2</cat><value>0.86422694</value></relativerisk><relativerisk><age>81</age><sex>1</sex><cat>0</cat><value>1.0</value></relativerisk><relativerisk><age>81</age><sex>1</sex><cat>1</cat><value>0.76777595</value></relativerisk><relativerisk><age>81</age><sex>1</sex><cat>2</cat><value>0.24465995</value></relativerisk><relativerisk><age>82</age><sex>0</sex><cat>0</cat><value>1.0</value></relativerisk><relativerisk><age>82</age><sex>0</sex><cat>1</cat><value>1.0317096</value></relativerisk><relativerisk><age>82</age><sex>0</sex><cat>2</cat><value>0.866647</value></relativerisk><relativerisk><age>82</age><sex>1</sex><cat>0</cat><value>1.0</value></relativerisk><relativerisk><age>82</age><sex>1</sex><cat>1</cat><value>0.7945628</value></relativerisk><relativerisk><age>82</age><sex>1</sex><cat>2</cat><value>0.3334924</value></relativerisk><relativerisk><age>83</age><sex>0</sex><cat>0</cat><value>1.0</value></relativerisk><relativerisk><age>83</age><sex>0</sex><cat>1</cat><value>1.0409997</value></relativerisk><relativerisk><age>83</age><sex>0</sex><cat>2</cat><value>0.92226744</value></relativerisk><relativerisk><age>83</age><sex>1</sex><cat>0</cat><value>1.0</value></relativerisk><relativerisk><age>83</age><sex>1</sex><cat>1</cat><value>0.7956083</value></relativerisk><relativerisk><age>83</age><sex>1</sex><cat>2</cat><value>0.34345046</value></relativerisk><relativerisk><age>84</age><sex>0</sex><cat>0</cat><value>1.0</value></relativerisk><relativerisk><age>84</age><sex>0</sex><cat>1</cat><value>1.0321578</value></relativerisk><relativerisk><age>84</age><sex>0</sex><cat>2</cat><value>0.89738023</value></relativerisk><relativerisk><age>84</age><sex>1</sex><cat>0</cat><value>1.0</value></relativerisk><relativerisk><age>84</age><sex>1</sex><cat>1</cat><value>0.81964743</value></relativerisk><relativerisk><age>84</age><sex>1</sex><cat>2</cat><value>0.4195375</value></relativerisk><relativerisk><age>85</age><sex>0</sex><cat>0</cat><value>1.0</value></relativerisk><relativerisk><age>85</age><sex>0</sex><cat>1</cat><value>1.034518</value></relativerisk><relativerisk><age>85</age><sex>0</sex><cat>2</cat><value>0.9236249</value></relativerisk><relativerisk><age>85</age><sex>1</sex><cat>0</cat><value>1.0</value></relativerisk><relativerisk><age>85</age><sex>1</sex><cat>1</cat><value>0.8426713</value></relativerisk><relativerisk><age>85</age><sex>1</sex><cat>2</cat><value>0.48932514</value></relativerisk><relativerisk><age>86</age><sex>0</sex><cat>0</cat><value>1.0</value></relativerisk><relativerisk><age>86</age><sex>0</sex><cat>1</cat><value>1.0476978</value></relativerisk><relativerisk><age>86</age><sex>0</sex><cat>2</cat><value>0.99188095</value></relativerisk><relativerisk><age>86</age><sex>1</sex><cat>0</cat><value>1.0</value></relativerisk><relativerisk><age>86</age><sex>1</sex><cat>1</cat><value>0.85998046</value></relativerisk><relativerisk><age>86</age><sex>1</sex><cat>2</cat><value>0.5494975</value></relativerisk><relativerisk><age>87</age><sex>0</sex><cat>0</cat><value>1.0</value></relativerisk><relativerisk><age>87</age><sex>0</sex><cat>1</cat><value>1.0420249</value></relativerisk><relativerisk><age>87</age><sex>0</sex><cat>2</cat><value>0.97538203</value></relativerisk><relativerisk><age>87</age><sex>1</sex><cat>0</cat><value>1.0</value></relativerisk><relativerisk><age>87</age><sex>1</sex><cat>1</cat><value>0.8675971</value></relativerisk><relativerisk><age>87</age><sex>1</sex><cat>2</cat><value>0.57303035</value></relativerisk><relativerisk><age>88</age><sex>0</sex><cat>0</cat><value>1.0</value></relativerisk><relativerisk><age>88</age><sex>0</sex><cat>1</cat><value>1.0449122</value></relativerisk><relativerisk><age>88</age><sex>0</sex><cat>2</cat><value>0.9912587</value></relativerisk><relativerisk><age>88</age><sex>1</sex><cat>0</cat><value>1.0</value></relativerisk><relativerisk><age>88</age><sex>1</sex><cat>1</cat><value>0.88081515</value></relativerisk><relativerisk><age>88</age><sex>1</sex><cat>2</cat><value>0.6117608</value></relativerisk><relativerisk><age>89</age><sex>0</sex><cat>0</cat><value>1.0</value></relativerisk><relativerisk><age>89</age><sex>0</sex><cat>1</cat><value>1.0475281</value></relativerisk><relativerisk><age>89</age><sex>0</sex><cat>2</cat><value>1.0061268</value></relativerisk><relativerisk><age>89</age><sex>1</sex><cat>0</cat><value>1.0</value></relativerisk><relativerisk><age>89</age><sex>1</sex><cat>1</cat><value>0.89793956</value></relativerisk><relativerisk><age>89</age><sex>1</sex><cat>2</cat><value>0.661015</value></relativerisk><relativerisk><age>90</age><sex>0</sex><cat>0</cat><value>1.0</value></relativerisk><relativerisk><age>90</age><sex>0</sex><cat>1</cat><value>1.048249</value></relativerisk><relativerisk><age>90</age><sex>0</sex><cat>2</cat><value>1.0089077</value></relativerisk><relativerisk><age>90</age><sex>1</sex><cat>0</cat><value>1.0</value></relativerisk><relativerisk><age>90</age><sex>1</sex><cat>1</cat><value>0.90907615</value></relativerisk><relativerisk><age>90</age><sex>1</sex><cat>2</cat><value>0.6920585</value></relativerisk><relativerisk><age>91</age><sex>0</sex><cat>0</cat><value>1.0</value></relativerisk><relativerisk><age>91</age><sex>0</sex><cat>1</cat><value>1.0538297</value></relativerisk><relativerisk><age>91</age><sex>0</sex><cat>2</cat><value>1.0298643</value></relativerisk><relativerisk><age>91</age><sex>1</sex><cat>0</cat><value>1.0</value></relativerisk><relativerisk><age>91</age><sex>1</sex><cat>1</cat><value>0.9188854</value></relativerisk><relativerisk><age>91</age><sex>1</sex><cat>2</cat><value>0.7196883</value></relativerisk><relativerisk><age>92</age><sex>0</sex><cat>0</cat><value>1.0</value></relativerisk><relativerisk><age>92</age><sex>0</sex><cat>1</cat><value>1.0549461</value></relativerisk><relativerisk><age>92</age><sex>0</sex><cat>2</cat><value>1.033006</value></relativerisk><relativerisk><age>92</age><sex>1</sex><cat>0</cat><value>1.0</value></relativerisk><relativerisk><age>92</age><sex>1</sex><cat>1</cat><value>0.924704</value></relativerisk><relativerisk><age>92</age><sex>1</sex><cat>2</cat><value>0.7353887</value></relativerisk><relativerisk><age>93</age><sex>0</sex><cat>0</cat><value>1.0</value></relativerisk><relativerisk><age>93</age><sex>0</sex><cat>1</cat><value>1.0612035</value></relativerisk><relativerisk><age>93</age><sex>0</sex><cat>2</cat><value>1.0559031</value></relativerisk><relativerisk><age>93</age><sex>1</sex><cat>0</cat><value>1.0</value></relativerisk><relativerisk><age>93</age><sex>1</sex><cat>1</cat><value>0.9345122</value></relativerisk><relativerisk><age>93</age><sex>1</sex><cat>2</cat><value>0.7633691</value></relativerisk><relativerisk><age>94</age><sex>0</sex><cat>0</cat><value>1.0</value></relativerisk><relativerisk><age>94</age><sex>0</sex><cat>1</cat><value>1.0613123</value></relativerisk><relativerisk><age>94</age><sex>0</sex><cat>2</cat><value>1.0560731</value></relativerisk><relativerisk><age>94</age><sex>1</sex><cat>0</cat><value>1.0</value></relativerisk><relativerisk><age>94</age><sex>1</sex><cat>1</cat><value>0.9419059</value></relativerisk><relativerisk><age>94</age><sex>1</sex><cat>2</cat><value>0.78401047</value></relativerisk><relativerisk><age>95</age><sex>0</sex><cat>0</cat><value>1.0</value></relativerisk><relativerisk><age>95</age><sex>0</sex><cat>1</cat><value>1.0589815</value></relativerisk><relativerisk><age>95</age><sex>0</sex><cat>2</cat><value>1.0512612</value></relativerisk><relativerisk><age>95</age><sex>1</sex><cat>0</cat><value>1.0</value></relativerisk><relativerisk><age>95</age><sex>1</sex><cat>1</cat><value>0.9498295</value></relativerisk><relativerisk><age>95</age><sex>1</sex><cat>2</cat><value>0.80499357</value></relativerisk></relativerisks_othermort_categorical>