<?xml version="1.0"?><diseaseincidences><incidence><age>0</age><sex>0</sex><value>0.0</value></incidence><incidence><age>0</age><sex>1</sex><value>0.0</value></incidence><incidence><age>1</age><sex>0</sex><value>0.0</value></incidence><incidence><age>1</age><sex>1</sex><value>0.0</value></incidence><incidence><age>2</age><sex>0</sex><value>0.0</value></incidence><incidence><age>2</age><sex>1</sex><value>0.0</value></incidence><incidence><age>3</age><sex>0</sex><value>0.0</value></incidence><incidence><age>3</age><sex>1</sex><value>0.0</value></incidence><incidence><age>4</age><sex>0</sex><value>0.0</value></incidence><incidence><age>4</age><sex>1</sex><value>0.0</value></incidence><incidence><age>5</age><sex>0</sex><value>0.0</value></incidence><incidence><age>5</age><sex>1</sex><value>0.0</value></incidence><incidence><age>6</age><sex>0</sex><value>0.0</value></incidence><incidence><age>6</age><sex>1</sex><value>0.0</value></incidence><incidence><age>7</age><sex>0</sex><value>0.0</value></incidence><incidence><age>7</age><sex>1</sex><value>0.0</value></incidence><incidence><age>8</age><sex>0</sex><value>0.0</value></incidence><incidence><age>8</age><sex>1</sex><value>0.0</value></incidence><incidence><age>9</age><sex>0</sex><value>0.0</value></incidence><incidence><age>9</age><sex>1</sex><value>0.0</value></incidence><incidence><age>10</age><sex>0</sex><value>0.0</value></incidence><incidence><age>10</age><sex>1</sex><value>0.0</value></incidence><incidence><age>11</age><sex>0</sex><value>0.0</value></incidence><incidence><age>11</age><sex>1</sex><value>0.0</value></incidence><incidence><age>12</age><sex>0</sex><value>0.0</value></incidence><incidence><age>12</age><sex>1</sex><value>0.0</value></incidence><incidence><age>13</age><sex>0</sex><value>0.0</value></incidence><incidence><age>13</age><sex>1</sex><value>0.0</value></incidence><incidence><age>14</age><sex>0</sex><value>0.0</value></incidence><incidence><age>14</age><sex>1</sex><value>0.0</value></incidence><incidence><age>15</age><sex>0</sex><value>0.0</value></incidence><incidence><age>15</age><sex>1</sex><value>0.0</value></incidence><incidence><age>16</age><sex>0</sex><value>0.0</value></incidence><incidence><age>16</age><sex>1</sex><value>0.0</value></incidence><incidence><age>17</age><sex>0</sex><value>0.0</value></incidence><incidence><age>17</age><sex>1</sex><value>0.0</value></incidence><incidence><age>18</age><sex>0</sex><value>0.0</value></incidence><incidence><age>18</age><sex>1</sex><value>0.0</value></incidence><incidence><age>19</age><sex>0</sex><value>0.0</value></incidence><incidence><age>19</age><sex>1</sex><value>0.0</value></incidence><incidence><age>20</age><sex>0</sex><value>0.0</value></incidence><incidence><age>20</age><sex>1</sex><value>0.0</value></incidence><incidence><age>21</age><sex>0</sex><value>0.0</value></incidence><incidence><age>21</age><sex>1</sex><value>0.0</value></incidence><incidence><age>22</age><sex>0</sex><value>0.0</value></incidence><incidence><age>22</age><sex>1</sex><value>0.0</value></incidence><incidence><age>23</age><sex>0</sex><value>0.0</value></incidence><incidence><age>23</age><sex>1</sex><value>0.0</value></incidence><incidence><age>24</age><sex>0</sex><value>0.0</value></incidence><incidence><age>24</age><sex>1</sex><value>0.0</value></incidence><incidence><age>25</age><sex>0</sex><value>0.0</value></incidence><incidence><age>25</age><sex>1</sex><value>0.0</value></incidence><incidence><age>26</age><sex>0</sex><value>0.0</value></incidence><incidence><age>26</age><sex>1</sex><value>0.0</value></incidence><incidence><age>27</age><sex>0</sex><value>0.0</value></incidence><incidence><age>27</age><sex>1</sex><value>0.0</value></incidence><incidence><age>28</age><sex>0</sex><value>0.0</value></incidence><incidence><age>28</age><sex>1</sex><value>0.0</value></incidence><incidence><age>29</age><sex>0</sex><value>0.0</value></incidence><incidence><age>29</age><sex>1</sex><value>0.0</value></incidence><incidence><age>30</age><sex>0</sex><value>0.0</value></incidence><incidence><age>30</age><sex>1</sex><value>0.0</value></incidence><incidence><age>31</age><sex>0</sex><value>0.0</value></incidence><incidence><age>31</age><sex>1</sex><value>0.0</value></incidence><incidence><age>32</age><sex>0</sex><value>0.0</value></incidence><incidence><age>32</age><sex>1</sex><value>0.0</value></incidence><incidence><age>33</age><sex>0</sex><value>0.0</value></incidence><incidence><age>33</age><sex>1</sex><value>0.0</value></incidence><incidence><age>34</age><sex>0</sex><value>0.0</value></incidence><incidence><age>34</age><sex>1</sex><value>0.0</value></incidence><incidence><age>35</age><sex>0</sex><value>0.0</value></incidence><incidence><age>35</age><sex>1</sex><value>0.0</value></incidence><incidence><age>36</age><sex>0</sex><value>0.0</value></incidence><incidence><age>36</age><sex>1</sex><value>0.0</value></incidence><incidence><age>37</age><sex>0</sex><value>0.0</value></incidence><incidence><age>37</age><sex>1</sex><value>0.0</value></incidence><incidence><age>38</age><sex>0</sex><value>0.0</value></incidence><incidence><age>38</age><sex>1</sex><value>0.0</value></incidence><incidence><age>39</age><sex>0</sex><value>0.0</value></incidence><incidence><age>39</age><sex>1</sex><value>0.0</value></incidence><incidence><age>40</age><sex>0</sex><value>4.16E-4</value></incidence><incidence><age>40</age><sex>1</sex><value>5.12E-4</value></incidence><incidence><age>41</age><sex>0</sex><value>4.16E-4</value></incidence><incidence><age>41</age><sex>1</sex><value>5.12E-4</value></incidence><incidence><age>42</age><sex>0</sex><value>4.42E-4</value></incidence><incidence><age>42</age><sex>1</sex><value>5.31E-4</value></incidence><incidence><age>43</age><sex>0</sex><value>5.3E-4</value></incidence><incidence><age>43</age><sex>1</sex><value>5.94E-4</value></incidence><incidence><age>44</age><sex>0</sex><value>6.05E-4</value></incidence><incidence><age>44</age><sex>1</sex><value>6.48E-4</value></incidence><incidence><age>45</age><sex>0</sex><value>7.0E-4</value></incidence><incidence><age>45</age><sex>1</sex><value>7.16E-4</value></incidence><incidence><age>46</age><sex>0</sex><value>8.14E-4</value></incidence><incidence><age>46</age><sex>1</sex><value>7.98E-4</value></incidence><incidence><age>47</age><sex>0</sex><value>9.59E-4</value></incidence><incidence><age>47</age><sex>1</sex><value>8.98E-4</value></incidence><incidence><age>48</age><sex>0</sex><value>0.001117</value></incidence><incidence><age>48</age><sex>1</sex><value>0.001004</value></incidence><incidence><age>49</age><sex>0</sex><value>0.001287</value></incidence><incidence><age>49</age><sex>1</sex><value>0.001114</value></incidence><incidence><age>50</age><sex>0</sex><value>0.001469</value></incidence><incidence><age>50</age><sex>1</sex><value>0.00123</value></incidence><incidence><age>51</age><sex>0</sex><value>0.001664</value></incidence><incidence><age>51</age><sex>1</sex><value>0.00135</value></incidence><incidence><age>52</age><sex>0</sex><value>0.001871</value></incidence><incidence><age>52</age><sex>1</sex><value>0.001476</value></incidence><incidence><age>53</age><sex>0</sex><value>0.002094</value></incidence><incidence><age>53</age><sex>1</sex><value>0.001605</value></incidence><incidence><age>54</age><sex>0</sex><value>0.002319</value></incidence><incidence><age>54</age><sex>1</sex><value>0.001733</value></incidence><incidence><age>55</age><sex>0</sex><value>0.002548</value></incidence><incidence><age>55</age><sex>1</sex><value>0.001859</value></incidence><incidence><age>56</age><sex>0</sex><value>0.00278</value></incidence><incidence><age>56</age><sex>1</sex><value>0.001984</value></incidence><incidence><age>57</age><sex>0</sex><value>0.003014</value></incidence><incidence><age>57</age><sex>1</sex><value>0.002107</value></incidence><incidence><age>58</age><sex>0</sex><value>0.003252</value></incidence><incidence><age>58</age><sex>1</sex><value>0.002229</value></incidence><incidence><age>59</age><sex>0</sex><value>0.003489</value></incidence><incidence><age>59</age><sex>1</sex><value>0.002346</value></incidence><incidence><age>60</age><sex>0</sex><value>0.003723</value></incidence><incidence><age>60</age><sex>1</sex><value>0.002459</value></incidence><incidence><age>61</age><sex>0</sex><value>0.003953</value></incidence><incidence><age>61</age><sex>1</sex><value>0.002568</value></incidence><incidence><age>62</age><sex>0</sex><value>0.00418</value></incidence><incidence><age>62</age><sex>1</sex><value>0.002674</value></incidence><incidence><age>63</age><sex>0</sex><value>0.004404</value></incidence><incidence><age>63</age><sex>1</sex><value>0.002776</value></incidence><incidence><age>64</age><sex>0</sex><value>0.004624</value></incidence><incidence><age>64</age><sex>1</sex><value>0.002874</value></incidence><incidence><age>65</age><sex>0</sex><value>0.004835</value></incidence><incidence><age>65</age><sex>1</sex><value>0.002957</value></incidence><incidence><age>66</age><sex>0</sex><value>0.005042</value></incidence><incidence><age>66</age><sex>1</sex><value>0.003029</value></incidence><incidence><age>67</age><sex>0</sex><value>0.005244</value></incidence><incidence><age>67</age><sex>1</sex><value>0.003089</value></incidence><incidence><age>68</age><sex>0</sex><value>0.005441</value></incidence><incidence><age>68</age><sex>1</sex><value>0.003137</value></incidence><incidence><age>69</age><sex>0</sex><value>0.005633</value></incidence><incidence><age>69</age><sex>1</sex><value>0.003174</value></incidence><incidence><age>70</age><sex>0</sex><value>0.00582</value></incidence><incidence><age>70</age><sex>1</sex><value>0.0032</value></incidence><incidence><age>71</age><sex>0</sex><value>0.005999</value></incidence><incidence><age>71</age><sex>1</sex><value>0.003134</value></incidence><incidence><age>72</age><sex>0</sex><value>0.006173</value></incidence><incidence><age>72</age><sex>1</sex><value>0.00299</value></incidence><incidence><age>73</age><sex>0</sex><value>0.006343</value></incidence><incidence><age>73</age><sex>1</sex><value>0.002766</value></incidence><incidence><age>74</age><sex>0</sex><value>0.006509</value></incidence><incidence><age>74</age><sex>1</sex><value>0.002464</value></incidence><incidence><age>75</age><sex>0</sex><value>0.006672</value></incidence><incidence><age>75</age><sex>1</sex><value>0.002082</value></incidence><incidence><age>76</age><sex>0</sex><value>0.00683</value></incidence><incidence><age>76</age><sex>1</sex><value>0.001621</value></incidence><incidence><age>77</age><sex>0</sex><value>0.006957</value></incidence><incidence><age>77</age><sex>1</sex><value>0.001208</value></incidence><incidence><age>78</age><sex>0</sex><value>0.007058</value></incidence><incidence><age>78</age><sex>1</sex><value>9.22E-4</value></incidence><incidence><age>79</age><sex>0</sex><value>0.007132</value></incidence><incidence><age>79</age><sex>1</sex><value>7.63E-4</value></incidence><incidence><age>80</age><sex>0</sex><value>0.007179</value></incidence><incidence><age>80</age><sex>1</sex><value>7.31E-4</value></incidence><incidence><age>81</age><sex>0</sex><value>0.0072</value></incidence><incidence><age>81</age><sex>1</sex><value>8.26E-4</value></incidence><incidence><age>82</age><sex>0</sex><value>0.007195</value></incidence><incidence><age>82</age><sex>1</sex><value>0.001049</value></incidence><incidence><age>83</age><sex>0</sex><value>0.007128</value></incidence><incidence><age>83</age><sex>1</sex><value>0.001339</value></incidence><incidence><age>84</age><sex>0</sex><value>0.007026</value></incidence><incidence><age>84</age><sex>1</sex><value>0.00157</value></incidence><incidence><age>85</age><sex>0</sex><value>0.00689</value></incidence><incidence><age>85</age><sex>1</sex><value>0.001743</value></incidence><incidence><age>86</age><sex>0</sex><value>0.00672</value></incidence><incidence><age>86</age><sex>1</sex><value>0.001856</value></incidence><incidence><age>87</age><sex>0</sex><value>0.006515</value></incidence><incidence><age>87</age><sex>1</sex><value>0.00191</value></incidence><incidence><age>88</age><sex>0</sex><value>0.006276</value></incidence><incidence><age>88</age><sex>1</sex><value>0.001905</value></incidence><incidence><age>89</age><sex>0</sex><value>0.006006</value></incidence><incidence><age>89</age><sex>1</sex><value>0.001845</value></incidence><incidence><age>90</age><sex>0</sex><value>0.00574</value></incidence><incidence><age>90</age><sex>1</sex><value>0.001788</value></incidence><incidence><age>91</age><sex>0</sex><value>0.005478</value></incidence><incidence><age>91</age><sex>1</sex><value>0.001735</value></incidence><incidence><age>92</age><sex>0</sex><value>0.00522</value></incidence><incidence><age>92</age><sex>1</sex><value>0.001686</value></incidence><incidence><age>93</age><sex>0</sex><value>0.004966</value></incidence><incidence><age>93</age><sex>1</sex><value>0.00164</value></incidence><incidence><age>94</age><sex>0</sex><value>0.004717</value></incidence><incidence><age>94</age><sex>1</sex><value>0.001598</value></incidence><incidence><age>95</age><sex>0</sex><value>0.004503</value></incidence><incidence><age>95</age><sex>1</sex><value>0.001565</value></incidence></diseaseincidences>