<?xml version="1.0"?><riskfactorprevalences_categorical><prevalence><age>0</age><sex>0</sex><cat>1</cat><percent>100.0</percent></prevalence><prevalence><age>0</age><sex>0</sex><cat>2</cat><percent>0.0</percent></prevalence><prevalence><age>0</age><sex>0</sex><cat>3</cat><percent>0.0</percent></prevalence><prevalence><age>0</age><sex>0</sex><cat>4</cat><percent>0.0</percent></prevalence><prevalence><age>0</age><sex>0</sex><cat>5</cat><percent>0.0</percent></prevalence><prevalence><age>0</age><sex>1</sex><cat>1</cat><percent>100.0</percent></prevalence><prevalence><age>0</age><sex>1</sex><cat>2</cat><percent>0.0</percent></prevalence><prevalence><age>0</age><sex>1</sex><cat>3</cat><percent>0.0</percent></prevalence><prevalence><age>0</age><sex>1</sex><cat>4</cat><percent>0.0</percent></prevalence><prevalence><age>0</age><sex>1</sex><cat>5</cat><percent>0.0</percent></prevalence><prevalence><age>1</age><sex>0</sex><cat>1</cat><percent>100.0</percent></prevalence><prevalence><age>1</age><sex>0</sex><cat>2</cat><percent>0.0</percent></prevalence><prevalence><age>1</age><sex>0</sex><cat>3</cat><percent>0.0</percent></prevalence><prevalence><age>1</age><sex>0</sex><cat>4</cat><percent>0.0</percent></prevalence><prevalence><age>1</age><sex>0</sex><cat>5</cat><percent>0.0</percent></prevalence><prevalence><age>1</age><sex>1</sex><cat>1</cat><percent>100.0</percent></prevalence><prevalence><age>1</age><sex>1</sex><cat>2</cat><percent>0.0</percent></prevalence><prevalence><age>1</age><sex>1</sex><cat>3</cat><percent>0.0</percent></prevalence><prevalence><age>1</age><sex>1</sex><cat>4</cat><percent>0.0</percent></prevalence><prevalence><age>1</age><sex>1</sex><cat>5</cat><percent>0.0</percent></prevalence><prevalence><age>2</age><sex>0</sex><cat>1</cat><percent>100.0</percent></prevalence><prevalence><age>2</age><sex>0</sex><cat>2</cat><percent>0.0</percent></prevalence><prevalence><age>2</age><sex>0</sex><cat>3</cat><percent>0.0</percent></prevalence><prevalence><age>2</age><sex>0</sex><cat>4</cat><percent>0.0</percent></prevalence><prevalence><age>2</age><sex>0</sex><cat>5</cat><percent>0.0</percent></prevalence><prevalence><age>2</age><sex>1</sex><cat>1</cat><percent>100.0</percent></prevalence><prevalence><age>2</age><sex>1</sex><cat>2</cat><percent>0.0</percent></prevalence><prevalence><age>2</age><sex>1</sex><cat>3</cat><percent>0.0</percent></prevalence><prevalence><age>2</age><sex>1</sex><cat>4</cat><percent>0.0</percent></prevalence><prevalence><age>2</age><sex>1</sex><cat>5</cat><percent>0.0</percent></prevalence><prevalence><age>3</age><sex>0</sex><cat>1</cat><percent>100.0</percent></prevalence><prevalence><age>3</age><sex>0</sex><cat>2</cat><percent>0.0</percent></prevalence><prevalence><age>3</age><sex>0</sex><cat>3</cat><percent>0.0</percent></prevalence><prevalence><age>3</age><sex>0</sex><cat>4</cat><percent>0.0</percent></prevalence><prevalence><age>3</age><sex>0</sex><cat>5</cat><percent>0.0</percent></prevalence><prevalence><age>3</age><sex>1</sex><cat>1</cat><percent>100.0</percent></prevalence><prevalence><age>3</age><sex>1</sex><cat>2</cat><percent>0.0</percent></prevalence><prevalence><age>3</age><sex>1</sex><cat>3</cat><percent>0.0</percent></prevalence><prevalence><age>3</age><sex>1</sex><cat>4</cat><percent>0.0</percent></prevalence><prevalence><age>3</age><sex>1</sex><cat>5</cat><percent>0.0</percent></prevalence><prevalence><age>4</age><sex>0</sex><cat>1</cat><percent>100.0</percent></prevalence><prevalence><age>4</age><sex>0</sex><cat>2</cat><percent>0.0</percent></prevalence><prevalence><age>4</age><sex>0</sex><cat>3</cat><percent>0.0</percent></prevalence><prevalence><age>4</age><sex>0</sex><cat>4</cat><percent>0.0</percent></prevalence><prevalence><age>4</age><sex>0</sex><cat>5</cat><percent>0.0</percent></prevalence><prevalence><age>4</age><sex>1</sex><cat>1</cat><percent>100.0</percent></prevalence><prevalence><age>4</age><sex>1</sex><cat>2</cat><percent>0.0</percent></prevalence><prevalence><age>4</age><sex>1</sex><cat>3</cat><percent>0.0</percent></prevalence><prevalence><age>4</age><sex>1</sex><cat>4</cat><percent>0.0</percent></prevalence><prevalence><age>4</age><sex>1</sex><cat>5</cat><percent>0.0</percent></prevalence><prevalence><age>5</age><sex>0</sex><cat>1</cat><percent>100.0</percent></prevalence><prevalence><age>5</age><sex>0</sex><cat>2</cat><percent>0.0</percent></prevalence><prevalence><age>5</age><sex>0</sex><cat>3</cat><percent>0.0</percent></prevalence><prevalence><age>5</age><sex>0</sex><cat>4</cat><percent>0.0</percent></prevalence><prevalence><age>5</age><sex>0</sex><cat>5</cat><percent>0.0</percent></prevalence><prevalence><age>5</age><sex>1</sex><cat>1</cat><percent>100.0</percent></prevalence><prevalence><age>5</age><sex>1</sex><cat>2</cat><percent>0.0</percent></prevalence><prevalence><age>5</age><sex>1</sex><cat>3</cat><percent>0.0</percent></prevalence><prevalence><age>5</age><sex>1</sex><cat>4</cat><percent>0.0</percent></prevalence><prevalence><age>5</age><sex>1</sex><cat>5</cat><percent>0.0</percent></prevalence><prevalence><age>6</age><sex>0</sex><cat>1</cat><percent>100.0</percent></prevalence><prevalence><age>6</age><sex>0</sex><cat>2</cat><percent>0.0</percent></prevalence><prevalence><age>6</age><sex>0</sex><cat>3</cat><percent>0.0</percent></prevalence><prevalence><age>6</age><sex>0</sex><cat>4</cat><percent>0.0</percent></prevalence><prevalence><age>6</age><sex>0</sex><cat>5</cat><percent>0.0</percent></prevalence><prevalence><age>6</age><sex>1</sex><cat>1</cat><percent>100.0</percent></prevalence><prevalence><age>6</age><sex>1</sex><cat>2</cat><percent>0.0</percent></prevalence><prevalence><age>6</age><sex>1</sex><cat>3</cat><percent>0.0</percent></prevalence><prevalence><age>6</age><sex>1</sex><cat>4</cat><percent>0.0</percent></prevalence><prevalence><age>6</age><sex>1</sex><cat>5</cat><percent>0.0</percent></prevalence><prevalence><age>7</age><sex>0</sex><cat>1</cat><percent>100.0</percent></prevalence><prevalence><age>7</age><sex>0</sex><cat>2</cat><percent>0.0</percent></prevalence><prevalence><age>7</age><sex>0</sex><cat>3</cat><percent>0.0</percent></prevalence><prevalence><age>7</age><sex>0</sex><cat>4</cat><percent>0.0</percent></prevalence><prevalence><age>7</age><sex>0</sex><cat>5</cat><percent>0.0</percent></prevalence><prevalence><age>7</age><sex>1</sex><cat>1</cat><percent>100.0</percent></prevalence><prevalence><age>7</age><sex>1</sex><cat>2</cat><percent>0.0</percent></prevalence><prevalence><age>7</age><sex>1</sex><cat>3</cat><percent>0.0</percent></prevalence><prevalence><age>7</age><sex>1</sex><cat>4</cat><percent>0.0</percent></prevalence><prevalence><age>7</age><sex>1</sex><cat>5</cat><percent>0.0</percent></prevalence><prevalence><age>8</age><sex>0</sex><cat>1</cat><percent>100.0</percent></prevalence><prevalence><age>8</age><sex>0</sex><cat>2</cat><percent>0.0</percent></prevalence><prevalence><age>8</age><sex>0</sex><cat>3</cat><percent>0.0</percent></prevalence><prevalence><age>8</age><sex>0</sex><cat>4</cat><percent>0.0</percent></prevalence><prevalence><age>8</age><sex>0</sex><cat>5</cat><percent>0.0</percent></prevalence><prevalence><age>8</age><sex>1</sex><cat>1</cat><percent>100.0</percent></prevalence><prevalence><age>8</age><sex>1</sex><cat>2</cat><percent>0.0</percent></prevalence><prevalence><age>8</age><sex>1</sex><cat>3</cat><percent>0.0</percent></prevalence><prevalence><age>8</age><sex>1</sex><cat>4</cat><percent>0.0</percent></prevalence><prevalence><age>8</age><sex>1</sex><cat>5</cat><percent>0.0</percent></prevalence><prevalence><age>9</age><sex>0</sex><cat>1</cat><percent>100.0</percent></prevalence><prevalence><age>9</age><sex>0</sex><cat>2</cat><percent>0.0</percent></prevalence><prevalence><age>9</age><sex>0</sex><cat>3</cat><percent>0.0</percent></prevalence><prevalence><age>9</age><sex>0</sex><cat>4</cat><percent>0.0</percent></prevalence><prevalence><age>9</age><sex>0</sex><cat>5</cat><percent>0.0</percent></prevalence><prevalence><age>9</age><sex>1</sex><cat>1</cat><percent>100.0</percent></prevalence><prevalence><age>9</age><sex>1</sex><cat>2</cat><percent>0.0</percent></prevalence><prevalence><age>9</age><sex>1</sex><cat>3</cat><percent>0.0</percent></prevalence><prevalence><age>9</age><sex>1</sex><cat>4</cat><percent>0.0</percent></prevalence><prevalence><age>9</age><sex>1</sex><cat>5</cat><percent>0.0</percent></prevalence><prevalence><age>10</age><sex>0</sex><cat>1</cat><percent>100.0</percent></prevalence><prevalence><age>10</age><sex>0</sex><cat>2</cat><percent>0.0</percent></prevalence><prevalence><age>10</age><sex>0</sex><cat>3</cat><percent>0.0</percent></prevalence><prevalence><age>10</age><sex>0</sex><cat>4</cat><percent>0.0</percent></prevalence><prevalence><age>10</age><sex>0</sex><cat>5</cat><percent>0.0</percent></prevalence><prevalence><age>10</age><sex>1</sex><cat>1</cat><percent>100.0</percent></prevalence><prevalence><age>10</age><sex>1</sex><cat>2</cat><percent>0.0</percent></prevalence><prevalence><age>10</age><sex>1</sex><cat>3</cat><percent>0.0</percent></prevalence><prevalence><age>10</age><sex>1</sex><cat>4</cat><percent>0.0</percent></prevalence><prevalence><age>10</age><sex>1</sex><cat>5</cat><percent>0.0</percent></prevalence><prevalence><age>11</age><sex>0</sex><cat>1</cat><percent>100.0</percent></prevalence><prevalence><age>11</age><sex>0</sex><cat>2</cat><percent>0.0</percent></prevalence><prevalence><age>11</age><sex>0</sex><cat>3</cat><percent>0.0</percent></prevalence><prevalence><age>11</age><sex>0</sex><cat>4</cat><percent>0.0</percent></prevalence><prevalence><age>11</age><sex>0</sex><cat>5</cat><percent>0.0</percent></prevalence><prevalence><age>11</age><sex>1</sex><cat>1</cat><percent>100.0</percent></prevalence><prevalence><age>11</age><sex>1</sex><cat>2</cat><percent>0.0</percent></prevalence><prevalence><age>11</age><sex>1</sex><cat>3</cat><percent>0.0</percent></prevalence><prevalence><age>11</age><sex>1</sex><cat>4</cat><percent>0.0</percent></prevalence><prevalence><age>11</age><sex>1</sex><cat>5</cat><percent>0.0</percent></prevalence><prevalence><age>12</age><sex>0</sex><cat>1</cat><percent>100.0</percent></prevalence><prevalence><age>12</age><sex>0</sex><cat>2</cat><percent>0.0</percent></prevalence><prevalence><age>12</age><sex>0</sex><cat>3</cat><percent>0.0</percent></prevalence><prevalence><age>12</age><sex>0</sex><cat>4</cat><percent>0.0</percent></prevalence><prevalence><age>12</age><sex>0</sex><cat>5</cat><percent>0.0</percent></prevalence><prevalence><age>12</age><sex>1</sex><cat>1</cat><percent>100.0</percent></prevalence><prevalence><age>12</age><sex>1</sex><cat>2</cat><percent>0.0</percent></prevalence><prevalence><age>12</age><sex>1</sex><cat>3</cat><percent>0.0</percent></prevalence><prevalence><age>12</age><sex>1</sex><cat>4</cat><percent>0.0</percent></prevalence><prevalence><age>12</age><sex>1</sex><cat>5</cat><percent>0.0</percent></prevalence><prevalence><age>13</age><sex>0</sex><cat>1</cat><percent>100.0</percent></prevalence><prevalence><age>13</age><sex>0</sex><cat>2</cat><percent>0.0</percent></prevalence><prevalence><age>13</age><sex>0</sex><cat>3</cat><percent>0.0</percent></prevalence><prevalence><age>13</age><sex>0</sex><cat>4</cat><percent>0.0</percent></prevalence><prevalence><age>13</age><sex>0</sex><cat>5</cat><percent>0.0</percent></prevalence><prevalence><age>13</age><sex>1</sex><cat>1</cat><percent>100.0</percent></prevalence><prevalence><age>13</age><sex>1</sex><cat>2</cat><percent>0.0</percent></prevalence><prevalence><age>13</age><sex>1</sex><cat>3</cat><percent>0.0</percent></prevalence><prevalence><age>13</age><sex>1</sex><cat>4</cat><percent>0.0</percent></prevalence><prevalence><age>13</age><sex>1</sex><cat>5</cat><percent>0.0</percent></prevalence><prevalence><age>14</age><sex>0</sex><cat>1</cat><percent>100.0</percent></prevalence><prevalence><age>14</age><sex>0</sex><cat>2</cat><percent>0.0</percent></prevalence><prevalence><age>14</age><sex>0</sex><cat>3</cat><percent>0.0</percent></prevalence><prevalence><age>14</age><sex>0</sex><cat>4</cat><percent>0.0</percent></prevalence><prevalence><age>14</age><sex>0</sex><cat>5</cat><percent>0.0</percent></prevalence><prevalence><age>14</age><sex>1</sex><cat>1</cat><percent>100.0</percent></prevalence><prevalence><age>14</age><sex>1</sex><cat>2</cat><percent>0.0</percent></prevalence><prevalence><age>14</age><sex>1</sex><cat>3</cat><percent>0.0</percent></prevalence><prevalence><age>14</age><sex>1</sex><cat>4</cat><percent>0.0</percent></prevalence><prevalence><age>14</age><sex>1</sex><cat>5</cat><percent>0.0</percent></prevalence><prevalence><age>15</age><sex>0</sex><cat>1</cat><percent>49.32843</percent></prevalence><prevalence><age>15</age><sex>0</sex><cat>2</cat><percent>46.061115</percent></prevalence><prevalence><age>15</age><sex>0</sex><cat>3</cat><percent>3.8836756</percent></prevalence><prevalence><age>15</age><sex>0</sex><cat>4</cat><percent>0.0</percent></prevalence><prevalence><age>15</age><sex>0</sex><cat>5</cat><percent>0.7267788</percent></prevalence><prevalence><age>15</age><sex>1</sex><cat>1</cat><percent>46.816906</percent></prevalence><prevalence><age>15</age><sex>1</sex><cat>2</cat><percent>49.985203</percent></prevalence><prevalence><age>15</age><sex>1</sex><cat>3</cat><percent>0.7255669</percent></prevalence><prevalence><age>15</age><sex>1</sex><cat>4</cat><percent>2.4723234</percent></prevalence><prevalence><age>15</age><sex>1</sex><cat>5</cat><percent>0.0</percent></prevalence><prevalence><age>16</age><sex>0</sex><cat>1</cat><percent>47.400234</percent></prevalence><prevalence><age>16</age><sex>0</sex><cat>2</cat><percent>46.890434</percent></prevalence><prevalence><age>16</age><sex>0</sex><cat>3</cat><percent>4.7786865</percent></prevalence><prevalence><age>16</age><sex>0</sex><cat>4</cat><percent>0.0</percent></prevalence><prevalence><age>16</age><sex>0</sex><cat>5</cat><percent>0.9306463</percent></prevalence><prevalence><age>16</age><sex>1</sex><cat>1</cat><percent>46.1359</percent></prevalence><prevalence><age>16</age><sex>1</sex><cat>2</cat><percent>50.56064</percent></prevalence><prevalence><age>16</age><sex>1</sex><cat>3</cat><percent>0.9309128</percent></prevalence><prevalence><age>16</age><sex>1</sex><cat>4</cat><percent>2.3725507</percent></prevalence><prevalence><age>16</age><sex>1</sex><cat>5</cat><percent>0.0</percent></prevalence><prevalence><age>17</age><sex>0</sex><cat>1</cat><percent>45.454544</percent></prevalence><prevalence><age>17</age><sex>0</sex><cat>2</cat><percent>47.727272</percent></prevalence><prevalence><age>17</age><sex>0</sex><cat>3</cat><percent>5.681818</percent></prevalence><prevalence><age>17</age><sex>0</sex><cat>4</cat><percent>0.0</percent></prevalence><prevalence><age>17</age><sex>0</sex><cat>5</cat><percent>1.1363636</percent></prevalence><prevalence><age>17</age><sex>1</sex><cat>1</cat><percent>45.454544</percent></prevalence><prevalence><age>17</age><sex>1</sex><cat>2</cat><percent>51.136364</percent></prevalence><prevalence><age>17</age><sex>1</sex><cat>3</cat><percent>1.1363636</percent></prevalence><prevalence><age>17</age><sex>1</sex><cat>4</cat><percent>2.2727273</percent></prevalence><prevalence><age>17</age><sex>1</sex><cat>5</cat><percent>0.0</percent></prevalence><prevalence><age>18</age><sex>0</sex><cat>1</cat><percent>43.293808</percent></prevalence><prevalence><age>18</age><sex>0</sex><cat>2</cat><percent>48.35138</percent></prevalence><prevalence><age>18</age><sex>0</sex><cat>3</cat><percent>6.5632696</percent></prevalence><prevalence><age>18</age><sex>0</sex><cat>4</cat><percent>0.4536862</percent></prevalence><prevalence><age>18</age><sex>0</sex><cat>5</cat><percent>1.3378587</percent></prevalence><prevalence><age>18</age><sex>1</sex><cat>1</cat><percent>44.761406</percent></prevalence><prevalence><age>18</age><sex>1</sex><cat>2</cat><percent>51.699177</percent></prevalence><prevalence><age>18</age><sex>1</sex><cat>3</cat><percent>1.3415767</percent></prevalence><prevalence><age>18</age><sex>1</sex><cat>4</cat><percent>2.1722977</percent></prevalence><prevalence><age>18</age><sex>1</sex><cat>5</cat><percent>0.0255428</percent></prevalence><prevalence><age>19</age><sex>0</sex><cat>1</cat><percent>41.133068</percent></prevalence><prevalence><age>19</age><sex>0</sex><cat>2</cat><percent>48.975483</percent></prevalence><prevalence><age>19</age><sex>0</sex><cat>3</cat><percent>7.444721</percent></prevalence><prevalence><age>19</age><sex>0</sex><cat>4</cat><percent>0.9073724</percent></prevalence><prevalence><age>19</age><sex>0</sex><cat>5</cat><percent>1.5393538</percent></prevalence><prevalence><age>19</age><sex>1</sex><cat>1</cat><percent>44.068268</percent></prevalence><prevalence><age>19</age><sex>1</sex><cat>2</cat><percent>52.26199</percent></prevalence><prevalence><age>19</age><sex>1</sex><cat>3</cat><percent>1.5467896</percent></prevalence><prevalence><age>19</age><sex>1</sex><cat>4</cat><percent>2.0718682</percent></prevalence><prevalence><age>19</age><sex>1</sex><cat>5</cat><percent>0.0510856</percent></prevalence><prevalence><age>20</age><sex>0</sex><cat>1</cat><percent>38.972332</percent></prevalence><prevalence><age>20</age><sex>0</sex><cat>2</cat><percent>49.599586</percent></prevalence><prevalence><age>20</age><sex>0</sex><cat>3</cat><percent>8.326173</percent></prevalence><prevalence><age>20</age><sex>0</sex><cat>4</cat><percent>1.3610586</percent></prevalence><prevalence><age>20</age><sex>0</sex><cat>5</cat><percent>1.7408489</percent></prevalence><prevalence><age>20</age><sex>1</sex><cat>1</cat><percent>43.37513</percent></prevalence><prevalence><age>20</age><sex>1</sex><cat>2</cat><percent>52.8248</percent></prevalence><prevalence><age>20</age><sex>1</sex><cat>3</cat><percent>1.7520028</percent></prevalence><prevalence><age>20</age><sex>1</sex><cat>4</cat><percent>1.9714385</percent></prevalence><prevalence><age>20</age><sex>1</sex><cat>5</cat><percent>0.0766284</percent></prevalence><prevalence><age>21</age><sex>0</sex><cat>1</cat><percent>36.811596</percent></prevalence><prevalence><age>21</age><sex>0</sex><cat>2</cat><percent>50.223694</percent></prevalence><prevalence><age>21</age><sex>0</sex><cat>3</cat><percent>9.207624</percent></prevalence><prevalence><age>21</age><sex>0</sex><cat>4</cat><percent>1.8147448</percent></prevalence><prevalence><age>21</age><sex>0</sex><cat>5</cat><percent>1.942344</percent></prevalence><prevalence><age>21</age><sex>1</sex><cat>1</cat><percent>42.68199</percent></prevalence><prevalence><age>21</age><sex>1</sex><cat>2</cat><percent>53.38761</percent></prevalence><prevalence><age>21</age><sex>1</sex><cat>3</cat><percent>1.9572158</percent></prevalence><prevalence><age>21</age><sex>1</sex><cat>4</cat><percent>1.8710089</percent></prevalence><prevalence><age>21</age><sex>1</sex><cat>5</cat><percent>0.1021711</percent></prevalence><prevalence><age>22</age><sex>0</sex><cat>1</cat><percent>34.650856</percent></prevalence><prevalence><age>22</age><sex>0</sex><cat>2</cat><percent>50.847797</percent></prevalence><prevalence><age>22</age><sex>0</sex><cat>3</cat><percent>10.089076</percent></prevalence><prevalence><age>22</age><sex>0</sex><cat>4</cat><percent>2.268431</percent></prevalence><prevalence><age>22</age><sex>0</sex><cat>5</cat><percent>2.1438391</percent></prevalence><prevalence><age>22</age><sex>1</sex><cat>1</cat><percent>41.988853</percent></prevalence><prevalence><age>22</age><sex>1</sex><cat>2</cat><percent>53.950424</percent></prevalence><prevalence><age>22</age><sex>1</sex><cat>3</cat><percent>2.1624289</percent></prevalence><prevalence><age>22</age><sex>1</sex><cat>4</cat><percent>1.7705795</percent></prevalence><prevalence><age>22</age><sex>1</sex><cat>5</cat><percent>0.1277139</percent></prevalence><prevalence><age>23</age><sex>0</sex><cat>1</cat><percent>32.49012</percent></prevalence><prevalence><age>23</age><sex>0</sex><cat>2</cat><percent>51.4719</percent></prevalence><prevalence><age>23</age><sex>0</sex><cat>3</cat><percent>10.970528</percent></prevalence><prevalence><age>23</age><sex>0</sex><cat>4</cat><percent>2.7221172</percent></prevalence><prevalence><age>23</age><sex>0</sex><cat>5</cat><percent>2.3453343</percent></prevalence><prevalence><age>23</age><sex>1</sex><cat>1</cat><percent>41.295715</percent></prevalence><prevalence><age>23</age><sex>1</sex><cat>2</cat><percent>54.513237</percent></prevalence><prevalence><age>23</age><sex>1</sex><cat>3</cat><percent>2.367642</percent></prevalence><prevalence><age>23</age><sex>1</sex><cat>4</cat><percent>1.6701498</percent></prevalence><prevalence><age>23</age><sex>1</sex><cat>5</cat><percent>0.1532567</percent></prevalence><prevalence><age>24</age><sex>0</sex><cat>1</cat><percent>30.32938</percent></prevalence><prevalence><age>24</age><sex>0</sex><cat>2</cat><percent>52.09601</percent></prevalence><prevalence><age>24</age><sex>0</sex><cat>3</cat><percent>11.851979</percent></prevalence><prevalence><age>24</age><sex>0</sex><cat>4</cat><percent>3.1758034</percent></prevalence><prevalence><age>24</age><sex>0</sex><cat>5</cat><percent>2.5468295</percent></prevalence><prevalence><age>24</age><sex>1</sex><cat>1</cat><percent>40.602577</percent></prevalence><prevalence><age>24</age><sex>1</sex><cat>2</cat><percent>55.076046</percent></prevalence><prevalence><age>24</age><sex>1</sex><cat>3</cat><percent>2.572855</percent></prevalence><prevalence><age>24</age><sex>1</sex><cat>4</cat><percent>1.5697201</percent></prevalence><prevalence><age>24</age><sex>1</sex><cat>5</cat><percent>0.1787995</percent></prevalence><prevalence><age>25</age><sex>0</sex><cat>1</cat><percent>28.168644</percent></prevalence><prevalence><age>25</age><sex>0</sex><cat>2</cat><percent>52.72011</percent></prevalence><prevalence><age>25</age><sex>0</sex><cat>3</cat><percent>12.733431</percent></prevalence><prevalence><age>25</age><sex>0</sex><cat>4</cat><percent>3.6294897</percent></prevalence><prevalence><age>25</age><sex>0</sex><cat>5</cat><percent>2.7483244</percent></prevalence><prevalence><age>25</age><sex>1</sex><cat>1</cat><percent>39.90944</percent></prevalence><prevalence><age>25</age><sex>1</sex><cat>2</cat><percent>55.63886</percent></prevalence><prevalence><age>25</age><sex>1</sex><cat>3</cat><percent>2.778068</percent></prevalence><prevalence><age>25</age><sex>1</sex><cat>4</cat><percent>1.4692906</percent></prevalence><prevalence><age>25</age><sex>1</sex><cat>5</cat><percent>0.2043423</percent></prevalence><prevalence><age>26</age><sex>0</sex><cat>1</cat><percent>26.007906</percent></prevalence><prevalence><age>26</age><sex>0</sex><cat>2</cat><percent>53.344215</percent></prevalence><prevalence><age>26</age><sex>0</sex><cat>3</cat><percent>13.614882</percent></prevalence><prevalence><age>26</age><sex>0</sex><cat>4</cat><percent>4.0831757</percent></prevalence><prevalence><age>26</age><sex>0</sex><cat>5</cat><percent>2.9498196</percent></prevalence><prevalence><age>26</age><sex>1</sex><cat>1</cat><percent>39.2163</percent></prevalence><prevalence><age>26</age><sex>1</sex><cat>2</cat><percent>56.20167</percent></prevalence><prevalence><age>26</age><sex>1</sex><cat>3</cat><percent>2.9832811</percent></prevalence><prevalence><age>26</age><sex>1</sex><cat>4</cat><percent>1.368861</percent></prevalence><prevalence><age>26</age><sex>1</sex><cat>5</cat><percent>0.2298851</percent></prevalence><prevalence><age>27</age><sex>0</sex><cat>1</cat><percent>23.847168</percent></prevalence><prevalence><age>27</age><sex>0</sex><cat>2</cat><percent>53.968323</percent></prevalence><prevalence><age>27</age><sex>0</sex><cat>3</cat><percent>14.496334</percent></prevalence><prevalence><age>27</age><sex>0</sex><cat>4</cat><percent>4.536862</percent></prevalence><prevalence><age>27</age><sex>0</sex><cat>5</cat><percent>3.1513147</percent></prevalence><prevalence><age>27</age><sex>1</sex><cat>1</cat><percent>38.523163</percent></prevalence><prevalence><age>27</age><sex>1</sex><cat>2</cat><percent>56.764484</percent></prevalence><prevalence><age>27</age><sex>1</sex><cat>3</cat><percent>3.1884942</percent></prevalence><prevalence><age>27</age><sex>1</sex><cat>4</cat><percent>1.2684314</percent></prevalence><prevalence><age>27</age><sex>1</sex><cat>5</cat><percent>0.2554278</percent></prevalence><prevalence><age>28</age><sex>0</sex><cat>1</cat><percent>21.68643</percent></prevalence><prevalence><age>28</age><sex>0</sex><cat>2</cat><percent>54.592426</percent></prevalence><prevalence><age>28</age><sex>0</sex><cat>3</cat><percent>15.377786</percent></prevalence><prevalence><age>28</age><sex>0</sex><cat>4</cat><percent>4.990548</percent></prevalence><prevalence><age>28</age><sex>0</sex><cat>5</cat><percent>3.35281</percent></prevalence><prevalence><age>28</age><sex>1</sex><cat>1</cat><percent>37.830025</percent></prevalence><prevalence><age>28</age><sex>1</sex><cat>2</cat><percent>57.327297</percent></prevalence><prevalence><age>28</age><sex>1</sex><cat>3</cat><percent>3.3937073</percent></prevalence><prevalence><age>28</age><sex>1</sex><cat>4</cat><percent>1.1680019</percent></prevalence><prevalence><age>28</age><sex>1</sex><cat>5</cat><percent>0.2809706</percent></prevalence><prevalence><age>29</age><sex>0</sex><cat>1</cat><percent>19.525692</percent></prevalence><prevalence><age>29</age><sex>0</sex><cat>2</cat><percent>55.216534</percent></prevalence><prevalence><age>29</age><sex>0</sex><cat>3</cat><percent>16.259237</percent></prevalence><prevalence><age>29</age><sex>0</sex><cat>4</cat><percent>5.4442344</percent></prevalence><prevalence><age>29</age><sex>0</sex><cat>5</cat><percent>3.5543048</percent></prevalence><prevalence><age>29</age><sex>1</sex><cat>1</cat><percent>37.136887</percent></prevalence><prevalence><age>29</age><sex>1</sex><cat>2</cat><percent>57.890106</percent></prevalence><prevalence><age>29</age><sex>1</sex><cat>3</cat><percent>3.59892</percent></prevalence><prevalence><age>29</age><sex>1</sex><cat>4</cat><percent>1.0675724</percent></prevalence><prevalence><age>29</age><sex>1</sex><cat>5</cat><percent>0.3065134</percent></prevalence><prevalence><age>30</age><sex>0</sex><cat>1</cat><percent>17.364954</percent></prevalence><prevalence><age>30</age><sex>0</sex><cat>2</cat><percent>55.840637</percent></prevalence><prevalence><age>30</age><sex>0</sex><cat>3</cat><percent>17.140688</percent></prevalence><prevalence><age>30</age><sex>0</sex><cat>4</cat><percent>5.8979206</percent></prevalence><prevalence><age>30</age><sex>0</sex><cat>5</cat><percent>3.7558</percent></prevalence><prevalence><age>30</age><sex>1</sex><cat>1</cat><percent>36.44375</percent></prevalence><prevalence><age>30</age><sex>1</sex><cat>2</cat><percent>58.45292</percent></prevalence><prevalence><age>30</age><sex>1</sex><cat>3</cat><percent>3.8041334</percent></prevalence><prevalence><age>30</age><sex>1</sex><cat>4</cat><percent>0.9671427</percent></prevalence><prevalence><age>30</age><sex>1</sex><cat>5</cat><percent>0.3320562</percent></prevalence><prevalence><age>31</age><sex>0</sex><cat>1</cat><percent>15.204216</percent></prevalence><prevalence><age>31</age><sex>0</sex><cat>2</cat><percent>56.46474</percent></prevalence><prevalence><age>31</age><sex>0</sex><cat>3</cat><percent>18.02214</percent></prevalence><prevalence><age>31</age><sex>0</sex><cat>4</cat><percent>6.351607</percent></prevalence><prevalence><age>31</age><sex>0</sex><cat>5</cat><percent>3.9572952</percent></prevalence><prevalence><age>31</age><sex>1</sex><cat>1</cat><percent>35.75061</percent></prevalence><prevalence><age>31</age><sex>1</sex><cat>2</cat><percent>59.01573</percent></prevalence><prevalence><age>31</age><sex>1</sex><cat>3</cat><percent>4.0093465</percent></prevalence><prevalence><age>31</age><sex>1</sex><cat>4</cat><percent>0.8667131</percent></prevalence><prevalence><age>31</age><sex>1</sex><cat>5</cat><percent>0.357599</percent></prevalence><prevalence><age>32</age><sex>0</sex><cat>1</cat><percent>13.043478</percent></prevalence><prevalence><age>32</age><sex>0</sex><cat>2</cat><percent>57.08885</percent></prevalence><prevalence><age>32</age><sex>0</sex><cat>3</cat><percent>18.903591</percent></prevalence><prevalence><age>32</age><sex>0</sex><cat>4</cat><percent>6.805293</percent></prevalence><prevalence><age>32</age><sex>0</sex><cat>5</cat><percent>4.15879</percent></prevalence><prevalence><age>32</age><sex>1</sex><cat>1</cat><percent>35.057472</percent></prevalence><prevalence><age>32</age><sex>1</sex><cat>2</cat><percent>59.578545</percent></prevalence><prevalence><age>32</age><sex>1</sex><cat>3</cat><percent>4.2145596</percent></prevalence><prevalence><age>32</age><sex>1</sex><cat>4</cat><percent>0.7662835</percent></prevalence><prevalence><age>32</age><sex>1</sex><cat>5</cat><percent>0.3831418</percent></prevalence><prevalence><age>33</age><sex>0</sex><cat>1</cat><percent>13.22204</percent></prevalence><prevalence><age>33</age><sex>0</sex><cat>2</cat><percent>56.889618</percent></prevalence><prevalence><age>33</age><sex>0</sex><cat>3</cat><percent>18.815893</percent></prevalence><prevalence><age>33</age><sex>0</sex><cat>4</cat><percent>6.8076787</percent></prevalence><prevalence><age>33</age><sex>0</sex><cat>5</cat><percent>4.264769</percent></prevalence><prevalence><age>33</age><sex>1</sex><cat>1</cat><percent>35.611313</percent></prevalence><prevalence><age>33</age><sex>1</sex><cat>2</cat><percent>59.046078</percent></prevalence><prevalence><age>33</age><sex>1</sex><cat>3</cat><percent>4.182634</percent></prevalence><prevalence><age>33</age><sex>1</sex><cat>4</cat><percent>0.7834057</percent></prevalence><prevalence><age>33</age><sex>1</sex><cat>5</cat><percent>0.3765712</percent></prevalence><prevalence><age>34</age><sex>0</sex><cat>1</cat><percent>13.400601</percent></prevalence><prevalence><age>34</age><sex>0</sex><cat>2</cat><percent>56.69039</percent></prevalence><prevalence><age>34</age><sex>0</sex><cat>3</cat><percent>18.728197</percent></prevalence><prevalence><age>34</age><sex>0</sex><cat>4</cat><percent>6.810064</percent></prevalence><prevalence><age>34</age><sex>0</sex><cat>5</cat><percent>4.370748</percent></prevalence><prevalence><age>34</age><sex>1</sex><cat>1</cat><percent>36.165154</percent></prevalence><prevalence><age>34</age><sex>1</sex><cat>2</cat><percent>58.513607</percent></prevalence><prevalence><age>34</age><sex>1</sex><cat>3</cat><percent>4.1507087</percent></prevalence><prevalence><age>34</age><sex>1</sex><cat>4</cat><percent>0.8005278</percent></prevalence><prevalence><age>34</age><sex>1</sex><cat>5</cat><percent>0.3700006</percent></prevalence><prevalence><age>35</age><sex>0</sex><cat>1</cat><percent>13.579164</percent></prevalence><prevalence><age>35</age><sex>0</sex><cat>2</cat><percent>56.49116</percent></prevalence><prevalence><age>35</age><sex>0</sex><cat>3</cat><percent>18.6405</percent></prevalence><prevalence><age>35</age><sex>0</sex><cat>4</cat><percent>6.8124495</percent></prevalence><prevalence><age>35</age><sex>0</sex><cat>5</cat><percent>4.476727</percent></prevalence><prevalence><age>35</age><sex>1</sex><cat>1</cat><percent>36.718994</percent></prevalence><prevalence><age>35</age><sex>1</sex><cat>2</cat><percent>57.98114</percent></prevalence><prevalence><age>35</age><sex>1</sex><cat>3</cat><percent>4.1187835</percent></prevalence><prevalence><age>35</age><sex>1</sex><cat>4</cat><percent>0.81765</percent></prevalence><prevalence><age>35</age><sex>1</sex><cat>5</cat><percent>0.36343</percent></prevalence><prevalence><age>36</age><sex>0</sex><cat>1</cat><percent>13.757725</percent></prevalence><prevalence><age>36</age><sex>0</sex><cat>2</cat><percent>56.291935</percent></prevalence><prevalence><age>36</age><sex>0</sex><cat>3</cat><percent>18.552801</percent></prevalence><prevalence><age>36</age><sex>0</sex><cat>4</cat><percent>6.8148346</percent></prevalence><prevalence><age>36</age><sex>0</sex><cat>5</cat><percent>4.582706</percent></prevalence><prevalence><age>36</age><sex>1</sex><cat>1</cat><percent>37.27284</percent></prevalence><prevalence><age>36</age><sex>1</sex><cat>2</cat><percent>57.448673</percent></prevalence><prevalence><age>36</age><sex>1</sex><cat>3</cat><percent>4.0868583</percent></prevalence><prevalence><age>36</age><sex>1</sex><cat>4</cat><percent>0.8347721</percent></prevalence><prevalence><age>36</age><sex>1</sex><cat>5</cat><percent>0.3568595</percent></prevalence><prevalence><age>37</age><sex>0</sex><cat>1</cat><percent>13.936286</percent></prevalence><prevalence><age>37</age><sex>0</sex><cat>2</cat><percent>56.092705</percent></prevalence><prevalence><age>37</age><sex>0</sex><cat>3</cat><percent>18.465103</percent></prevalence><prevalence><age>37</age><sex>0</sex><cat>4</cat><percent>6.81722</percent></prevalence><prevalence><age>37</age><sex>0</sex><cat>5</cat><percent>4.688685</percent></prevalence><prevalence><age>37</age><sex>1</sex><cat>1</cat><percent>37.82668</percent></prevalence><prevalence><age>37</age><sex>1</sex><cat>2</cat><percent>56.916206</percent></prevalence><prevalence><age>37</age><sex>1</sex><cat>3</cat><percent>4.054933</percent></prevalence><prevalence><age>37</age><sex>1</sex><cat>4</cat><percent>0.8518942</percent></prevalence><prevalence><age>37</age><sex>1</sex><cat>5</cat><percent>0.3502889</percent></prevalence><prevalence><age>38</age><sex>0</sex><cat>1</cat><percent>14.114848</percent></prevalence><prevalence><age>38</age><sex>0</sex><cat>2</cat><percent>55.89348</percent></prevalence><prevalence><age>38</age><sex>0</sex><cat>3</cat><percent>18.377405</percent></prevalence><prevalence><age>38</age><sex>0</sex><cat>4</cat><percent>6.819606</percent></prevalence><prevalence><age>38</age><sex>0</sex><cat>5</cat><percent>4.794664</percent></prevalence><prevalence><age>38</age><sex>1</sex><cat>1</cat><percent>38.38052</percent></prevalence><prevalence><age>38</age><sex>1</sex><cat>2</cat><percent>56.38374</percent></prevalence><prevalence><age>38</age><sex>1</sex><cat>3</cat><percent>4.023008</percent></prevalence><prevalence><age>38</age><sex>1</sex><cat>4</cat><percent>0.8690164</percent></prevalence><prevalence><age>38</age><sex>1</sex><cat>5</cat><percent>0.3437183</percent></prevalence><prevalence><age>39</age><sex>0</sex><cat>1</cat><percent>14.293409</percent></prevalence><prevalence><age>39</age><sex>0</sex><cat>2</cat><percent>55.69425</percent></prevalence><prevalence><age>39</age><sex>0</sex><cat>3</cat><percent>18.289707</percent></prevalence><prevalence><age>39</age><sex>0</sex><cat>4</cat><percent>6.821991</percent></prevalence><prevalence><age>39</age><sex>0</sex><cat>5</cat><percent>4.900643</percent></prevalence><prevalence><age>39</age><sex>1</sex><cat>1</cat><percent>38.93436</percent></prevalence><prevalence><age>39</age><sex>1</sex><cat>2</cat><percent>55.85127</percent></prevalence><prevalence><age>39</age><sex>1</sex><cat>3</cat><percent>3.9910827</percent></prevalence><prevalence><age>39</age><sex>1</sex><cat>4</cat><percent>0.8861385</percent></prevalence><prevalence><age>39</age><sex>1</sex><cat>5</cat><percent>0.3371477</percent></prevalence><prevalence><age>40</age><sex>0</sex><cat>1</cat><percent>14.4719715</percent></prevalence><prevalence><age>40</age><sex>0</sex><cat>2</cat><percent>55.49502</percent></prevalence><prevalence><age>40</age><sex>0</sex><cat>3</cat><percent>18.20201</percent></prevalence><prevalence><age>40</age><sex>0</sex><cat>4</cat><percent>6.8243766</percent></prevalence><prevalence><age>40</age><sex>0</sex><cat>5</cat><percent>5.006622</percent></prevalence><prevalence><age>40</age><sex>1</sex><cat>1</cat><percent>39.4882</percent></prevalence><prevalence><age>40</age><sex>1</sex><cat>2</cat><percent>55.3188</percent></prevalence><prevalence><age>40</age><sex>1</sex><cat>3</cat><percent>3.9591572</percent></prevalence><prevalence><age>40</age><sex>1</sex><cat>4</cat><percent>0.9032607</percent></prevalence><prevalence><age>40</age><sex>1</sex><cat>5</cat><percent>0.3305772</percent></prevalence><prevalence><age>41</age><sex>0</sex><cat>1</cat><percent>14.650533</percent></prevalence><prevalence><age>41</age><sex>0</sex><cat>2</cat><percent>55.29579</percent></prevalence><prevalence><age>41</age><sex>0</sex><cat>3</cat><percent>18.114311</percent></prevalence><prevalence><age>41</age><sex>0</sex><cat>4</cat><percent>6.826762</percent></prevalence><prevalence><age>41</age><sex>0</sex><cat>5</cat><percent>5.112601</percent></prevalence><prevalence><age>41</age><sex>1</sex><cat>1</cat><percent>40.042046</percent></prevalence><prevalence><age>41</age><sex>1</sex><cat>2</cat><percent>54.786335</percent></prevalence><prevalence><age>41</age><sex>1</sex><cat>3</cat><percent>3.927232</percent></prevalence><prevalence><age>41</age><sex>1</sex><cat>4</cat><percent>0.9203828</percent></prevalence><prevalence><age>41</age><sex>1</sex><cat>5</cat><percent>0.3240066</percent></prevalence><prevalence><age>42</age><sex>0</sex><cat>1</cat><percent>14.829095</percent></prevalence><prevalence><age>42</age><sex>0</sex><cat>2</cat><percent>55.096565</percent></prevalence><prevalence><age>42</age><sex>0</sex><cat>3</cat><percent>18.026615</percent></prevalence><prevalence><age>42</age><sex>0</sex><cat>4</cat><percent>6.8291473</percent></prevalence><prevalence><age>42</age><sex>0</sex><cat>5</cat><percent>5.21858</percent></prevalence><prevalence><age>42</age><sex>1</sex><cat>1</cat><percent>40.595886</percent></prevalence><prevalence><age>42</age><sex>1</sex><cat>2</cat><percent>54.25387</percent></prevalence><prevalence><age>42</age><sex>1</sex><cat>3</cat><percent>3.8953068</percent></prevalence><prevalence><age>42</age><sex>1</sex><cat>4</cat><percent>0.937505</percent></prevalence><prevalence><age>42</age><sex>1</sex><cat>5</cat><percent>0.317436</percent></prevalence><prevalence><age>43</age><sex>0</sex><cat>1</cat><percent>15.007656</percent></prevalence><prevalence><age>43</age><sex>0</sex><cat>2</cat><percent>54.897335</percent></prevalence><prevalence><age>43</age><sex>0</sex><cat>3</cat><percent>17.938917</percent></prevalence><prevalence><age>43</age><sex>0</sex><cat>4</cat><percent>6.831533</percent></prevalence><prevalence><age>43</age><sex>0</sex><cat>5</cat><percent>5.3245587</percent></prevalence><prevalence><age>43</age><sex>1</sex><cat>1</cat><percent>41.149727</percent></prevalence><prevalence><age>43</age><sex>1</sex><cat>2</cat><percent>53.721397</percent></prevalence><prevalence><age>43</age><sex>1</sex><cat>3</cat><percent>3.8633814</percent></prevalence><prevalence><age>43</age><sex>1</sex><cat>4</cat><percent>0.9546271</percent></prevalence><prevalence><age>43</age><sex>1</sex><cat>5</cat><percent>0.3108654</percent></prevalence><prevalence><age>44</age><sex>0</sex><cat>1</cat><percent>15.186218</percent></prevalence><prevalence><age>44</age><sex>0</sex><cat>2</cat><percent>54.69811</percent></prevalence><prevalence><age>44</age><sex>0</sex><cat>3</cat><percent>17.85122</percent></prevalence><prevalence><age>44</age><sex>0</sex><cat>4</cat><percent>6.8339186</percent></prevalence><prevalence><age>44</age><sex>0</sex><cat>5</cat><percent>5.4305377</percent></prevalence><prevalence><age>44</age><sex>1</sex><cat>1</cat><percent>41.703568</percent></prevalence><prevalence><age>44</age><sex>1</sex><cat>2</cat><percent>53.18893</percent></prevalence><prevalence><age>44</age><sex>1</sex><cat>3</cat><percent>3.8314562</percent></prevalence><prevalence><age>44</age><sex>1</sex><cat>4</cat><percent>0.9717492</percent></prevalence><prevalence><age>44</age><sex>1</sex><cat>5</cat><percent>0.3042949</percent></prevalence><prevalence><age>45</age><sex>0</sex><cat>1</cat><percent>15.364779</percent></prevalence><prevalence><age>45</age><sex>0</sex><cat>2</cat><percent>54.49888</percent></prevalence><prevalence><age>45</age><sex>0</sex><cat>3</cat><percent>17.763521</percent></prevalence><prevalence><age>45</age><sex>0</sex><cat>4</cat><percent>6.8363037</percent></prevalence><prevalence><age>45</age><sex>0</sex><cat>5</cat><percent>5.5365167</percent></prevalence><prevalence><age>45</age><sex>1</sex><cat>1</cat><percent>42.25741</percent></prevalence><prevalence><age>45</age><sex>1</sex><cat>2</cat><percent>52.656464</percent></prevalence><prevalence><age>45</age><sex>1</sex><cat>3</cat><percent>3.799531</percent></prevalence><prevalence><age>45</age><sex>1</sex><cat>4</cat><percent>0.9888714</percent></prevalence><prevalence><age>45</age><sex>1</sex><cat>5</cat><percent>0.2977243</percent></prevalence><prevalence><age>46</age><sex>0</sex><cat>1</cat><percent>15.543341</percent></prevalence><prevalence><age>46</age><sex>0</sex><cat>2</cat><percent>54.299652</percent></prevalence><prevalence><age>46</age><sex>0</sex><cat>3</cat><percent>17.675823</percent></prevalence><prevalence><age>46</age><sex>0</sex><cat>4</cat><percent>6.8386893</percent></prevalence><prevalence><age>46</age><sex>0</sex><cat>5</cat><percent>5.6424956</percent></prevalence><prevalence><age>46</age><sex>1</sex><cat>1</cat><percent>42.811253</percent></prevalence><prevalence><age>46</age><sex>1</sex><cat>2</cat><percent>52.123997</percent></prevalence><prevalence><age>46</age><sex>1</sex><cat>3</cat><percent>3.7676058</percent></prevalence><prevalence><age>46</age><sex>1</sex><cat>4</cat><percent>1.0059935</percent></prevalence><prevalence><age>46</age><sex>1</sex><cat>5</cat><percent>0.2911537</percent></prevalence><prevalence><age>47</age><sex>0</sex><cat>1</cat><percent>15.721903</percent></prevalence><prevalence><age>47</age><sex>0</sex><cat>2</cat><percent>54.10042</percent></prevalence><prevalence><age>47</age><sex>0</sex><cat>3</cat><percent>17.588125</percent></prevalence><prevalence><age>47</age><sex>0</sex><cat>4</cat><percent>6.8410745</percent></prevalence><prevalence><age>47</age><sex>0</sex><cat>5</cat><percent>5.7484746</percent></prevalence><prevalence><age>47</age><sex>1</sex><cat>1</cat><percent>43.365093</percent></prevalence><prevalence><age>47</age><sex>1</sex><cat>2</cat><percent>51.59153</percent></prevalence><prevalence><age>47</age><sex>1</sex><cat>3</cat><percent>3.7356806</percent></prevalence><prevalence><age>47</age><sex>1</sex><cat>4</cat><percent>1.0231158</percent></prevalence><prevalence><age>47</age><sex>1</sex><cat>5</cat><percent>0.2845832</percent></prevalence><prevalence><age>48</age><sex>0</sex><cat>1</cat><percent>15.900464</percent></prevalence><prevalence><age>48</age><sex>0</sex><cat>2</cat><percent>53.901196</percent></prevalence><prevalence><age>48</age><sex>0</sex><cat>3</cat><percent>17.500427</percent></prevalence><prevalence><age>48</age><sex>0</sex><cat>4</cat><percent>6.84346</percent></prevalence><prevalence><age>48</age><sex>0</sex><cat>5</cat><percent>5.8544536</percent></prevalence><prevalence><age>48</age><sex>1</sex><cat>1</cat><percent>43.918934</percent></prevalence><prevalence><age>48</age><sex>1</sex><cat>2</cat><percent>51.05906</percent></prevalence><prevalence><age>48</age><sex>1</sex><cat>3</cat><percent>3.7037551</percent></prevalence><prevalence><age>48</age><sex>1</sex><cat>4</cat><percent>1.0402378</percent></prevalence><prevalence><age>48</age><sex>1</sex><cat>5</cat><percent>0.2780126</percent></prevalence><prevalence><age>49</age><sex>0</sex><cat>1</cat><percent>16.079025</percent></prevalence><prevalence><age>49</age><sex>0</sex><cat>2</cat><percent>53.701965</percent></prevalence><prevalence><age>49</age><sex>0</sex><cat>3</cat><percent>17.41273</percent></prevalence><prevalence><age>49</age><sex>0</sex><cat>4</cat><percent>6.8458457</percent></prevalence><prevalence><age>49</age><sex>0</sex><cat>5</cat><percent>5.9604325</percent></prevalence><prevalence><age>49</age><sex>1</sex><cat>1</cat><percent>44.472775</percent></prevalence><prevalence><age>49</age><sex>1</sex><cat>2</cat><percent>50.526592</percent></prevalence><prevalence><age>49</age><sex>1</sex><cat>3</cat><percent>3.67183</percent></prevalence><prevalence><age>49</age><sex>1</sex><cat>4</cat><percent>1.05736</percent></prevalence><prevalence><age>49</age><sex>1</sex><cat>5</cat><percent>0.271442</percent></prevalence><prevalence><age>50</age><sex>0</sex><cat>1</cat><percent>16.257587</percent></prevalence><prevalence><age>50</age><sex>0</sex><cat>2</cat><percent>53.50274</percent></prevalence><prevalence><age>50</age><sex>0</sex><cat>3</cat><percent>17.325033</percent></prevalence><prevalence><age>50</age><sex>0</sex><cat>4</cat><percent>6.8482313</percent></prevalence><prevalence><age>50</age><sex>0</sex><cat>5</cat><percent>6.0664115</percent></prevalence><prevalence><age>50</age><sex>1</sex><cat>1</cat><percent>45.026615</percent></prevalence><prevalence><age>50</age><sex>1</sex><cat>2</cat><percent>49.994125</percent></prevalence><prevalence><age>50</age><sex>1</sex><cat>3</cat><percent>3.6399047</percent></prevalence><prevalence><age>50</age><sex>1</sex><cat>4</cat><percent>1.0744821</percent></prevalence><prevalence><age>50</age><sex>1</sex><cat>5</cat><percent>0.2648714</percent></prevalence><prevalence><age>51</age><sex>0</sex><cat>1</cat><percent>16.43615</percent></prevalence><prevalence><age>51</age><sex>0</sex><cat>2</cat><percent>53.30351</percent></prevalence><prevalence><age>51</age><sex>0</sex><cat>3</cat><percent>17.237335</percent></prevalence><prevalence><age>51</age><sex>0</sex><cat>4</cat><percent>6.8506165</percent></prevalence><prevalence><age>51</age><sex>0</sex><cat>5</cat><percent>6.1723905</percent></prevalence><prevalence><age>51</age><sex>1</sex><cat>1</cat><percent>45.58046</percent></prevalence><prevalence><age>51</age><sex>1</sex><cat>2</cat><percent>49.46166</percent></prevalence><prevalence><age>51</age><sex>1</sex><cat>3</cat><percent>3.6079795</percent></prevalence><prevalence><age>51</age><sex>1</sex><cat>4</cat><percent>1.0916042</percent></prevalence><prevalence><age>51</age><sex>1</sex><cat>5</cat><percent>0.2583009</percent></prevalence><prevalence><age>52</age><sex>0</sex><cat>1</cat><percent>16.614712</percent></prevalence><prevalence><age>52</age><sex>0</sex><cat>2</cat><percent>53.104282</percent></prevalence><prevalence><age>52</age><sex>0</sex><cat>3</cat><percent>17.149637</percent></prevalence><prevalence><age>52</age><sex>0</sex><cat>4</cat><percent>6.853002</percent></prevalence><prevalence><age>52</age><sex>0</sex><cat>5</cat><percent>6.2783694</percent></prevalence><prevalence><age>52</age><sex>1</sex><cat>1</cat><percent>46.1343</percent></prevalence><prevalence><age>52</age><sex>1</sex><cat>2</cat><percent>48.92919</percent></prevalence><prevalence><age>52</age><sex>1</sex><cat>3</cat><percent>3.576054</percent></prevalence><prevalence><age>52</age><sex>1</sex><cat>4</cat><percent>1.1087264</percent></prevalence><prevalence><age>52</age><sex>1</sex><cat>5</cat><percent>0.2517303</percent></prevalence><prevalence><age>53</age><sex>0</sex><cat>1</cat><percent>16.793272</percent></prevalence><prevalence><age>53</age><sex>0</sex><cat>2</cat><percent>52.905052</percent></prevalence><prevalence><age>53</age><sex>0</sex><cat>3</cat><percent>17.06194</percent></prevalence><prevalence><age>53</age><sex>0</sex><cat>4</cat><percent>6.855387</percent></prevalence><prevalence><age>53</age><sex>0</sex><cat>5</cat><percent>6.3843484</percent></prevalence><prevalence><age>53</age><sex>1</sex><cat>1</cat><percent>46.68814</percent></prevalence><prevalence><age>53</age><sex>1</sex><cat>2</cat><percent>48.39672</percent></prevalence><prevalence><age>53</age><sex>1</sex><cat>3</cat><percent>3.544129</percent></prevalence><prevalence><age>53</age><sex>1</sex><cat>4</cat><percent>1.1258485</percent></prevalence><prevalence><age>53</age><sex>1</sex><cat>5</cat><percent>0.2451597</percent></prevalence><prevalence><age>54</age><sex>0</sex><cat>1</cat><percent>16.971834</percent></prevalence><prevalence><age>54</age><sex>0</sex><cat>2</cat><percent>52.705826</percent></prevalence><prevalence><age>54</age><sex>0</sex><cat>3</cat><percent>16.974241</percent></prevalence><prevalence><age>54</age><sex>0</sex><cat>4</cat><percent>6.857773</percent></prevalence><prevalence><age>54</age><sex>0</sex><cat>5</cat><percent>6.490327</percent></prevalence><prevalence><age>54</age><sex>1</sex><cat>1</cat><percent>47.24198</percent></prevalence><prevalence><age>54</age><sex>1</sex><cat>2</cat><percent>47.864254</percent></prevalence><prevalence><age>54</age><sex>1</sex><cat>3</cat><percent>3.5122037</percent></prevalence><prevalence><age>54</age><sex>1</sex><cat>4</cat><percent>1.1429707</percent></prevalence><prevalence><age>54</age><sex>1</sex><cat>5</cat><percent>0.2385891</percent></prevalence><prevalence><age>55</age><sex>0</sex><cat>1</cat><percent>17.150396</percent></prevalence><prevalence><age>55</age><sex>0</sex><cat>2</cat><percent>52.506596</percent></prevalence><prevalence><age>55</age><sex>0</sex><cat>3</cat><percent>16.886543</percent></prevalence><prevalence><age>55</age><sex>0</sex><cat>4</cat><percent>6.8601584</percent></prevalence><prevalence><age>55</age><sex>0</sex><cat>5</cat><percent>6.5963063</percent></prevalence><prevalence><age>55</age><sex>1</sex><cat>1</cat><percent>47.795822</percent></prevalence><prevalence><age>55</age><sex>1</sex><cat>2</cat><percent>47.331787</percent></prevalence><prevalence><age>55</age><sex>1</sex><cat>3</cat><percent>3.4802785</percent></prevalence><prevalence><age>55</age><sex>1</sex><cat>4</cat><percent>1.1600928</percent></prevalence><prevalence><age>55</age><sex>1</sex><cat>5</cat><percent>0.2320186</percent></prevalence><prevalence><age>56</age><sex>0</sex><cat>1</cat><percent>17.62621</percent></prevalence><prevalence><age>56</age><sex>0</sex><cat>2</cat><percent>52.638844</percent></prevalence><prevalence><age>56</age><sex>0</sex><cat>3</cat><percent>16.587671</percent></prevalence><prevalence><age>56</age><sex>0</sex><cat>4</cat><percent>6.7292714</percent></prevalence><prevalence><age>56</age><sex>0</sex><cat>5</cat><percent>6.418006</percent></prevalence><prevalence><age>56</age><sex>1</sex><cat>1</cat><percent>48.971924</percent></prevalence><prevalence><age>56</age><sex>1</sex><cat>2</cat><percent>46.283028</percent></prevalence><prevalence><age>56</age><sex>1</sex><cat>3</cat><percent>3.3837838</percent></prevalence><prevalence><age>56</age><sex>1</sex><cat>4</cat><percent>1.1408479</percent></prevalence><prevalence><age>56</age><sex>1</sex><cat>5</cat><percent>0.2204176</percent></prevalence><prevalence><age>57</age><sex>0</sex><cat>1</cat><percent>18.102022</percent></prevalence><prevalence><age>57</age><sex>0</sex><cat>2</cat><percent>52.771088</percent></prevalence><prevalence><age>57</age><sex>0</sex><cat>3</cat><percent>16.288797</percent></prevalence><prevalence><age>57</age><sex>0</sex><cat>4</cat><percent>6.598385</percent></prevalence><prevalence><age>57</age><sex>0</sex><cat>5</cat><percent>6.2397056</percent></prevalence><prevalence><age>57</age><sex>1</sex><cat>1</cat><percent>50.148026</percent></prevalence><prevalence><age>57</age><sex>1</sex><cat>2</cat><percent>45.23427</percent></prevalence><prevalence><age>57</age><sex>1</sex><cat>3</cat><percent>3.2872894</percent></prevalence><prevalence><age>57</age><sex>1</sex><cat>4</cat><percent>1.1216029</percent></prevalence><prevalence><age>57</age><sex>1</sex><cat>5</cat><percent>0.2088167</percent></prevalence><prevalence><age>58</age><sex>0</sex><cat>1</cat><percent>18.577837</percent></prevalence><prevalence><age>58</age><sex>0</sex><cat>2</cat><percent>52.903336</percent></prevalence><prevalence><age>58</age><sex>0</sex><cat>3</cat><percent>15.989925</percent></prevalence><prevalence><age>58</age><sex>0</sex><cat>4</cat><percent>6.4674983</percent></prevalence><prevalence><age>58</age><sex>0</sex><cat>5</cat><percent>6.0614057</percent></prevalence><prevalence><age>58</age><sex>1</sex><cat>1</cat><percent>51.324123</percent></prevalence><prevalence><age>58</age><sex>1</sex><cat>2</cat><percent>44.18551</percent></prevalence><prevalence><age>58</age><sex>1</sex><cat>3</cat><percent>3.1907947</percent></prevalence><prevalence><age>58</age><sex>1</sex><cat>4</cat><percent>1.102358</percent></prevalence><prevalence><age>58</age><sex>1</sex><cat>5</cat><percent>0.1972158</percent></prevalence><prevalence><age>59</age><sex>0</sex><cat>1</cat><percent>19.05365</percent></prevalence><prevalence><age>59</age><sex>0</sex><cat>2</cat><percent>53.03558</percent></prevalence><prevalence><age>59</age><sex>0</sex><cat>3</cat><percent>15.691053</percent></prevalence><prevalence><age>59</age><sex>0</sex><cat>4</cat><percent>6.3366113</percent></prevalence><prevalence><age>59</age><sex>0</sex><cat>5</cat><percent>5.8831053</percent></prevalence><prevalence><age>59</age><sex>1</sex><cat>1</cat><percent>52.500225</percent></prevalence><prevalence><age>59</age><sex>1</sex><cat>2</cat><percent>43.136745</percent></prevalence><prevalence><age>59</age><sex>1</sex><cat>3</cat><percent>3.0943003</percent></prevalence><prevalence><age>59</age><sex>1</sex><cat>4</cat><percent>1.083113</percent></prevalence><prevalence><age>59</age><sex>1</sex><cat>5</cat><percent>0.1856148</percent></prevalence><prevalence><age>60</age><sex>0</sex><cat>1</cat><percent>19.529463</percent></prevalence><prevalence><age>60</age><sex>0</sex><cat>2</cat><percent>53.167828</percent></prevalence><prevalence><age>60</age><sex>0</sex><cat>3</cat><percent>15.39218</percent></prevalence><prevalence><age>60</age><sex>0</sex><cat>4</cat><percent>6.2057247</percent></prevalence><prevalence><age>60</age><sex>0</sex><cat>5</cat><percent>5.7048054</percent></prevalence><prevalence><age>60</age><sex>1</sex><cat>1</cat><percent>53.676327</percent></prevalence><prevalence><age>60</age><sex>1</sex><cat>2</cat><percent>42.087986</percent></prevalence><prevalence><age>60</age><sex>1</sex><cat>3</cat><percent>2.9978056</percent></prevalence><prevalence><age>60</age><sex>1</sex><cat>4</cat><percent>1.063868</percent></prevalence><prevalence><age>60</age><sex>1</sex><cat>5</cat><percent>0.1740139</percent></prevalence><prevalence><age>61</age><sex>0</sex><cat>1</cat><percent>20.005278</percent></prevalence><prevalence><age>61</age><sex>0</sex><cat>2</cat><percent>53.30007</percent></prevalence><prevalence><age>61</age><sex>0</sex><cat>3</cat><percent>15.0933075</percent></prevalence><prevalence><age>61</age><sex>0</sex><cat>4</cat><percent>6.074838</percent></prevalence><prevalence><age>61</age><sex>0</sex><cat>5</cat><percent>5.526505</percent></prevalence><prevalence><age>61</age><sex>1</sex><cat>1</cat><percent>54.852425</percent></prevalence><prevalence><age>61</age><sex>1</sex><cat>2</cat><percent>41.039227</percent></prevalence><prevalence><age>61</age><sex>1</sex><cat>3</cat><percent>2.9013112</percent></prevalence><prevalence><age>61</age><sex>1</sex><cat>4</cat><percent>1.0446231</percent></prevalence><prevalence><age>61</age><sex>1</sex><cat>5</cat><percent>0.162413</percent></prevalence><prevalence><age>62</age><sex>0</sex><cat>1</cat><percent>20.48109</percent></prevalence><prevalence><age>62</age><sex>0</sex><cat>2</cat><percent>53.43232</percent></prevalence><prevalence><age>62</age><sex>0</sex><cat>3</cat><percent>14.7944355</percent></prevalence><prevalence><age>62</age><sex>0</sex><cat>4</cat><percent>5.9439516</percent></prevalence><prevalence><age>62</age><sex>0</sex><cat>5</cat><percent>5.348205</percent></prevalence><prevalence><age>62</age><sex>1</sex><cat>1</cat><percent>56.028526</percent></prevalence><prevalence><age>62</age><sex>1</sex><cat>2</cat><percent>39.990467</percent></prevalence><prevalence><age>62</age><sex>1</sex><cat>3</cat><percent>2.8048165</percent></prevalence><prevalence><age>62</age><sex>1</sex><cat>4</cat><percent>1.0253782</percent></prevalence><prevalence><age>62</age><sex>1</sex><cat>5</cat><percent>0.1508121</percent></prevalence><prevalence><age>63</age><sex>0</sex><cat>1</cat><percent>20.956903</percent></prevalence><prevalence><age>63</age><sex>0</sex><cat>2</cat><percent>53.564564</percent></prevalence><prevalence><age>63</age><sex>0</sex><cat>3</cat><percent>14.495563</percent></prevalence><prevalence><age>63</age><sex>0</sex><cat>4</cat><percent>5.8130646</percent></prevalence><prevalence><age>63</age><sex>0</sex><cat>5</cat><percent>5.1699047</percent></prevalence><prevalence><age>63</age><sex>1</sex><cat>1</cat><percent>57.204624</percent></prevalence><prevalence><age>63</age><sex>1</sex><cat>2</cat><percent>38.941708</percent></prevalence><prevalence><age>63</age><sex>1</sex><cat>3</cat><percent>2.708322</percent></prevalence><prevalence><age>63</age><sex>1</sex><cat>4</cat><percent>1.0061332</percent></prevalence><prevalence><age>63</age><sex>1</sex><cat>5</cat><percent>0.1392111</percent></prevalence><prevalence><age>64</age><sex>0</sex><cat>1</cat><percent>21.432718</percent></prevalence><prevalence><age>64</age><sex>0</sex><cat>2</cat><percent>53.69681</percent></prevalence><prevalence><age>64</age><sex>0</sex><cat>3</cat><percent>14.19669</percent></prevalence><prevalence><age>64</age><sex>0</sex><cat>4</cat><percent>5.682178</percent></prevalence><prevalence><age>64</age><sex>0</sex><cat>5</cat><percent>4.991605</percent></prevalence><prevalence><age>64</age><sex>1</sex><cat>1</cat><percent>58.380726</percent></prevalence><prevalence><age>64</age><sex>1</sex><cat>2</cat><percent>37.89295</percent></prevalence><prevalence><age>64</age><sex>1</sex><cat>3</cat><percent>2.6118276</percent></prevalence><prevalence><age>64</age><sex>1</sex><cat>4</cat><percent>0.9868883</percent></prevalence><prevalence><age>64</age><sex>1</sex><cat>5</cat><percent>0.1276102</percent></prevalence><prevalence><age>65</age><sex>0</sex><cat>1</cat><percent>21.908531</percent></prevalence><prevalence><age>65</age><sex>0</sex><cat>2</cat><percent>53.829056</percent></prevalence><prevalence><age>65</age><sex>0</sex><cat>3</cat><percent>13.897818</percent></prevalence><prevalence><age>65</age><sex>0</sex><cat>4</cat><percent>5.5512915</percent></prevalence><prevalence><age>65</age><sex>0</sex><cat>5</cat><percent>4.8133044</percent></prevalence><prevalence><age>65</age><sex>1</sex><cat>1</cat><percent>59.556828</percent></prevalence><prevalence><age>65</age><sex>1</sex><cat>2</cat><percent>36.84419</percent></prevalence><prevalence><age>65</age><sex>1</sex><cat>3</cat><percent>2.515333</percent></prevalence><prevalence><age>65</age><sex>1</sex><cat>4</cat><percent>0.9676433</percent></prevalence><prevalence><age>65</age><sex>1</sex><cat>5</cat><percent>0.1160093</percent></prevalence><prevalence><age>66</age><sex>0</sex><cat>1</cat><percent>22.384344</percent></prevalence><prevalence><age>66</age><sex>0</sex><cat>2</cat><percent>53.9613</percent></prevalence><prevalence><age>66</age><sex>0</sex><cat>3</cat><percent>13.598945</percent></prevalence><prevalence><age>66</age><sex>0</sex><cat>4</cat><percent>5.4204044</percent></prevalence><prevalence><age>66</age><sex>0</sex><cat>5</cat><percent>4.6350045</percent></prevalence><prevalence><age>66</age><sex>1</sex><cat>1</cat><percent>60.732925</percent></prevalence><prevalence><age>66</age><sex>1</sex><cat>2</cat><percent>35.79543</percent></prevalence><prevalence><age>66</age><sex>1</sex><cat>3</cat><percent>2.4188385</percent></prevalence><prevalence><age>66</age><sex>1</sex><cat>4</cat><percent>0.9483984</percent></prevalence><prevalence><age>66</age><sex>1</sex><cat>5</cat><percent>0.1044084</percent></prevalence><prevalence><age>67</age><sex>0</sex><cat>1</cat><percent>22.860159</percent></prevalence><prevalence><age>67</age><sex>0</sex><cat>2</cat><percent>54.093548</percent></prevalence><prevalence><age>67</age><sex>0</sex><cat>3</cat><percent>13.300072</percent></prevalence><prevalence><age>67</age><sex>0</sex><cat>4</cat><percent>5.289518</percent></prevalence><prevalence><age>67</age><sex>0</sex><cat>5</cat><percent>4.456704</percent></prevalence><prevalence><age>67</age><sex>1</sex><cat>1</cat><percent>61.909027</percent></prevalence><prevalence><age>67</age><sex>1</sex><cat>2</cat><percent>34.74667</percent></prevalence><prevalence><age>67</age><sex>1</sex><cat>3</cat><percent>2.3223438</percent></prevalence><prevalence><age>67</age><sex>1</sex><cat>4</cat><percent>0.9291534</percent></prevalence><prevalence><age>67</age><sex>1</sex><cat>5</cat><percent>0.0928074</percent></prevalence><prevalence><age>68</age><sex>0</sex><cat>1</cat><percent>23.335972</percent></prevalence><prevalence><age>68</age><sex>0</sex><cat>2</cat><percent>54.225792</percent></prevalence><prevalence><age>68</age><sex>0</sex><cat>3</cat><percent>13.0012</percent></prevalence><prevalence><age>68</age><sex>0</sex><cat>4</cat><percent>5.1586313</percent></prevalence><prevalence><age>68</age><sex>0</sex><cat>5</cat><percent>4.278404</percent></prevalence><prevalence><age>68</age><sex>1</sex><cat>1</cat><percent>63.08513</percent></prevalence><prevalence><age>68</age><sex>1</sex><cat>2</cat><percent>33.697906</percent></prevalence><prevalence><age>68</age><sex>1</sex><cat>3</cat><percent>2.2258494</percent></prevalence><prevalence><age>68</age><sex>1</sex><cat>4</cat><percent>0.9099085</percent></prevalence><prevalence><age>68</age><sex>1</sex><cat>5</cat><percent>0.0812065</percent></prevalence><prevalence><age>69</age><sex>0</sex><cat>1</cat><percent>23.811785</percent></prevalence><prevalence><age>69</age><sex>0</sex><cat>2</cat><percent>54.35804</percent></prevalence><prevalence><age>69</age><sex>0</sex><cat>3</cat><percent>12.702327</percent></prevalence><prevalence><age>69</age><sex>0</sex><cat>4</cat><percent>5.0277443</percent></prevalence><prevalence><age>69</age><sex>0</sex><cat>5</cat><percent>4.100104</percent></prevalence><prevalence><age>69</age><sex>1</sex><cat>1</cat><percent>64.26123</percent></prevalence><prevalence><age>69</age><sex>1</sex><cat>2</cat><percent>32.649147</percent></prevalence><prevalence><age>69</age><sex>1</sex><cat>3</cat><percent>2.1293547</percent></prevalence><prevalence><age>69</age><sex>1</sex><cat>4</cat><percent>0.8906635</percent></prevalence><prevalence><age>69</age><sex>1</sex><cat>5</cat><percent>0.0696056</percent></prevalence><prevalence><age>70</age><sex>0</sex><cat>1</cat><percent>24.2876</percent></prevalence><prevalence><age>70</age><sex>0</sex><cat>2</cat><percent>54.490284</percent></prevalence><prevalence><age>70</age><sex>0</sex><cat>3</cat><percent>12.403454</percent></prevalence><prevalence><age>70</age><sex>0</sex><cat>4</cat><percent>4.8968577</percent></prevalence><prevalence><age>70</age><sex>0</sex><cat>5</cat><percent>3.9218037</percent></prevalence><prevalence><age>70</age><sex>1</sex><cat>1</cat><percent>65.437325</percent></prevalence><prevalence><age>70</age><sex>1</sex><cat>2</cat><percent>31.600388</percent></prevalence><prevalence><age>70</age><sex>1</sex><cat>3</cat><percent>2.0328603</percent></prevalence><prevalence><age>70</age><sex>1</sex><cat>4</cat><percent>0.8714186</percent></prevalence><prevalence><age>70</age><sex>1</sex><cat>5</cat><percent>0.0580046</percent></prevalence><prevalence><age>71</age><sex>0</sex><cat>1</cat><percent>24.763412</percent></prevalence><prevalence><age>71</age><sex>0</sex><cat>2</cat><percent>54.62253</percent></prevalence><prevalence><age>71</age><sex>0</sex><cat>3</cat><percent>12.104582</percent></prevalence><prevalence><age>71</age><sex>0</sex><cat>4</cat><percent>4.765971</percent></prevalence><prevalence><age>71</age><sex>0</sex><cat>5</cat><percent>3.7435036</percent></prevalence><prevalence><age>71</age><sex>1</sex><cat>1</cat><percent>66.61343</percent></prevalence><prevalence><age>71</age><sex>1</sex><cat>2</cat><percent>30.551628</percent></prevalence><prevalence><age>71</age><sex>1</sex><cat>3</cat><percent>1.9363658</percent></prevalence><prevalence><age>71</age><sex>1</sex><cat>4</cat><percent>0.8521736</percent></prevalence><prevalence><age>71</age><sex>1</sex><cat>5</cat><percent>0.0464037</percent></prevalence><prevalence><age>72</age><sex>0</sex><cat>1</cat><percent>25.239225</percent></prevalence><prevalence><age>72</age><sex>0</sex><cat>2</cat><percent>54.754776</percent></prevalence><prevalence><age>72</age><sex>0</sex><cat>3</cat><percent>11.805709</percent></prevalence><prevalence><age>72</age><sex>0</sex><cat>4</cat><percent>4.6350846</percent></prevalence><prevalence><age>72</age><sex>0</sex><cat>5</cat><percent>3.5652034</percent></prevalence><prevalence><age>72</age><sex>1</sex><cat>1</cat><percent>67.78953</percent></prevalence><prevalence><age>72</age><sex>1</sex><cat>2</cat><percent>29.502869</percent></prevalence><prevalence><age>72</age><sex>1</sex><cat>3</cat><percent>1.8398712</percent></prevalence><prevalence><age>72</age><sex>1</sex><cat>4</cat><percent>0.8329286</percent></prevalence><prevalence><age>72</age><sex>1</sex><cat>5</cat><percent>0.0348028</percent></prevalence><prevalence><age>73</age><sex>0</sex><cat>1</cat><percent>25.71504</percent></prevalence><prevalence><age>73</age><sex>0</sex><cat>2</cat><percent>54.887024</percent></prevalence><prevalence><age>73</age><sex>0</sex><cat>3</cat><percent>11.506836</percent></prevalence><prevalence><age>73</age><sex>0</sex><cat>4</cat><percent>4.5041976</percent></prevalence><prevalence><age>73</age><sex>0</sex><cat>5</cat><percent>3.3869033</percent></prevalence><prevalence><age>73</age><sex>1</sex><cat>1</cat><percent>68.96563</percent></prevalence><prevalence><age>73</age><sex>1</sex><cat>2</cat><percent>28.45411</percent></prevalence><prevalence><age>73</age><sex>1</sex><cat>3</cat><percent>1.7433767</percent></prevalence><prevalence><age>73</age><sex>1</sex><cat>4</cat><percent>0.8136837</percent></prevalence><prevalence><age>73</age><sex>1</sex><cat>5</cat><percent>0.0232019</percent></prevalence><prevalence><age>74</age><sex>0</sex><cat>1</cat><percent>26.190853</percent></prevalence><prevalence><age>74</age><sex>0</sex><cat>2</cat><percent>55.019268</percent></prevalence><prevalence><age>74</age><sex>0</sex><cat>3</cat><percent>11.207964</percent></prevalence><prevalence><age>74</age><sex>0</sex><cat>4</cat><percent>4.373311</percent></prevalence><prevalence><age>74</age><sex>0</sex><cat>5</cat><percent>3.2086031</percent></prevalence><prevalence><age>74</age><sex>1</sex><cat>1</cat><percent>70.14173</percent></prevalence><prevalence><age>74</age><sex>1</sex><cat>2</cat><percent>27.40535</percent></prevalence><prevalence><age>74</age><sex>1</sex><cat>3</cat><percent>1.646882</percent></prevalence><prevalence><age>74</age><sex>1</sex><cat>4</cat><percent>0.7944387</percent></prevalence><prevalence><age>74</age><sex>1</sex><cat>5</cat><percent>0.0116009</percent></prevalence><prevalence><age>75</age><sex>0</sex><cat>1</cat><percent>26.666666</percent></prevalence><prevalence><age>75</age><sex>0</sex><cat>2</cat><percent>55.151516</percent></prevalence><prevalence><age>75</age><sex>0</sex><cat>3</cat><percent>10.909091</percent></prevalence><prevalence><age>75</age><sex>0</sex><cat>4</cat><percent>4.242424</percent></prevalence><prevalence><age>75</age><sex>0</sex><cat>5</cat><percent>3.030303</percent></prevalence><prevalence><age>75</age><sex>1</sex><cat>1</cat><percent>71.31783</percent></prevalence><prevalence><age>75</age><sex>1</sex><cat>2</cat><percent>26.356588</percent></prevalence><prevalence><age>75</age><sex>1</sex><cat>3</cat><percent>1.5503876</percent></prevalence><prevalence><age>75</age><sex>1</sex><cat>4</cat><percent>0.7751938</percent></prevalence><prevalence><age>75</age><sex>1</sex><cat>5</cat><percent>0.0</percent></prevalence><prevalence><age>76</age><sex>0</sex><cat>1</cat><percent>28.768553</percent></prevalence><prevalence><age>76</age><sex>0</sex><cat>2</cat><percent>53.881058</percent></prevalence><prevalence><age>76</age><sex>0</sex><cat>3</cat><percent>10.266806</percent></prevalence><prevalence><age>76</age><sex>0</sex><cat>4</cat><percent>4.173167</percent></prevalence><prevalence><age>76</age><sex>0</sex><cat>5</cat><percent>2.9104173</percent></prevalence><prevalence><age>76</age><sex>1</sex><cat>1</cat><percent>72.57962</percent></prevalence><prevalence><age>76</age><sex>1</sex><cat>2</cat><percent>25.08738</percent></prevalence><prevalence><age>76</age><sex>1</sex><cat>3</cat><percent>1.5660343</percent></prevalence><prevalence><age>76</age><sex>1</sex><cat>4</cat><percent>0.7669671</percent></prevalence><prevalence><age>76</age><sex>1</sex><cat>5</cat><percent>0.0</percent></prevalence><prevalence><age>77</age><sex>0</sex><cat>1</cat><percent>30.870438</percent></prevalence><prevalence><age>77</age><sex>0</sex><cat>2</cat><percent>52.6106</percent></prevalence><prevalence><age>77</age><sex>0</sex><cat>3</cat><percent>9.624519</percent></prevalence><prevalence><age>77</age><sex>0</sex><cat>4</cat><percent>4.10391</percent></prevalence><prevalence><age>77</age><sex>0</sex><cat>5</cat><percent>2.7905316</percent></prevalence><prevalence><age>77</age><sex>1</sex><cat>1</cat><percent>73.84029</percent></prevalence><prevalence><age>77</age><sex>1</sex><cat>2</cat><percent>23.819296</percent></prevalence><prevalence><age>77</age><sex>1</sex><cat>3</cat><percent>1.581667</percent></prevalence><prevalence><age>77</age><sex>1</sex><cat>4</cat><percent>0.7587477</percent></prevalence><prevalence><age>77</age><sex>1</sex><cat>5</cat><percent>0.0</percent></prevalence><prevalence><age>78</age><sex>0</sex><cat>1</cat><percent>32.972324</percent></prevalence><prevalence><age>78</age><sex>0</sex><cat>2</cat><percent>51.340145</percent></prevalence><prevalence><age>78</age><sex>0</sex><cat>3</cat><percent>8.982234</percent></prevalence><prevalence><age>78</age><sex>0</sex><cat>4</cat><percent>4.0346527</percent></prevalence><prevalence><age>78</age><sex>0</sex><cat>5</cat><percent>2.670646</percent></prevalence><prevalence><age>78</age><sex>1</sex><cat>1</cat><percent>75.09984</percent></prevalence><prevalence><age>78</age><sex>1</sex><cat>2</cat><percent>22.55234</percent></prevalence><prevalence><age>78</age><sex>1</sex><cat>3</cat><percent>1.5972859</percent></prevalence><prevalence><age>78</age><sex>1</sex><cat>4</cat><percent>0.7505356</percent></prevalence><prevalence><age>78</age><sex>1</sex><cat>5</cat><percent>0.0</percent></prevalence><prevalence><age>79</age><sex>0</sex><cat>1</cat><percent>35.07421</percent></prevalence><prevalence><age>79</age><sex>0</sex><cat>2</cat><percent>50.069687</percent></prevalence><prevalence><age>79</age><sex>0</sex><cat>3</cat><percent>8.339948</percent></prevalence><prevalence><age>79</age><sex>0</sex><cat>4</cat><percent>3.9653957</percent></prevalence><prevalence><age>79</age><sex>0</sex><cat>5</cat><percent>2.5507603</percent></prevalence><prevalence><age>79</age><sex>1</sex><cat>1</cat><percent>76.35827</percent></prevalence><prevalence><age>79</age><sex>1</sex><cat>2</cat><percent>21.286507</percent></prevalence><prevalence><age>79</age><sex>1</sex><cat>3</cat><percent>1.612891</percent></prevalence><prevalence><age>79</age><sex>1</sex><cat>4</cat><percent>0.7423308</percent></prevalence><prevalence><age>79</age><sex>1</sex><cat>5</cat><percent>0.0</percent></prevalence><prevalence><age>80</age><sex>0</sex><cat>1</cat><percent>37.176094</percent></prevalence><prevalence><age>80</age><sex>0</sex><cat>2</cat><percent>48.79923</percent></prevalence><prevalence><age>80</age><sex>0</sex><cat>3</cat><percent>7.6976624</percent></prevalence><prevalence><age>80</age><sex>0</sex><cat>4</cat><percent>3.8961387</percent></prevalence><prevalence><age>80</age><sex>0</sex><cat>5</cat><percent>2.4308743</percent></prevalence><prevalence><age>80</age><sex>1</sex><cat>1</cat><percent>77.615585</percent></prevalence><prevalence><age>80</age><sex>1</sex><cat>2</cat><percent>20.021797</percent></prevalence><prevalence><age>80</age><sex>1</sex><cat>3</cat><percent>1.6284821</percent></prevalence><prevalence><age>80</age><sex>1</sex><cat>4</cat><percent>0.7341333</percent></prevalence><prevalence><age>80</age><sex>1</sex><cat>5</cat><percent>0.0</percent></prevalence><prevalence><age>81</age><sex>0</sex><cat>1</cat><percent>39.27798</percent></prevalence><prevalence><age>81</age><sex>0</sex><cat>2</cat><percent>47.528774</percent></prevalence><prevalence><age>81</age><sex>0</sex><cat>3</cat><percent>7.0553765</percent></prevalence><prevalence><age>81</age><sex>0</sex><cat>4</cat><percent>3.8268814</percent></prevalence><prevalence><age>81</age><sex>0</sex><cat>5</cat><percent>2.3109887</percent></prevalence><prevalence><age>81</age><sex>1</sex><cat>1</cat><percent>78.87179</percent></prevalence><prevalence><age>81</age><sex>1</sex><cat>2</cat><percent>18.758211</percent></prevalence><prevalence><age>81</age><sex>1</sex><cat>3</cat><percent>1.6440595</percent></prevalence><prevalence><age>81</age><sex>1</sex><cat>4</cat><percent>0.7259431</percent></prevalence><prevalence><age>81</age><sex>1</sex><cat>5</cat><percent>0.0</percent></prevalence><prevalence><age>82</age><sex>0</sex><cat>1</cat><percent>41.379868</percent></prevalence><prevalence><age>82</age><sex>0</sex><cat>2</cat><percent>46.258316</percent></prevalence><prevalence><age>82</age><sex>0</sex><cat>3</cat><percent>6.4130907</percent></prevalence><prevalence><age>82</age><sex>0</sex><cat>4</cat><percent>3.7576244</percent></prevalence><prevalence><age>82</age><sex>0</sex><cat>5</cat><percent>2.191103</percent></prevalence><prevalence><age>82</age><sex>1</sex><cat>1</cat><percent>80.12688</percent></prevalence><prevalence><age>82</age><sex>1</sex><cat>2</cat><percent>17.495743</percent></prevalence><prevalence><age>82</age><sex>1</sex><cat>3</cat><percent>1.659623</percent></prevalence><prevalence><age>82</age><sex>1</sex><cat>4</cat><percent>0.7177601</percent></prevalence><prevalence><age>82</age><sex>1</sex><cat>5</cat><percent>0.0</percent></prevalence><prevalence><age>83</age><sex>0</sex><cat>1</cat><percent>43.48175</percent></prevalence><prevalence><age>83</age><sex>0</sex><cat>2</cat><percent>44.987858</percent></prevalence><prevalence><age>83</age><sex>0</sex><cat>3</cat><percent>5.770805</percent></prevalence><prevalence><age>83</age><sex>0</sex><cat>4</cat><percent>3.6883674</percent></prevalence><prevalence><age>83</age><sex>0</sex><cat>5</cat><percent>2.0712173</percent></prevalence><prevalence><age>83</age><sex>1</sex><cat>1</cat><percent>81.38085</percent></prevalence><prevalence><age>83</age><sex>1</sex><cat>2</cat><percent>16.234394</percent></prevalence><prevalence><age>83</age><sex>1</sex><cat>3</cat><percent>1.6751728</percent></prevalence><prevalence><age>83</age><sex>1</sex><cat>4</cat><percent>0.7095844</percent></prevalence><prevalence><age>83</age><sex>1</sex><cat>5</cat><percent>0.0</percent></prevalence><prevalence><age>84</age><sex>0</sex><cat>1</cat><percent>45.583637</percent></prevalence><prevalence><age>84</age><sex>0</sex><cat>2</cat><percent>43.7174</percent></prevalence><prevalence><age>84</age><sex>0</sex><cat>3</cat><percent>5.1285195</percent></prevalence><prevalence><age>84</age><sex>0</sex><cat>4</cat><percent>3.61911</percent></prevalence><prevalence><age>84</age><sex>0</sex><cat>5</cat><percent>1.9513316</percent></prevalence><prevalence><age>84</age><sex>1</sex><cat>1</cat><percent>82.63371</percent></prevalence><prevalence><age>84</age><sex>1</sex><cat>2</cat><percent>14.974161</percent></prevalence><prevalence><age>84</age><sex>1</sex><cat>3</cat><percent>1.6907088</percent></prevalence><prevalence><age>84</age><sex>1</sex><cat>4</cat><percent>0.7014159</percent></prevalence><prevalence><age>84</age><sex>1</sex><cat>5</cat><percent>0.0</percent></prevalence><prevalence><age>85</age><sex>0</sex><cat>1</cat><percent>47.685524</percent></prevalence><prevalence><age>85</age><sex>0</sex><cat>2</cat><percent>42.446945</percent></prevalence><prevalence><age>85</age><sex>0</sex><cat>3</cat><percent>4.4862337</percent></prevalence><prevalence><age>85</age><sex>0</sex><cat>4</cat><percent>3.549853</percent></prevalence><prevalence><age>85</age><sex>0</sex><cat>5</cat><percent>1.8314458</percent></prevalence><prevalence><age>85</age><sex>1</sex><cat>1</cat><percent>83.88547</percent></prevalence><prevalence><age>85</age><sex>1</sex><cat>2</cat><percent>13.715045</percent></prevalence><prevalence><age>85</age><sex>1</sex><cat>3</cat><percent>1.706231</percent></prevalence><prevalence><age>85</age><sex>1</sex><cat>4</cat><percent>0.6932546</percent></prevalence><prevalence><age>85</age><sex>1</sex><cat>5</cat><percent>0.0</percent></prevalence><prevalence><age>86</age><sex>0</sex><cat>1</cat><percent>47.685524</percent></prevalence><prevalence><age>86</age><sex>0</sex><cat>2</cat><percent>42.446945</percent></prevalence><prevalence><age>86</age><sex>0</sex><cat>3</cat><percent>4.4862337</percent></prevalence><prevalence><age>86</age><sex>0</sex><cat>4</cat><percent>3.549853</percent></prevalence><prevalence><age>86</age><sex>0</sex><cat>5</cat><percent>1.8314458</percent></prevalence><prevalence><age>86</age><sex>1</sex><cat>1</cat><percent>83.88547</percent></prevalence><prevalence><age>86</age><sex>1</sex><cat>2</cat><percent>13.715045</percent></prevalence><prevalence><age>86</age><sex>1</sex><cat>3</cat><percent>1.706231</percent></prevalence><prevalence><age>86</age><sex>1</sex><cat>4</cat><percent>0.6932546</percent></prevalence><prevalence><age>86</age><sex>1</sex><cat>5</cat><percent>0.0</percent></prevalence><prevalence><age>87</age><sex>0</sex><cat>1</cat><percent>47.685524</percent></prevalence><prevalence><age>87</age><sex>0</sex><cat>2</cat><percent>42.446945</percent></prevalence><prevalence><age>87</age><sex>0</sex><cat>3</cat><percent>4.4862337</percent></prevalence><prevalence><age>87</age><sex>0</sex><cat>4</cat><percent>3.549853</percent></prevalence><prevalence><age>87</age><sex>0</sex><cat>5</cat><percent>1.8314458</percent></prevalence><prevalence><age>87</age><sex>1</sex><cat>1</cat><percent>83.88547</percent></prevalence><prevalence><age>87</age><sex>1</sex><cat>2</cat><percent>13.715045</percent></prevalence><prevalence><age>87</age><sex>1</sex><cat>3</cat><percent>1.706231</percent></prevalence><prevalence><age>87</age><sex>1</sex><cat>4</cat><percent>0.6932546</percent></prevalence><prevalence><age>87</age><sex>1</sex><cat>5</cat><percent>0.0</percent></prevalence><prevalence><age>88</age><sex>0</sex><cat>1</cat><percent>47.685524</percent></prevalence><prevalence><age>88</age><sex>0</sex><cat>2</cat><percent>42.446945</percent></prevalence><prevalence><age>88</age><sex>0</sex><cat>3</cat><percent>4.4862337</percent></prevalence><prevalence><age>88</age><sex>0</sex><cat>4</cat><percent>3.549853</percent></prevalence><prevalence><age>88</age><sex>0</sex><cat>5</cat><percent>1.8314458</percent></prevalence><prevalence><age>88</age><sex>1</sex><cat>1</cat><percent>83.88547</percent></prevalence><prevalence><age>88</age><sex>1</sex><cat>2</cat><percent>13.715045</percent></prevalence><prevalence><age>88</age><sex>1</sex><cat>3</cat><percent>1.706231</percent></prevalence><prevalence><age>88</age><sex>1</sex><cat>4</cat><percent>0.6932546</percent></prevalence><prevalence><age>88</age><sex>1</sex><cat>5</cat><percent>0.0</percent></prevalence><prevalence><age>89</age><sex>0</sex><cat>1</cat><percent>47.685524</percent></prevalence><prevalence><age>89</age><sex>0</sex><cat>2</cat><percent>42.446945</percent></prevalence><prevalence><age>89</age><sex>0</sex><cat>3</cat><percent>4.4862337</percent></prevalence><prevalence><age>89</age><sex>0</sex><cat>4</cat><percent>3.549853</percent></prevalence><prevalence><age>89</age><sex>0</sex><cat>5</cat><percent>1.8314458</percent></prevalence><prevalence><age>89</age><sex>1</sex><cat>1</cat><percent>83.88547</percent></prevalence><prevalence><age>89</age><sex>1</sex><cat>2</cat><percent>13.715045</percent></prevalence><prevalence><age>89</age><sex>1</sex><cat>3</cat><percent>1.706231</percent></prevalence><prevalence><age>89</age><sex>1</sex><cat>4</cat><percent>0.6932546</percent></prevalence><prevalence><age>89</age><sex>1</sex><cat>5</cat><percent>0.0</percent></prevalence><prevalence><age>90</age><sex>0</sex><cat>1</cat><percent>47.685524</percent></prevalence><prevalence><age>90</age><sex>0</sex><cat>2</cat><percent>42.446945</percent></prevalence><prevalence><age>90</age><sex>0</sex><cat>3</cat><percent>4.4862337</percent></prevalence><prevalence><age>90</age><sex>0</sex><cat>4</cat><percent>3.549853</percent></prevalence><prevalence><age>90</age><sex>0</sex><cat>5</cat><percent>1.8314458</percent></prevalence><prevalence><age>90</age><sex>1</sex><cat>1</cat><percent>83.88547</percent></prevalence><prevalence><age>90</age><sex>1</sex><cat>2</cat><percent>13.715045</percent></prevalence><prevalence><age>90</age><sex>1</sex><cat>3</cat><percent>1.706231</percent></prevalence><prevalence><age>90</age><sex>1</sex><cat>4</cat><percent>0.6932546</percent></prevalence><prevalence><age>90</age><sex>1</sex><cat>5</cat><percent>0.0</percent></prevalence><prevalence><age>91</age><sex>0</sex><cat>1</cat><percent>47.685524</percent></prevalence><prevalence><age>91</age><sex>0</sex><cat>2</cat><percent>42.446945</percent></prevalence><prevalence><age>91</age><sex>0</sex><cat>3</cat><percent>4.4862337</percent></prevalence><prevalence><age>91</age><sex>0</sex><cat>4</cat><percent>3.549853</percent></prevalence><prevalence><age>91</age><sex>0</sex><cat>5</cat><percent>1.8314458</percent></prevalence><prevalence><age>91</age><sex>1</sex><cat>1</cat><percent>83.88547</percent></prevalence><prevalence><age>91</age><sex>1</sex><cat>2</cat><percent>13.715045</percent></prevalence><prevalence><age>91</age><sex>1</sex><cat>3</cat><percent>1.706231</percent></prevalence><prevalence><age>91</age><sex>1</sex><cat>4</cat><percent>0.6932546</percent></prevalence><prevalence><age>91</age><sex>1</sex><cat>5</cat><percent>0.0</percent></prevalence><prevalence><age>92</age><sex>0</sex><cat>1</cat><percent>47.685524</percent></prevalence><prevalence><age>92</age><sex>0</sex><cat>2</cat><percent>42.446945</percent></prevalence><prevalence><age>92</age><sex>0</sex><cat>3</cat><percent>4.4862337</percent></prevalence><prevalence><age>92</age><sex>0</sex><cat>4</cat><percent>3.549853</percent></prevalence><prevalence><age>92</age><sex>0</sex><cat>5</cat><percent>1.8314458</percent></prevalence><prevalence><age>92</age><sex>1</sex><cat>1</cat><percent>83.88547</percent></prevalence><prevalence><age>92</age><sex>1</sex><cat>2</cat><percent>13.715045</percent></prevalence><prevalence><age>92</age><sex>1</sex><cat>3</cat><percent>1.706231</percent></prevalence><prevalence><age>92</age><sex>1</sex><cat>4</cat><percent>0.6932546</percent></prevalence><prevalence><age>92</age><sex>1</sex><cat>5</cat><percent>0.0</percent></prevalence><prevalence><age>93</age><sex>0</sex><cat>1</cat><percent>47.685524</percent></prevalence><prevalence><age>93</age><sex>0</sex><cat>2</cat><percent>42.446945</percent></prevalence><prevalence><age>93</age><sex>0</sex><cat>3</cat><percent>4.4862337</percent></prevalence><prevalence><age>93</age><sex>0</sex><cat>4</cat><percent>3.549853</percent></prevalence><prevalence><age>93</age><sex>0</sex><cat>5</cat><percent>1.8314458</percent></prevalence><prevalence><age>93</age><sex>1</sex><cat>1</cat><percent>83.88547</percent></prevalence><prevalence><age>93</age><sex>1</sex><cat>2</cat><percent>13.715045</percent></prevalence><prevalence><age>93</age><sex>1</sex><cat>3</cat><percent>1.706231</percent></prevalence><prevalence><age>93</age><sex>1</sex><cat>4</cat><percent>0.6932546</percent></prevalence><prevalence><age>93</age><sex>1</sex><cat>5</cat><percent>0.0</percent></prevalence><prevalence><age>94</age><sex>0</sex><cat>1</cat><percent>47.685524</percent></prevalence><prevalence><age>94</age><sex>0</sex><cat>2</cat><percent>42.446945</percent></prevalence><prevalence><age>94</age><sex>0</sex><cat>3</cat><percent>4.4862337</percent></prevalence><prevalence><age>94</age><sex>0</sex><cat>4</cat><percent>3.549853</percent></prevalence><prevalence><age>94</age><sex>0</sex><cat>5</cat><percent>1.8314458</percent></prevalence><prevalence><age>94</age><sex>1</sex><cat>1</cat><percent>83.88547</percent></prevalence><prevalence><age>94</age><sex>1</sex><cat>2</cat><percent>13.715045</percent></prevalence><prevalence><age>94</age><sex>1</sex><cat>3</cat><percent>1.706231</percent></prevalence><prevalence><age>94</age><sex>1</sex><cat>4</cat><percent>0.6932546</percent></prevalence><prevalence><age>94</age><sex>1</sex><cat>5</cat><percent>0.0</percent></prevalence><prevalence><age>95</age><sex>0</sex><cat>1</cat><percent>47.685524</percent></prevalence><prevalence><age>95</age><sex>0</sex><cat>2</cat><percent>42.446945</percent></prevalence><prevalence><age>95</age><sex>0</sex><cat>3</cat><percent>4.4862337</percent></prevalence><prevalence><age>95</age><sex>0</sex><cat>4</cat><percent>3.549853</percent></prevalence><prevalence><age>95</age><sex>0</sex><cat>5</cat><percent>1.8314458</percent></prevalence><prevalence><age>95</age><sex>1</sex><cat>1</cat><percent>83.88547</percent></prevalence><prevalence><age>95</age><sex>1</sex><cat>2</cat><percent>13.715045</percent></prevalence><prevalence><age>95</age><sex>1</sex><cat>3</cat><percent>1.706231</percent></prevalence><prevalence><age>95</age><sex>1</sex><cat>4</cat><percent>0.6932546</percent></prevalence><prevalence><age>95</age><sex>1</sex><cat>5</cat><percent>0.0</percent></prevalence></riskfactorprevalences_categorical>