<?xml version="1.0" encoding="UTF-8" standalone="no"?><sim><lb/><timestep>1</timestep><runmode>longitudinal</runmode><stepsbetweensaves>1</stepsbetweensaves><stepsinrun>10</stepsinrun><stoppingcondition/><pop>C:\DYNAMO-HIA\Tutorial_Data\Simulations\SimulationName\modelconfiguration\population.xml</pop><updaterules><updaterule><characteristicid>1</characteristicid><classname>nl.rivm.emi.cdm.rules.update.dynamo.AgeOneToOneUpdateRule</classname></updaterule><updaterule><characteristicid>2</characteristicid><classname>nl.rivm.emi.cdm.rules.update.dynamo.SexOneToOneUpdateRule</classname></updaterule><updaterule><characteristicid>3</characteristicid><classname>nl.rivm.emi.cdm.rules.update.dynamo.CategoricalRiskFactorMultiToOneUpdateRule</classname><configurationfile>C:\DYNAMO-HIA\Tutorial_Data\Simulations\SimulationName\modelconfiguration\rule3.xml</configurationfile></updaterule><updaterule><characteristicid>4</characteristicid><classname>nl.rivm.emi.cdm.rules.update.dynamo.HealthStateCatManyToManyUpdateRule</classname><configurationfile>C:\DYNAMO-HIA\Tutorial_Data\Simulations\SimulationName\modelconfiguration\rule4.xml</configurationfile></updaterule></updaterules></sim>