<?xml version="1.0"?><diseaseprevalences><prevalence><age>0</age><sex>0</sex><percent>0.0</percent></prevalence><prevalence><age>0</age><sex>1</sex><percent>0.0</percent></prevalence><prevalence><age>1</age><sex>0</sex><percent>0.0</percent></prevalence><prevalence><age>1</age><sex>1</sex><percent>0.0</percent></prevalence><prevalence><age>2</age><sex>0</sex><percent>0.0</percent></prevalence><prevalence><age>2</age><sex>1</sex><percent>0.0</percent></prevalence><prevalence><age>3</age><sex>0</sex><percent>0.0</percent></prevalence><prevalence><age>3</age><sex>1</sex><percent>0.0</percent></prevalence><prevalence><age>4</age><sex>0</sex><percent>0.0</percent></prevalence><prevalence><age>4</age><sex>1</sex><percent>0.0</percent></prevalence><prevalence><age>5</age><sex>0</sex><percent>0.0</percent></prevalence><prevalence><age>5</age><sex>1</sex><percent>0.0</percent></prevalence><prevalence><age>6</age><sex>0</sex><percent>0.0</percent></prevalence><prevalence><age>6</age><sex>1</sex><percent>0.0</percent></prevalence><prevalence><age>7</age><sex>0</sex><percent>0.0</percent></prevalence><prevalence><age>7</age><sex>1</sex><percent>0.0</percent></prevalence><prevalence><age>8</age><sex>0</sex><percent>0.0</percent></prevalence><prevalence><age>8</age><sex>1</sex><percent>0.0</percent></prevalence><prevalence><age>9</age><sex>0</sex><percent>0.0</percent></prevalence><prevalence><age>9</age><sex>1</sex><percent>0.0</percent></prevalence><prevalence><age>10</age><sex>0</sex><percent>0.0</percent></prevalence><prevalence><age>10</age><sex>1</sex><percent>0.0</percent></prevalence><prevalence><age>11</age><sex>0</sex><percent>0.0</percent></prevalence><prevalence><age>11</age><sex>1</sex><percent>0.0</percent></prevalence><prevalence><age>12</age><sex>0</sex><percent>0.0</percent></prevalence><prevalence><age>12</age><sex>1</sex><percent>0.0</percent></prevalence><prevalence><age>13</age><sex>0</sex><percent>0.0</percent></prevalence><prevalence><age>13</age><sex>1</sex><percent>0.0</percent></prevalence><prevalence><age>14</age><sex>0</sex><percent>0.0</percent></prevalence><prevalence><age>14</age><sex>1</sex><percent>0.0</percent></prevalence><prevalence><age>15</age><sex>0</sex><percent>1.1E-4</percent></prevalence><prevalence><age>15</age><sex>1</sex><percent>6.1E-4</percent></prevalence><prevalence><age>16</age><sex>0</sex><percent>1.8E-4</percent></prevalence><prevalence><age>16</age><sex>1</sex><percent>6.8E-4</percent></prevalence><prevalence><age>17</age><sex>0</sex><percent>2.7E-4</percent></prevalence><prevalence><age>17</age><sex>1</sex><percent>7.7E-4</percent></prevalence><prevalence><age>18</age><sex>0</sex><percent>3.7E-4</percent></prevalence><prevalence><age>18</age><sex>1</sex><percent>8.8E-4</percent></prevalence><prevalence><age>19</age><sex>0</sex><percent>4.6E-4</percent></prevalence><prevalence><age>19</age><sex>1</sex><percent>0.00101</percent></prevalence><prevalence><age>20</age><sex>0</sex><percent>5.5E-4</percent></prevalence><prevalence><age>20</age><sex>1</sex><percent>0.00116</percent></prevalence><prevalence><age>21</age><sex>0</sex><percent>6.2E-4</percent></prevalence><prevalence><age>21</age><sex>1</sex><percent>0.00133</percent></prevalence><prevalence><age>22</age><sex>0</sex><percent>6.7E-4</percent></prevalence><prevalence><age>22</age><sex>1</sex><percent>0.00152</percent></prevalence><prevalence><age>23</age><sex>0</sex><percent>7.1E-4</percent></prevalence><prevalence><age>23</age><sex>1</sex><percent>0.0017</percent></prevalence><prevalence><age>24</age><sex>0</sex><percent>7.6E-4</percent></prevalence><prevalence><age>24</age><sex>1</sex><percent>0.00188</percent></prevalence><prevalence><age>25</age><sex>0</sex><percent>8.0E-4</percent></prevalence><prevalence><age>25</age><sex>1</sex><percent>0.00203</percent></prevalence><prevalence><age>26</age><sex>0</sex><percent>8.6E-4</percent></prevalence><prevalence><age>26</age><sex>1</sex><percent>0.00219</percent></prevalence><prevalence><age>27</age><sex>0</sex><percent>9.1E-4</percent></prevalence><prevalence><age>27</age><sex>1</sex><percent>0.00236</percent></prevalence><prevalence><age>28</age><sex>0</sex><percent>9.7E-4</percent></prevalence><prevalence><age>28</age><sex>1</sex><percent>0.00258</percent></prevalence><prevalence><age>29</age><sex>0</sex><percent>0.00103</percent></prevalence><prevalence><age>29</age><sex>1</sex><percent>0.00288</percent></prevalence><prevalence><age>30</age><sex>0</sex><percent>0.00112</percent></prevalence><prevalence><age>30</age><sex>1</sex><percent>0.00329</percent></prevalence><prevalence><age>31</age><sex>0</sex><percent>0.00127</percent></prevalence><prevalence><age>31</age><sex>1</sex><percent>0.0038</percent></prevalence><prevalence><age>32</age><sex>0</sex><percent>0.00149</percent></prevalence><prevalence><age>32</age><sex>1</sex><percent>0.00438</percent></prevalence><prevalence><age>33</age><sex>0</sex><percent>0.0018</percent></prevalence><prevalence><age>33</age><sex>1</sex><percent>0.00497</percent></prevalence><prevalence><age>34</age><sex>0</sex><percent>0.0022</percent></prevalence><prevalence><age>34</age><sex>1</sex><percent>0.00552</percent></prevalence><prevalence><age>35</age><sex>0</sex><percent>0.0027</percent></prevalence><prevalence><age>35</age><sex>1</sex><percent>0.00598</percent></prevalence><prevalence><age>36</age><sex>0</sex><percent>0.00331</percent></prevalence><prevalence><age>36</age><sex>1</sex><percent>0.00637</percent></prevalence><prevalence><age>37</age><sex>0</sex><percent>0.00405</percent></prevalence><prevalence><age>37</age><sex>1</sex><percent>0.00673</percent></prevalence><prevalence><age>38</age><sex>0</sex><percent>0.00499</percent></prevalence><prevalence><age>38</age><sex>1</sex><percent>0.00714</percent></prevalence><prevalence><age>39</age><sex>0</sex><percent>0.0062</percent></prevalence><prevalence><age>39</age><sex>1</sex><percent>0.00767</percent></prevalence><prevalence><age>40</age><sex>0</sex><percent>0.00775</percent></prevalence><prevalence><age>40</age><sex>1</sex><percent>0.00834</percent></prevalence><prevalence><age>41</age><sex>0</sex><percent>0.00975</percent></prevalence><prevalence><age>41</age><sex>1</sex><percent>0.0092</percent></prevalence><prevalence><age>42</age><sex>0</sex><percent>0.01226</percent></prevalence><prevalence><age>42</age><sex>1</sex><percent>0.01024</percent></prevalence><prevalence><age>43</age><sex>0</sex><percent>0.01537</percent></prevalence><prevalence><age>43</age><sex>1</sex><percent>0.01148</percent></prevalence><prevalence><age>44</age><sex>0</sex><percent>0.01911</percent></prevalence><prevalence><age>44</age><sex>1</sex><percent>0.01291</percent></prevalence><prevalence><age>45</age><sex>0</sex><percent>0.02356</percent></prevalence><prevalence><age>45</age><sex>1</sex><percent>0.01451</percent></prevalence><prevalence><age>46</age><sex>0</sex><percent>0.02879</percent></prevalence><prevalence><age>46</age><sex>1</sex><percent>0.01626</percent></prevalence><prevalence><age>47</age><sex>0</sex><percent>0.03486</percent></prevalence><prevalence><age>47</age><sex>1</sex><percent>0.01812</percent></prevalence><prevalence><age>48</age><sex>0</sex><percent>0.04185</percent></prevalence><prevalence><age>48</age><sex>1</sex><percent>0.02009</percent></prevalence><prevalence><age>49</age><sex>0</sex><percent>0.04984</percent></prevalence><prevalence><age>49</age><sex>1</sex><percent>0.02218</percent></prevalence><prevalence><age>50</age><sex>0</sex><percent>0.0589</percent></prevalence><prevalence><age>50</age><sex>1</sex><percent>0.02443</percent></prevalence><prevalence><age>51</age><sex>0</sex><percent>0.0691</percent></prevalence><prevalence><age>51</age><sex>1</sex><percent>0.0269</percent></prevalence><prevalence><age>52</age><sex>0</sex><percent>0.08051</percent></prevalence><prevalence><age>52</age><sex>1</sex><percent>0.02965</percent></prevalence><prevalence><age>53</age><sex>0</sex><percent>0.09325</percent></prevalence><prevalence><age>53</age><sex>1</sex><percent>0.03272</percent></prevalence><prevalence><age>54</age><sex>0</sex><percent>0.10737</percent></prevalence><prevalence><age>54</age><sex>1</sex><percent>0.03609</percent></prevalence><prevalence><age>55</age><sex>0</sex><percent>0.12287</percent></prevalence><prevalence><age>55</age><sex>1</sex><percent>0.03969</percent></prevalence><prevalence><age>56</age><sex>0</sex><percent>0.13968</percent></prevalence><prevalence><age>56</age><sex>1</sex><percent>0.04343</percent></prevalence><prevalence><age>57</age><sex>0</sex><percent>0.1577</percent></prevalence><prevalence><age>57</age><sex>1</sex><percent>0.04721</percent></prevalence><prevalence><age>58</age><sex>0</sex><percent>0.1768</percent></prevalence><prevalence><age>58</age><sex>1</sex><percent>0.05094</percent></prevalence><prevalence><age>59</age><sex>0</sex><percent>0.19699</percent></prevalence><prevalence><age>59</age><sex>1</sex><percent>0.05462</percent></prevalence><prevalence><age>60</age><sex>0</sex><percent>0.21846</percent></prevalence><prevalence><age>60</age><sex>1</sex><percent>0.05828</percent></prevalence><prevalence><age>61</age><sex>0</sex><percent>0.24149</percent></prevalence><prevalence><age>61</age><sex>1</sex><percent>0.06202</percent></prevalence><prevalence><age>62</age><sex>0</sex><percent>0.26633</percent></prevalence><prevalence><age>62</age><sex>1</sex><percent>0.06591</percent></prevalence><prevalence><age>63</age><sex>0</sex><percent>0.29318</percent></prevalence><prevalence><age>63</age><sex>1</sex><percent>0.07003</percent></prevalence><prevalence><age>64</age><sex>0</sex><percent>0.32198</percent></prevalence><prevalence><age>64</age><sex>1</sex><percent>0.07435</percent></prevalence><prevalence><age>65</age><sex>0</sex><percent>0.35244</percent></prevalence><prevalence><age>65</age><sex>1</sex><percent>0.07874</percent></prevalence><prevalence><age>66</age><sex>0</sex><percent>0.38425</percent></prevalence><prevalence><age>66</age><sex>1</sex><percent>0.08305</percent></prevalence><prevalence><age>67</age><sex>0</sex><percent>0.41727</percent></prevalence><prevalence><age>67</age><sex>1</sex><percent>0.08715</percent></prevalence><prevalence><age>68</age><sex>0</sex><percent>0.45155</percent></prevalence><prevalence><age>68</age><sex>1</sex><percent>0.09094</percent></prevalence><prevalence><age>69</age><sex>0</sex><percent>0.4872</percent></prevalence><prevalence><age>69</age><sex>1</sex><percent>0.09441</percent></prevalence><prevalence><age>70</age><sex>0</sex><percent>0.52427</percent></prevalence><prevalence><age>70</age><sex>1</sex><percent>0.09761</percent></prevalence><prevalence><age>71</age><sex>0</sex><percent>0.56263</percent></prevalence><prevalence><age>71</age><sex>1</sex><percent>0.10063</percent></prevalence><prevalence><age>72</age><sex>0</sex><percent>0.60193</percent></prevalence><prevalence><age>72</age><sex>1</sex><percent>0.10353</percent></prevalence><prevalence><age>73</age><sex>0</sex><percent>0.64153</percent></prevalence><prevalence><age>73</age><sex>1</sex><percent>0.10634</percent></prevalence><prevalence><age>74</age><sex>0</sex><percent>0.68042</percent></prevalence><prevalence><age>74</age><sex>1</sex><percent>0.10899</percent></prevalence><prevalence><age>75</age><sex>0</sex><percent>0.71728</percent></prevalence><prevalence><age>75</age><sex>1</sex><percent>0.11124</percent></prevalence><prevalence><age>76</age><sex>0</sex><percent>0.75064</percent></prevalence><prevalence><age>76</age><sex>1</sex><percent>0.1128</percent></prevalence><prevalence><age>77</age><sex>0</sex><percent>0.77898</percent></prevalence><prevalence><age>77</age><sex>1</sex><percent>0.11332</percent></prevalence><prevalence><age>78</age><sex>0</sex><percent>0.80097</percent></prevalence><prevalence><age>78</age><sex>1</sex><percent>0.1125</percent></prevalence><prevalence><age>79</age><sex>0</sex><percent>0.81617</percent></prevalence><prevalence><age>79</age><sex>1</sex><percent>0.11023</percent></prevalence><prevalence><age>80</age><sex>0</sex><percent>0.82533</percent></prevalence><prevalence><age>80</age><sex>1</sex><percent>0.1067</percent></prevalence><prevalence><age>81</age><sex>0</sex><percent>0.82986</percent></prevalence><prevalence><age>81</age><sex>1</sex><percent>0.10228</percent></prevalence><prevalence><age>82</age><sex>0</sex><percent>0.83148</percent></prevalence><prevalence><age>82</age><sex>1</sex><percent>0.09743</percent></prevalence><prevalence><age>83</age><sex>0</sex><percent>0.83195</percent></prevalence><prevalence><age>83</age><sex>1</sex><percent>0.09264</percent></prevalence><prevalence><age>84</age><sex>0</sex><percent>0.83263</percent></prevalence><prevalence><age>84</age><sex>1</sex><percent>0.08829</percent></prevalence><prevalence><age>85</age><sex>0</sex><percent>0.83436</percent></prevalence><prevalence><age>85</age><sex>1</sex><percent>0.08458</percent></prevalence><prevalence><age>86</age><sex>0</sex><percent>0.83769</percent></prevalence><prevalence><age>86</age><sex>1</sex><percent>0.0816</percent></prevalence><prevalence><age>87</age><sex>0</sex><percent>0.84307</percent></prevalence><prevalence><age>87</age><sex>1</sex><percent>0.07934</percent></prevalence><prevalence><age>88</age><sex>0</sex><percent>0.85074</percent></prevalence><prevalence><age>88</age><sex>1</sex><percent>0.07775</percent></prevalence><prevalence><age>89</age><sex>0</sex><percent>0.85998</percent></prevalence><prevalence><age>89</age><sex>1</sex><percent>0.07664</percent></prevalence><prevalence><age>90</age><sex>0</sex><percent>0.86878</percent></prevalence><prevalence><age>90</age><sex>1</sex><percent>0.07568</percent></prevalence><prevalence><age>91</age><sex>0</sex><percent>0.87429</percent></prevalence><prevalence><age>91</age><sex>1</sex><percent>0.07449</percent></prevalence><prevalence><age>92</age><sex>0</sex><percent>0.87331</percent></prevalence><prevalence><age>92</age><sex>1</sex><percent>0.07269</percent></prevalence><prevalence><age>93</age><sex>0</sex><percent>0.86282</percent></prevalence><prevalence><age>93</age><sex>1</sex><percent>0.06998</percent></prevalence><prevalence><age>94</age><sex>0</sex><percent>0.84154</percent></prevalence><prevalence><age>94</age><sex>1</sex><percent>0.06632</percent></prevalence><prevalence><age>95</age><sex>0</sex><percent>0.75491</percent></prevalence><prevalence><age>95</age><sex>1</sex><percent>0.0553</percent></prevalence></diseaseprevalences>