<?xml version="1.0"?><diseaseprevalences><prevalence><age>0</age><sex>0</sex><percent>0.0</percent></prevalence><prevalence><age>0</age><sex>1</sex><percent>0.0</percent></prevalence><prevalence><age>1</age><sex>0</sex><percent>0.0</percent></prevalence><prevalence><age>1</age><sex>1</sex><percent>0.0</percent></prevalence><prevalence><age>2</age><sex>0</sex><percent>0.0</percent></prevalence><prevalence><age>2</age><sex>1</sex><percent>0.0</percent></prevalence><prevalence><age>3</age><sex>0</sex><percent>0.0</percent></prevalence><prevalence><age>3</age><sex>1</sex><percent>0.0</percent></prevalence><prevalence><age>4</age><sex>0</sex><percent>0.0</percent></prevalence><prevalence><age>4</age><sex>1</sex><percent>0.0</percent></prevalence><prevalence><age>5</age><sex>0</sex><percent>0.0</percent></prevalence><prevalence><age>5</age><sex>1</sex><percent>0.0</percent></prevalence><prevalence><age>6</age><sex>0</sex><percent>0.0</percent></prevalence><prevalence><age>6</age><sex>1</sex><percent>0.0</percent></prevalence><prevalence><age>7</age><sex>0</sex><percent>0.0</percent></prevalence><prevalence><age>7</age><sex>1</sex><percent>0.0</percent></prevalence><prevalence><age>8</age><sex>0</sex><percent>0.0</percent></prevalence><prevalence><age>8</age><sex>1</sex><percent>0.0</percent></prevalence><prevalence><age>9</age><sex>0</sex><percent>0.0</percent></prevalence><prevalence><age>9</age><sex>1</sex><percent>0.0</percent></prevalence><prevalence><age>10</age><sex>0</sex><percent>0.0</percent></prevalence><prevalence><age>10</age><sex>1</sex><percent>0.0</percent></prevalence><prevalence><age>11</age><sex>0</sex><percent>0.0</percent></prevalence><prevalence><age>11</age><sex>1</sex><percent>0.0</percent></prevalence><prevalence><age>12</age><sex>0</sex><percent>0.0</percent></prevalence><prevalence><age>12</age><sex>1</sex><percent>0.0</percent></prevalence><prevalence><age>13</age><sex>0</sex><percent>0.0</percent></prevalence><prevalence><age>13</age><sex>1</sex><percent>0.0</percent></prevalence><prevalence><age>14</age><sex>0</sex><percent>0.0</percent></prevalence><prevalence><age>14</age><sex>1</sex><percent>0.0</percent></prevalence><prevalence><age>15</age><sex>0</sex><percent>1.4E-4</percent></prevalence><prevalence><age>15</age><sex>1</sex><percent>6.7E-4</percent></prevalence><prevalence><age>16</age><sex>0</sex><percent>1.6E-4</percent></prevalence><prevalence><age>16</age><sex>1</sex><percent>7.3E-4</percent></prevalence><prevalence><age>17</age><sex>0</sex><percent>1.9E-4</percent></prevalence><prevalence><age>17</age><sex>1</sex><percent>8.1E-4</percent></prevalence><prevalence><age>18</age><sex>0</sex><percent>2.2E-4</percent></prevalence><prevalence><age>18</age><sex>1</sex><percent>9.1E-4</percent></prevalence><prevalence><age>19</age><sex>0</sex><percent>2.6E-4</percent></prevalence><prevalence><age>19</age><sex>1</sex><percent>0.00102</percent></prevalence><prevalence><age>20</age><sex>0</sex><percent>3.1E-4</percent></prevalence><prevalence><age>20</age><sex>1</sex><percent>0.00113</percent></prevalence><prevalence><age>21</age><sex>0</sex><percent>3.7E-4</percent></prevalence><prevalence><age>21</age><sex>1</sex><percent>0.00124</percent></prevalence><prevalence><age>22</age><sex>0</sex><percent>4.5E-4</percent></prevalence><prevalence><age>22</age><sex>1</sex><percent>0.00132</percent></prevalence><prevalence><age>23</age><sex>0</sex><percent>5.6E-4</percent></prevalence><prevalence><age>23</age><sex>1</sex><percent>0.00136</percent></prevalence><prevalence><age>24</age><sex>0</sex><percent>7.2E-4</percent></prevalence><prevalence><age>24</age><sex>1</sex><percent>0.00134</percent></prevalence><prevalence><age>25</age><sex>0</sex><percent>9.5E-4</percent></prevalence><prevalence><age>25</age><sex>1</sex><percent>0.0013</percent></prevalence><prevalence><age>26</age><sex>0</sex><percent>0.00126</percent></prevalence><prevalence><age>26</age><sex>1</sex><percent>0.00124</percent></prevalence><prevalence><age>27</age><sex>0</sex><percent>0.00165</percent></prevalence><prevalence><age>27</age><sex>1</sex><percent>0.00121</percent></prevalence><prevalence><age>28</age><sex>0</sex><percent>0.0021</percent></prevalence><prevalence><age>28</age><sex>1</sex><percent>0.00122</percent></prevalence><prevalence><age>29</age><sex>0</sex><percent>0.00256</percent></prevalence><prevalence><age>29</age><sex>1</sex><percent>0.0013</percent></prevalence><prevalence><age>30</age><sex>0</sex><percent>0.00299</percent></prevalence><prevalence><age>30</age><sex>1</sex><percent>0.00147</percent></prevalence><prevalence><age>31</age><sex>0</sex><percent>0.00341</percent></prevalence><prevalence><age>31</age><sex>1</sex><percent>0.00176</percent></prevalence><prevalence><age>32</age><sex>0</sex><percent>0.00387</percent></prevalence><prevalence><age>32</age><sex>1</sex><percent>0.00221</percent></prevalence><prevalence><age>33</age><sex>0</sex><percent>0.00446</percent></prevalence><prevalence><age>33</age><sex>1</sex><percent>0.0028</percent></prevalence><prevalence><age>34</age><sex>0</sex><percent>0.0053</percent></prevalence><prevalence><age>34</age><sex>1</sex><percent>0.00346</percent></prevalence><prevalence><age>35</age><sex>0</sex><percent>0.00649</percent></prevalence><prevalence><age>35</age><sex>1</sex><percent>0.00409</percent></prevalence><prevalence><age>36</age><sex>0</sex><percent>0.00815</percent></prevalence><prevalence><age>36</age><sex>1</sex><percent>0.00464</percent></prevalence><prevalence><age>37</age><sex>0</sex><percent>0.01042</percent></prevalence><prevalence><age>37</age><sex>1</sex><percent>0.00511</percent></prevalence><prevalence><age>38</age><sex>0</sex><percent>0.01347</percent></prevalence><prevalence><age>38</age><sex>1</sex><percent>0.00559</percent></prevalence><prevalence><age>39</age><sex>0</sex><percent>0.01745</percent></prevalence><prevalence><age>39</age><sex>1</sex><percent>0.00618</percent></prevalence><prevalence><age>40</age><sex>0</sex><percent>0.02251</percent></prevalence><prevalence><age>40</age><sex>1</sex><percent>0.00699</percent></prevalence><prevalence><age>41</age><sex>0</sex><percent>0.02875</percent></prevalence><prevalence><age>41</age><sex>1</sex><percent>0.00809</percent></prevalence><prevalence><age>42</age><sex>0</sex><percent>0.03622</percent></prevalence><prevalence><age>42</age><sex>1</sex><percent>0.00954</percent></prevalence><prevalence><age>43</age><sex>0</sex><percent>0.04485</percent></prevalence><prevalence><age>43</age><sex>1</sex><percent>0.0113</percent></prevalence><prevalence><age>44</age><sex>0</sex><percent>0.05456</percent></prevalence><prevalence><age>44</age><sex>1</sex><percent>0.01324</percent></prevalence><prevalence><age>45</age><sex>0</sex><percent>0.06536</percent></prevalence><prevalence><age>45</age><sex>1</sex><percent>0.01521</percent></prevalence><prevalence><age>46</age><sex>0</sex><percent>0.0774</percent></prevalence><prevalence><age>46</age><sex>1</sex><percent>0.01708</percent></prevalence><prevalence><age>47</age><sex>0</sex><percent>0.09094</percent></prevalence><prevalence><age>47</age><sex>1</sex><percent>0.01877</percent></prevalence><prevalence><age>48</age><sex>0</sex><percent>0.1064</percent></prevalence><prevalence><age>48</age><sex>1</sex><percent>0.02035</percent></prevalence><prevalence><age>49</age><sex>0</sex><percent>0.12413</percent></prevalence><prevalence><age>49</age><sex>1</sex><percent>0.02189</percent></prevalence><prevalence><age>50</age><sex>0</sex><percent>0.14432</percent></prevalence><prevalence><age>50</age><sex>1</sex><percent>0.02342</percent></prevalence><prevalence><age>51</age><sex>0</sex><percent>0.16707</percent></prevalence><prevalence><age>51</age><sex>1</sex><percent>0.02492</percent></prevalence><prevalence><age>52</age><sex>0</sex><percent>0.19245</percent></prevalence><prevalence><age>52</age><sex>1</sex><percent>0.02631</percent></prevalence><prevalence><age>53</age><sex>0</sex><percent>0.22057</percent></prevalence><prevalence><age>53</age><sex>1</sex><percent>0.02749</percent></prevalence><prevalence><age>54</age><sex>0</sex><percent>0.25161</percent></prevalence><prevalence><age>54</age><sex>1</sex><percent>0.02842</percent></prevalence><prevalence><age>55</age><sex>0</sex><percent>0.2858</percent></prevalence><prevalence><age>55</age><sex>1</sex><percent>0.02915</percent></prevalence><prevalence><age>56</age><sex>0</sex><percent>0.32331</percent></prevalence><prevalence><age>56</age><sex>1</sex><percent>0.02985</percent></prevalence><prevalence><age>57</age><sex>0</sex><percent>0.36414</percent></prevalence><prevalence><age>57</age><sex>1</sex><percent>0.03072</percent></prevalence><prevalence><age>58</age><sex>0</sex><percent>0.40802</percent></prevalence><prevalence><age>58</age><sex>1</sex><percent>0.03199</percent></prevalence><prevalence><age>59</age><sex>0</sex><percent>0.45436</percent></prevalence><prevalence><age>59</age><sex>1</sex><percent>0.03379</percent></prevalence><prevalence><age>60</age><sex>0</sex><percent>0.50235</percent></prevalence><prevalence><age>60</age><sex>1</sex><percent>0.03615</percent></prevalence><prevalence><age>61</age><sex>0</sex><percent>0.55105</percent></prevalence><prevalence><age>61</age><sex>1</sex><percent>0.03899</percent></prevalence><prevalence><age>62</age><sex>0</sex><percent>0.59946</percent></prevalence><prevalence><age>62</age><sex>1</sex><percent>0.04218</percent></prevalence><prevalence><age>63</age><sex>0</sex><percent>0.64661</percent></prevalence><prevalence><age>63</age><sex>1</sex><percent>0.04549</percent></prevalence><prevalence><age>64</age><sex>0</sex><percent>0.69179</percent></prevalence><prevalence><age>64</age><sex>1</sex><percent>0.04871</percent></prevalence><prevalence><age>65</age><sex>0</sex><percent>0.7347</percent></prevalence><prevalence><age>65</age><sex>1</sex><percent>0.05173</percent></prevalence><prevalence><age>66</age><sex>0</sex><percent>0.77542</percent></prevalence><prevalence><age>66</age><sex>1</sex><percent>0.05452</percent></prevalence><prevalence><age>67</age><sex>0</sex><percent>0.81438</percent></prevalence><prevalence><age>67</age><sex>1</sex><percent>0.05714</percent></prevalence><prevalence><age>68</age><sex>0</sex><percent>0.85227</percent></prevalence><prevalence><age>68</age><sex>1</sex><percent>0.0597</percent></prevalence><prevalence><age>69</age><sex>0</sex><percent>0.88976</percent></prevalence><prevalence><age>69</age><sex>1</sex><percent>0.06231</percent></prevalence><prevalence><age>70</age><sex>0</sex><percent>0.92726</percent></prevalence><prevalence><age>70</age><sex>1</sex><percent>0.06504</percent></prevalence><prevalence><age>71</age><sex>0</sex><percent>0.96486</percent></prevalence><prevalence><age>71</age><sex>1</sex><percent>0.06796</percent></prevalence><prevalence><age>72</age><sex>0</sex><percent>1.00239</percent></prevalence><prevalence><age>72</age><sex>1</sex><percent>0.0711</percent></prevalence><prevalence><age>73</age><sex>0</sex><percent>1.0394</percent></prevalence><prevalence><age>73</age><sex>1</sex><percent>0.0745</percent></prevalence><prevalence><age>74</age><sex>0</sex><percent>1.07528</percent></prevalence><prevalence><age>74</age><sex>1</sex><percent>0.07812</percent></prevalence><prevalence><age>75</age><sex>0</sex><percent>1.10933</percent></prevalence><prevalence><age>75</age><sex>1</sex><percent>0.08184</percent></prevalence><prevalence><age>76</age><sex>0</sex><percent>1.14077</percent></prevalence><prevalence><age>76</age><sex>1</sex><percent>0.08542</percent></prevalence><prevalence><age>77</age><sex>0</sex><percent>1.16875</percent></prevalence><prevalence><age>77</age><sex>1</sex><percent>0.08851</percent></prevalence><prevalence><age>78</age><sex>0</sex><percent>1.19242</percent></prevalence><prevalence><age>78</age><sex>1</sex><percent>0.09072</percent></prevalence><prevalence><age>79</age><sex>0</sex><percent>1.2112</percent></prevalence><prevalence><age>79</age><sex>1</sex><percent>0.0918</percent></prevalence><prevalence><age>80</age><sex>0</sex><percent>1.22508</percent></prevalence><prevalence><age>80</age><sex>1</sex><percent>0.09183</percent></prevalence><prevalence><age>81</age><sex>0</sex><percent>1.23462</percent></prevalence><prevalence><age>81</age><sex>1</sex><percent>0.09112</percent></prevalence><prevalence><age>82</age><sex>0</sex><percent>1.24088</percent></prevalence><prevalence><age>82</age><sex>1</sex><percent>0.09012</percent></prevalence><prevalence><age>83</age><sex>0</sex><percent>1.24534</percent></prevalence><prevalence><age>83</age><sex>1</sex><percent>0.08928</percent></prevalence><prevalence><age>84</age><sex>0</sex><percent>1.2494</percent></prevalence><prevalence><age>84</age><sex>1</sex><percent>0.08889</percent></prevalence><prevalence><age>85</age><sex>0</sex><percent>1.25402</percent></prevalence><prevalence><age>85</age><sex>1</sex><percent>0.08904</percent></prevalence><prevalence><age>86</age><sex>0</sex><percent>1.2597</percent></prevalence><prevalence><age>86</age><sex>1</sex><percent>0.08971</percent></prevalence><prevalence><age>87</age><sex>0</sex><percent>1.2665</percent></prevalence><prevalence><age>87</age><sex>1</sex><percent>0.0908</percent></prevalence><prevalence><age>88</age><sex>0</sex><percent>1.27414</percent></prevalence><prevalence><age>88</age><sex>1</sex><percent>0.09215</percent></prevalence><prevalence><age>89</age><sex>0</sex><percent>1.28222</percent></prevalence><prevalence><age>89</age><sex>1</sex><percent>0.09359</percent></prevalence><prevalence><age>90</age><sex>0</sex><percent>1.29042</percent></prevalence><prevalence><age>90</age><sex>1</sex><percent>0.09503</percent></prevalence><prevalence><age>91</age><sex>0</sex><percent>1.29854</percent></prevalence><prevalence><age>91</age><sex>1</sex><percent>0.0964</percent></prevalence><prevalence><age>92</age><sex>0</sex><percent>1.30652</percent></prevalence><prevalence><age>92</age><sex>1</sex><percent>0.09771</percent></prevalence><prevalence><age>93</age><sex>0</sex><percent>1.31442</percent></prevalence><prevalence><age>93</age><sex>1</sex><percent>0.09899</percent></prevalence><prevalence><age>94</age><sex>0</sex><percent>1.32232</percent></prevalence><prevalence><age>94</age><sex>1</sex><percent>0.10026</percent></prevalence><prevalence><age>95</age><sex>0</sex><percent>1.33903</percent></prevalence><prevalence><age>95</age><sex>1</sex><percent>0.10303</percent></prevalence></diseaseprevalences>