<?xml version="1.0"?><excessmortality><unittype>Rate</unittype><parametertype>Acutely Fatal</parametertype><mortalities><mortality><age>0</age><sex>0</sex><unit>0.0</unit><acutelyfatal>0.0</acutelyfatal><curedfraction>0.0</curedfraction></mortality><mortality><age>0</age><sex>1</sex><unit>0.0</unit><acutelyfatal>0.0</acutelyfatal><curedfraction>0.0</curedfraction></mortality><mortality><age>1</age><sex>0</sex><unit>0.0</unit><acutelyfatal>0.0</acutelyfatal><curedfraction>0.0</curedfraction></mortality><mortality><age>1</age><sex>1</sex><unit>0.0</unit><acutelyfatal>0.0</acutelyfatal><curedfraction>0.0</curedfraction></mortality><mortality><age>2</age><sex>0</sex><unit>0.0</unit><acutelyfatal>0.0</acutelyfatal><curedfraction>0.0</curedfraction></mortality><mortality><age>2</age><sex>1</sex><unit>0.0</unit><acutelyfatal>0.0</acutelyfatal><curedfraction>0.0</curedfraction></mortality><mortality><age>3</age><sex>0</sex><unit>0.0</unit><acutelyfatal>0.0</acutelyfatal><curedfraction>0.0</curedfraction></mortality><mortality><age>3</age><sex>1</sex><unit>0.0</unit><acutelyfatal>0.0</acutelyfatal><curedfraction>0.0</curedfraction></mortality><mortality><age>4</age><sex>0</sex><unit>0.0</unit><acutelyfatal>0.0</acutelyfatal><curedfraction>0.0</curedfraction></mortality><mortality><age>4</age><sex>1</sex><unit>0.0</unit><acutelyfatal>0.0</acutelyfatal><curedfraction>0.0</curedfraction></mortality><mortality><age>5</age><sex>0</sex><unit>0.0</unit><acutelyfatal>0.0</acutelyfatal><curedfraction>0.0</curedfraction></mortality><mortality><age>5</age><sex>1</sex><unit>0.0</unit><acutelyfatal>0.0</acutelyfatal><curedfraction>0.0</curedfraction></mortality><mortality><age>6</age><sex>0</sex><unit>0.0</unit><acutelyfatal>0.0</acutelyfatal><curedfraction>0.0</curedfraction></mortality><mortality><age>6</age><sex>1</sex><unit>0.0</unit><acutelyfatal>0.0</acutelyfatal><curedfraction>0.0</curedfraction></mortality><mortality><age>7</age><sex>0</sex><unit>0.0</unit><acutelyfatal>0.0</acutelyfatal><curedfraction>0.0</curedfraction></mortality><mortality><age>7</age><sex>1</sex><unit>0.0</unit><acutelyfatal>0.0</acutelyfatal><curedfraction>0.0</curedfraction></mortality><mortality><age>8</age><sex>0</sex><unit>0.0</unit><acutelyfatal>0.0</acutelyfatal><curedfraction>0.0</curedfraction></mortality><mortality><age>8</age><sex>1</sex><unit>0.0</unit><acutelyfatal>0.0</acutelyfatal><curedfraction>0.0</curedfraction></mortality><mortality><age>9</age><sex>0</sex><unit>0.0</unit><acutelyfatal>0.0</acutelyfatal><curedfraction>0.0</curedfraction></mortality><mortality><age>9</age><sex>1</sex><unit>0.0</unit><acutelyfatal>0.0</acutelyfatal><curedfraction>0.0</curedfraction></mortality><mortality><age>10</age><sex>0</sex><unit>0.0</unit><acutelyfatal>0.0</acutelyfatal><curedfraction>0.0</curedfraction></mortality><mortality><age>10</age><sex>1</sex><unit>0.0</unit><acutelyfatal>0.0</acutelyfatal><curedfraction>0.0</curedfraction></mortality><mortality><age>11</age><sex>0</sex><unit>0.0</unit><acutelyfatal>0.0</acutelyfatal><curedfraction>0.0</curedfraction></mortality><mortality><age>11</age><sex>1</sex><unit>0.0</unit><acutelyfatal>0.0</acutelyfatal><curedfraction>0.0</curedfraction></mortality><mortality><age>12</age><sex>0</sex><unit>0.0</unit><acutelyfatal>0.0</acutelyfatal><curedfraction>0.0</curedfraction></mortality><mortality><age>12</age><sex>1</sex><unit>0.0</unit><acutelyfatal>0.0</acutelyfatal><curedfraction>0.0</curedfraction></mortality><mortality><age>13</age><sex>0</sex><unit>0.0</unit><acutelyfatal>0.0</acutelyfatal><curedfraction>0.0</curedfraction></mortality><mortality><age>13</age><sex>1</sex><unit>0.0</unit><acutelyfatal>0.0</acutelyfatal><curedfraction>0.0</curedfraction></mortality><mortality><age>14</age><sex>0</sex><unit>0.0</unit><acutelyfatal>0.0</acutelyfatal><curedfraction>0.0</curedfraction></mortality><mortality><age>14</age><sex>1</sex><unit>0.0</unit><acutelyfatal>0.0</acutelyfatal><curedfraction>0.0</curedfraction></mortality><mortality><age>15</age><sex>0</sex><unit>0.0</unit><acutelyfatal>0.0</acutelyfatal><curedfraction>0.0</curedfraction></mortality><mortality><age>15</age><sex>1</sex><unit>0.0</unit><acutelyfatal>0.0</acutelyfatal><curedfraction>0.0</curedfraction></mortality><mortality><age>16</age><sex>0</sex><unit>0.0012986</unit><acutelyfatal>0.0</acutelyfatal><curedfraction>0.0</curedfraction></mortality><mortality><age>16</age><sex>1</sex><unit>0.0</unit><acutelyfatal>0.0</acutelyfatal><curedfraction>0.0</curedfraction></mortality><mortality><age>17</age><sex>0</sex><unit>0.0043449</unit><acutelyfatal>0.0</acutelyfatal><curedfraction>0.0</curedfraction></mortality><mortality><age>17</age><sex>1</sex><unit>0.0</unit><acutelyfatal>0.0</acutelyfatal><curedfraction>0.0</curedfraction></mortality><mortality><age>18</age><sex>0</sex><unit>0.0091551</unit><acutelyfatal>0.0</acutelyfatal><curedfraction>0.0</curedfraction></mortality><mortality><age>18</age><sex>1</sex><unit>4.74E-5</unit><acutelyfatal>0.0</acutelyfatal><curedfraction>0.0</curedfraction></mortality><mortality><age>19</age><sex>0</sex><unit>0.0150829</unit><acutelyfatal>0.0</acutelyfatal><curedfraction>0.0</curedfraction></mortality><mortality><age>19</age><sex>1</sex><unit>9.62E-5</unit><acutelyfatal>0.0</acutelyfatal><curedfraction>0.0</curedfraction></mortality><mortality><age>20</age><sex>0</sex><unit>0.0212631</unit><acutelyfatal>0.0</acutelyfatal><curedfraction>0.0</curedfraction></mortality><mortality><age>20</age><sex>1</sex><unit>1.21E-4</unit><acutelyfatal>0.0</acutelyfatal><curedfraction>0.0</curedfraction></mortality><mortality><age>21</age><sex>0</sex><unit>0.0268306</unit><acutelyfatal>0.0</acutelyfatal><curedfraction>0.0</curedfraction></mortality><mortality><age>21</age><sex>1</sex><unit>9.76E-5</unit><acutelyfatal>0.0</acutelyfatal><curedfraction>0.0</curedfraction></mortality><mortality><age>22</age><sex>0</sex><unit>0.0309202</unit><acutelyfatal>0.0</acutelyfatal><curedfraction>0.0</curedfraction></mortality><mortality><age>22</age><sex>1</sex><unit>0.0</unit><acutelyfatal>0.0</acutelyfatal><curedfraction>0.0</curedfraction></mortality><mortality><age>23</age><sex>0</sex><unit>0.0329123</unit><acutelyfatal>0.0</acutelyfatal><curedfraction>0.0</curedfraction></mortality><mortality><age>23</age><sex>1</sex><unit>0.0</unit><acutelyfatal>0.0</acutelyfatal><curedfraction>0.0</curedfraction></mortality><mortality><age>24</age><sex>0</sex><unit>0.0331695</unit><acutelyfatal>0.0</acutelyfatal><curedfraction>0.0</curedfraction></mortality><mortality><age>24</age><sex>1</sex><unit>0.0</unit><acutelyfatal>0.0</acutelyfatal><curedfraction>0.0</curedfraction></mortality><mortality><age>25</age><sex>0</sex><unit>0.0323001</unit><acutelyfatal>0.0</acutelyfatal><curedfraction>0.0</curedfraction></mortality><mortality><age>25</age><sex>1</sex><unit>0.0</unit><acutelyfatal>0.0</acutelyfatal><curedfraction>0.0</curedfraction></mortality><mortality><age>26</age><sex>0</sex><unit>0.0309121</unit><acutelyfatal>0.0</acutelyfatal><curedfraction>0.0</curedfraction></mortality><mortality><age>26</age><sex>1</sex><unit>4.76E-4</unit><acutelyfatal>0.0</acutelyfatal><curedfraction>0.0</curedfraction></mortality><mortality><age>27</age><sex>0</sex><unit>0.0296139</unit><acutelyfatal>0.0</acutelyfatal><curedfraction>0.0</curedfraction></mortality><mortality><age>27</age><sex>1</sex><unit>0.001641</unit><acutelyfatal>0.0</acutelyfatal><curedfraction>0.0</curedfraction></mortality><mortality><age>28</age><sex>0</sex><unit>0.0289335</unit><acutelyfatal>0.0</acutelyfatal><curedfraction>0.0</curedfraction></mortality><mortality><age>28</age><sex>1</sex><unit>0.003492</unit><acutelyfatal>0.0</acutelyfatal><curedfraction>0.0</curedfraction></mortality><mortality><age>29</age><sex>0</sex><unit>0.0290793</unit><acutelyfatal>0.0</acutelyfatal><curedfraction>0.0</curedfraction></mortality><mortality><age>29</age><sex>1</sex><unit>0.00581</unit><acutelyfatal>0.0</acutelyfatal><curedfraction>0.0</curedfraction></mortality><mortality><age>30</age><sex>0</sex><unit>0.0301793</unit><acutelyfatal>0.0</acutelyfatal><curedfraction>0.0</curedfraction></mortality><mortality><age>30</age><sex>1</sex><unit>0.008299</unit><acutelyfatal>0.0</acutelyfatal><curedfraction>0.0</curedfraction></mortality><mortality><age>31</age><sex>0</sex><unit>0.032362</unit><acutelyfatal>0.0</acutelyfatal><curedfraction>0.0</curedfraction></mortality><mortality><age>31</age><sex>1</sex><unit>0.010663</unit><acutelyfatal>0.0</acutelyfatal><curedfraction>0.0</curedfraction></mortality><mortality><age>32</age><sex>0</sex><unit>0.0357553</unit><acutelyfatal>0.0</acutelyfatal><curedfraction>0.0</curedfraction></mortality><mortality><age>32</age><sex>1</sex><unit>0.012605</unit><acutelyfatal>0.0</acutelyfatal><curedfraction>0.0</curedfraction></mortality><mortality><age>33</age><sex>0</sex><unit>0.040529</unit><acutelyfatal>0.0</acutelyfatal><curedfraction>0.0</curedfraction></mortality><mortality><age>33</age><sex>1</sex><unit>0.013962</unit><acutelyfatal>0.0</acutelyfatal><curedfraction>0.0</curedfraction></mortality><mortality><age>34</age><sex>0</sex><unit>0.0470176</unit><acutelyfatal>0.0</acutelyfatal><curedfraction>0.0</curedfraction></mortality><mortality><age>34</age><sex>1</sex><unit>0.015097</unit><acutelyfatal>0.0</acutelyfatal><curedfraction>0.0</curedfraction></mortality><mortality><age>35</age><sex>0</sex><unit>0.055597</unit><acutelyfatal>0.0</acutelyfatal><curedfraction>0.0</curedfraction></mortality><mortality><age>35</age><sex>1</sex><unit>0.016507</unit><acutelyfatal>0.0</acutelyfatal><curedfraction>0.0</curedfraction></mortality><mortality><age>36</age><sex>0</sex><unit>0.0666432</unit><acutelyfatal>0.0</acutelyfatal><curedfraction>0.0</curedfraction></mortality><mortality><age>36</age><sex>1</sex><unit>0.018689</unit><acutelyfatal>0.0</acutelyfatal><curedfraction>0.0</curedfraction></mortality><mortality><age>37</age><sex>0</sex><unit>0.0805321</unit><acutelyfatal>0.0</acutelyfatal><curedfraction>0.0</curedfraction></mortality><mortality><age>37</age><sex>1</sex><unit>0.022139</unit><acutelyfatal>0.0</acutelyfatal><curedfraction>0.0</curedfraction></mortality><mortality><age>38</age><sex>0</sex><unit>0.0973064</unit><acutelyfatal>0.0</acutelyfatal><curedfraction>0.0</curedfraction></mortality><mortality><age>38</age><sex>1</sex><unit>0.02714</unit><acutelyfatal>0.0</acutelyfatal><curedfraction>0.0</curedfraction></mortality><mortality><age>39</age><sex>0</sex><unit>0.1156756</unit><acutelyfatal>0.0</acutelyfatal><curedfraction>0.0</curedfraction></mortality><mortality><age>39</age><sex>1</sex><unit>0.033125</unit><acutelyfatal>0.0</acutelyfatal><curedfraction>0.0</curedfraction></mortality><mortality><age>40</age><sex>0</sex><unit>0.1340162</unit><acutelyfatal>0.0</acutelyfatal><curedfraction>0.0</curedfraction></mortality><mortality><age>40</age><sex>1</sex><unit>0.039312</unit><acutelyfatal>0.0</acutelyfatal><curedfraction>0.0</curedfraction></mortality><mortality><age>41</age><sex>0</sex><unit>0.1507047</unit><acutelyfatal>0.0</acutelyfatal><curedfraction>0.0</curedfraction></mortality><mortality><age>41</age><sex>1</sex><unit>0.04492</unit><acutelyfatal>0.0</acutelyfatal><curedfraction>0.0</curedfraction></mortality><mortality><age>42</age><sex>0</sex><unit>0.1641173</unit><acutelyfatal>0.0</acutelyfatal><curedfraction>0.0</curedfraction></mortality><mortality><age>42</age><sex>1</sex><unit>0.049168</unit><acutelyfatal>0.0</acutelyfatal><curedfraction>0.0</curedfraction></mortality><mortality><age>43</age><sex>0</sex><unit>0.1730552</unit><acutelyfatal>0.0</acutelyfatal><curedfraction>0.0</curedfraction></mortality><mortality><age>43</age><sex>1</sex><unit>0.051479</unit><acutelyfatal>0.0</acutelyfatal><curedfraction>0.0</curedfraction></mortality><mortality><age>44</age><sex>0</sex><unit>0.1780183</unit><acutelyfatal>0.0</acutelyfatal><curedfraction>0.0</curedfraction></mortality><mortality><age>44</age><sex>1</sex><unit>0.052103</unit><acutelyfatal>0.0</acutelyfatal><curedfraction>0.0</curedfraction></mortality><mortality><age>45</age><sex>0</sex><unit>0.1799311</unit><acutelyfatal>0.0</acutelyfatal><curedfraction>0.0</curedfraction></mortality><mortality><age>45</age><sex>1</sex><unit>0.051493</unit><acutelyfatal>0.0</acutelyfatal><curedfraction>0.0</curedfraction></mortality><mortality><age>46</age><sex>0</sex><unit>0.1797181</unit><acutelyfatal>0.0</acutelyfatal><curedfraction>0.0</curedfraction></mortality><mortality><age>46</age><sex>1</sex><unit>0.050101</unit><acutelyfatal>0.0</acutelyfatal><curedfraction>0.0</curedfraction></mortality><mortality><age>47</age><sex>0</sex><unit>0.1783041</unit><acutelyfatal>0.0</acutelyfatal><curedfraction>0.0</curedfraction></mortality><mortality><age>47</age><sex>1</sex><unit>0.048383</unit><acutelyfatal>0.0</acutelyfatal><curedfraction>0.0</curedfraction></mortality><mortality><age>48</age><sex>0</sex><unit>0.1764413</unit><acutelyfatal>0.0</acutelyfatal><curedfraction>0.0</curedfraction></mortality><mortality><age>48</age><sex>1</sex><unit>0.046739</unit><acutelyfatal>0.0</acutelyfatal><curedfraction>0.0</curedfraction></mortality><mortality><age>49</age><sex>0</sex><unit>0.1741939</unit><acutelyfatal>0.0</acutelyfatal><curedfraction>0.0</curedfraction></mortality><mortality><age>49</age><sex>1</sex><unit>0.04537</unit><acutelyfatal>0.0</acutelyfatal><curedfraction>0.0</curedfraction></mortality><mortality><age>50</age><sex>0</sex><unit>0.1714537</unit><acutelyfatal>0.0</acutelyfatal><curedfraction>0.0</curedfraction></mortality><mortality><age>50</age><sex>1</sex><unit>0.044424</unit><acutelyfatal>0.0</acutelyfatal><curedfraction>0.0</curedfraction></mortality><mortality><age>51</age><sex>0</sex><unit>0.1681125</unit><acutelyfatal>0.0</acutelyfatal><curedfraction>0.0</curedfraction></mortality><mortality><age>51</age><sex>1</sex><unit>0.044049</unit><acutelyfatal>0.0</acutelyfatal><curedfraction>0.0</curedfraction></mortality><mortality><age>52</age><sex>0</sex><unit>0.1640624</unit><acutelyfatal>0.0</acutelyfatal><curedfraction>0.0</curedfraction></mortality><mortality><age>52</age><sex>1</sex><unit>0.044394</unit><acutelyfatal>0.0</acutelyfatal><curedfraction>0.0</curedfraction></mortality><mortality><age>53</age><sex>0</sex><unit>0.1592387</unit><acutelyfatal>0.0</acutelyfatal><curedfraction>0.0</curedfraction></mortality><mortality><age>53</age><sex>1</sex><unit>0.04551</unit><acutelyfatal>0.0</acutelyfatal><curedfraction>0.0</curedfraction></mortality><mortality><age>54</age><sex>0</sex><unit>0.1537506</unit><acutelyfatal>0.0</acutelyfatal><curedfraction>0.0</curedfraction></mortality><mortality><age>54</age><sex>1</sex><unit>0.047062</unit><acutelyfatal>0.0</acutelyfatal><curedfraction>0.0</curedfraction></mortality><mortality><age>55</age><sex>0</sex><unit>0.147751</unit><acutelyfatal>0.0</acutelyfatal><curedfraction>0.0</curedfraction></mortality><mortality><age>55</age><sex>1</sex><unit>0.048621</unit><acutelyfatal>0.0</acutelyfatal><curedfraction>0.0</curedfraction></mortality><mortality><age>56</age><sex>0</sex><unit>0.1413925</unit><acutelyfatal>0.0</acutelyfatal><curedfraction>0.0</curedfraction></mortality><mortality><age>56</age><sex>1</sex><unit>0.049754</unit><acutelyfatal>0.0</acutelyfatal><curedfraction>0.0</curedfraction></mortality><mortality><age>57</age><sex>0</sex><unit>0.1348279</unit><acutelyfatal>0.0</acutelyfatal><curedfraction>0.0</curedfraction></mortality><mortality><age>57</age><sex>1</sex><unit>0.050032</unit><acutelyfatal>0.0</acutelyfatal><curedfraction>0.0</curedfraction></mortality><mortality><age>58</age><sex>0</sex><unit>0.1281704</unit><acutelyfatal>0.0</acutelyfatal><curedfraction>0.0</curedfraction></mortality><mortality><age>58</age><sex>1</sex><unit>0.049172</unit><acutelyfatal>0.0</acutelyfatal><curedfraction>0.0</curedfraction></mortality><mortality><age>59</age><sex>0</sex><unit>0.1213744</unit><acutelyfatal>0.0</acutelyfatal><curedfraction>0.0</curedfraction></mortality><mortality><age>59</age><sex>1</sex><unit>0.047487</unit><acutelyfatal>0.0</acutelyfatal><curedfraction>0.0</curedfraction></mortality><mortality><age>60</age><sex>0</sex><unit>0.1143548</unit><acutelyfatal>0.0</acutelyfatal><curedfraction>0.0</curedfraction></mortality><mortality><age>60</age><sex>1</sex><unit>0.045442</unit><acutelyfatal>0.0</acutelyfatal><curedfraction>0.0</curedfraction></mortality><mortality><age>61</age><sex>0</sex><unit>0.1070263</unit><acutelyfatal>0.0</acutelyfatal><curedfraction>0.0</curedfraction></mortality><mortality><age>61</age><sex>1</sex><unit>0.0435</unit><acutelyfatal>0.0</acutelyfatal><curedfraction>0.0</curedfraction></mortality><mortality><age>62</age><sex>0</sex><unit>0.0993037</unit><acutelyfatal>0.0</acutelyfatal><curedfraction>0.0</curedfraction></mortality><mortality><age>62</age><sex>1</sex><unit>0.042122</unit><acutelyfatal>0.0</acutelyfatal><curedfraction>0.0</curedfraction></mortality><mortality><age>63</age><sex>0</sex><unit>0.0911934</unit><acutelyfatal>0.0</acutelyfatal><curedfraction>0.0</curedfraction></mortality><mortality><age>63</age><sex>1</sex><unit>0.041643</unit><acutelyfatal>0.0</acutelyfatal><curedfraction>0.0</curedfraction></mortality><mortality><age>64</age><sex>0</sex><unit>0.0830673</unit><acutelyfatal>0.0</acutelyfatal><curedfraction>0.0</curedfraction></mortality><mortality><age>64</age><sex>1</sex><unit>0.041876</unit><acutelyfatal>0.0</acutelyfatal><curedfraction>0.0</curedfraction></mortality><mortality><age>65</age><sex>0</sex><unit>0.0753887</unit><acutelyfatal>0.0</acutelyfatal><curedfraction>0.0</curedfraction></mortality><mortality><age>65</age><sex>1</sex><unit>0.042502</unit><acutelyfatal>0.0</acutelyfatal><curedfraction>0.0</curedfraction></mortality><mortality><age>66</age><sex>0</sex><unit>0.0686211</unit><acutelyfatal>0.0</acutelyfatal><curedfraction>0.0</curedfraction></mortality><mortality><age>66</age><sex>1</sex><unit>0.043204</unit><acutelyfatal>0.0</acutelyfatal><curedfraction>0.0</curedfraction></mortality><mortality><age>67</age><sex>0</sex><unit>0.0632278</unit><acutelyfatal>0.0</acutelyfatal><curedfraction>0.0</curedfraction></mortality><mortality><age>67</age><sex>1</sex><unit>0.043665</unit><acutelyfatal>0.0</acutelyfatal><curedfraction>0.0</curedfraction></mortality><mortality><age>68</age><sex>0</sex><unit>0.0595073</unit><acutelyfatal>0.0</acutelyfatal><curedfraction>0.0</curedfraction></mortality><mortality><age>68</age><sex>1</sex><unit>0.043646</unit><acutelyfatal>0.0</acutelyfatal><curedfraction>0.0</curedfraction></mortality><mortality><age>69</age><sex>0</sex><unit>0.0570982</unit><acutelyfatal>0.0</acutelyfatal><curedfraction>0.0</curedfraction></mortality><mortality><age>69</age><sex>1</sex><unit>0.043223</unit><acutelyfatal>0.0</acutelyfatal><curedfraction>0.0</curedfraction></mortality><mortality><age>70</age><sex>0</sex><unit>0.055474</unit><acutelyfatal>0.0</acutelyfatal><curedfraction>0.0</curedfraction></mortality><mortality><age>70</age><sex>1</sex><unit>0.042552</unit><acutelyfatal>0.0</acutelyfatal><curedfraction>0.0</curedfraction></mortality><mortality><age>71</age><sex>0</sex><unit>0.0541082</unit><acutelyfatal>0.0</acutelyfatal><curedfraction>0.0</curedfraction></mortality><mortality><age>71</age><sex>1</sex><unit>0.041785</unit><acutelyfatal>0.0</acutelyfatal><curedfraction>0.0</curedfraction></mortality><mortality><age>72</age><sex>0</sex><unit>0.0524745</unit><acutelyfatal>0.0</acutelyfatal><curedfraction>0.0</curedfraction></mortality><mortality><age>72</age><sex>1</sex><unit>0.04108</unit><acutelyfatal>0.0</acutelyfatal><curedfraction>0.0</curedfraction></mortality><mortality><age>73</age><sex>0</sex><unit>0.0502063</unit><acutelyfatal>0.0</acutelyfatal><curedfraction>0.0</curedfraction></mortality><mortality><age>73</age><sex>1</sex><unit>0.040564</unit><acutelyfatal>0.0</acutelyfatal><curedfraction>0.0</curedfraction></mortality><mortality><age>74</age><sex>0</sex><unit>0.0475766</unit><acutelyfatal>0.0</acutelyfatal><curedfraction>0.0</curedfraction></mortality><mortality><age>74</age><sex>1</sex><unit>0.04027</unit><acutelyfatal>0.0</acutelyfatal><curedfraction>0.0</curedfraction></mortality><mortality><age>75</age><sex>0</sex><unit>0.0450183</unit><acutelyfatal>0.0</acutelyfatal><curedfraction>0.0</curedfraction></mortality><mortality><age>75</age><sex>1</sex><unit>0.040204</unit><acutelyfatal>0.0</acutelyfatal><curedfraction>0.0</curedfraction></mortality><mortality><age>76</age><sex>0</sex><unit>0.0429642</unit><acutelyfatal>0.0</acutelyfatal><curedfraction>0.0</curedfraction></mortality><mortality><age>76</age><sex>1</sex><unit>0.04037</unit><acutelyfatal>0.0</acutelyfatal><curedfraction>0.0</curedfraction></mortality><mortality><age>77</age><sex>0</sex><unit>0.0418472</unit><acutelyfatal>0.0</acutelyfatal><curedfraction>0.0</curedfraction></mortality><mortality><age>77</age><sex>1</sex><unit>0.040776</unit><acutelyfatal>0.0</acutelyfatal><curedfraction>0.0</curedfraction></mortality><mortality><age>78</age><sex>0</sex><unit>0.0419605</unit><acutelyfatal>0.0</acutelyfatal><curedfraction>0.0</curedfraction></mortality><mortality><age>78</age><sex>1</sex><unit>0.041457</unit><acutelyfatal>0.0</acutelyfatal><curedfraction>0.0</curedfraction></mortality><mortality><age>79</age><sex>0</sex><unit>0.0430383</unit><acutelyfatal>0.0</acutelyfatal><curedfraction>0.0</curedfraction></mortality><mortality><age>79</age><sex>1</sex><unit>0.042563</unit><acutelyfatal>0.0</acutelyfatal><curedfraction>0.0</curedfraction></mortality><mortality><age>80</age><sex>0</sex><unit>0.0446753</unit><acutelyfatal>0.0</acutelyfatal><curedfraction>0.0</curedfraction></mortality><mortality><age>80</age><sex>1</sex><unit>0.044274</unit><acutelyfatal>0.0</acutelyfatal><curedfraction>0.0</curedfraction></mortality><mortality><age>81</age><sex>0</sex><unit>0.0464659</unit><acutelyfatal>0.0</acutelyfatal><curedfraction>0.0</curedfraction></mortality><mortality><age>81</age><sex>1</sex><unit>0.046769</unit><acutelyfatal>0.0</acutelyfatal><curedfraction>0.0</curedfraction></mortality><mortality><age>82</age><sex>0</sex><unit>0.0480048</unit><acutelyfatal>0.0</acutelyfatal><curedfraction>0.0</curedfraction></mortality><mortality><age>82</age><sex>1</sex><unit>0.050229</unit><acutelyfatal>0.0</acutelyfatal><curedfraction>0.0</curedfraction></mortality><mortality><age>83</age><sex>0</sex><unit>0.0489729</unit><acutelyfatal>0.0</acutelyfatal><curedfraction>0.0</curedfraction></mortality><mortality><age>83</age><sex>1</sex><unit>0.054705</unit><acutelyfatal>0.0</acutelyfatal><curedfraction>0.0</curedfraction></mortality><mortality><age>84</age><sex>0</sex><unit>0.049396</unit><acutelyfatal>0.0</acutelyfatal><curedfraction>0.0</curedfraction></mortality><mortality><age>84</age><sex>1</sex><unit>0.059737</unit><acutelyfatal>0.0</acutelyfatal><curedfraction>0.0</curedfraction></mortality><mortality><age>85</age><sex>0</sex><unit>0.0493865</unit><acutelyfatal>0.0</acutelyfatal><curedfraction>0.0</curedfraction></mortality><mortality><age>85</age><sex>1</sex><unit>0.064735</unit><acutelyfatal>0.0</acutelyfatal><curedfraction>0.0</curedfraction></mortality><mortality><age>86</age><sex>0</sex><unit>0.0490568</unit><acutelyfatal>0.0</acutelyfatal><curedfraction>0.0</curedfraction></mortality><mortality><age>86</age><sex>1</sex><unit>0.069111</unit><acutelyfatal>0.0</acutelyfatal><curedfraction>0.0</curedfraction></mortality><mortality><age>87</age><sex>0</sex><unit>0.048519</unit><acutelyfatal>0.0</acutelyfatal><curedfraction>0.0</curedfraction></mortality><mortality><age>87</age><sex>1</sex><unit>0.072277</unit><acutelyfatal>0.0</acutelyfatal><curedfraction>0.0</curedfraction></mortality><mortality><age>88</age><sex>0</sex><unit>0.0478685</unit><acutelyfatal>0.0</acutelyfatal><curedfraction>0.0</curedfraction></mortality><mortality><age>88</age><sex>1</sex><unit>0.073804</unit><acutelyfatal>0.0</acutelyfatal><curedfraction>0.0</curedfraction></mortality><mortality><age>89</age><sex>0</sex><unit>0.0471325</unit><acutelyfatal>0.0</acutelyfatal><curedfraction>0.0</curedfraction></mortality><mortality><age>89</age><sex>1</sex><unit>0.073904</unit><acutelyfatal>0.0</acutelyfatal><curedfraction>0.0</curedfraction></mortality><mortality><age>90</age><sex>0</sex><unit>0.0463209</unit><acutelyfatal>0.0</acutelyfatal><curedfraction>0.0</curedfraction></mortality><mortality><age>90</age><sex>1</sex><unit>0.072949</unit><acutelyfatal>0.0</acutelyfatal><curedfraction>0.0</curedfraction></mortality><mortality><age>91</age><sex>0</sex><unit>0.045444</unit><acutelyfatal>0.0</acutelyfatal><curedfraction>0.0</curedfraction></mortality><mortality><age>91</age><sex>1</sex><unit>0.071313</unit><acutelyfatal>0.0</acutelyfatal><curedfraction>0.0</curedfraction></mortality><mortality><age>92</age><sex>0</sex><unit>0.0445119</unit><acutelyfatal>0.0</acutelyfatal><curedfraction>0.0</curedfraction></mortality><mortality><age>92</age><sex>1</sex><unit>0.069367</unit><acutelyfatal>0.0</acutelyfatal><curedfraction>0.0</curedfraction></mortality><mortality><age>93</age><sex>0</sex><unit>0.0435391</unit><acutelyfatal>0.0</acutelyfatal><curedfraction>0.0</curedfraction></mortality><mortality><age>93</age><sex>1</sex><unit>0.06743</unit><acutelyfatal>0.0</acutelyfatal><curedfraction>0.0</curedfraction></mortality><mortality><age>94</age><sex>0</sex><unit>0.0425587</unit><acutelyfatal>0.0</acutelyfatal><curedfraction>0.0</curedfraction></mortality><mortality><age>94</age><sex>1</sex><unit>0.065607</unit><acutelyfatal>0.0</acutelyfatal><curedfraction>0.0</curedfraction></mortality><mortality><age>95</age><sex>0</sex><unit>0.0406066</unit><acutelyfatal>0.0</acutelyfatal><curedfraction>0.0</curedfraction></mortality><mortality><age>95</age><sex>1</sex><unit>0.062296</unit><acutelyfatal>0.0</acutelyfatal><curedfraction>0.0</curedfraction></mortality></mortalities></excessmortality>